/*******************************************************************************
 * Size: 34 px
 * Bpp: 4
 * Opts: --font SpaceGrotesk.ttf -r 0x20-0x7E,0xB7,0x2019 --size 34 --bpp 4 --format lvgl --no-compress -o out/font_sg_34.c --lv-font-name font_sg_34
 ******************************************************************************/

#ifdef LV_LVGL_H_INCLUDE_SIMPLE
#include "lvgl.h"
#else
#include "lvgl/lvgl.h"
#endif

#ifndef FONT_SG_34
#define FONT_SG_34 1
#endif

#if FONT_SG_34

/*-----------------
 *    BITMAPS
 *----------------*/

/*Store the image of the glyphs*/
static LV_ATTRIBUTE_LARGE_CONST const uint8_t glyph_bitmap[] = {
    /* U+0020 " " */

    /* U+0021 "!" */
    0x1, 0xff, 0xf7, 0x0, 0x1f, 0xff, 0x70, 0x1,
    0xff, 0xf7, 0x0, 0x1f, 0xff, 0x70, 0x1, 0xff,
    0xf7, 0x0, 0x1f, 0xff, 0x70, 0x1, 0xff, 0xf7,
    0x0, 0x1f, 0xff, 0x70, 0x1, 0xff, 0xf7, 0x0,
    0x1f, 0xff, 0x70, 0x1, 0xff, 0xf7, 0x0, 0x1f,
    0xff, 0x70, 0x1, 0xff, 0xf7, 0x0, 0x1f, 0xff,
    0x70, 0x1, 0xff, 0xf7, 0x0, 0x1f, 0xff, 0x70,
    0x0, 0x77, 0x73, 0x0, 0x2, 0x64, 0x0, 0x6,
    0xff, 0xfb, 0x0, 0xff, 0xff, 0xf5, 0xf, 0xff,
    0xff, 0x60, 0xcf, 0xff, 0xf2, 0x1, 0xbf, 0xd5,
    0x0,

    /* U+0022 "\"" */
    0x2, 0xbf, 0xd5, 0x0, 0x4d, 0xfc, 0x30, 0xc,
    0xff, 0xff, 0x22, 0xff, 0xff, 0xe0, 0xf, 0xff,
    0xff, 0x55, 0xff, 0xff, 0xf1, 0xe, 0xff, 0xff,
    0x62, 0xff, 0xff, 0xf1, 0x3, 0xdf, 0xff, 0x60,
    0x6f, 0xff, 0xf1, 0x0, 0x2, 0xef, 0x50, 0x0,
    0x5f, 0xf0, 0x6, 0xff, 0xff, 0x10, 0xbf, 0xff,
    0xc0, 0x5, 0xfe, 0xc4, 0x0, 0xaf, 0xea, 0x10,

    /* U+0023 "#" */
    0x0, 0x0, 0xaf, 0xf9, 0x0, 0x1, 0xff, 0xf1,
    0x0, 0x0, 0x0, 0x0, 0xaf, 0xf9, 0x0, 0x1,
    0xff, 0xf1, 0x0, 0x0, 0x0, 0x0, 0xaf, 0xf9,
    0x0, 0x1, 0xff, 0xf1, 0x0, 0x0, 0x0, 0x0,
    0xaf, 0xf9, 0x0, 0x1, 0xff, 0xf1, 0x0, 0x0,
    0x0, 0x0, 0xaf, 0xf9, 0x0, 0x1, 0xff, 0xf1,
    0x0, 0x0, 0x0, 0x0, 0xaf, 0xf9, 0x0, 0x1,
    0xff, 0xf1, 0x0, 0x0, 0x9f, 0xff, 0xff, 0xff,
    0xff, 0xff, 0xff, 0xff, 0xff, 0xf1, 0x9f, 0xff,
    0xff, 0xff, 0xff, 0xff, 0xff, 0xff, 0xff, 0xf1,
    0x9f, 0xff, 0xff, 0xff, 0xff, 0xff, 0xff, 0xff,
    0xff, 0xf1, 0x0, 0x0, 0xaf, 0xf9, 0x0, 0x1,
    0xff, 0xf1, 0x0, 0x0, 0x0, 0x0, 0xaf, 0xf9,
    0x0, 0x1, 0xff, 0xf1, 0x0, 0x0, 0x0, 0x0,
    0xaf, 0xf9, 0x0, 0x1, 0xff, 0xf1, 0x0, 0x0,
    0x0, 0x0, 0xaf, 0xf9, 0x0, 0x1, 0xff, 0xf1,
    0x0, 0x0, 0x9f, 0xff, 0xff, 0xff, 0xff, 0xff,
    0xff, 0xff, 0xff, 0xf1, 0x9f, 0xff, 0xff, 0xff,
    0xff, 0xff, 0xff, 0xff, 0xff, 0xf1, 0x9f, 0xff,
    0xff, 0xff, 0xff, 0xff, 0xff, 0xff, 0xff, 0xf1,
    0x0, 0x0, 0xaf, 0xf9, 0x0, 0x1, 0xff, 0xf1,
    0x0, 0x0, 0x0, 0x0, 0xaf, 0xf9, 0x0, 0x1,
    0xff, 0xf1, 0x0, 0x0, 0x0, 0x0, 0xaf, 0xf9,
    0x0, 0x1, 0xff, 0xf1, 0x0, 0x0, 0x0, 0x0,
    0xaf, 0xf9, 0x0, 0x1, 0xff, 0xf1, 0x0, 0x0,
    0x0, 0x0, 0xaf, 0xf9, 0x0, 0x1, 0xff, 0xf1,
    0x0, 0x0, 0x0, 0x0, 0xaf, 0xf9, 0x0, 0x1,
    0xff, 0xf1, 0x0, 0x0, 0x0, 0x0, 0xaf, 0xf9,
    0x0, 0x1, 0xff, 0xf1, 0x0, 0x0,

    /* U+0024 "$" */
    0x0, 0x0, 0x0, 0x2, 0xff, 0xf3, 0x0, 0x0,
    0x0, 0x0, 0x0, 0x0, 0x0, 0x2f, 0xff, 0x30,
    0x0, 0x0, 0x0, 0x0, 0x0, 0x0, 0x2, 0xff,
    0xf3, 0x0, 0x0, 0x0, 0x0, 0x0, 0x0, 0x0,
    0x2f, 0xff, 0x30, 0x0, 0x0, 0x0, 0x0, 0x0,
    0x0, 0x2, 0xff, 0xf3, 0x0, 0x0, 0x0, 0x0,
    0x0, 0x1, 0x6b, 0xff, 0xff, 0xf8, 0x30, 0x0,
    0x0, 0x0, 0x7, 0xff, 0xff, 0xff, 0xff, 0xff,
    0xb2, 0x0, 0x0, 0x9, 0xff, 0xff, 0xff, 0xff,
    0xff, 0xff, 0xe2, 0x0, 0x5, 0xff, 0xff, 0xb8,
    0xff, 0xfc, 0xef, 0xff, 0xe0, 0x0, 0xcf, 0xff,
    0x50, 0x2f, 0xff, 0x30, 0xbf, 0xff, 0x60, 0xf,
    0xff, 0xc0, 0x2, 0xff, 0xf3, 0x1, 0xff, 0xfb,
    0x0, 0xff, 0xfa, 0x0, 0x2f, 0xff, 0x30, 0xd,
    0xff, 0xd0, 0xd, 0xff, 0xe0, 0x2, 0xff, 0xf3,
    0x0, 0xcf, 0xfd, 0x0, 0x7f, 0xff, 0xb1, 0x2f,
    0xff, 0x30, 0x2, 0x33, 0x30, 0x0, 0xdf, 0xff,
    0xfd, 0xff, 0xf3, 0x0, 0x0, 0x0, 0x0, 0x1,
    0xbf, 0xff, 0xff, 0xff, 0xf7, 0x20, 0x0, 0x0,
    0x0, 0x0, 0x4a, 0xff, 0xff, 0xff, 0xff, 0xc4,
    0x0, 0x0, 0x0, 0x0, 0x0, 0x6f, 0xff, 0xff,
    0xff, 0xf9, 0x0, 0x0, 0x0, 0x0, 0x2, 0xff,
    0xf8, 0x9f, 0xff, 0xf7, 0x5, 0x88, 0x80, 0x0,
    0x2f, 0xff, 0x30, 0x2e, 0xff, 0xf0, 0x9f, 0xff,
    0x0, 0x2, 0xff, 0xf3, 0x0, 0x7f, 0xff, 0x38,
    0xff, 0xf3, 0x0, 0x2f, 0xff, 0x30, 0x5, 0xff,
    0xf5, 0x5f, 0xff, 0x90, 0x2, 0xff, 0xf3, 0x0,
    0x9f, 0xff, 0x30, 0xef, 0xff, 0x60, 0x2f, 0xff,
    0x30, 0x4f, 0xff, 0xf0, 0x6, 0xff, 0xff, 0xc9,
    0xff, 0xf9, 0xaf, 0xff, 0xf7, 0x0, 0x8, 0xff,
    0xff, 0xff, 0xff, 0xff, 0xff, 0xfa, 0x0, 0x0,
    0x5, 0xef, 0xff, 0xff, 0xff, 0xff, 0xf7, 0x0,
    0x0, 0x0, 0x0, 0x59, 0xff, 0xff, 0xfa, 0x61,
    0x0, 0x0, 0x0, 0x0, 0x0, 0x2, 0xff, 0xf3,
    0x0, 0x0, 0x0, 0x0, 0x0, 0x0, 0x0, 0x2f,
    0xff, 0x30, 0x0, 0x0, 0x0, 0x0, 0x0, 0x0,
    0x2, 0xff, 0xf3, 0x0, 0x0, 0x0, 0x0, 0x0,
    0x0, 0x0, 0x18, 0x88, 0x10, 0x0, 0x0, 0x0,

    /* U+0025 "%" */
    0x0, 0x0, 0x0, 0x0, 0x0, 0x0, 0x0, 0x0,
    0x0, 0x0, 0x0, 0x0, 0x0, 0x6b, 0xef, 0xeb,
    0x50, 0x0, 0x0, 0x0, 0x0, 0x4, 0xc1, 0x0,
    0xb, 0xff, 0xff, 0xff, 0xfb, 0x0, 0x0, 0x0,
    0x0, 0x2e, 0xfe, 0x20, 0x8f, 0xfe, 0x86, 0x8e,
    0xff, 0x70, 0x0, 0x0, 0x0, 0xdf, 0xfb, 0x0,
    0xdf, 0xf2, 0x0, 0x3, 0xff, 0xc0, 0x0, 0x0,
    0xb, 0xff, 0xd0, 0x0, 0xff, 0xe0, 0x0, 0x0,
    0xff, 0xe0, 0x0, 0x0, 0x8f, 0xfe, 0x20, 0x0,
    0xef, 0xf0, 0x0, 0x1, 0xff, 0xd0, 0x0, 0x5,
    0xff, 0xf4, 0x0, 0x0, 0xaf, 0xfb, 0x20, 0x2b,
    0xff, 0x90, 0x0, 0x3f, 0xff, 0x60, 0x0, 0x0,
    0x2e, 0xff, 0xff, 0xff, 0xfe, 0x10, 0x1, 0xef,
    0xf9, 0x0, 0x0, 0x0, 0x2, 0xbf, 0xff, 0xff,
    0xb2, 0x0, 0xc, 0xff, 0xc0, 0x0, 0x0, 0x0,
    0x0, 0x1, 0x45, 0x41, 0x0, 0x0, 0xaf, 0xfd,
    0x10, 0x0, 0x0, 0x0, 0x0, 0x0, 0x0, 0x0,
    0x0, 0x7, 0xff, 0xf2, 0x0, 0x0, 0x0, 0x0,
    0x0, 0x0, 0x0, 0x0, 0x0, 0x4f, 0xff, 0x50,
    0x0, 0x0, 0x0, 0x0, 0x0, 0x0, 0x0, 0x0,
    0x2, 0xff, 0xf7, 0x0, 0x14, 0x54, 0x10, 0x0,
    0x0, 0x0, 0x0, 0x0, 0x1d, 0xff, 0xa0, 0x1a,
    0xff, 0xff, 0xfa, 0x10, 0x0, 0x0, 0x0, 0x0,
    0xbf, 0xfc, 0x0, 0xdf, 0xff, 0xff, 0xff, 0xd0,
    0x0, 0x0, 0x0, 0x9, 0xff, 0xe1, 0x7, 0xff,
    0xd3, 0x3, 0xcf, 0xf8, 0x0, 0x0, 0x0, 0x6f,
    0xff, 0x30, 0xc, 0xff, 0x20, 0x0, 0x1f, 0xfd,
    0x0, 0x0, 0x4, 0xff, 0xf5, 0x0, 0xe, 0xff,
    0x0, 0x0, 0xe, 0xff, 0x0, 0x0, 0x2e, 0xff,
    0x80, 0x0, 0xe, 0xff, 0x0, 0x0, 0xe, 0xfe,
    0x0, 0x0, 0xdf, 0xfb, 0x0, 0x0, 0xb, 0xff,
    0x50, 0x0, 0x4f, 0xfc, 0x0, 0xb, 0xff, 0xd0,
    0x0, 0x0, 0x4, 0xff, 0xf9, 0x68, 0xff, 0xf5,
    0x0, 0x8f, 0xfe, 0x20, 0x0, 0x0, 0x0, 0x8f,
    0xff, 0xff, 0xff, 0x90, 0x2, 0xff, 0xf4, 0x0,
    0x0, 0x0, 0x0, 0x4, 0xbe, 0xfe, 0xb5, 0x0,
    0x0, 0x4e, 0x70, 0x0, 0x0, 0x0, 0x0, 0x0,
    0x0, 0x0, 0x0, 0x0, 0x0, 0x1, 0x0, 0x0,
    0x0, 0x0, 0x0, 0x0, 0x0, 0x0, 0x0, 0x0,

    /* U+0026 "&" */
    0x0, 0x1, 0x7c, 0xef, 0xff, 0xf6, 0x0, 0x0,
    0x0, 0x0, 0x6, 0xff, 0xff, 0xff, 0xff, 0x60,
    0x0, 0x0, 0x0, 0x6, 0xff, 0xff, 0xff, 0xee,
    0xe5, 0x0, 0x0, 0x0, 0x0, 0xff, 0xff, 0x92,
    0x0, 0x0, 0x0, 0x0, 0x0, 0x0, 0x6f, 0xff,
    0x70, 0x0, 0x0, 0x0, 0x0, 0x0, 0x0, 0x8,
    0xff, 0xf0, 0x0, 0x0, 0x0, 0x0, 0x0, 0x0,
    0x0, 0x9f, 0xff, 0x0, 0x0, 0x0, 0x1, 0xff,
    0xf6, 0x0, 0x7, 0xff, 0xf1, 0x0, 0x0, 0x0,
    0x1f, 0xff, 0x60, 0x0, 0x2f, 0xff, 0x80, 0x0,
    0x0, 0x1, 0xff, 0xf6, 0x0, 0x0, 0x6f, 0xff,
    0xa3, 0x0, 0x0, 0x1f, 0xff, 0x60, 0x0, 0x0,
    0x4d, 0xff, 0xff, 0xff, 0xff, 0xff, 0xff, 0xff,
    0xa0, 0x0, 0x1d, 0xff, 0xff, 0xff, 0xff, 0xff,
    0xff, 0xfa, 0x0, 0x7f, 0xff, 0xff, 0xee, 0xee,
    0xff, 0xff, 0xee, 0x90, 0x9f, 0xff, 0x81, 0x0,
    0x0, 0x1f, 0xff, 0x60, 0x0, 0x3f, 0xff, 0x40,
    0x0, 0x0, 0x1, 0xff, 0xf6, 0x0, 0x9, 0xff,
    0xd0, 0x0, 0x0, 0x0, 0x1f, 0xff, 0x60, 0x0,
    0xbf, 0xfb, 0x0, 0x0, 0x0, 0x1, 0xff, 0xf6,
    0x0, 0xb, 0xff, 0xd0, 0x0, 0x0, 0x0, 0x1f,
    0xff, 0x60, 0x0, 0x9f, 0xff, 0x40, 0x0, 0x0,
    0x1, 0xff, 0xf6, 0x0, 0x3, 0xff, 0xff, 0x81,
    0x0, 0x0, 0x1f, 0xff, 0x60, 0x0, 0x9, 0xff,
    0xff, 0xff, 0xee, 0xee, 0xff, 0xf6, 0x0, 0x0,
    0x9, 0xff, 0xff, 0xff, 0xff, 0xff, 0xff, 0x60,
    0x0, 0x0, 0x3, 0x9d, 0xef, 0xff, 0xff, 0xff,
    0xf6, 0x0, 0x0,

    /* U+0027 "'" */
    0x2, 0xbf, 0xd5, 0x0, 0xcf, 0xff, 0xf2, 0xf,
    0xff, 0xff, 0x50, 0xef, 0xff, 0xf6, 0x3, 0xdf,
    0xff, 0x60, 0x0, 0x2e, 0xf5, 0x6, 0xff, 0xff,
    0x10, 0x5f, 0xec, 0x40,

    /* U+0028 "(" */
    0x0, 0x0, 0x0, 0x16, 0xad, 0xee, 0x0, 0x0,
    0x8, 0xff, 0xff, 0xfe, 0x0, 0x2, 0xdf, 0xff,
    0xff, 0xfe, 0x0, 0x1d, 0xff, 0xff, 0x94, 0x10,
    0x0, 0x9f, 0xff, 0xc1, 0x0, 0x0, 0x1, 0xff,
    0xfd, 0x0, 0x0, 0x0, 0x7, 0xff, 0xf4, 0x0,
    0x0, 0x0, 0xb, 0xff, 0xd0, 0x0, 0x0, 0x0,
    0xe, 0xff, 0x90, 0x0, 0x0, 0x0, 0xf, 0xff,
    0x60, 0x0, 0x0, 0x0, 0x1f, 0xff, 0x50, 0x0,
    0x0, 0x0, 0x1f, 0xff, 0x40, 0x0, 0x0, 0x0,
    0x2f, 0xff, 0x40, 0x0, 0x0, 0x0, 0x2f, 0xff,
    0x40, 0x0, 0x0, 0x0, 0x2f, 0xff, 0x40, 0x0,
    0x0, 0x0, 0x2f, 0xff, 0x40, 0x0, 0x0, 0x0,
    0x2f, 0xff, 0x40, 0x0, 0x0, 0x0, 0x2f, 0xff,
    0x40, 0x0, 0x0, 0x0, 0x2f, 0xff, 0x40, 0x0,
    0x0, 0x0, 0x2f, 0xff, 0x40, 0x0, 0x0, 0x0,
    0x2f, 0xff, 0x40, 0x0, 0x0, 0x0, 0x1f, 0xff,
    0x40, 0x0, 0x0, 0x0, 0x1f, 0xff, 0x50, 0x0,
    0x0, 0x0, 0xf, 0xff, 0x60, 0x0, 0x0, 0x0,
    0xe, 0xff, 0x90, 0x0, 0x0, 0x0, 0xb, 0xff,
    0xd0, 0x0, 0x0, 0x0, 0x7, 0xff, 0xf3, 0x0,
    0x0, 0x0, 0x1, 0xff, 0xfd, 0x0, 0x0, 0x0,
    0x0, 0x9f, 0xff, 0xb1, 0x0, 0x0, 0x0, 0x1d,
    0xff, 0xfe, 0x83, 0x0, 0x0, 0x2, 0xdf, 0xff,
    0xff, 0xfe, 0x0, 0x0, 0x19, 0xff, 0xff, 0xfe,
    0x0, 0x0, 0x0, 0x16, 0xad, 0xee,

    /* U+0029 ")" */
    0xde, 0xda, 0x61, 0x0, 0x0, 0x0, 0xef, 0xff,
    0xff, 0x91, 0x0, 0x0, 0xef, 0xff, 0xff, 0xfd,
    0x20, 0x0, 0x1, 0x48, 0xff, 0xff, 0xd1, 0x0,
    0x0, 0x0, 0x1b, 0xff, 0xf9, 0x0, 0x0, 0x0,
    0x0, 0xcf, 0xff, 0x10, 0x0, 0x0, 0x0, 0x3f,
    0xff, 0x70, 0x0, 0x0, 0x0, 0xc, 0xff, 0xb0,
    0x0, 0x0, 0x0, 0x8, 0xff, 0xe0, 0x0, 0x0,
    0x0, 0x5, 0xff, 0xf0, 0x0, 0x0, 0x0, 0x4,
    0xff, 0xf1, 0x0, 0x0, 0x0, 0x3, 0xff, 0xf2,
    0x0, 0x0, 0x0, 0x3, 0xff, 0xf2, 0x0, 0x0,
    0x0, 0x3, 0xff, 0xf2, 0x0, 0x0, 0x0, 0x3,
    0xff, 0xf2, 0x0, 0x0, 0x0, 0x3, 0xff, 0xf2,
    0x0, 0x0, 0x0, 0x3, 0xff, 0xf2, 0x0, 0x0,
    0x0, 0x3, 0xff, 0xf2, 0x0, 0x0, 0x0, 0x3,
    0xff, 0xf2, 0x0, 0x0, 0x0, 0x3, 0xff, 0xf2,
    0x0, 0x0, 0x0, 0x3, 0xff, 0xf2, 0x0, 0x0,
    0x0, 0x3, 0xff, 0xf2, 0x0, 0x0, 0x0, 0x4,
    0xff, 0xf1, 0x0, 0x0, 0x0, 0x5, 0xff, 0xf0,
    0x0, 0x0, 0x0, 0x8, 0xff, 0xe0, 0x0, 0x0,
    0x0, 0xc, 0xff, 0xb0, 0x0, 0x0, 0x0, 0x3f,
    0xff, 0x70, 0x0, 0x0, 0x0, 0xcf, 0xff, 0x10,
    0x0, 0x0, 0xb, 0xff, 0xf9, 0x0, 0x0, 0x37,
    0xef, 0xff, 0xd1, 0x0, 0xef, 0xff, 0xff, 0xfd,
    0x20, 0x0, 0xef, 0xff, 0xff, 0x91, 0x0, 0x0,
    0xdf, 0xda, 0x61, 0x0, 0x0, 0x0,

    /* U+002A "*" */
    0x0, 0x0, 0x0, 0x1f, 0xf1, 0x0, 0x0, 0x0,
    0x0, 0x6, 0x0, 0x1f, 0xf1, 0x0, 0x60, 0x0,
    0x0, 0xbf, 0xb0, 0x1f, 0xf1, 0xb, 0xfb, 0x0,
    0x0, 0x5f, 0xfb, 0xe, 0xf0, 0xbf, 0xf5, 0x0,
    0x0, 0x4, 0xef, 0x7c, 0xc7, 0xff, 0x40, 0x0,
    0x0, 0x0, 0x1b, 0xff, 0xff, 0xb1, 0x0, 0x0,
    0x7f, 0xff, 0xdb, 0xff, 0xff, 0xcc, 0xff, 0xf7,
    0x7f, 0xff, 0xfd, 0xff, 0xff, 0xdf, 0xff, 0xf7,
    0x12, 0x21, 0x8, 0xff, 0xff, 0x90, 0x12, 0x21,
    0x0, 0x1, 0xcf, 0xbd, 0xda, 0xfc, 0x10, 0x0,
    0x0, 0x1d, 0xfe, 0x1e, 0xe1, 0xef, 0xd1, 0x0,
    0x0, 0xcf, 0xf3, 0xf, 0xf0, 0x3f, 0xfc, 0x0,
    0x0, 0x4f, 0x40, 0x1f, 0xf1, 0x4, 0xf4, 0x0,
    0x0, 0x1, 0x0, 0x1f, 0xf1, 0x0, 0x10, 0x0,
    0x0, 0x0, 0x0, 0xb, 0xb1, 0x0, 0x0, 0x0,

    /* U+002B "+" */
    0x0, 0x0, 0x0, 0x0, 0x0, 0x0, 0x0, 0x0,
    0x0, 0x0, 0x2f, 0xff, 0x30, 0x0, 0x0, 0x0,
    0x0, 0x2, 0xff, 0xf3, 0x0, 0x0, 0x0, 0x0,
    0x0, 0x2f, 0xff, 0x30, 0x0, 0x0, 0x0, 0x0,
    0x2, 0xff, 0xf3, 0x0, 0x0, 0x0, 0x0, 0x0,
    0x2f, 0xff, 0x30, 0x0, 0x0, 0x9f, 0xff, 0xff,
    0xff, 0xff, 0xff, 0xff, 0xa9, 0xff, 0xff, 0xff,
    0xff, 0xff, 0xff, 0xfa, 0x9f, 0xff, 0xff, 0xff,
    0xff, 0xff, 0xff, 0xa1, 0x22, 0x22, 0x4f, 0xff,
    0x52, 0x22, 0x21, 0x0, 0x0, 0x2, 0xff, 0xf3,
    0x0, 0x0, 0x0, 0x0, 0x0, 0x2f, 0xff, 0x30,
    0x0, 0x0, 0x0, 0x0, 0x2, 0xff, 0xf3, 0x0,
    0x0, 0x0, 0x0, 0x0, 0x2f, 0xff, 0x30, 0x0,
    0x0, 0x0, 0x0, 0x2, 0xff, 0xf3, 0x0, 0x0,
    0x0,

    /* U+002C "," */
    0x0, 0x1, 0x0, 0x0, 0x3d, 0xff, 0x60, 0xd,
    0xff, 0xff, 0x20, 0xff, 0xff, 0xf5, 0xd, 0xff,
    0xff, 0x60, 0x2b, 0xff, 0xf6, 0x0, 0x0, 0xdf,
    0x50, 0x0, 0x2f, 0xf4, 0x5, 0xff, 0xfe, 0x0,
    0x6f, 0xeb, 0x30,

    /* U+002D "-" */
    0x12, 0x22, 0x22, 0x22, 0x22, 0x17, 0xff, 0xff,
    0xff, 0xff, 0xf9, 0x7f, 0xff, 0xff, 0xff, 0xff,
    0x97, 0xff, 0xff, 0xff, 0xff, 0xf9,

    /* U+002E "." */
    0x0, 0x26, 0x40, 0x0, 0x6f, 0xff, 0xb0, 0xf,
    0xff, 0xff, 0x50, 0xff, 0xff, 0xf6, 0xc, 0xff,
    0xff, 0x20, 0x1b, 0xfd, 0x50,

    /* U+002F "/" */
    0x0, 0x0, 0x0, 0x0, 0x0, 0x7f, 0xff, 0x10,
    0x0, 0x0, 0x0, 0x0, 0xc, 0xff, 0xb0, 0x0,
    0x0, 0x0, 0x0, 0x1, 0xff, 0xf6, 0x0, 0x0,
    0x0, 0x0, 0x0, 0x7f, 0xff, 0x10, 0x0, 0x0,
    0x0, 0x0, 0xc, 0xff, 0xb0, 0x0, 0x0, 0x0,
    0x0, 0x1, 0xff, 0xf6, 0x0, 0x0, 0x0, 0x0,
    0x0, 0x7f, 0xff, 0x10, 0x0, 0x0, 0x0, 0x0,
    0xc, 0xff, 0xb0, 0x0, 0x0, 0x0, 0x0, 0x1,
    0xff, 0xf6, 0x0, 0x0, 0x0, 0x0, 0x0, 0x7f,
    0xff, 0x10, 0x0, 0x0, 0x0, 0x0, 0xc, 0xff,
    0xb0, 0x0, 0x0, 0x0, 0x0, 0x1, 0xff, 0xf6,
    0x0, 0x0, 0x0, 0x0, 0x0, 0x7f, 0xff, 0x10,
    0x0, 0x0, 0x0, 0x0, 0xc, 0xff, 0xb0, 0x0,
    0x0, 0x0, 0x0, 0x1, 0xff, 0xf6, 0x0, 0x0,
    0x0, 0x0, 0x0, 0x7f, 0xff, 0x10, 0x0, 0x0,
    0x0, 0x0, 0xc, 0xff, 0xb0, 0x0, 0x0, 0x0,
    0x0, 0x1, 0xff, 0xf6, 0x0, 0x0, 0x0, 0x0,
    0x0, 0x7f, 0xff, 0x10, 0x0, 0x0, 0x0, 0x0,
    0xc, 0xff, 0xb0, 0x0, 0x0, 0x0, 0x0, 0x1,
    0xff, 0xf6, 0x0, 0x0, 0x0, 0x0, 0x0, 0x7f,
    0xff, 0x10, 0x0, 0x0, 0x0, 0x0, 0xc, 0xff,
    0xb0, 0x0, 0x0, 0x0, 0x0, 0x1, 0xff, 0xf6,
    0x0, 0x0, 0x0, 0x0, 0x0, 0x7f, 0xff, 0x10,
    0x0, 0x0, 0x0, 0x0, 0xc, 0xff, 0xb0, 0x0,
    0x0, 0x0, 0x0, 0x1, 0xff, 0xf6, 0x0, 0x0,
    0x0, 0x0, 0x0, 0x6f, 0xff, 0x10, 0x0, 0x0,
    0x0, 0x0, 0xc, 0xff, 0xb0, 0x0, 0x0, 0x0,
    0x0, 0x1, 0xff, 0xf6, 0x0, 0x0, 0x0, 0x0,
    0x0,

    /* U+0030 "0" */
    0x0, 0x0, 0x2, 0x7b, 0xef, 0xfe, 0xb7, 0x10,
    0x0, 0x0, 0x0, 0x0, 0x9f, 0xff, 0xff, 0xff,
    0xff, 0xf8, 0x0, 0x0, 0x0, 0xd, 0xff, 0xff,
    0xff, 0xff, 0xff, 0xff, 0xc0, 0x0, 0x0, 0xbf,
    0xff, 0xf9, 0x43, 0x35, 0xaf, 0xff, 0xfa, 0x0,
    0x4, 0xff, 0xfe, 0x20, 0x0, 0x0, 0x3, 0xef,
    0xff, 0x30, 0xa, 0xff, 0xf3, 0x0, 0x0, 0x0,
    0x0, 0x5f, 0xff, 0x90, 0xe, 0xff, 0xc0, 0x0,
    0x0, 0x0, 0x0, 0xd, 0xff, 0xd0, 0xf, 0xff,
    0x80, 0x0, 0x0, 0x0, 0x0, 0x9, 0xff, 0xf0,
    0x1f, 0xff, 0x70, 0x0, 0x0, 0x0, 0x0, 0x8,
    0xff, 0xf0, 0x2f, 0xff, 0x70, 0x0, 0x0, 0x0,
    0x0, 0x8, 0xff, 0xf1, 0x2f, 0xff, 0x70, 0x0,
    0x0, 0x0, 0x0, 0x8, 0xff, 0xf1, 0x2f, 0xff,
    0x70, 0x0, 0x0, 0x0, 0x0, 0x8, 0xff, 0xf1,
    0x2f, 0xff, 0x70, 0x0, 0x0, 0x0, 0x0, 0x8,
    0xff, 0xf1, 0x2f, 0xff, 0x70, 0x0, 0x0, 0x0,
    0x0, 0x8, 0xff, 0xf1, 0x1f, 0xff, 0x70, 0x0,
    0x0, 0x0, 0x0, 0x8, 0xff, 0xf0, 0xf, 0xff,
    0x80, 0x0, 0x0, 0x0, 0x0, 0x9, 0xff, 0xf0,
    0xe, 0xff, 0xc0, 0x0, 0x0, 0x0, 0x0, 0xd,
    0xff, 0xd0, 0xa, 0xff, 0xf2, 0x0, 0x0, 0x0,
    0x0, 0x4f, 0xff, 0x90, 0x4, 0xff, 0xfd, 0x10,
    0x0, 0x0, 0x2, 0xef, 0xff, 0x30, 0x0, 0xbf,
    0xff, 0xf8, 0x42, 0x34, 0x9f, 0xff, 0xfa, 0x0,
    0x0, 0x1d, 0xff, 0xff, 0xff, 0xff, 0xff, 0xff,
    0xc0, 0x0, 0x0, 0x0, 0xaf, 0xff, 0xff, 0xff,
    0xff, 0xf9, 0x0, 0x0, 0x0, 0x0, 0x2, 0x8c,
    0xef, 0xfe, 0xb7, 0x10, 0x0, 0x0,

    /* U+0031 "1" */
    0x0, 0x0, 0x7, 0xff, 0xff, 0xff, 0x50, 0x0,
    0x0, 0xef, 0xff, 0xff, 0xf5, 0x0, 0x0, 0x8f,
    0xff, 0xaf, 0xff, 0x50, 0x0, 0x1f, 0xff, 0xa4,
    0xff, 0xf5, 0x0, 0x8, 0xff, 0xf2, 0x4f, 0xff,
    0x50, 0x1, 0xff, 0xfa, 0x4, 0xff, 0xf5, 0x0,
    0x9f, 0xff, 0x20, 0x4f, 0xff, 0x50, 0x1f, 0xff,
    0xa0, 0x4, 0xff, 0xf5, 0x9, 0xff, 0xf2, 0x0,
    0x4f, 0xff, 0x52, 0xff, 0xfa, 0x0, 0x4, 0xff,
    0xf5, 0x13, 0x33, 0x10, 0x0, 0x4f, 0xff, 0x50,
    0x0, 0x0, 0x0, 0x4, 0xff, 0xf5, 0x0, 0x0,
    0x0, 0x0, 0x4f, 0xff, 0x50, 0x0, 0x0, 0x0,
    0x4, 0xff, 0xf5, 0x0, 0x0, 0x0, 0x0, 0x4f,
    0xff, 0x50, 0x0, 0x0, 0x0, 0x4, 0xff, 0xf5,
    0x0, 0x0, 0x0, 0x0, 0x4f, 0xff, 0x50, 0x0,
    0x0, 0x0, 0x4, 0xff, 0xf5, 0x0, 0x0, 0x0,
    0x0, 0x4f, 0xff, 0x50, 0x0, 0x0, 0x0, 0x4,
    0xff, 0xf5, 0x0, 0x0, 0x0, 0x0, 0x4f, 0xff,
    0x50, 0x0, 0x0, 0x0, 0x4, 0xff, 0xf5, 0x0,
    0x0, 0x0, 0x0, 0x4f, 0xff, 0x50,

    /* U+0032 "2" */
    0x0, 0x0, 0x4, 0x9d, 0xef, 0xec, 0x83, 0x0,
    0x0, 0x0, 0x2, 0xcf, 0xff, 0xff, 0xff, 0xff,
    0xa1, 0x0, 0x0, 0x4f, 0xff, 0xff, 0xff, 0xff,
    0xff, 0xfe, 0x10, 0x2, 0xff, 0xff, 0xc6, 0x32,
    0x47, 0xef, 0xff, 0xd0, 0xa, 0xff, 0xf8, 0x0,
    0x0, 0x0, 0xc, 0xff, 0xf6, 0xf, 0xff, 0xc0,
    0x0, 0x0, 0x0, 0x1, 0xff, 0xfb, 0x2f, 0xff,
    0x60, 0x0, 0x0, 0x0, 0x0, 0xcf, 0xfd, 0x4f,
    0xff, 0x40, 0x0, 0x0, 0x0, 0x0, 0xbf, 0xfd,
    0x2, 0x22, 0x0, 0x0, 0x0, 0x0, 0x0, 0xef,
    0xfb, 0x0, 0x0, 0x0, 0x0, 0x0, 0x0, 0x5,
    0xff, 0xf8, 0x0, 0x0, 0x0, 0x0, 0x0, 0x0,
    0x4e, 0xff, 0xf2, 0x0, 0x0, 0x0, 0x0, 0x0,
    0x3a, 0xff, 0xff, 0x70, 0x0, 0x0, 0x0, 0x5,
    0x9e, 0xff, 0xff, 0xf7, 0x0, 0x0, 0x0, 0x29,
    0xff, 0xff, 0xff, 0xfb, 0x20, 0x0, 0x0, 0x7,
    0xff, 0xff, 0xff, 0xd8, 0x20, 0x0, 0x0, 0x0,
    0xaf, 0xff, 0xfc, 0x72, 0x0, 0x0, 0x0, 0x0,
    0x6, 0xff, 0xfc, 0x30, 0x0, 0x0, 0x0, 0x0,
    0x0, 0xd, 0xff, 0xc0, 0x0, 0x0, 0x0, 0x0,
    0x0, 0x0, 0x2f, 0xff, 0x60, 0x0, 0x0, 0x0,
    0x0, 0x0, 0x0, 0x4f, 0xff, 0x52, 0x22, 0x22,
    0x22, 0x22, 0x22, 0x21, 0x5f, 0xff, 0xff, 0xff,
    0xff, 0xff, 0xff, 0xff, 0xfa, 0x6f, 0xff, 0xff,
    0xff, 0xff, 0xff, 0xff, 0xff, 0xfa, 0x6f, 0xff,
    0xff, 0xff, 0xff, 0xff, 0xff, 0xff, 0xfa,

    /* U+0033 "3" */
    0x1f, 0xff, 0xff, 0xff, 0xff, 0xff, 0xff, 0xff,
    0xf9, 0x1, 0xff, 0xff, 0xff, 0xff, 0xff, 0xff,
    0xff, 0xff, 0x90, 0x1f, 0xff, 0xff, 0xff, 0xff,
    0xff, 0xff, 0xff, 0xf9, 0x0, 0x22, 0x22, 0x22,
    0x22, 0x22, 0x22, 0x9f, 0xff, 0x90, 0x0, 0x0,
    0x0, 0x0, 0x0, 0x5, 0xdf, 0xff, 0xf6, 0x0,
    0x0, 0x0, 0x0, 0x0, 0x5d, 0xff, 0xff, 0x91,
    0x0, 0x0, 0x0, 0x0, 0x5, 0xdf, 0xff, 0xf9,
    0x20, 0x0, 0x0, 0x0, 0x0, 0x4d, 0xff, 0xff,
    0xa2, 0x0, 0x0, 0x0, 0x0, 0x0, 0xa, 0xff,
    0xfc, 0x20, 0x0, 0x0, 0x0, 0x0, 0x0, 0x0,
    0xaf, 0xff, 0xff, 0xfd, 0x94, 0x0, 0x0, 0x0,
    0x0, 0xa, 0xff, 0xff, 0xff, 0xff, 0xfb, 0x10,
    0x0, 0x0, 0x0, 0x69, 0x99, 0x9a, 0xdf, 0xff,
    0xfc, 0x0, 0x0, 0x0, 0x0, 0x0, 0x0, 0x0,
    0x3c, 0xff, 0xf7, 0x0, 0x0, 0x0, 0x0, 0x0,
    0x0, 0x0, 0x1e, 0xff, 0xd0, 0x47, 0x77, 0x0,
    0x0, 0x0, 0x0, 0x0, 0x9f, 0xff, 0x9, 0xff,
    0xf0, 0x0, 0x0, 0x0, 0x0, 0x8, 0xff, 0xf1,
    0x8f, 0xff, 0x20, 0x0, 0x0, 0x0, 0x0, 0x9f,
    0xff, 0x5, 0xff, 0xf9, 0x0, 0x0, 0x0, 0x0,
    0xe, 0xff, 0xd0, 0xe, 0xff, 0xf6, 0x0, 0x0,
    0x0, 0xb, 0xff, 0xf7, 0x0, 0x5f, 0xff, 0xfc,
    0x63, 0x23, 0x7e, 0xff, 0xfe, 0x0, 0x0, 0x8f,
    0xff, 0xff, 0xff, 0xff, 0xff, 0xfe, 0x20, 0x0,
    0x0, 0x5e, 0xff, 0xff, 0xff, 0xff, 0xfb, 0x10,
    0x0, 0x0, 0x0, 0x5, 0xad, 0xef, 0xec, 0x83,
    0x0, 0x0, 0x0,

    /* U+0034 "4" */
    0x0, 0x0, 0x0, 0x0, 0x3, 0xff, 0xff, 0xff,
    0x90, 0x0, 0x0, 0x0, 0x0, 0x0, 0x0, 0xdf,
    0xff, 0xff, 0xf9, 0x0, 0x0, 0x0, 0x0, 0x0,
    0x0, 0x8f, 0xff, 0x6f, 0xff, 0x90, 0x0, 0x0,
    0x0, 0x0, 0x0, 0x3f, 0xff, 0xa0, 0xff, 0xf9,
    0x0, 0x0, 0x0, 0x0, 0x0, 0xc, 0xff, 0xe1,
    0xf, 0xff, 0x90, 0x0, 0x0, 0x0, 0x0, 0x7,
    0xff, 0xf5, 0x0, 0xff, 0xf9, 0x0, 0x0, 0x0,
    0x0, 0x2, 0xff, 0xfb, 0x0, 0xf, 0xff, 0x90,
    0x0, 0x0, 0x0, 0x0, 0xcf, 0xfe, 0x10, 0x0,
    0xff, 0xf9, 0x0, 0x0, 0x0, 0x0, 0x6f, 0xff,
    0x60, 0x0, 0xf, 0xff, 0x90, 0x0, 0x0, 0x0,
    0x1f, 0xff, 0xb0, 0x0, 0x0, 0xff, 0xf9, 0x0,
    0x0, 0x0, 0xb, 0xff, 0xf2, 0x0, 0x0, 0xf,
    0xff, 0x90, 0x0, 0x0, 0x5, 0xff, 0xf6, 0x0,
    0x0, 0x0, 0xff, 0xf9, 0x0, 0x0, 0x1, 0xef,
    0xfc, 0x0, 0x0, 0x0, 0xf, 0xff, 0x90, 0x0,
    0x0, 0xaf, 0xff, 0x20, 0x0, 0x0, 0x0, 0xff,
    0xf9, 0x0, 0x0, 0xf, 0xff, 0x80, 0x0, 0x0,
    0x0, 0xf, 0xff, 0x90, 0x0, 0x0, 0xff, 0xff,
    0xff, 0xff, 0xff, 0xff, 0xff, 0xff, 0xff, 0xf9,
    0xf, 0xff, 0xff, 0xff, 0xff, 0xff, 0xff, 0xff,
    0xff, 0xff, 0x90, 0xff, 0xff, 0xff, 0xff, 0xff,
    0xff, 0xff, 0xff, 0xff, 0xf9, 0x2, 0x22, 0x22,
    0x22, 0x22, 0x22, 0x2f, 0xff, 0xa2, 0x22, 0x10,
    0x0, 0x0, 0x0, 0x0, 0x0, 0x0, 0xff, 0xf9,
    0x0, 0x0, 0x0, 0x0, 0x0, 0x0, 0x0, 0x0,
    0xf, 0xff, 0x90, 0x0, 0x0, 0x0, 0x0, 0x0,
    0x0, 0x0, 0x0, 0xff, 0xf9, 0x0, 0x0, 0x0,
    0x0, 0x0, 0x0, 0x0, 0x0, 0xf, 0xff, 0x90,
    0x0, 0x0,

    /* U+0035 "5" */
    0xc, 0xff, 0xff, 0xff, 0xff, 0xff, 0xff, 0xff,
    0xf3, 0xc, 0xff, 0xff, 0xff, 0xff, 0xff, 0xff,
    0xff, 0xf3, 0xc, 0xff, 0xff, 0xff, 0xff, 0xff,
    0xff, 0xff, 0xf3, 0xc, 0xff, 0xd2, 0x22, 0x22,
    0x22, 0x22, 0x22, 0x20, 0xc, 0xff, 0xd0, 0x0,
    0x0, 0x0, 0x0, 0x0, 0x0, 0xc, 0xff, 0xd0,
    0x0, 0x0, 0x0, 0x0, 0x0, 0x0, 0xc, 0xff,
    0xd0, 0x0, 0x0, 0x0, 0x0, 0x0, 0x0, 0xc,
    0xff, 0xd0, 0x7, 0xcf, 0xfe, 0xb6, 0x0, 0x0,
    0xc, 0xff, 0xd2, 0xef, 0xff, 0xff, 0xff, 0xe4,
    0x0, 0xc, 0xff, 0xfe, 0xff, 0xfe, 0xff, 0xff,
    0xff, 0x30, 0xc, 0xff, 0xff, 0xe6, 0x0, 0x3,
    0xbf, 0xff, 0xe0, 0xc, 0xff, 0xff, 0x30, 0x0,
    0x0, 0xa, 0xff, 0xf7, 0x0, 0x0, 0x0, 0x0,
    0x0, 0x0, 0x1, 0xff, 0xfc, 0x0, 0x0, 0x0,
    0x0, 0x0, 0x0, 0x0, 0xbf, 0xfe, 0x13, 0x33,
    0x0, 0x0, 0x0, 0x0, 0x0, 0x9f, 0xff, 0x7f,
    0xff, 0x20, 0x0, 0x0, 0x0, 0x0, 0x9f, 0xff,
    0x6f, 0xff, 0x50, 0x0, 0x0, 0x0, 0x0, 0xcf,
    0xfd, 0x2f, 0xff, 0xb0, 0x0, 0x0, 0x0, 0x2,
    0xff, 0xfa, 0xd, 0xff, 0xf7, 0x0, 0x0, 0x0,
    0x1d, 0xff, 0xf4, 0x4, 0xff, 0xff, 0xb6, 0x32,
    0x48, 0xef, 0xff, 0xb0, 0x0, 0x6f, 0xff, 0xff,
    0xff, 0xff, 0xff, 0xfd, 0x0, 0x0, 0x4, 0xef,
    0xff, 0xff, 0xff, 0xff, 0x90, 0x0, 0x0, 0x0,
    0x5, 0xad, 0xef, 0xec, 0x82, 0x0, 0x0,

    /* U+0036 "6" */
    0x0, 0x0, 0x3, 0x8c, 0xef, 0xfd, 0xb7, 0x20,
    0x0, 0x0, 0x0, 0x2b, 0xff, 0xff, 0xff, 0xff,
    0xff, 0x90, 0x0, 0x0, 0x2f, 0xff, 0xff, 0xff,
    0xff, 0xff, 0xff, 0xc0, 0x0, 0xd, 0xff, 0xfd,
    0x73, 0x23, 0x48, 0xff, 0xff, 0x80, 0x7, 0xff,
    0xf8, 0x0, 0x0, 0x0, 0x2, 0xef, 0xff, 0x0,
    0xdf, 0xfc, 0x0, 0x0, 0x0, 0x0, 0x7, 0xff,
    0xf2, 0xf, 0xff, 0x80, 0x0, 0x0, 0x0, 0x0,
    0x1, 0x11, 0x1, 0xff, 0xf7, 0x0, 0x6a, 0xcd,
    0xc9, 0x40, 0x0, 0x0, 0x2f, 0xff, 0x72, 0xdf,
    0xff, 0xff, 0xff, 0xd3, 0x0, 0x2, 0xff, 0xfc,
    0xef, 0xff, 0xff, 0xff, 0xff, 0xf5, 0x0, 0x2f,
    0xff, 0xff, 0xd6, 0x10, 0x14, 0xbf, 0xff, 0xf2,
    0x2, 0xff, 0xff, 0xb0, 0x0, 0x0, 0x0, 0x8f,
    0xff, 0xb0, 0x2f, 0xff, 0xf1, 0x0, 0x0, 0x0,
    0x0, 0xcf, 0xff, 0x12, 0xff, 0xf9, 0x0, 0x0,
    0x0, 0x0, 0x6, 0xff, 0xf4, 0x2f, 0xff, 0x70,
    0x0, 0x0, 0x0, 0x0, 0x3f, 0xff, 0x51, 0xff,
    0xf7, 0x0, 0x0, 0x0, 0x0, 0x3, 0xff, 0xf5,
    0xf, 0xff, 0xa0, 0x0, 0x0, 0x0, 0x0, 0x6f,
    0xff, 0x40, 0xef, 0xff, 0x10, 0x0, 0x0, 0x0,
    0xc, 0xff, 0xf0, 0x8, 0xff, 0xfc, 0x10, 0x0,
    0x0, 0x9, 0xff, 0xfa, 0x0, 0x1e, 0xff, 0xfe,
    0x84, 0x23, 0x6d, 0xff, 0xfe, 0x10, 0x0, 0x2f,
    0xff, 0xff, 0xff, 0xff, 0xff, 0xff, 0x30, 0x0,
    0x0, 0x2b, 0xff, 0xff, 0xff, 0xff, 0xfc, 0x20,
    0x0, 0x0, 0x0, 0x3, 0x8c, 0xef, 0xec, 0x94,
    0x0, 0x0, 0x0,

    /* U+0037 "7" */
    0xf, 0xff, 0xff, 0xff, 0xff, 0xff, 0xff, 0xff,
    0xff, 0x0, 0xff, 0xff, 0xff, 0xff, 0xff, 0xff,
    0xff, 0xff, 0xf0, 0xf, 0xff, 0xff, 0xff, 0xff,
    0xff, 0xff, 0xff, 0xff, 0x0, 0x22, 0x22, 0x22,
    0x22, 0x22, 0x22, 0x2c, 0xff, 0xf0, 0x0, 0x0,
    0x0, 0x0, 0x0, 0x0, 0x3, 0xff, 0xfd, 0x0,
    0x0, 0x0, 0x0, 0x0, 0x0, 0x0, 0xcf, 0xff,
    0x40, 0x0, 0x0, 0x0, 0x0, 0x0, 0x0, 0x5f,
    0xff, 0xa0, 0x0, 0x0, 0x0, 0x0, 0x0, 0x0,
    0xe, 0xff, 0xf2, 0x0, 0x0, 0x0, 0x0, 0x0,
    0x0, 0x8, 0xff, 0xf8, 0x0, 0x0, 0x0, 0x0,
    0x0, 0x0, 0x2, 0xff, 0xfe, 0x0, 0x0, 0x0,
    0x0, 0x0, 0x0, 0x0, 0xbf, 0xff, 0x50, 0x0,
    0x0, 0x0, 0x0, 0x0, 0x0, 0x4f, 0xff, 0xc0,
    0x0, 0x0, 0x0, 0x0, 0x0, 0x0, 0xd, 0xff,
    0xf3, 0x0, 0x0, 0x0, 0x0, 0x0, 0x0, 0x7,
    0xff, 0xfa, 0x0, 0x0, 0x0, 0x0, 0x0, 0x0,
    0x1, 0xff, 0xff, 0x10, 0x0, 0x0, 0x0, 0x0,
    0x0, 0x0, 0x9f, 0xff, 0x70, 0x0, 0x0, 0x0,
    0x0, 0x0, 0x0, 0x3f, 0xff, 0xd0, 0x0, 0x0,
    0x0, 0x0, 0x0, 0x0, 0xc, 0xff, 0xf5, 0x0,
    0x0, 0x0, 0x0, 0x0, 0x0, 0x5, 0xff, 0xfb,
    0x0, 0x0, 0x0, 0x0, 0x0, 0x0, 0x0, 0xcf,
    0xff, 0x20, 0x0, 0x0, 0x0, 0x0, 0x0, 0x0,
    0x1f, 0xff, 0xb0, 0x0, 0x0, 0x0, 0x0, 0x0,
    0x0, 0x2, 0xff, 0xf6, 0x0, 0x0, 0x0, 0x0,
    0x0, 0x0, 0x0, 0x3f, 0xff, 0x50, 0x0, 0x0,
    0x0, 0x0, 0x0,

    /* U+0038 "8" */
    0x0, 0x0, 0x27, 0xbd, 0xef, 0xed, 0xa6, 0x10,
    0x0, 0x0, 0x2, 0xbf, 0xff, 0xff, 0xff, 0xff,
    0xff, 0x90, 0x0, 0x3, 0xef, 0xff, 0xff, 0xff,
    0xff, 0xff, 0xff, 0xd1, 0x0, 0xef, 0xff, 0xe8,
    0x43, 0x24, 0x5a, 0xff, 0xff, 0xa0, 0x4f, 0xff,
    0xc0, 0x0, 0x0, 0x0, 0x2, 0xef, 0xff, 0x5,
    0xff, 0xf4, 0x0, 0x0, 0x0, 0x0, 0x7, 0xff,
    0xf2, 0x4f, 0xff, 0x40, 0x0, 0x0, 0x0, 0x0,
    0x7f, 0xff, 0x0, 0xef, 0xfc, 0x0, 0x0, 0x0,
    0x0, 0x2e, 0xff, 0xb0, 0x4, 0xff, 0xfe, 0x84,
    0x32, 0x35, 0x9f, 0xff, 0xe2, 0x0, 0x3, 0xbf,
    0xff, 0xff, 0xff, 0xff, 0xff, 0xa1, 0x0, 0x0,
    0x1, 0xcf, 0xff, 0xff, 0xff, 0xff, 0x90, 0x0,
    0x0, 0x8, 0xff, 0xff, 0xff, 0xff, 0xff, 0xff,
    0xe5, 0x0, 0x9, 0xff, 0xfd, 0x62, 0x0, 0x3,
    0x8e, 0xff, 0xf6, 0x3, 0xff, 0xfb, 0x0, 0x0,
    0x0, 0x0, 0x1d, 0xff, 0xf0, 0x9f, 0xff, 0x10,
    0x0, 0x0, 0x0, 0x0, 0x4f, 0xff, 0x5b, 0xff,
    0xd0, 0x0, 0x0, 0x0, 0x0, 0x1, 0xff, 0xf7,
    0xbf, 0xfd, 0x0, 0x0, 0x0, 0x0, 0x0, 0x1f,
    0xff, 0x79, 0xff, 0xf2, 0x0, 0x0, 0x0, 0x0,
    0x6, 0xff, 0xf6, 0x5f, 0xff, 0xc1, 0x0, 0x0,
    0x0, 0x3, 0xef, 0xff, 0x10, 0xcf, 0xff, 0xf9,
    0x53, 0x23, 0x5a, 0xff, 0xff, 0x90, 0x1, 0xdf,
    0xff, 0xff, 0xff, 0xff, 0xff, 0xff, 0xb0, 0x0,
    0x1, 0x9f, 0xff, 0xff, 0xff, 0xff, 0xff, 0x70,
    0x0, 0x0, 0x0, 0x27, 0xbd, 0xef, 0xed, 0xa6,
    0x10, 0x0, 0x0,

    /* U+0039 "9" */
    0x0, 0x0, 0x5, 0xad, 0xef, 0xec, 0x83, 0x0,
    0x0, 0x0, 0x0, 0x6e, 0xff, 0xff, 0xff, 0xff,
    0xfa, 0x10, 0x0, 0x0, 0x9f, 0xff, 0xff, 0xff,
    0xff, 0xff, 0xfe, 0x20, 0x0, 0x6f, 0xff, 0xfa,
    0x53, 0x24, 0x7d, 0xff, 0xfd, 0x0, 0xe, 0xff,
    0xf4, 0x0, 0x0, 0x0, 0x9, 0xff, 0xf7, 0x4,
    0xff, 0xf7, 0x0, 0x0, 0x0, 0x0, 0xd, 0xff,
    0xc0, 0x6f, 0xff, 0x30, 0x0, 0x0, 0x0, 0x0,
    0x9f, 0xff, 0x6, 0xff, 0xf2, 0x0, 0x0, 0x0,
    0x0, 0x9, 0xff, 0xf0, 0x5f, 0xff, 0x60, 0x0,
    0x0, 0x0, 0x0, 0xcf, 0xff, 0x1, 0xff, 0xfe,
    0x10, 0x0, 0x0, 0x0, 0x6f, 0xff, 0xf0, 0x9,
    0xff, 0xfe, 0x61, 0x0, 0x3, 0x9f, 0xff, 0xff,
    0x0, 0xc, 0xff, 0xff, 0xfe, 0xdf, 0xff, 0xfd,
    0xff, 0xf0, 0x0, 0x9, 0xff, 0xff, 0xff, 0xff,
    0xe3, 0x8f, 0xff, 0x0, 0x0, 0x3, 0x8c, 0xef,
    0xfc, 0x81, 0x8, 0xff, 0xf0, 0x0, 0x0, 0x0,
    0x0, 0x0, 0x0, 0x0, 0x8f, 0xff, 0x1, 0x77,
    0x72, 0x0, 0x0, 0x0, 0x0, 0x9, 0xff, 0xf0,
    0x3f, 0xff, 0x70, 0x0, 0x0, 0x0, 0x0, 0xcf,
    0xfe, 0x1, 0xff, 0xfc, 0x0, 0x0, 0x0, 0x0,
    0x3f, 0xff, 0xb0, 0xc, 0xff, 0xf7, 0x0, 0x0,
    0x0, 0x2d, 0xff, 0xf6, 0x0, 0x3f, 0xff, 0xfb,
    0x53, 0x24, 0x8f, 0xff, 0xfd, 0x0, 0x0, 0x6f,
    0xff, 0xff, 0xff, 0xff, 0xff, 0xfe, 0x10, 0x0,
    0x0, 0x5e, 0xff, 0xff, 0xff, 0xff, 0xfb, 0x10,
    0x0, 0x0, 0x0, 0x5, 0xad, 0xff, 0xec, 0x83,
    0x0, 0x0, 0x0,

    /* U+003A ":" */
    0x1, 0xbf, 0xd4, 0x0, 0xcf, 0xff, 0xf2, 0xf,
    0xff, 0xff, 0x60, 0xff, 0xff, 0xf5, 0x6, 0xff,
    0xfc, 0x0, 0x2, 0x65, 0x0, 0x0, 0x0, 0x0,
    0x0, 0x0, 0x0, 0x0, 0x0, 0x0, 0x0, 0x0,
    0x0, 0x0, 0x0, 0x0, 0x0, 0x0, 0x0, 0x2,
    0x64, 0x0, 0x6, 0xff, 0xfb, 0x0, 0xff, 0xff,
    0xf5, 0xf, 0xff, 0xff, 0x60, 0xcf, 0xff, 0xf2,
    0x1, 0xbf, 0xd5, 0x0,

    /* U+003B ";" */
    0x1, 0xbf, 0xd4, 0x0, 0xcf, 0xff, 0xf2, 0xf,
    0xff, 0xff, 0x60, 0xff, 0xff, 0xf5, 0x6, 0xff,
    0xfc, 0x0, 0x2, 0x65, 0x0, 0x0, 0x0, 0x0,
    0x0, 0x0, 0x0, 0x0, 0x0, 0x0, 0x0, 0x0,
    0x0, 0x0, 0x0, 0x0, 0x0, 0x0, 0x0, 0x0,
    0x0, 0x0, 0x2, 0xdf, 0xf6, 0x0, 0xdf, 0xff,
    0xf2, 0xf, 0xff, 0xff, 0x60, 0xcf, 0xff, 0xf6,
    0x2, 0xbf, 0xff, 0x60, 0x0, 0xc, 0xf6, 0x0,
    0x2, 0xef, 0x40, 0x5f, 0xff, 0xe1, 0x5, 0xff,
    0xc3, 0x0,

    /* U+003C "<" */
    0x0, 0x0, 0x0, 0x0, 0x0, 0x0, 0x0, 0x0,
    0x0, 0x0, 0x0, 0x0, 0x0, 0x5, 0xaa, 0x0,
    0x0, 0x0, 0x0, 0x3, 0x9e, 0xff, 0xb0, 0x0,
    0x0, 0x2, 0x7d, 0xff, 0xff, 0xfb, 0x0, 0x1,
    0x6c, 0xff, 0xff, 0xff, 0xfb, 0x50, 0x5a, 0xff,
    0xff, 0xff, 0xfc, 0x61, 0x0, 0x9f, 0xff, 0xff,
    0xfc, 0x71, 0x0, 0x0, 0x9, 0xff, 0xfc, 0x71,
    0x0, 0x0, 0x0, 0x0, 0x9f, 0xfe, 0x40, 0x0,
    0x0, 0x0, 0x0, 0x9, 0xff, 0xff, 0xe9, 0x30,
    0x0, 0x0, 0x0, 0x5d, 0xff, 0xff, 0xff, 0xe9,
    0x30, 0x0, 0x0, 0x3, 0x9e, 0xff, 0xff, 0xff,
    0xe8, 0x30, 0x0, 0x0, 0x4, 0xaf, 0xff, 0xff,
    0xff, 0xa0, 0x0, 0x0, 0x0, 0x6, 0xcf, 0xff,
    0xfb, 0x0, 0x0, 0x0, 0x0, 0x0, 0x17, 0xdf,
    0xb0, 0x0, 0x0, 0x0, 0x0, 0x0, 0x0, 0x35,

    /* U+003D "=" */
    0x9f, 0xff, 0xff, 0xff, 0xff, 0xff, 0xff, 0xa9,
    0xff, 0xff, 0xff, 0xff, 0xff, 0xff, 0xfa, 0x9f,
    0xff, 0xff, 0xff, 0xff, 0xff, 0xff, 0xa1, 0x22,
    0x22, 0x22, 0x22, 0x22, 0x22, 0x21, 0x0, 0x0,
    0x0, 0x0, 0x0, 0x0, 0x0, 0x1, 0x22, 0x22,
    0x22, 0x22, 0x22, 0x22, 0x21, 0x9f, 0xff, 0xff,
    0xff, 0xff, 0xff, 0xff, 0xa9, 0xff, 0xff, 0xff,
    0xff, 0xff, 0xff, 0xfa, 0x9f, 0xff, 0xff, 0xff,
    0xff, 0xff, 0xff, 0xa0,

    /* U+003E ">" */
    0x0, 0x0, 0x0, 0x0, 0x0, 0x0, 0x0, 0x9,
    0xb5, 0x0, 0x0, 0x0, 0x0, 0x0, 0x0, 0x9f,
    0xff, 0x94, 0x0, 0x0, 0x0, 0x0, 0x9, 0xff,
    0xff, 0xfe, 0x82, 0x0, 0x0, 0x0, 0x4b, 0xff,
    0xff, 0xff, 0xfc, 0x71, 0x0, 0x0, 0x1, 0x6b,
    0xff, 0xff, 0xff, 0xfb, 0x50, 0x0, 0x0, 0x1,
    0x6b, 0xff, 0xff, 0xff, 0xa0, 0x0, 0x0, 0x0,
    0x1, 0x6c, 0xff, 0xfb, 0x0, 0x0, 0x0, 0x0,
    0x0, 0x3d, 0xff, 0xb0, 0x0, 0x0, 0x0, 0x38,
    0xdf, 0xff, 0xfb, 0x0, 0x0, 0x38, 0xdf, 0xff,
    0xff, 0xfd, 0x60, 0x28, 0xdf, 0xff, 0xff, 0xfe,
    0x93, 0x0, 0x8f, 0xff, 0xff, 0xff, 0xb5, 0x0,
    0x0, 0x9, 0xff, 0xff, 0xc6, 0x10, 0x0, 0x0,
    0x0, 0x9f, 0xd8, 0x20, 0x0, 0x0, 0x0, 0x0,
    0x5, 0x30, 0x0, 0x0, 0x0, 0x0, 0x0, 0x0,

    /* U+003F "?" */
    0x0, 0x0, 0x27, 0xce, 0xff, 0xdb, 0x61, 0x0,
    0x0, 0x0, 0x19, 0xff, 0xff, 0xff, 0xff, 0xfe,
    0x60, 0x0, 0x1, 0xdf, 0xff, 0xff, 0xff, 0xff,
    0xff, 0xf9, 0x0, 0xc, 0xff, 0xfe, 0x83, 0x22,
    0x49, 0xff, 0xff, 0x60, 0x4f, 0xff, 0xc1, 0x0,
    0x0, 0x0, 0x3f, 0xff, 0xe0, 0x8f, 0xff, 0x30,
    0x0, 0x0, 0x0, 0x9, 0xff, 0xf1, 0xaf, 0xff,
    0x0, 0x0, 0x0, 0x0, 0x7, 0xff, 0xf2, 0x8c,
    0xca, 0x0, 0x0, 0x0, 0x0, 0x9, 0xff, 0xf0,
    0x0, 0x0, 0x0, 0x0, 0x0, 0x0, 0x3f, 0xff,
    0xc0, 0x0, 0x0, 0x0, 0x0, 0x0, 0x7, 0xff,
    0xff, 0x40, 0x0, 0x0, 0x0, 0x0, 0x18, 0xef,
    0xff, 0xf6, 0x0, 0x0, 0x0, 0x0, 0x4, 0xff,
    0xff, 0xfc, 0x30, 0x0, 0x0, 0x0, 0x0, 0xf,
    0xff, 0xfb, 0x40, 0x0, 0x0, 0x0, 0x0, 0x0,
    0x5f, 0xff, 0x80, 0x0, 0x0, 0x0, 0x0, 0x0,
    0x0, 0x6f, 0xff, 0x40, 0x0, 0x0, 0x0, 0x0,
    0x0, 0x0, 0x4b, 0xbb, 0x20, 0x0, 0x0, 0x0,
    0x0, 0x0, 0x0, 0x0, 0x0, 0x0, 0x0, 0x0,
    0x0, 0x0, 0x0, 0x0, 0x3, 0x64, 0x0, 0x0,
    0x0, 0x0, 0x0, 0x0, 0x0, 0x9f, 0xff, 0x90,
    0x0, 0x0, 0x0, 0x0, 0x0, 0x1, 0xff, 0xff,
    0xf2, 0x0, 0x0, 0x0, 0x0, 0x0, 0x3, 0xff,
    0xff, 0xf3, 0x0, 0x0, 0x0, 0x0, 0x0, 0x0,
    0xef, 0xff, 0xe0, 0x0, 0x0, 0x0, 0x0, 0x0,
    0x0, 0x3c, 0xfc, 0x30, 0x0, 0x0, 0x0,

    /* U+0040 "@" */
    0x0, 0x0, 0x0, 0x0, 0x1, 0x59, 0xce, 0xff,
    0xfe, 0xdb, 0x73, 0x0, 0x0, 0x0, 0x0, 0x0,
    0x0, 0x0, 0x0, 0x3a, 0xff, 0xff, 0xff, 0xff,
    0xff, 0xff, 0xfd, 0x50, 0x0, 0x0, 0x0, 0x0,
    0x0, 0x1, 0xaf, 0xff, 0xff, 0xff, 0xff, 0xff,
    0xff, 0xff, 0xff, 0xc2, 0x0, 0x0, 0x0, 0x0,
    0x2, 0xdf, 0xff, 0xff, 0xa6, 0x42, 0x22, 0x35,
    0x7c, 0xff, 0xff, 0xf4, 0x0, 0x0, 0x0, 0x2,
    0xef, 0xff, 0xe6, 0x0, 0x0, 0x0, 0x0, 0x0,
    0x2, 0xaf, 0xff, 0xf3, 0x0, 0x0, 0x0, 0xdf,
    0xff, 0xb0, 0x0, 0x0, 0x0, 0x0, 0x0, 0x0,
    0x0, 0x5f, 0xff, 0xe1, 0x0, 0x0, 0x8f, 0xff,
    0xa0, 0x0, 0x4, 0xbe, 0xfe, 0xb3, 0x6, 0xff,
    0xf0, 0x5f, 0xff, 0xa0, 0x0, 0x1f, 0xff, 0xd0,
    0x0, 0x8, 0xff, 0xff, 0xff, 0xf5, 0x6f, 0xff,
    0x0, 0xaf, 0xff, 0x20, 0x8, 0xff, 0xf3, 0x0,
    0x8, 0xff, 0xff, 0xff, 0xff, 0xfc, 0xff, 0xf0,
    0x1, 0xff, 0xf8, 0x0, 0xdf, 0xfc, 0x0, 0x2,
    0xff, 0xff, 0x71, 0x2, 0x9f, 0xff, 0xff, 0x0,
    0xb, 0xff, 0xd0, 0x1f, 0xff, 0x70, 0x0, 0xaf,
    0xff, 0x40, 0x0, 0x0, 0x8f, 0xff, 0xf0, 0x0,
    0x6f, 0xff, 0x14, 0xff, 0xf3, 0x0, 0xe, 0xff,
    0xa0, 0x0, 0x0, 0x0, 0xef, 0xff, 0x0, 0x3,
    0xff, 0xf3, 0x6f, 0xff, 0x0, 0x2, 0xff, 0xf5,
    0x0, 0x0, 0x0, 0x9, 0xff, 0xf0, 0x0, 0x1f,
    0xff, 0x57, 0xff, 0xe0, 0x0, 0x3f, 0xff, 0x30,
    0x0, 0x0, 0x0, 0x7f, 0xff, 0x0, 0x1, 0xff,
    0xf5, 0x8f, 0xfe, 0x0, 0x4, 0xff, 0xf2, 0x0,
    0x0, 0x0, 0x6, 0xff, 0xf0, 0x0, 0x1f, 0xff,
    0x68, 0xff, 0xe0, 0x0, 0x3f, 0xff, 0x30, 0x0,
    0x0, 0x0, 0x7f, 0xff, 0x0, 0x1, 0xff, 0xf5,
    0x7f, 0xff, 0x0, 0x2, 0xff, 0xf5, 0x0, 0x0,
    0x0, 0x9, 0xff, 0xf0, 0x0, 0x2f, 0xff, 0x46,
    0xff, 0xf0, 0x0, 0xe, 0xff, 0xa0, 0x0, 0x0,
    0x0, 0xef, 0xff, 0x0, 0x4, 0xff, 0xf3, 0x4f,
    0xff, 0x30, 0x0, 0x9f, 0xff, 0x40, 0x0, 0x0,
    0x8f, 0xff, 0xf0, 0x0, 0x9f, 0xff, 0x1, 0xff,
    0xf7, 0x0, 0x2, 0xff, 0xff, 0x71, 0x3, 0xaf,
    0xff, 0xff, 0x31, 0x6f, 0xff, 0xa0, 0xc, 0xff,
    0xd0, 0x0, 0x7, 0xff, 0xff, 0xff, 0xff, 0xf6,
    0xff, 0xff, 0xff, 0xff, 0xf3, 0x0, 0x7f, 0xff,
    0x50, 0x0, 0x7, 0xff, 0xff, 0xff, 0xf7, 0xe,
    0xff, 0xff, 0xff, 0xf6, 0x0, 0x0, 0xff, 0xfe,
    0x10, 0x0, 0x3, 0xae, 0xff, 0xb5, 0x0, 0x3c,
    0xff, 0xfe, 0xa3, 0x0, 0x0, 0x7, 0xff, 0xfc,
    0x0, 0x0, 0x0, 0x0, 0x0, 0x0, 0x0, 0x0,
    0x0, 0x0, 0x0, 0x0, 0x0, 0xc, 0xff, 0xfc,
    0x20, 0x0, 0x0, 0x0, 0x0, 0x0, 0x0, 0x0,
    0x0, 0x0, 0x0, 0x0, 0x0, 0x1d, 0xff, 0xff,
    0x81, 0x0, 0x0, 0x0, 0x0, 0x0, 0x0, 0x0,
    0x0, 0x0, 0x0, 0x0, 0x0, 0x1c, 0xff, 0xff,
    0xfb, 0x75, 0x32, 0x11, 0x11, 0x11, 0x10, 0x0,
    0x0, 0x0, 0x0, 0x0, 0x0, 0x8, 0xff, 0xff,
    0xff, 0xff, 0xff, 0xff, 0xff, 0xff, 0x0, 0x0,
    0x0, 0x0, 0x0, 0x0, 0x0, 0x2, 0x9f, 0xff,
    0xff, 0xff, 0xff, 0xff, 0xff, 0xf0, 0x0, 0x0,
    0x0, 0x0, 0x0, 0x0, 0x0, 0x0, 0x4, 0x8b,
    0xde, 0xff, 0xff, 0xff, 0xff, 0x0, 0x0, 0x0,
    0x0,

    /* U+0041 "A" */
    0x0, 0x0, 0x0, 0xa, 0xff, 0xff, 0xff, 0x10,
    0x0, 0x0, 0x0, 0x0, 0x0, 0x0, 0xef, 0xff,
    0xff, 0xf6, 0x0, 0x0, 0x0, 0x0, 0x0, 0x0,
    0x3f, 0xff, 0x8e, 0xff, 0xb0, 0x0, 0x0, 0x0,
    0x0, 0x0, 0x8, 0xff, 0xf1, 0x9f, 0xff, 0x0,
    0x0, 0x0, 0x0, 0x0, 0x0, 0xdf, 0xfc, 0x5,
    0xff, 0xf4, 0x0, 0x0, 0x0, 0x0, 0x0, 0x1f,
    0xff, 0x80, 0xf, 0xff, 0x90, 0x0, 0x0, 0x0,
    0x0, 0x6, 0xff, 0xf3, 0x0, 0xbf, 0xfe, 0x0,
    0x0, 0x0, 0x0, 0x0, 0xbf, 0xfe, 0x0, 0x6,
    0xff, 0xf2, 0x0, 0x0, 0x0, 0x0, 0xf, 0xff,
    0x90, 0x0, 0x2f, 0xff, 0x70, 0x0, 0x0, 0x0,
    0x4, 0xff, 0xf5, 0x0, 0x0, 0xdf, 0xfc, 0x0,
    0x0, 0x0, 0x0, 0x9f, 0xff, 0x0, 0x0, 0x8,
    0xff, 0xf1, 0x0, 0x0, 0x0, 0xe, 0xff, 0xb0,
    0x0, 0x0, 0x4f, 0xff, 0x50, 0x0, 0x0, 0x2,
    0xff, 0xf7, 0x0, 0x0, 0x0, 0xff, 0xfa, 0x0,
    0x0, 0x0, 0x7f, 0xff, 0x20, 0x0, 0x0, 0xa,
    0xff, 0xe0, 0x0, 0x0, 0xc, 0xff, 0xff, 0xff,
    0xff, 0xff, 0xff, 0xff, 0x30, 0x0, 0x1, 0xff,
    0xff, 0xff, 0xff, 0xff, 0xff, 0xff, 0xf8, 0x0,
    0x0, 0x5f, 0xff, 0xff, 0xff, 0xff, 0xff, 0xff,
    0xff, 0xd0, 0x0, 0xa, 0xff, 0xf6, 0x55, 0x55,
    0x55, 0x55, 0xaf, 0xff, 0x10, 0x0, 0xef, 0xfc,
    0x0, 0x0, 0x0, 0x0, 0x4, 0xff, 0xf6, 0x0,
    0x4f, 0xff, 0x70, 0x0, 0x0, 0x0, 0x0, 0xf,
    0xff, 0xb0, 0x8, 0xff, 0xf3, 0x0, 0x0, 0x0,
    0x0, 0x0, 0xbf, 0xff, 0x0, 0xdf, 0xfe, 0x0,
    0x0, 0x0, 0x0, 0x0, 0x7, 0xff, 0xf4, 0x2f,
    0xff, 0xa0, 0x0, 0x0, 0x0, 0x0, 0x0, 0x2f,
    0xff, 0x90,

    /* U+0042 "B" */
    0x6f, 0xff, 0xff, 0xff, 0xff, 0xff, 0xfe, 0xd9,
    0x30, 0x0, 0x6f, 0xff, 0xff, 0xff, 0xff, 0xff,
    0xff, 0xff, 0xfa, 0x0, 0x6f, 0xff, 0xff, 0xff,
    0xff, 0xff, 0xff, 0xff, 0xff, 0xb0, 0x13, 0x36,
    0xff, 0xf9, 0x33, 0x33, 0x46, 0xbf, 0xff, 0xf4,
    0x0, 0x3, 0xff, 0xf8, 0x0, 0x0, 0x0, 0x7,
    0xff, 0xfa, 0x0, 0x3, 0xff, 0xf8, 0x0, 0x0,
    0x0, 0x0, 0xff, 0xfc, 0x0, 0x3, 0xff, 0xf8,
    0x0, 0x0, 0x0, 0x0, 0xdf, 0xfc, 0x0, 0x3,
    0xff, 0xf8, 0x0, 0x0, 0x0, 0x0, 0xff, 0xf9,
    0x0, 0x3, 0xff, 0xf8, 0x0, 0x0, 0x0, 0x9,
    0xff, 0xf3, 0x0, 0x3, 0xff, 0xfa, 0x55, 0x55,
    0x57, 0xdf, 0xff, 0x70, 0x0, 0x3, 0xff, 0xff,
    0xff, 0xff, 0xff, 0xff, 0xc4, 0x0, 0x0, 0x3,
    0xff, 0xff, 0xff, 0xff, 0xff, 0xff, 0x50, 0x0,
    0x0, 0x3, 0xff, 0xff, 0xff, 0xff, 0xff, 0xff,
    0xfd, 0x20, 0x0, 0x3, 0xff, 0xf8, 0x0, 0x0,
    0x2, 0x8f, 0xff, 0xe1, 0x0, 0x3, 0xff, 0xf8,
    0x0, 0x0, 0x0, 0x4, 0xff, 0xf8, 0x0, 0x3,
    0xff, 0xf8, 0x0, 0x0, 0x0, 0x0, 0xdf, 0xfc,
    0x0, 0x3, 0xff, 0xf8, 0x0, 0x0, 0x0, 0x0,
    0xcf, 0xfe, 0x0, 0x3, 0xff, 0xf8, 0x0, 0x0,
    0x0, 0x0, 0xef, 0xfd, 0x0, 0x3, 0xff, 0xf8,
    0x0, 0x0, 0x0, 0x7, 0xff, 0xfa, 0x13, 0x36,
    0xff, 0xf9, 0x33, 0x33, 0x46, 0xbf, 0xff, 0xf4,
    0x6f, 0xff, 0xff, 0xff, 0xff, 0xff, 0xff, 0xff,
    0xff, 0xb0, 0x6f, 0xff, 0xff, 0xff, 0xff, 0xff,
    0xff, 0xff, 0xfa, 0x0, 0x6f, 0xff, 0xff, 0xff,
    0xff, 0xff, 0xfe, 0xd9, 0x30, 0x0,

    /* U+0043 "C" */
    0x0, 0x0, 0x1, 0x6a, 0xdf, 0xfe, 0xc9, 0x40,
    0x0, 0x0, 0x0, 0x0, 0x7f, 0xff, 0xff, 0xff,
    0xff, 0xfc, 0x20, 0x0, 0x0, 0xb, 0xff, 0xff,
    0xff, 0xff, 0xff, 0xff, 0xe2, 0x0, 0x0, 0x9f,
    0xff, 0xfd, 0x75, 0x45, 0x9f, 0xff, 0xfd, 0x0,
    0x2, 0xff, 0xff, 0x70, 0x0, 0x0, 0x1, 0xcf,
    0xff, 0x70, 0x9, 0xff, 0xf8, 0x0, 0x0, 0x0,
    0x0, 0x1f, 0xff, 0xd0, 0xd, 0xff, 0xe0, 0x0,
    0x0, 0x0, 0x0, 0x9, 0xff, 0xf1, 0xf, 0xff,
    0xb0, 0x0, 0x0, 0x0, 0x0, 0x6, 0xff, 0xf3,
    0x1f, 0xff, 0x90, 0x0, 0x0, 0x0, 0x0, 0x2,
    0x66, 0x61, 0x2f, 0xff, 0x80, 0x0, 0x0, 0x0,
    0x0, 0x0, 0x0, 0x0, 0x2f, 0xff, 0x80, 0x0,
    0x0, 0x0, 0x0, 0x0, 0x0, 0x0, 0x2f, 0xff,
    0x80, 0x0, 0x0, 0x0, 0x0, 0x0, 0x0, 0x0,
    0x2f, 0xff, 0x80, 0x0, 0x0, 0x0, 0x0, 0x0,
    0x0, 0x0, 0x2f, 0xff, 0x80, 0x0, 0x0, 0x0,
    0x0, 0x0, 0x0, 0x0, 0x1f, 0xff, 0x90, 0x0,
    0x0, 0x0, 0x0, 0x4, 0xcc, 0xc3, 0xf, 0xff,
    0xb0, 0x0, 0x0, 0x0, 0x0, 0x6, 0xff, 0xf3,
    0xd, 0xff, 0xe0, 0x0, 0x0, 0x0, 0x0, 0xa,
    0xff, 0xf1, 0x9, 0xff, 0xf7, 0x0, 0x0, 0x0,
    0x0, 0x1f, 0xff, 0xd0, 0x3, 0xff, 0xff, 0x60,
    0x0, 0x0, 0x1, 0xcf, 0xff, 0x70, 0x0, 0x9f,
    0xff, 0xfd, 0x74, 0x45, 0x9f, 0xff, 0xfe, 0x0,
    0x0, 0xb, 0xff, 0xff, 0xff, 0xff, 0xff, 0xff,
    0xf3, 0x0, 0x0, 0x0, 0x7f, 0xff, 0xff, 0xff,
    0xff, 0xfc, 0x20, 0x0, 0x0, 0x0, 0x1, 0x6a,
    0xdf, 0xfe, 0xd9, 0x40, 0x0, 0x0,

    /* U+0044 "D" */
    0x6f, 0xff, 0xff, 0xff, 0xff, 0xfe, 0xc9, 0x50,
    0x0, 0x0, 0x6f, 0xff, 0xff, 0xff, 0xff, 0xff,
    0xff, 0xfe, 0x50, 0x0, 0x6f, 0xff, 0xff, 0xff,
    0xff, 0xff, 0xff, 0xff, 0xf8, 0x0, 0x13, 0x36,
    0xff, 0xf9, 0x33, 0x35, 0x8d, 0xff, 0xff, 0x50,
    0x0, 0x3, 0xff, 0xf8, 0x0, 0x0, 0x0, 0x8f,
    0xff, 0xe0, 0x0, 0x3, 0xff, 0xf8, 0x0, 0x0,
    0x0, 0xa, 0xff, 0xf5, 0x0, 0x3, 0xff, 0xf8,
    0x0, 0x0, 0x0, 0x3, 0xff, 0xf9, 0x0, 0x3,
    0xff, 0xf8, 0x0, 0x0, 0x0, 0x0, 0xef, 0xfc,
    0x0, 0x3, 0xff, 0xf8, 0x0, 0x0, 0x0, 0x0,
    0xdf, 0xfd, 0x0, 0x3, 0xff, 0xf8, 0x0, 0x0,
    0x0, 0x0, 0xcf, 0xfe, 0x0, 0x3, 0xff, 0xf8,
    0x0, 0x0, 0x0, 0x0, 0xcf, 0xff, 0x0, 0x3,
    0xff, 0xf8, 0x0, 0x0, 0x0, 0x0, 0xcf, 0xff,
    0x0, 0x3, 0xff, 0xf8, 0x0, 0x0, 0x0, 0x0,
    0xcf, 0xff, 0x0, 0x3, 0xff, 0xf8, 0x0, 0x0,
    0x0, 0x0, 0xcf, 0xfe, 0x0, 0x3, 0xff, 0xf8,
    0x0, 0x0, 0x0, 0x0, 0xdf, 0xfd, 0x0, 0x3,
    0xff, 0xf8, 0x0, 0x0, 0x0, 0x0, 0xef, 0xfc,
    0x0, 0x3, 0xff, 0xf8, 0x0, 0x0, 0x0, 0x3,
    0xff, 0xf9, 0x0, 0x3, 0xff, 0xf8, 0x0, 0x0,
    0x0, 0xb, 0xff, 0xf5, 0x0, 0x3, 0xff, 0xf8,
    0x0, 0x0, 0x0, 0x9f, 0xff, 0xe0, 0x13, 0x36,
    0xff, 0xf9, 0x33, 0x35, 0x8e, 0xff, 0xff, 0x60,
    0x6f, 0xff, 0xff, 0xff, 0xff, 0xff, 0xff, 0xff,
    0xf8, 0x0, 0x6f, 0xff, 0xff, 0xff, 0xff, 0xff,
    0xff, 0xfe, 0x50, 0x0, 0x6f, 0xff, 0xff, 0xff,
    0xff, 0xfe, 0xd9, 0x50, 0x0, 0x0,

    /* U+0045 "E" */
    0x8f, 0xff, 0xff, 0xff, 0xff, 0xff, 0xff, 0xf7,
    0x8f, 0xff, 0xff, 0xff, 0xff, 0xff, 0xff, 0xf7,
    0x8f, 0xff, 0xff, 0xff, 0xff, 0xff, 0xff, 0xf7,
    0x8f, 0xff, 0x64, 0x44, 0x44, 0x44, 0x44, 0x42,
    0x8f, 0xff, 0x20, 0x0, 0x0, 0x0, 0x0, 0x0,
    0x8f, 0xff, 0x20, 0x0, 0x0, 0x0, 0x0, 0x0,
    0x8f, 0xff, 0x20, 0x0, 0x0, 0x0, 0x0, 0x0,
    0x8f, 0xff, 0x20, 0x0, 0x0, 0x0, 0x0, 0x0,
    0x8f, 0xff, 0x20, 0x0, 0x0, 0x0, 0x0, 0x0,
    0x8f, 0xff, 0x64, 0x44, 0x44, 0x44, 0x44, 0x20,
    0x8f, 0xff, 0xff, 0xff, 0xff, 0xff, 0xff, 0x80,
    0x8f, 0xff, 0xff, 0xff, 0xff, 0xff, 0xff, 0x80,
    0x8f, 0xff, 0xff, 0xff, 0xff, 0xff, 0xff, 0x80,
    0x8f, 0xff, 0x20, 0x0, 0x0, 0x0, 0x0, 0x0,
    0x8f, 0xff, 0x20, 0x0, 0x0, 0x0, 0x0, 0x0,
    0x8f, 0xff, 0x20, 0x0, 0x0, 0x0, 0x0, 0x0,
    0x8f, 0xff, 0x20, 0x0, 0x0, 0x0, 0x0, 0x0,
    0x8f, 0xff, 0x20, 0x0, 0x0, 0x0, 0x0, 0x0,
    0x8f, 0xff, 0x20, 0x0, 0x0, 0x0, 0x0, 0x0,
    0x8f, 0xff, 0x64, 0x44, 0x44, 0x44, 0x44, 0x42,
    0x8f, 0xff, 0xff, 0xff, 0xff, 0xff, 0xff, 0xfa,
    0x8f, 0xff, 0xff, 0xff, 0xff, 0xff, 0xff, 0xfa,
    0x8f, 0xff, 0xff, 0xff, 0xff, 0xff, 0xff, 0xfa,

    /* U+0046 "F" */
    0x8f, 0xff, 0xff, 0xff, 0xff, 0xff, 0xff, 0xf2,
    0x8f, 0xff, 0xff, 0xff, 0xff, 0xff, 0xff, 0xf2,
    0x8f, 0xff, 0xff, 0xff, 0xff, 0xff, 0xff, 0xf2,
    0x8f, 0xff, 0x64, 0x44, 0x44, 0x44, 0x44, 0x40,
    0x8f, 0xff, 0x20, 0x0, 0x0, 0x0, 0x0, 0x0,
    0x8f, 0xff, 0x20, 0x0, 0x0, 0x0, 0x0, 0x0,
    0x8f, 0xff, 0x20, 0x0, 0x0, 0x0, 0x0, 0x0,
    0x8f, 0xff, 0x20, 0x0, 0x0, 0x0, 0x0, 0x0,
    0x8f, 0xff, 0x20, 0x0, 0x0, 0x0, 0x0, 0x0,
    0x8f, 0xff, 0x64, 0x44, 0x44, 0x44, 0x44, 0x10,
    0x8f, 0xff, 0xff, 0xff, 0xff, 0xff, 0xff, 0x40,
    0x8f, 0xff, 0xff, 0xff, 0xff, 0xff, 0xff, 0x40,
    0x8f, 0xff, 0xff, 0xff, 0xff, 0xff, 0xff, 0x40,
    0x8f, 0xff, 0x20, 0x0, 0x0, 0x0, 0x0, 0x0,
    0x8f, 0xff, 0x20, 0x0, 0x0, 0x0, 0x0, 0x0,
    0x8f, 0xff, 0x20, 0x0, 0x0, 0x0, 0x0, 0x0,
    0x8f, 0xff, 0x20, 0x0, 0x0, 0x0, 0x0, 0x0,
    0x8f, 0xff, 0x20, 0x0, 0x0, 0x0, 0x0, 0x0,
    0x8f, 0xff, 0x20, 0x0, 0x0, 0x0, 0x0, 0x0,
    0x8f, 0xff, 0x20, 0x0, 0x0, 0x0, 0x0, 0x0,
    0x8f, 0xff, 0x20, 0x0, 0x0, 0x0, 0x0, 0x0,
    0x8f, 0xff, 0x20, 0x0, 0x0, 0x0, 0x0, 0x0,
    0x8f, 0xff, 0x20, 0x0, 0x0, 0x0, 0x0, 0x0,

    /* U+0047 "G" */
    0x0, 0x0, 0x1, 0x6a, 0xdf, 0xfe, 0xd9, 0x40,
    0x0, 0x0, 0x0, 0x0, 0x7f, 0xff, 0xff, 0xff,
    0xff, 0xfd, 0x30, 0x0, 0x0, 0xb, 0xff, 0xff,
    0xff, 0xff, 0xff, 0xff, 0xf4, 0x0, 0x0, 0x9f,
    0xff, 0xfd, 0x75, 0x45, 0x9e, 0xff, 0xff, 0x10,
    0x2, 0xff, 0xff, 0x70, 0x0, 0x0, 0x1, 0xbf,
    0xff, 0x90, 0x9, 0xff, 0xf8, 0x0, 0x0, 0x0,
    0x0, 0xe, 0xff, 0xe0, 0xd, 0xff, 0xe0, 0x0,
    0x0, 0x0, 0x0, 0x8, 0xff, 0xf2, 0xf, 0xff,
    0xb0, 0x0, 0x0, 0x0, 0x0, 0x4, 0xbb, 0xb2,
    0x1f, 0xff, 0x90, 0x0, 0x0, 0x0, 0x0, 0x0,
    0x0, 0x0, 0x2f, 0xff, 0x80, 0x0, 0x0, 0x0,
    0x0, 0x0, 0x0, 0x0, 0x2f, 0xff, 0x80, 0x0,
    0x1, 0x22, 0x22, 0x22, 0x22, 0x20, 0x2f, 0xff,
    0x80, 0x0, 0xc, 0xff, 0xff, 0xff, 0xff, 0xf3,
    0x2f, 0xff, 0x80, 0x0, 0xc, 0xff, 0xff, 0xff,
    0xff, 0xf3, 0x2f, 0xff, 0x80, 0x0, 0xc, 0xff,
    0xff, 0xff, 0xff, 0xf3, 0x1f, 0xff, 0x90, 0x0,
    0x0, 0x0, 0x0, 0x6, 0xff, 0xf3, 0xf, 0xff,
    0xb0, 0x0, 0x0, 0x0, 0x0, 0x7, 0xff, 0xf3,
    0xe, 0xff, 0xe0, 0x0, 0x0, 0x0, 0x0, 0xb,
    0xff, 0xf3, 0x9, 0xff, 0xf7, 0x0, 0x0, 0x0,
    0x0, 0x2f, 0xff, 0xf3, 0x3, 0xff, 0xff, 0x60,
    0x0, 0x0, 0x1, 0xdf, 0xff, 0xf3, 0x0, 0x8f,
    0xff, 0xfc, 0x74, 0x34, 0x8e, 0xff, 0xff, 0xf3,
    0x0, 0xb, 0xff, 0xff, 0xff, 0xff, 0xff, 0xf6,
    0xff, 0xf3, 0x0, 0x0, 0x7f, 0xff, 0xff, 0xff,
    0xff, 0x52, 0xff, 0xf3, 0x0, 0x0, 0x2, 0x8c,
    0xef, 0xfd, 0x92, 0x2, 0xff, 0xf3,

    /* U+0048 "H" */
    0x8f, 0xff, 0x20, 0x0, 0x0, 0x0, 0x0, 0xdf,
    0xfd, 0x8f, 0xff, 0x20, 0x0, 0x0, 0x0, 0x0,
    0xdf, 0xfd, 0x8f, 0xff, 0x20, 0x0, 0x0, 0x0,
    0x0, 0xdf, 0xfd, 0x8f, 0xff, 0x20, 0x0, 0x0,
    0x0, 0x0, 0xdf, 0xfd, 0x8f, 0xff, 0x20, 0x0,
    0x0, 0x0, 0x0, 0xdf, 0xfd, 0x8f, 0xff, 0x20,
    0x0, 0x0, 0x0, 0x0, 0xdf, 0xfd, 0x8f, 0xff,
    0x20, 0x0, 0x0, 0x0, 0x0, 0xdf, 0xfd, 0x8f,
    0xff, 0x20, 0x0, 0x0, 0x0, 0x0, 0xdf, 0xfd,
    0x8f, 0xff, 0x20, 0x0, 0x0, 0x0, 0x0, 0xdf,
    0xfd, 0x8f, 0xff, 0x64, 0x44, 0x44, 0x44, 0x44,
    0xef, 0xfd, 0x8f, 0xff, 0xff, 0xff, 0xff, 0xff,
    0xff, 0xff, 0xfd, 0x8f, 0xff, 0xff, 0xff, 0xff,
    0xff, 0xff, 0xff, 0xfd, 0x8f, 0xff, 0xff, 0xff,
    0xff, 0xff, 0xff, 0xff, 0xfd, 0x8f, 0xff, 0x20,
    0x0, 0x0, 0x0, 0x0, 0xdf, 0xfd, 0x8f, 0xff,
    0x20, 0x0, 0x0, 0x0, 0x0, 0xdf, 0xfd, 0x8f,
    0xff, 0x20, 0x0, 0x0, 0x0, 0x0, 0xdf, 0xfd,
    0x8f, 0xff, 0x20, 0x0, 0x0, 0x0, 0x0, 0xdf,
    0xfd, 0x8f, 0xff, 0x20, 0x0, 0x0, 0x0, 0x0,
    0xdf, 0xfd, 0x8f, 0xff, 0x20, 0x0, 0x0, 0x0,
    0x0, 0xdf, 0xfd, 0x8f, 0xff, 0x20, 0x0, 0x0,
    0x0, 0x0, 0xdf, 0xfd, 0x8f, 0xff, 0x20, 0x0,
    0x0, 0x0, 0x0, 0xdf, 0xfd, 0x8f, 0xff, 0x20,
    0x0, 0x0, 0x0, 0x0, 0xdf, 0xfd, 0x8f, 0xff,
    0x20, 0x0, 0x0, 0x0, 0x0, 0xdf, 0xfd,

    /* U+0049 "I" */
    0x8f, 0xff, 0x28, 0xff, 0xf2, 0x8f, 0xff, 0x28,
    0xff, 0xf2, 0x8f, 0xff, 0x28, 0xff, 0xf2, 0x8f,
    0xff, 0x28, 0xff, 0xf2, 0x8f, 0xff, 0x28, 0xff,
    0xf2, 0x8f, 0xff, 0x28, 0xff, 0xf2, 0x8f, 0xff,
    0x28, 0xff, 0xf2, 0x8f, 0xff, 0x28, 0xff, 0xf2,
    0x8f, 0xff, 0x28, 0xff, 0xf2, 0x8f, 0xff, 0x28,
    0xff, 0xf2, 0x8f, 0xff, 0x28, 0xff, 0xf2, 0x8f,
    0xff, 0x20,

    /* U+004A "J" */
    0x0, 0x0, 0x0, 0x7, 0xff, 0xff, 0xff, 0xff,
    0xff, 0x0, 0x0, 0x0, 0x7, 0xff, 0xff, 0xff,
    0xff, 0xff, 0x0, 0x0, 0x0, 0x7, 0xff, 0xff,
    0xff, 0xff, 0xff, 0x0, 0x0, 0x0, 0x2, 0x44,
    0x48, 0xff, 0xf8, 0x44, 0x0, 0x0, 0x0, 0x0,
    0x0, 0x5, 0xff, 0xf5, 0x0, 0x0, 0x0, 0x0,
    0x0, 0x0, 0x5, 0xff, 0xf5, 0x0, 0x0, 0x0,
    0x0, 0x0, 0x0, 0x5, 0xff, 0xf5, 0x0, 0x0,
    0x0, 0x0, 0x0, 0x0, 0x5, 0xff, 0xf5, 0x0,
    0x0, 0x0, 0x0, 0x0, 0x0, 0x5, 0xff, 0xf5,
    0x0, 0x0, 0x0, 0x0, 0x0, 0x0, 0x5, 0xff,
    0xf5, 0x0, 0x0, 0x0, 0x0, 0x0, 0x0, 0x5,
    0xff, 0xf5, 0x0, 0x0, 0x0, 0x0, 0x0, 0x0,
    0x5, 0xff, 0xf5, 0x0, 0x0, 0x0, 0x0, 0x0,
    0x0, 0x5, 0xff, 0xf5, 0x0, 0x23, 0x32, 0x0,
    0x0, 0x0, 0x5, 0xff, 0xf5, 0x0, 0xcf, 0xfe,
    0x0, 0x0, 0x0, 0x5, 0xff, 0xf5, 0x0, 0xcf,
    0xfe, 0x0, 0x0, 0x0, 0x5, 0xff, 0xf5, 0x0,
    0xbf, 0xff, 0x0, 0x0, 0x0, 0x6, 0xff, 0xf4,
    0x0, 0x9f, 0xff, 0x40, 0x0, 0x0, 0xa, 0xff,
    0xf3, 0x0, 0x5f, 0xff, 0xd1, 0x0, 0x0, 0x4f,
    0xff, 0xf0, 0x0, 0xd, 0xff, 0xfe, 0x96, 0x6a,
    0xff, 0xff, 0x90, 0x0, 0x3, 0xff, 0xff, 0xff,
    0xff, 0xff, 0xfe, 0x10, 0x0, 0x0, 0x3e, 0xff,
    0xff, 0xff, 0xff, 0xd2, 0x0, 0x0, 0x0, 0x0,
    0x6b, 0xef, 0xfe, 0xb5, 0x0, 0x0, 0x0,

    /* U+004B "K" */
    0x8f, 0xff, 0x20, 0x0, 0x0, 0x0, 0x1d, 0xff,
    0xfc, 0x18, 0xff, 0xf2, 0x0, 0x0, 0x0, 0xc,
    0xff, 0xfd, 0x10, 0x8f, 0xff, 0x20, 0x0, 0x0,
    0xc, 0xff, 0xfd, 0x10, 0x8, 0xff, 0xf2, 0x0,
    0x0, 0xb, 0xff, 0xfd, 0x10, 0x0, 0x8f, 0xff,
    0x20, 0x0, 0xb, 0xff, 0xfd, 0x10, 0x0, 0x8,
    0xff, 0xf2, 0x0, 0xb, 0xff, 0xfe, 0x20, 0x0,
    0x0, 0x8f, 0xff, 0x20, 0xa, 0xff, 0xfe, 0x20,
    0x0, 0x0, 0x8, 0xff, 0xf2, 0x9, 0xff, 0xfe,
    0x20, 0x0, 0x0, 0x0, 0x8f, 0xff, 0x29, 0xff,
    0xfe, 0x20, 0x0, 0x0, 0x0, 0x8, 0xff, 0xfd,
    0xff, 0xfe, 0x30, 0x0, 0x0, 0x0, 0x0, 0x8f,
    0xff, 0xff, 0xff, 0x30, 0x0, 0x0, 0x0, 0x0,
    0x8, 0xff, 0xff, 0xff, 0xe2, 0x0, 0x0, 0x0,
    0x0, 0x0, 0x8f, 0xff, 0xff, 0xff, 0xd1, 0x0,
    0x0, 0x0, 0x0, 0x8, 0xff, 0xf3, 0xcf, 0xff,
    0xd1, 0x0, 0x0, 0x0, 0x0, 0x8f, 0xff, 0x21,
    0xdf, 0xff, 0xc0, 0x0, 0x0, 0x0, 0x8, 0xff,
    0xf2, 0x1, 0xef, 0xff, 0xb0, 0x0, 0x0, 0x0,
    0x8f, 0xff, 0x20, 0x2, 0xef, 0xff, 0xa0, 0x0,
    0x0, 0x8, 0xff, 0xf2, 0x0, 0x3, 0xff, 0xff,
    0x90, 0x0, 0x0, 0x8f, 0xff, 0x20, 0x0, 0x4,
    0xff, 0xff, 0x80, 0x0, 0x8, 0xff, 0xf2, 0x0,
    0x0, 0x6, 0xff, 0xff, 0x70, 0x0, 0x8f, 0xff,
    0x20, 0x0, 0x0, 0x7, 0xff, 0xff, 0x60, 0x8,
    0xff, 0xf2, 0x0, 0x0, 0x0, 0x8, 0xff, 0xff,
    0x50, 0x8f, 0xff, 0x20, 0x0, 0x0, 0x0, 0xa,
    0xff, 0xff, 0x40,

    /* U+004C "L" */
    0x8f, 0xff, 0x20, 0x0, 0x0, 0x0, 0x0, 0x0,
    0x8f, 0xff, 0x20, 0x0, 0x0, 0x0, 0x0, 0x0,
    0x8f, 0xff, 0x20, 0x0, 0x0, 0x0, 0x0, 0x0,
    0x8f, 0xff, 0x20, 0x0, 0x0, 0x0, 0x0, 0x0,
    0x8f, 0xff, 0x20, 0x0, 0x0, 0x0, 0x0, 0x0,
    0x8f, 0xff, 0x20, 0x0, 0x0, 0x0, 0x0, 0x0,
    0x8f, 0xff, 0x20, 0x0, 0x0, 0x0, 0x0, 0x0,
    0x8f, 0xff, 0x20, 0x0, 0x0, 0x0, 0x0, 0x0,
    0x8f, 0xff, 0x20, 0x0, 0x0, 0x0, 0x0, 0x0,
    0x8f, 0xff, 0x20, 0x0, 0x0, 0x0, 0x0, 0x0,
    0x8f, 0xff, 0x20, 0x0, 0x0, 0x0, 0x0, 0x0,
    0x8f, 0xff, 0x20, 0x0, 0x0, 0x0, 0x0, 0x0,
    0x8f, 0xff, 0x20, 0x0, 0x0, 0x0, 0x0, 0x0,
    0x8f, 0xff, 0x20, 0x0, 0x0, 0x0, 0x0, 0x0,
    0x8f, 0xff, 0x20, 0x0, 0x0, 0x0, 0x0, 0x0,
    0x8f, 0xff, 0x20, 0x0, 0x0, 0x0, 0x0, 0x0,
    0x8f, 0xff, 0x20, 0x0, 0x0, 0x0, 0x0, 0x0,
    0x8f, 0xff, 0x20, 0x0, 0x0, 0x0, 0x0, 0x0,
    0x8f, 0xff, 0x20, 0x0, 0x0, 0x0, 0x0, 0x0,
    0x8f, 0xff, 0x64, 0x44, 0x44, 0x44, 0x44, 0x42,
    0x8f, 0xff, 0xff, 0xff, 0xff, 0xff, 0xff, 0xf9,
    0x8f, 0xff, 0xff, 0xff, 0xff, 0xff, 0xff, 0xf9,
    0x8f, 0xff, 0xff, 0xff, 0xff, 0xff, 0xff, 0xf9,

    /* U+004D "M" */
    0x8f, 0xff, 0xff, 0xf8, 0x0, 0x0, 0x0, 0x0,
    0x0, 0xcf, 0xff, 0xff, 0xf3, 0x8f, 0xff, 0xff,
    0xfc, 0x0, 0x0, 0x0, 0x0, 0x1, 0xff, 0xff,
    0xff, 0xf3, 0x8f, 0xff, 0xbf, 0xff, 0x0, 0x0,
    0x0, 0x0, 0x4, 0xff, 0xfb, 0xff, 0xf3, 0x8f,
    0xff, 0x3f, 0xff, 0x40, 0x0, 0x0, 0x0, 0x8,
    0xff, 0xe5, 0xff, 0xf3, 0x8f, 0xff, 0xe, 0xff,
    0x80, 0x0, 0x0, 0x0, 0xc, 0xff, 0xa5, 0xff,
    0xf3, 0x8f, 0xff, 0xa, 0xff, 0xc0, 0x0, 0x0,
    0x0, 0x1f, 0xff, 0x65, 0xff, 0xf3, 0x8f, 0xff,
    0x6, 0xff, 0xf0, 0x0, 0x0, 0x0, 0x5f, 0xff,
    0x15, 0xff, 0xf3, 0x8f, 0xff, 0x2, 0xff, 0xf4,
    0x0, 0x0, 0x0, 0x9f, 0xfd, 0x5, 0xff, 0xf3,
    0x8f, 0xff, 0x0, 0xef, 0xf8, 0x0, 0x0, 0x0,
    0xdf, 0xf9, 0x5, 0xff, 0xf3, 0x8f, 0xff, 0x0,
    0xaf, 0xfc, 0x0, 0x0, 0x1, 0xff, 0xf5, 0x5,
    0xff, 0xf3, 0x8f, 0xff, 0x0, 0x6f, 0xff, 0x0,
    0x0, 0x5, 0xff, 0xf1, 0x5, 0xff, 0xf3, 0x8f,
    0xff, 0x0, 0x2f, 0xff, 0x40, 0x0, 0x9, 0xff,
    0xd0, 0x5, 0xff, 0xf3, 0x8f, 0xff, 0x0, 0xe,
    0xff, 0x80, 0x0, 0xd, 0xff, 0x90, 0x5, 0xff,
    0xf3, 0x8f, 0xff, 0x0, 0xa, 0xff, 0xc0, 0x0,
    0x1f, 0xff, 0x50, 0x5, 0xff, 0xf3, 0x8f, 0xff,
    0x0, 0x6, 0xff, 0xf1, 0x0, 0x5f, 0xff, 0x10,
    0x5, 0xff, 0xf3, 0x8f, 0xff, 0x0, 0x2, 0xff,
    0xf4, 0x0, 0x9f, 0xfd, 0x0, 0x5, 0xff, 0xf3,
    0x8f, 0xff, 0x0, 0x0, 0xef, 0xf8, 0x0, 0xdf,
    0xf9, 0x0, 0x5, 0xff, 0xf3, 0x8f, 0xff, 0x0,
    0x0, 0xaf, 0xfd, 0x1, 0xff, 0xf5, 0x0, 0x5,
    0xff, 0xf3, 0x8f, 0xff, 0x0, 0x0, 0x5f, 0xff,
    0x15, 0xff, 0xf1, 0x0, 0x5, 0xff, 0xf3, 0x8f,
    0xff, 0x0, 0x0, 0x1f, 0xff, 0x59, 0xff, 0xd0,
    0x0, 0x5, 0xff, 0xf3, 0x8f, 0xff, 0x0, 0x0,
    0xd, 0xff, 0xbe, 0xff, 0x90, 0x0, 0x5, 0xff,
    0xf3, 0x8f, 0xff, 0x0, 0x0, 0x9, 0xff, 0xff,
    0xff, 0x50, 0x0, 0x5, 0xff, 0xf3, 0x8f, 0xff,
    0x0, 0x0, 0x5, 0xff, 0xff, 0xff, 0x10, 0x0,
    0x5, 0xff, 0xf3,

    /* U+004E "N" */
    0x8f, 0xff, 0xff, 0xfb, 0x0, 0x0, 0x0, 0x7f,
    0xff, 0x38, 0xff, 0xff, 0xff, 0xf0, 0x0, 0x0,
    0x7, 0xff, 0xf3, 0x8f, 0xff, 0x9f, 0xff, 0x50,
    0x0, 0x0, 0x7f, 0xff, 0x38, 0xff, 0xf2, 0xff,
    0xfa, 0x0, 0x0, 0x7, 0xff, 0xf3, 0x8f, 0xff,
    0x2a, 0xff, 0xf0, 0x0, 0x0, 0x7f, 0xff, 0x38,
    0xff, 0xf2, 0x5f, 0xff, 0x40, 0x0, 0x7, 0xff,
    0xf3, 0x8f, 0xff, 0x21, 0xff, 0xf9, 0x0, 0x0,
    0x7f, 0xff, 0x38, 0xff, 0xf2, 0xb, 0xff, 0xe0,
    0x0, 0x7, 0xff, 0xf3, 0x8f, 0xff, 0x20, 0x6f,
    0xff, 0x30, 0x0, 0x7f, 0xff, 0x38, 0xff, 0xf2,
    0x1, 0xff, 0xf8, 0x0, 0x7, 0xff, 0xf3, 0x8f,
    0xff, 0x20, 0xc, 0xff, 0xd0, 0x0, 0x7f, 0xff,
    0x38, 0xff, 0xf2, 0x0, 0x7f, 0xff, 0x20, 0x7,
    0xff, 0xf3, 0x8f, 0xff, 0x20, 0x2, 0xff, 0xf7,
    0x0, 0x7f, 0xff, 0x38, 0xff, 0xf2, 0x0, 0xd,
    0xff, 0xc0, 0x7, 0xff, 0xf3, 0x8f, 0xff, 0x20,
    0x0, 0x8f, 0xff, 0x10, 0x7f, 0xff, 0x38, 0xff,
    0xf2, 0x0, 0x3, 0xff, 0xf6, 0x7, 0xff, 0xf3,
    0x8f, 0xff, 0x20, 0x0, 0xe, 0xff, 0xb0, 0x7f,
    0xff, 0x38, 0xff, 0xf2, 0x0, 0x0, 0x9f, 0xff,
    0x17, 0xff, 0xf3, 0x8f, 0xff, 0x20, 0x0, 0x4,
    0xff, 0xf5, 0x7f, 0xff, 0x38, 0xff, 0xf2, 0x0,
    0x0, 0xf, 0xff, 0xa7, 0xff, 0xf3, 0x8f, 0xff,
    0x20, 0x0, 0x0, 0xaf, 0xff, 0xaf, 0xff, 0x38,
    0xff, 0xf2, 0x0, 0x0, 0x5, 0xff, 0xff, 0xff,
    0xf3, 0x8f, 0xff, 0x20, 0x0, 0x0, 0xf, 0xff,
    0xff, 0xff, 0x30,

    /* U+004F "O" */
    0x0, 0x0, 0x0, 0x6a, 0xde, 0xfe, 0xd9, 0x50,
    0x0, 0x0, 0x0, 0x0, 0x7, 0xff, 0xff, 0xff,
    0xff, 0xff, 0xe5, 0x0, 0x0, 0x0, 0xa, 0xff,
    0xff, 0xff, 0xff, 0xff, 0xff, 0xf9, 0x0, 0x0,
    0x9, 0xff, 0xff, 0xd8, 0x54, 0x58, 0xef, 0xff,
    0xf7, 0x0, 0x2, 0xff, 0xff, 0x70, 0x0, 0x0,
    0x0, 0x8f, 0xff, 0xf1, 0x0, 0x9f, 0xff, 0x80,
    0x0, 0x0, 0x0, 0x0, 0xaf, 0xff, 0x70, 0xd,
    0xff, 0xe0, 0x0, 0x0, 0x0, 0x0, 0x1, 0xff,
    0xfb, 0x0, 0xff, 0xfb, 0x0, 0x0, 0x0, 0x0,
    0x0, 0xd, 0xff, 0xe0, 0x1f, 0xff, 0x90, 0x0,
    0x0, 0x0, 0x0, 0x0, 0xbf, 0xff, 0x2, 0xff,
    0xf8, 0x0, 0x0, 0x0, 0x0, 0x0, 0xb, 0xff,
    0xf0, 0x2f, 0xff, 0x80, 0x0, 0x0, 0x0, 0x0,
    0x0, 0xbf, 0xff, 0x2, 0xff, 0xf8, 0x0, 0x0,
    0x0, 0x0, 0x0, 0xb, 0xff, 0xf0, 0x2f, 0xff,
    0x80, 0x0, 0x0, 0x0, 0x0, 0x0, 0xbf, 0xff,
    0x2, 0xff, 0xf8, 0x0, 0x0, 0x0, 0x0, 0x0,
    0xb, 0xff, 0xf0, 0x1f, 0xff, 0x90, 0x0, 0x0,
    0x0, 0x0, 0x0, 0xbf, 0xff, 0x0, 0xff, 0xfa,
    0x0, 0x0, 0x0, 0x0, 0x0, 0xd, 0xff, 0xe0,
    0xd, 0xff, 0xe0, 0x0, 0x0, 0x0, 0x0, 0x1,
    0xff, 0xfb, 0x0, 0x9f, 0xff, 0x80, 0x0, 0x0,
    0x0, 0x0, 0x9f, 0xff, 0x70, 0x2, 0xff, 0xff,
    0x70, 0x0, 0x0, 0x0, 0x8f, 0xff, 0xf1, 0x0,
    0x9, 0xff, 0xff, 0xd7, 0x54, 0x58, 0xdf, 0xff,
    0xf7, 0x0, 0x0, 0xb, 0xff, 0xff, 0xff, 0xff,
    0xff, 0xff, 0xf9, 0x0, 0x0, 0x0, 0x7, 0xff,
    0xff, 0xff, 0xff, 0xff, 0xe5, 0x0, 0x0, 0x0,
    0x0, 0x0, 0x6a, 0xdf, 0xfe, 0xda, 0x50, 0x0,
    0x0, 0x0,

    /* U+0050 "P" */
    0x8f, 0xff, 0xff, 0xff, 0xff, 0xfd, 0x94, 0x0,
    0x0, 0x8f, 0xff, 0xff, 0xff, 0xff, 0xff, 0xff,
    0xb1, 0x0, 0x8f, 0xff, 0xff, 0xff, 0xff, 0xff,
    0xff, 0xfd, 0x10, 0x8f, 0xff, 0x64, 0x44, 0x44,
    0x6a, 0xff, 0xff, 0xa0, 0x8f, 0xff, 0x20, 0x0,
    0x0, 0x0, 0x3e, 0xff, 0xf1, 0x8f, 0xff, 0x20,
    0x0, 0x0, 0x0, 0x7, 0xff, 0xf5, 0x8f, 0xff,
    0x20, 0x0, 0x0, 0x0, 0x3, 0xff, 0xf7, 0x8f,
    0xff, 0x20, 0x0, 0x0, 0x0, 0x3, 0xff, 0xf7,
    0x8f, 0xff, 0x20, 0x0, 0x0, 0x0, 0x7, 0xff,
    0xf5, 0x8f, 0xff, 0x20, 0x0, 0x0, 0x0, 0x3e,
    0xff, 0xf1, 0x8f, 0xff, 0x64, 0x44, 0x44, 0x6a,
    0xff, 0xff, 0xa0, 0x8f, 0xff, 0xff, 0xff, 0xff,
    0xff, 0xff, 0xfd, 0x10, 0x8f, 0xff, 0xff, 0xff,
    0xff, 0xff, 0xff, 0xb1, 0x0, 0x8f, 0xff, 0xff,
    0xff, 0xff, 0xfd, 0x94, 0x0, 0x0, 0x8f, 0xff,
    0x20, 0x0, 0x0, 0x0, 0x0, 0x0, 0x0, 0x8f,
    0xff, 0x20, 0x0, 0x0, 0x0, 0x0, 0x0, 0x0,
    0x8f, 0xff, 0x20, 0x0, 0x0, 0x0, 0x0, 0x0,
    0x0, 0x8f, 0xff, 0x20, 0x0, 0x0, 0x0, 0x0,
    0x0, 0x0, 0x8f, 0xff, 0x20, 0x0, 0x0, 0x0,
    0x0, 0x0, 0x0, 0x8f, 0xff, 0x20, 0x0, 0x0,
    0x0, 0x0, 0x0, 0x0, 0x8f, 0xff, 0x20, 0x0,
    0x0, 0x0, 0x0, 0x0, 0x0, 0x8f, 0xff, 0x20,
    0x0, 0x0, 0x0, 0x0, 0x0, 0x0, 0x8f, 0xff,
    0x20, 0x0, 0x0, 0x0, 0x0, 0x0, 0x0,

    /* U+0051 "Q" */
    0x0, 0x0, 0x0, 0x6a, 0xde, 0xfe, 0xd9, 0x50,
    0x0, 0x0, 0x0, 0x0, 0x7, 0xff, 0xff, 0xff,
    0xff, 0xff, 0xe5, 0x0, 0x0, 0x0, 0xa, 0xff,
    0xff, 0xff, 0xff, 0xff, 0xff, 0xf9, 0x0, 0x0,
    0x9, 0xff, 0xff, 0xd8, 0x54, 0x58, 0xef, 0xff,
    0xf7, 0x0, 0x2, 0xff, 0xff, 0x70, 0x0, 0x0,
    0x0, 0x8f, 0xff, 0xf1, 0x0, 0x9f, 0xff, 0x80,
    0x0, 0x0, 0x0, 0x0, 0xaf, 0xff, 0x70, 0xd,
    0xff, 0xe0, 0x0, 0x0, 0x0, 0x0, 0x1, 0xff,
    0xfb, 0x0, 0xff, 0xfb, 0x0, 0x0, 0x0, 0x0,
    0x0, 0xd, 0xff, 0xe0, 0x1f, 0xff, 0x90, 0x0,
    0x0, 0x0, 0x0, 0x0, 0xbf, 0xff, 0x2, 0xff,
    0xf8, 0x0, 0x0, 0x0, 0x0, 0x0, 0xb, 0xff,
    0xf0, 0x2f, 0xff, 0x80, 0x0, 0x0, 0x0, 0x0,
    0x0, 0xbf, 0xff, 0x2, 0xff, 0xf8, 0x0, 0x0,
    0x0, 0x0, 0x0, 0xb, 0xff, 0xf0, 0x2f, 0xff,
    0x80, 0x0, 0x0, 0x0, 0x0, 0x0, 0xbf, 0xff,
    0x2, 0xff, 0xf8, 0x0, 0x0, 0x0, 0x0, 0x0,
    0xb, 0xff, 0xf0, 0x1f, 0xff, 0x90, 0x0, 0x0,
    0x0, 0x0, 0x0, 0xbf, 0xff, 0x0, 0xff, 0xfa,
    0x0, 0x0, 0x0, 0x0, 0x0, 0xd, 0xff, 0xe0,
    0xd, 0xff, 0xe0, 0x0, 0x0, 0x0, 0x0, 0x1,
    0xff, 0xfb, 0x0, 0x9f, 0xff, 0x80, 0x0, 0x0,
    0x0, 0x0, 0x9f, 0xff, 0x70, 0x2, 0xff, 0xff,
    0x70, 0x0, 0x0, 0x0, 0x8f, 0xff, 0xf1, 0x0,
    0x9, 0xff, 0xff, 0xd7, 0x54, 0x58, 0xdf, 0xff,
    0xf7, 0x0, 0x0, 0xb, 0xff, 0xff, 0xff, 0xff,
    0xff, 0xff, 0xf9, 0x0, 0x0, 0x0, 0x7, 0xff,
    0xff, 0xff, 0xff, 0xff, 0xe5, 0x0, 0x0, 0x0,
    0x0, 0x0, 0x6a, 0xff, 0xff, 0xfa, 0x50, 0x0,
    0x0, 0x0, 0x0, 0x0, 0x0, 0x6, 0xff, 0xf3,
    0x0, 0x0, 0x0, 0x0, 0x0, 0x0, 0x0, 0x0,
    0x5f, 0xff, 0x50, 0x0, 0x0, 0x0, 0x0, 0x0,
    0x0, 0x0, 0x4, 0xff, 0xff, 0xee, 0x40, 0x0,
    0x0, 0x0, 0x0, 0x0, 0x0, 0xd, 0xff, 0xff,
    0xf4, 0x0, 0x0, 0x0, 0x0, 0x0, 0x0, 0x0,
    0x2b, 0xef, 0xff, 0x40, 0x0, 0x0,

    /* U+0052 "R" */
    0x8f, 0xff, 0xff, 0xff, 0xff, 0xfe, 0xc8, 0x20,
    0x0, 0x8f, 0xff, 0xff, 0xff, 0xff, 0xff, 0xff,
    0xf9, 0x0, 0x8f, 0xff, 0xff, 0xff, 0xff, 0xff,
    0xff, 0xff, 0xa0, 0x8f, 0xff, 0x64, 0x44, 0x44,
    0x57, 0xdf, 0xff, 0xf4, 0x8f, 0xff, 0x20, 0x0,
    0x0, 0x0, 0xa, 0xff, 0xfb, 0x8f, 0xff, 0x20,
    0x0, 0x0, 0x0, 0x1, 0xff, 0xfd, 0x8f, 0xff,
    0x20, 0x0, 0x0, 0x0, 0x0, 0xdf, 0xfe, 0x8f,
    0xff, 0x20, 0x0, 0x0, 0x0, 0x0, 0xdf, 0xfd,
    0x8f, 0xff, 0x20, 0x0, 0x0, 0x0, 0x1, 0xff,
    0xf9, 0x8f, 0xff, 0x20, 0x0, 0x0, 0x0, 0xa,
    0xff, 0xf2, 0x8f, 0xff, 0x64, 0x44, 0x44, 0x57,
    0xef, 0xfe, 0x30, 0x8f, 0xff, 0xff, 0xff, 0xff,
    0xff, 0xff, 0x91, 0x0, 0x8f, 0xff, 0xff, 0xff,
    0xff, 0xff, 0xff, 0xd9, 0x0, 0x8f, 0xff, 0xff,
    0xff, 0xff, 0xff, 0xff, 0xff, 0xa0, 0x8f, 0xff,
    0x20, 0x0, 0x0, 0x0, 0x4f, 0xff, 0xf0, 0x8f,
    0xff, 0x20, 0x0, 0x0, 0x0, 0xa, 0xff, 0xf1,
    0x8f, 0xff, 0x20, 0x0, 0x0, 0x0, 0x9, 0xff,
    0xf1, 0x8f, 0xff, 0x20, 0x0, 0x0, 0x0, 0x9,
    0xff, 0xf1, 0x8f, 0xff, 0x20, 0x0, 0x0, 0x0,
    0x9, 0xff, 0xf1, 0x8f, 0xff, 0x20, 0x0, 0x0,
    0x0, 0x9, 0xff, 0xf1, 0x8f, 0xff, 0x20, 0x0,
    0x0, 0x0, 0x9, 0xff, 0xf1, 0x8f, 0xff, 0x20,
    0x0, 0x0, 0x0, 0x9, 0xff, 0xf1, 0x8f, 0xff,
    0x20, 0x0, 0x0, 0x0, 0x9, 0xff, 0xf1,

    /* U+0053 "S" */
    0x0, 0x0, 0x16, 0xbd, 0xff, 0xec, 0x83, 0x0,
    0x0, 0x0, 0x0, 0x7f, 0xff, 0xff, 0xff, 0xff,
    0xfa, 0x10, 0x0, 0x0, 0xaf, 0xff, 0xff, 0xff,
    0xff, 0xff, 0xfe, 0x20, 0x0, 0x6f, 0xff, 0xfb,
    0x54, 0x34, 0x8e, 0xff, 0xfd, 0x0, 0xd, 0xff,
    0xf4, 0x0, 0x0, 0x0, 0xc, 0xff, 0xf5, 0x0,
    0xff, 0xfb, 0x0, 0x0, 0x0, 0x0, 0x2f, 0xff,
    0xa0, 0xf, 0xff, 0x90, 0x0, 0x0, 0x0, 0x0,
    0xef, 0xfc, 0x0, 0xef, 0xfd, 0x0, 0x0, 0x0,
    0x0, 0xd, 0xff, 0xc0, 0x8, 0xff, 0xfa, 0x10,
    0x0, 0x0, 0x0, 0x23, 0x32, 0x0, 0x1d, 0xff,
    0xff, 0xb6, 0x30, 0x0, 0x0, 0x0, 0x0, 0x0,
    0x1b, 0xff, 0xff, 0xff, 0xfb, 0x72, 0x0, 0x0,
    0x0, 0x0, 0x4, 0xaf, 0xff, 0xff, 0xff, 0xfc,
    0x40, 0x0, 0x0, 0x0, 0x0, 0x4, 0x8c, 0xff,
    0xff, 0xff, 0x90, 0x0, 0x0, 0x0, 0x0, 0x0,
    0x0, 0x49, 0xff, 0xff, 0x80, 0x58, 0x88, 0x0,
    0x0, 0x0, 0x0, 0x2, 0xef, 0xff, 0x9, 0xff,
    0xf0, 0x0, 0x0, 0x0, 0x0, 0x7, 0xff, 0xf4,
    0x8f, 0xff, 0x30, 0x0, 0x0, 0x0, 0x0, 0x5f,
    0xff, 0x55, 0xff, 0xf9, 0x0, 0x0, 0x0, 0x0,
    0x9, 0xff, 0xf3, 0xe, 0xff, 0xf6, 0x0, 0x0,
    0x0, 0x4, 0xff, 0xff, 0x0, 0x6f, 0xff, 0xfc,
    0x74, 0x33, 0x6a, 0xff, 0xff, 0x70, 0x0, 0x8f,
    0xff, 0xff, 0xff, 0xff, 0xff, 0xff, 0xa0, 0x0,
    0x0, 0x5e, 0xff, 0xff, 0xff, 0xff, 0xff, 0x70,
    0x0, 0x0, 0x0, 0x5, 0x9d, 0xef, 0xed, 0xa6,
    0x10, 0x0, 0x0,

    /* U+0054 "T" */
    0x2f, 0xff, 0xff, 0xff, 0xff, 0xff, 0xff, 0xff,
    0xff, 0xf2, 0x2f, 0xff, 0xff, 0xff, 0xff, 0xff,
    0xff, 0xff, 0xff, 0xf2, 0x2f, 0xff, 0xff, 0xff,
    0xff, 0xff, 0xff, 0xff, 0xff, 0xf2, 0x4, 0x44,
    0x44, 0x44, 0xef, 0xfe, 0x44, 0x44, 0x44, 0x40,
    0x0, 0x0, 0x0, 0x0, 0xdf, 0xfd, 0x0, 0x0,
    0x0, 0x0, 0x0, 0x0, 0x0, 0x0, 0xdf, 0xfd,
    0x0, 0x0, 0x0, 0x0, 0x0, 0x0, 0x0, 0x0,
    0xdf, 0xfd, 0x0, 0x0, 0x0, 0x0, 0x0, 0x0,
    0x0, 0x0, 0xdf, 0xfd, 0x0, 0x0, 0x0, 0x0,
    0x0, 0x0, 0x0, 0x0, 0xdf, 0xfd, 0x0, 0x0,
    0x0, 0x0, 0x0, 0x0, 0x0, 0x0, 0xdf, 0xfd,
    0x0, 0x0, 0x0, 0x0, 0x0, 0x0, 0x0, 0x0,
    0xdf, 0xfd, 0x0, 0x0, 0x0, 0x0, 0x0, 0x0,
    0x0, 0x0, 0xdf, 0xfd, 0x0, 0x0, 0x0, 0x0,
    0x0, 0x0, 0x0, 0x0, 0xdf, 0xfd, 0x0, 0x0,
    0x0, 0x0, 0x0, 0x0, 0x0, 0x0, 0xdf, 0xfd,
    0x0, 0x0, 0x0, 0x0, 0x0, 0x0, 0x0, 0x0,
    0xdf, 0xfd, 0x0, 0x0, 0x0, 0x0, 0x0, 0x0,
    0x0, 0x0, 0xdf, 0xfd, 0x0, 0x0, 0x0, 0x0,
    0x0, 0x0, 0x0, 0x0, 0xdf, 0xfd, 0x0, 0x0,
    0x0, 0x0, 0x0, 0x0, 0x0, 0x0, 0xdf, 0xfd,
    0x0, 0x0, 0x0, 0x0, 0x0, 0x0, 0x0, 0x0,
    0xdf, 0xfd, 0x0, 0x0, 0x0, 0x0, 0x0, 0x0,
    0x0, 0x0, 0xdf, 0xfd, 0x0, 0x0, 0x0, 0x0,
    0x0, 0x0, 0x0, 0x0, 0xdf, 0xfd, 0x0, 0x0,
    0x0, 0x0, 0x0, 0x0, 0x0, 0x0, 0xdf, 0xfd,
    0x0, 0x0, 0x0, 0x0, 0x0, 0x0, 0x0, 0x0,
    0xdf, 0xfd, 0x0, 0x0, 0x0, 0x0,

    /* U+0055 "U" */
    0xbf, 0xff, 0x0, 0x0, 0x0, 0x0, 0x0, 0x3f,
    0xff, 0x7b, 0xff, 0xf0, 0x0, 0x0, 0x0, 0x0,
    0x3, 0xff, 0xf7, 0xbf, 0xff, 0x0, 0x0, 0x0,
    0x0, 0x0, 0x3f, 0xff, 0x7b, 0xff, 0xf0, 0x0,
    0x0, 0x0, 0x0, 0x3, 0xff, 0xf7, 0xbf, 0xff,
    0x0, 0x0, 0x0, 0x0, 0x0, 0x3f, 0xff, 0x7b,
    0xff, 0xf0, 0x0, 0x0, 0x0, 0x0, 0x3, 0xff,
    0xf7, 0xbf, 0xff, 0x0, 0x0, 0x0, 0x0, 0x0,
    0x3f, 0xff, 0x7b, 0xff, 0xf0, 0x0, 0x0, 0x0,
    0x0, 0x3, 0xff, 0xf7, 0xbf, 0xff, 0x0, 0x0,
    0x0, 0x0, 0x0, 0x3f, 0xff, 0x7b, 0xff, 0xf0,
    0x0, 0x0, 0x0, 0x0, 0x3, 0xff, 0xf7, 0xbf,
    0xff, 0x0, 0x0, 0x0, 0x0, 0x0, 0x3f, 0xff,
    0x7b, 0xff, 0xf0, 0x0, 0x0, 0x0, 0x0, 0x3,
    0xff, 0xf7, 0xbf, 0xff, 0x0, 0x0, 0x0, 0x0,
    0x0, 0x3f, 0xff, 0x7b, 0xff, 0xf0, 0x0, 0x0,
    0x0, 0x0, 0x3, 0xff, 0xf7, 0xaf, 0xff, 0x0,
    0x0, 0x0, 0x0, 0x0, 0x3f, 0xff, 0x6a, 0xff,
    0xf1, 0x0, 0x0, 0x0, 0x0, 0x4, 0xff, 0xf6,
    0x8f, 0xff, 0x40, 0x0, 0x0, 0x0, 0x0, 0x7f,
    0xff, 0x45, 0xff, 0xfa, 0x0, 0x0, 0x0, 0x0,
    0xd, 0xff, 0xf1, 0xe, 0xff, 0xf7, 0x0, 0x0,
    0x0, 0xb, 0xff, 0xfb, 0x0, 0x6f, 0xff, 0xfd,
    0x74, 0x45, 0x8e, 0xff, 0xff, 0x20, 0x0, 0x8f,
    0xff, 0xff, 0xff, 0xff, 0xff, 0xff, 0x50, 0x0,
    0x0, 0x5e, 0xff, 0xff, 0xff, 0xff, 0xfd, 0x30,
    0x0, 0x0, 0x0, 0x5, 0xad, 0xef, 0xec, 0x94,
    0x0, 0x0, 0x0,

    /* U+0056 "V" */
    0x2f, 0xff, 0xa0, 0x0, 0x0, 0x0, 0x0, 0x0,
    0xaf, 0xff, 0x20, 0xdf, 0xfe, 0x0, 0x0, 0x0,
    0x0, 0x0, 0xe, 0xff, 0xd0, 0x9, 0xff, 0xf3,
    0x0, 0x0, 0x0, 0x0, 0x3, 0xff, 0xf9, 0x0,
    0x4f, 0xff, 0x70, 0x0, 0x0, 0x0, 0x0, 0x7f,
    0xff, 0x40, 0x0, 0xff, 0xfc, 0x0, 0x0, 0x0,
    0x0, 0xc, 0xff, 0xf0, 0x0, 0xb, 0xff, 0xf1,
    0x0, 0x0, 0x0, 0x0, 0xff, 0xfb, 0x0, 0x0,
    0x6f, 0xff, 0x50, 0x0, 0x0, 0x0, 0x5f, 0xff,
    0x60, 0x0, 0x1, 0xff, 0xf9, 0x0, 0x0, 0x0,
    0x9, 0xff, 0xf2, 0x0, 0x0, 0xd, 0xff, 0xe0,
    0x0, 0x0, 0x0, 0xdf, 0xfd, 0x0, 0x0, 0x0,
    0x8f, 0xff, 0x20, 0x0, 0x0, 0x2f, 0xff, 0x90,
    0x0, 0x0, 0x4, 0xff, 0xf7, 0x0, 0x0, 0x6,
    0xff, 0xf4, 0x0, 0x0, 0x0, 0xf, 0xff, 0xb0,
    0x0, 0x0, 0xbf, 0xff, 0x0, 0x0, 0x0, 0x0,
    0xaf, 0xff, 0x0, 0x0, 0xf, 0xff, 0xb0, 0x0,
    0x0, 0x0, 0x6, 0xff, 0xf4, 0x0, 0x4, 0xff,
    0xf6, 0x0, 0x0, 0x0, 0x0, 0x1f, 0xff, 0x80,
    0x0, 0x8f, 0xff, 0x20, 0x0, 0x0, 0x0, 0x0,
    0xdf, 0xfd, 0x0, 0xc, 0xff, 0xd0, 0x0, 0x0,
    0x0, 0x0, 0x8, 0xff, 0xf1, 0x1, 0xff, 0xf9,
    0x0, 0x0, 0x0, 0x0, 0x0, 0x3f, 0xff, 0x60,
    0x5f, 0xff, 0x40, 0x0, 0x0, 0x0, 0x0, 0x0,
    0xef, 0xfa, 0xa, 0xff, 0xf0, 0x0, 0x0, 0x0,
    0x0, 0x0, 0xa, 0xff, 0xf0, 0xef, 0xfb, 0x0,
    0x0, 0x0, 0x0, 0x0, 0x0, 0x6f, 0xff, 0x8f,
    0xff, 0x60, 0x0, 0x0, 0x0, 0x0, 0x0, 0x1,
    0xff, 0xff, 0xff, 0xf2, 0x0, 0x0, 0x0, 0x0,
    0x0, 0x0, 0xc, 0xff, 0xff, 0xfd, 0x0, 0x0,
    0x0, 0x0,

    /* U+0057 "W" */
    0xcf, 0xfd, 0x0, 0x0, 0x0, 0x3f, 0xff, 0xff,
    0xf6, 0x0, 0x0, 0x0, 0xbf, 0xfe, 0xaf, 0xff,
    0x0, 0x0, 0x0, 0x6f, 0xff, 0xff, 0xf9, 0x0,
    0x0, 0x0, 0xef, 0xfc, 0x7f, 0xff, 0x20, 0x0,
    0x0, 0x9f, 0xfc, 0xaf, 0xfb, 0x0, 0x0, 0x0,
    0xff, 0xf9, 0x5f, 0xff, 0x40, 0x0, 0x0, 0xcf,
    0xf8, 0x6f, 0xfe, 0x0, 0x0, 0x2, 0xff, 0xf7,
    0x3f, 0xff, 0x60, 0x0, 0x0, 0xff, 0xf6, 0x4f,
    0xff, 0x10, 0x0, 0x4, 0xff, 0xf5, 0xf, 0xff,
    0x80, 0x0, 0x2, 0xff, 0xf3, 0x1f, 0xff, 0x40,
    0x0, 0x6, 0xff, 0xf2, 0xe, 0xff, 0xb0, 0x0,
    0x4, 0xff, 0xf0, 0xe, 0xff, 0x70, 0x0, 0x9,
    0xff, 0xf0, 0xb, 0xff, 0xd0, 0x0, 0x7, 0xff,
    0xd0, 0xb, 0xff, 0xa0, 0x0, 0xb, 0xff, 0xd0,
    0x9, 0xff, 0xf0, 0x0, 0xa, 0xff, 0xa0, 0x8,
    0xff, 0xd0, 0x0, 0xd, 0xff, 0xb0, 0x6, 0xff,
    0xf1, 0x0, 0xd, 0xff, 0x70, 0x5, 0xff, 0xf0,
    0x0, 0xf, 0xff, 0x80, 0x4, 0xff, 0xf4, 0x0,
    0xf, 0xff, 0x40, 0x2, 0xff, 0xf2, 0x0, 0x1f,
    0xff, 0x60, 0x2, 0xff, 0xf6, 0x0, 0x3f, 0xff,
    0x20, 0x0, 0xff, 0xf5, 0x0, 0x3f, 0xff, 0x30,
    0x0, 0xff, 0xf8, 0x0, 0x6f, 0xff, 0x0, 0x0,
    0xdf, 0xf8, 0x0, 0x6f, 0xff, 0x10, 0x0, 0xdf,
    0xfa, 0x0, 0x8f, 0xfc, 0x0, 0x0, 0xaf, 0xfb,
    0x0, 0x8f, 0xff, 0x0, 0x0, 0xaf, 0xfd, 0x0,
    0xbf, 0xf9, 0x0, 0x0, 0x7f, 0xfe, 0x0, 0xaf,
    0xfc, 0x0, 0x0, 0x8f, 0xff, 0x0, 0xef, 0xf6,
    0x0, 0x0, 0x4f, 0xff, 0x10, 0xcf, 0xfa, 0x0,
    0x0, 0x5f, 0xff, 0x11, 0xff, 0xf3, 0x0, 0x0,
    0x1f, 0xff, 0x30, 0xef, 0xf7, 0x0, 0x0, 0x3f,
    0xff, 0x34, 0xff, 0xf0, 0x0, 0x0, 0xe, 0xff,
    0x61, 0xff, 0xf5, 0x0, 0x0, 0xf, 0xff, 0x57,
    0xff, 0xe0, 0x0, 0x0, 0xb, 0xff, 0x93, 0xff,
    0xf2, 0x0, 0x0, 0xe, 0xff, 0x8a, 0xff, 0xb0,
    0x0, 0x0, 0x8, 0xff, 0xc5, 0xff, 0xf0, 0x0,
    0x0, 0xc, 0xff, 0xcd, 0xff, 0x80, 0x0, 0x0,
    0x6, 0xff, 0xfb, 0xff, 0xe0, 0x0, 0x0, 0x9,
    0xff, 0xff, 0xff, 0x50, 0x0, 0x0, 0x3, 0xff,
    0xff, 0xff, 0xb0, 0x0, 0x0, 0x7, 0xff, 0xff,
    0xff, 0x20, 0x0, 0x0, 0x0, 0xff, 0xff, 0xff,
    0x90, 0x0,

    /* U+0058 "X" */
    0xa, 0xff, 0xf8, 0x0, 0x0, 0x0, 0x0, 0x0,
    0xbf, 0xff, 0x70, 0x1f, 0xff, 0xf2, 0x0, 0x0,
    0x0, 0x0, 0x5f, 0xff, 0xd0, 0x0, 0x6f, 0xff,
    0xc0, 0x0, 0x0, 0x0, 0xe, 0xff, 0xf3, 0x0,
    0x0, 0xcf, 0xff, 0x50, 0x0, 0x0, 0x9, 0xff,
    0xf9, 0x0, 0x0, 0x2, 0xff, 0xfe, 0x10, 0x0,
    0x3, 0xff, 0xfe, 0x0, 0x0, 0x0, 0x8, 0xff,
    0xf9, 0x0, 0x0, 0xcf, 0xff, 0x40, 0x0, 0x0,
    0x0, 0xd, 0xff, 0xf3, 0x0, 0x6f, 0xff, 0xa0,
    0x0, 0x0, 0x0, 0x0, 0x3f, 0xff, 0xc0, 0x1f,
    0xff, 0xe1, 0x0, 0x0, 0x0, 0x0, 0x0, 0x9f,
    0xff, 0x7a, 0xff, 0xf6, 0x0, 0x0, 0x0, 0x0,
    0x0, 0x1, 0xef, 0xff, 0xff, 0xfc, 0x0, 0x0,
    0x0, 0x0, 0x0, 0x0, 0x5, 0xff, 0xff, 0xff,
    0x20, 0x0, 0x0, 0x0, 0x0, 0x0, 0x0, 0xe,
    0xff, 0xff, 0xb0, 0x0, 0x0, 0x0, 0x0, 0x0,
    0x0, 0x7, 0xff, 0xff, 0xff, 0x40, 0x0, 0x0,
    0x0, 0x0, 0x0, 0x2, 0xff, 0xff, 0xff, 0xfd,
    0x0, 0x0, 0x0, 0x0, 0x0, 0x0, 0xbf, 0xff,
    0x48, 0xff, 0xf8, 0x0, 0x0, 0x0, 0x0, 0x0,
    0x5f, 0xff, 0xb0, 0xe, 0xff, 0xf2, 0x0, 0x0,
    0x0, 0x0, 0x1e, 0xff, 0xf2, 0x0, 0x5f, 0xff,
    0xc0, 0x0, 0x0, 0x0, 0x9, 0xff, 0xf7, 0x0,
    0x0, 0xbf, 0xff, 0x60, 0x0, 0x0, 0x3, 0xff,
    0xfd, 0x0, 0x0, 0x2, 0xff, 0xfe, 0x10, 0x0,
    0x0, 0xdf, 0xff, 0x40, 0x0, 0x0, 0x8, 0xff,
    0xfa, 0x0, 0x0, 0x8f, 0xff, 0xa0, 0x0, 0x0,
    0x0, 0xd, 0xff, 0xf4, 0x0, 0x2f, 0xff, 0xf1,
    0x0, 0x0, 0x0, 0x0, 0x4f, 0xff, 0xe0, 0xc,
    0xff, 0xf7, 0x0, 0x0, 0x0, 0x0, 0x0, 0xaf,
    0xff, 0x80,

    /* U+0059 "Y" */
    0x5f, 0xff, 0xc0, 0x0, 0x0, 0x0, 0x0, 0x0,
    0xdf, 0xff, 0x50, 0xcf, 0xff, 0x50, 0x0, 0x0,
    0x0, 0x0, 0x6f, 0xff, 0xc0, 0x3, 0xff, 0xfe,
    0x0, 0x0, 0x0, 0x0, 0xe, 0xff, 0xf3, 0x0,
    0xa, 0xff, 0xf7, 0x0, 0x0, 0x0, 0x8, 0xff,
    0xf9, 0x0, 0x0, 0x1f, 0xff, 0xf1, 0x0, 0x0,
    0x1, 0xff, 0xff, 0x10, 0x0, 0x0, 0x7f, 0xff,
    0x90, 0x0, 0x0, 0xaf, 0xff, 0x70, 0x0, 0x0,
    0x0, 0xef, 0xff, 0x20, 0x0, 0x3f, 0xff, 0xd0,
    0x0, 0x0, 0x0, 0x5, 0xff, 0xfb, 0x0, 0xc,
    0xff, 0xf5, 0x0, 0x0, 0x0, 0x0, 0xc, 0xff,
    0xf4, 0x5, 0xff, 0xfc, 0x0, 0x0, 0x0, 0x0,
    0x0, 0x3f, 0xff, 0xd0, 0xdf, 0xff, 0x30, 0x0,
    0x0, 0x0, 0x0, 0x0, 0xaf, 0xff, 0xef, 0xff,
    0x90, 0x0, 0x0, 0x0, 0x0, 0x0, 0x1, 0xff,
    0xff, 0xff, 0xf1, 0x0, 0x0, 0x0, 0x0, 0x0,
    0x0, 0x7, 0xff, 0xff, 0xf7, 0x0, 0x0, 0x0,
    0x0, 0x0, 0x0, 0x0, 0xe, 0xff, 0xfd, 0x0,
    0x0, 0x0, 0x0, 0x0, 0x0, 0x0, 0x0, 0x6f,
    0xff, 0x60, 0x0, 0x0, 0x0, 0x0, 0x0, 0x0,
    0x0, 0x5, 0xff, 0xf5, 0x0, 0x0, 0x0, 0x0,
    0x0, 0x0, 0x0, 0x0, 0x5f, 0xff, 0x50, 0x0,
    0x0, 0x0, 0x0, 0x0, 0x0, 0x0, 0x5, 0xff,
    0xf5, 0x0, 0x0, 0x0, 0x0, 0x0, 0x0, 0x0,
    0x0, 0x5f, 0xff, 0x50, 0x0, 0x0, 0x0, 0x0,
    0x0, 0x0, 0x0, 0x5, 0xff, 0xf5, 0x0, 0x0,
    0x0, 0x0, 0x0, 0x0, 0x0, 0x0, 0x5f, 0xff,
    0x50, 0x0, 0x0, 0x0, 0x0, 0x0, 0x0, 0x0,
    0x5, 0xff, 0xf5, 0x0, 0x0, 0x0, 0x0, 0x0,
    0x0, 0x0, 0x0, 0x5f, 0xff, 0x50, 0x0, 0x0,
    0x0, 0x0,

    /* U+005A "Z" */
    0xf, 0xff, 0xff, 0xff, 0xff, 0xff, 0xff, 0xff,
    0xe0, 0xf, 0xff, 0xff, 0xff, 0xff, 0xff, 0xff,
    0xff, 0xe0, 0xf, 0xff, 0xff, 0xff, 0xff, 0xff,
    0xff, 0xff, 0xe0, 0x4, 0x44, 0x44, 0x44, 0x44,
    0x44, 0x4e, 0xff, 0xe0, 0x0, 0x0, 0x0, 0x0,
    0x0, 0x0, 0x8f, 0xff, 0xd0, 0x0, 0x0, 0x0,
    0x0, 0x0, 0x6, 0xff, 0xff, 0x30, 0x0, 0x0,
    0x0, 0x0, 0x0, 0x4f, 0xff, 0xf5, 0x0, 0x0,
    0x0, 0x0, 0x0, 0x2, 0xff, 0xff, 0x70, 0x0,
    0x0, 0x0, 0x0, 0x0, 0x1d, 0xff, 0xfa, 0x0,
    0x0, 0x0, 0x0, 0x0, 0x0, 0xcf, 0xff, 0xc0,
    0x0, 0x0, 0x0, 0x0, 0x0, 0xa, 0xff, 0xfd,
    0x10, 0x0, 0x0, 0x0, 0x0, 0x0, 0x8f, 0xff,
    0xe2, 0x0, 0x0, 0x0, 0x0, 0x0, 0x6, 0xff,
    0xff, 0x30, 0x0, 0x0, 0x0, 0x0, 0x0, 0x4f,
    0xff, 0xf5, 0x0, 0x0, 0x0, 0x0, 0x0, 0x2,
    0xef, 0xff, 0x80, 0x0, 0x0, 0x0, 0x0, 0x0,
    0x1d, 0xff, 0xfa, 0x0, 0x0, 0x0, 0x0, 0x0,
    0x0, 0xcf, 0xff, 0xc0, 0x0, 0x0, 0x0, 0x0,
    0x0, 0xa, 0xff, 0xfd, 0x10, 0x0, 0x0, 0x0,
    0x0, 0x0, 0x5f, 0xff, 0xe2, 0x0, 0x0, 0x0,
    0x0, 0x0, 0x0, 0x6f, 0xff, 0x94, 0x44, 0x44,
    0x44, 0x44, 0x44, 0x40, 0x6f, 0xff, 0xff, 0xff,
    0xff, 0xff, 0xff, 0xff, 0xf0, 0x6f, 0xff, 0xff,
    0xff, 0xff, 0xff, 0xff, 0xff, 0xf0, 0x6f, 0xff,
    0xff, 0xff, 0xff, 0xff, 0xff, 0xff, 0xf0,

    /* U+005B "[" */
    0x3, 0xcf, 0xff, 0xff, 0xf3, 0x1e, 0xff, 0xff,
    0xff, 0xf3, 0x5f, 0xff, 0xff, 0xff, 0xf2, 0x6f,
    0xff, 0x20, 0x0, 0x0, 0x6f, 0xff, 0x0, 0x0,
    0x0, 0x6f, 0xff, 0x0, 0x0, 0x0, 0x6f, 0xff,
    0x0, 0x0, 0x0, 0x6f, 0xff, 0x0, 0x0, 0x0,
    0x6f, 0xff, 0x0, 0x0, 0x0, 0x6f, 0xff, 0x0,
    0x0, 0x0, 0x6f, 0xff, 0x0, 0x0, 0x0, 0x6f,
    0xff, 0x0, 0x0, 0x0, 0x6f, 0xff, 0x0, 0x0,
    0x0, 0x6f, 0xff, 0x0, 0x0, 0x0, 0x6f, 0xff,
    0x0, 0x0, 0x0, 0x6f, 0xff, 0x0, 0x0, 0x0,
    0x6f, 0xff, 0x0, 0x0, 0x0, 0x6f, 0xff, 0x0,
    0x0, 0x0, 0x6f, 0xff, 0x0, 0x0, 0x0, 0x6f,
    0xff, 0x0, 0x0, 0x0, 0x6f, 0xff, 0x0, 0x0,
    0x0, 0x6f, 0xff, 0x0, 0x0, 0x0, 0x6f, 0xff,
    0x0, 0x0, 0x0, 0x6f, 0xff, 0x0, 0x0, 0x0,
    0x6f, 0xff, 0x0, 0x0, 0x0, 0x6f, 0xff, 0x0,
    0x0, 0x0, 0x6f, 0xff, 0x0, 0x0, 0x0, 0x6f,
    0xff, 0x0, 0x0, 0x0, 0x6f, 0xff, 0x0, 0x0,
    0x0, 0x6f, 0xff, 0x20, 0x0, 0x0, 0x5f, 0xff,
    0xff, 0xff, 0xf2, 0x1e, 0xff, 0xff, 0xff, 0xf3,
    0x3, 0xcf, 0xff, 0xff, 0xf3,

    /* U+005C "\\" */
    0x2f, 0xff, 0x50, 0x0, 0x0, 0x0, 0x0, 0x0,
    0xdf, 0xfb, 0x0, 0x0, 0x0, 0x0, 0x0, 0x8,
    0xff, 0xf0, 0x0, 0x0, 0x0, 0x0, 0x0, 0x2f,
    0xff, 0x50, 0x0, 0x0, 0x0, 0x0, 0x0, 0xdf,
    0xfb, 0x0, 0x0, 0x0, 0x0, 0x0, 0x8, 0xff,
    0xf0, 0x0, 0x0, 0x0, 0x0, 0x0, 0x2f, 0xff,
    0x50, 0x0, 0x0, 0x0, 0x0, 0x0, 0xdf, 0xfb,
    0x0, 0x0, 0x0, 0x0, 0x0, 0x8, 0xff, 0xf0,
    0x0, 0x0, 0x0, 0x0, 0x0, 0x2f, 0xff, 0x50,
    0x0, 0x0, 0x0, 0x0, 0x0, 0xdf, 0xfb, 0x0,
    0x0, 0x0, 0x0, 0x0, 0x8, 0xff, 0xf0, 0x0,
    0x0, 0x0, 0x0, 0x0, 0x2f, 0xff, 0x50, 0x0,
    0x0, 0x0, 0x0, 0x0, 0xdf, 0xfb, 0x0, 0x0,
    0x0, 0x0, 0x0, 0x8, 0xff, 0xf0, 0x0, 0x0,
    0x0, 0x0, 0x0, 0x2f, 0xff, 0x50, 0x0, 0x0,
    0x0, 0x0, 0x0, 0xdf, 0xfb, 0x0, 0x0, 0x0,
    0x0, 0x0, 0x8, 0xff, 0xf0, 0x0, 0x0, 0x0,
    0x0, 0x0, 0x2f, 0xff, 0x50, 0x0, 0x0, 0x0,
    0x0, 0x0, 0xdf, 0xfb, 0x0, 0x0, 0x0, 0x0,
    0x0, 0x8, 0xff, 0xf0, 0x0, 0x0, 0x0, 0x0,
    0x0, 0x2f, 0xff, 0x50, 0x0, 0x0, 0x0, 0x0,
    0x0, 0xdf, 0xfb, 0x0, 0x0, 0x0, 0x0, 0x0,
    0x8, 0xff, 0xf0, 0x0, 0x0, 0x0, 0x0, 0x0,
    0x2f, 0xff, 0x50, 0x0, 0x0, 0x0, 0x0, 0x0,
    0xdf, 0xfb, 0x0, 0x0, 0x0, 0x0, 0x0, 0x8,
    0xff, 0xf0, 0x0, 0x0, 0x0, 0x0, 0x0, 0x2f,
    0xff, 0x50, 0x0, 0x0, 0x0, 0x0, 0x0, 0xdf,
    0xfa, 0x0, 0x0, 0x0, 0x0, 0x0, 0x8, 0xff,
    0xf0,

    /* U+005D "]" */
    0x6f, 0xff, 0xff, 0xea, 0x10, 0x6f, 0xff, 0xff,
    0xff, 0xc0, 0x6f, 0xff, 0xff, 0xff, 0xf2, 0x0,
    0x0, 0x6, 0xff, 0xf3, 0x0, 0x0, 0x3, 0xff,
    0xf3, 0x0, 0x0, 0x3, 0xff, 0xf3, 0x0, 0x0,
    0x3, 0xff, 0xf3, 0x0, 0x0, 0x3, 0xff, 0xf3,
    0x0, 0x0, 0x3, 0xff, 0xf3, 0x0, 0x0, 0x3,
    0xff, 0xf3, 0x0, 0x0, 0x3, 0xff, 0xf3, 0x0,
    0x0, 0x3, 0xff, 0xf3, 0x0, 0x0, 0x3, 0xff,
    0xf3, 0x0, 0x0, 0x3, 0xff, 0xf3, 0x0, 0x0,
    0x3, 0xff, 0xf3, 0x0, 0x0, 0x3, 0xff, 0xf3,
    0x0, 0x0, 0x3, 0xff, 0xf3, 0x0, 0x0, 0x3,
    0xff, 0xf3, 0x0, 0x0, 0x3, 0xff, 0xf3, 0x0,
    0x0, 0x3, 0xff, 0xf3, 0x0, 0x0, 0x3, 0xff,
    0xf3, 0x0, 0x0, 0x3, 0xff, 0xf3, 0x0, 0x0,
    0x3, 0xff, 0xf3, 0x0, 0x0, 0x3, 0xff, 0xf3,
    0x0, 0x0, 0x3, 0xff, 0xf3, 0x0, 0x0, 0x3,
    0xff, 0xf3, 0x0, 0x0, 0x3, 0xff, 0xf3, 0x0,
    0x0, 0x3, 0xff, 0xf3, 0x0, 0x0, 0x3, 0xff,
    0xf3, 0x0, 0x0, 0x6, 0xff, 0xf3, 0x6f, 0xff,
    0xff, 0xff, 0xf2, 0x6f, 0xff, 0xff, 0xff, 0xc0,
    0x6f, 0xff, 0xff, 0xea, 0x10,

    /* U+005E "^" */
    0x0, 0x0, 0x0, 0x33, 0x33, 0x30, 0x0, 0x0,
    0x0, 0x0, 0x0, 0x8f, 0xff, 0xff, 0x90, 0x0,
    0x0, 0x0, 0x0, 0x2f, 0xff, 0xff, 0xff, 0x30,
    0x0, 0x0, 0x0, 0xb, 0xff, 0xe1, 0xef, 0xfc,
    0x0, 0x0, 0x0, 0x4, 0xff, 0xf7, 0x5, 0xff,
    0xf6, 0x0, 0x0, 0x0, 0xdf, 0xfd, 0x0, 0xc,
    0xff, 0xe0, 0x0, 0x0, 0x7f, 0xff, 0x50, 0x0,
    0x4f, 0xff, 0x90, 0x0, 0x1f, 0xff, 0xc0, 0x0,
    0x0, 0xbf, 0xff, 0x20, 0xa, 0xff, 0xf4, 0x0,
    0x0, 0x2, 0xff, 0xfb, 0x4, 0xff, 0xfb, 0x0,
    0x0, 0x0, 0x9, 0xff, 0xf5,

    /* U+005F "_" */
    0x12, 0x22, 0x22, 0x22, 0x22, 0x22, 0x22, 0x22,
    0x19, 0xff, 0xff, 0xff, 0xff, 0xff, 0xff, 0xff,
    0xfa, 0x9f, 0xff, 0xff, 0xff, 0xff, 0xff, 0xff,
    0xff, 0xa9, 0xff, 0xff, 0xff, 0xff, 0xff, 0xff,
    0xff, 0xfa,

    /* U+0060 "`" */
    0x1b, 0xcc, 0xa0, 0x0, 0x8, 0xff, 0xf4, 0x0,
    0x0, 0xcf, 0xfd, 0x0, 0x0, 0x1e, 0xff, 0x60,
    0x0, 0x5, 0xff, 0xe0,

    /* U+0061 "a" */
    0x0, 0x0, 0x28, 0xce, 0xfe, 0xc8, 0x10, 0x0,
    0x0, 0x0, 0x8, 0xff, 0xff, 0xff, 0xff, 0xf5,
    0x0, 0x0, 0x0, 0xaf, 0xff, 0xff, 0xef, 0xff,
    0xff, 0x40, 0x0, 0x4, 0xff, 0xfc, 0x30, 0x0,
    0x6f, 0xff, 0xd0, 0x0, 0xb, 0xff, 0xe1, 0x0,
    0x0, 0x6, 0xff, 0xf3, 0x0, 0x0, 0x38, 0x60,
    0x0, 0x0, 0x1, 0xff, 0xf5, 0x0, 0x0, 0x0,
    0x0, 0x0, 0x0, 0x0, 0xff, 0xf6, 0x0, 0x0,
    0x5, 0xae, 0xff, 0xff, 0xff, 0xff, 0xf6, 0x0,
    0x1, 0xdf, 0xff, 0xff, 0xff, 0xff, 0xff, 0xf6,
    0x0, 0xc, 0xff, 0xfe, 0xcb, 0xbb, 0xbb, 0xff,
    0xf6, 0x0, 0x4f, 0xff, 0x90, 0x0, 0x0, 0x1,
    0xff, 0xf6, 0x0, 0x7f, 0xff, 0x10, 0x0, 0x0,
    0x4, 0xff, 0xf6, 0x0, 0x6f, 0xff, 0x20, 0x0,
    0x0, 0xc, 0xff, 0xf6, 0x0, 0x3f, 0xff, 0xc3,
    0x0, 0x4, 0xcf, 0xff, 0xf9, 0x0, 0xc, 0xff,
    0xff, 0xed, 0xff, 0xfc, 0x9f, 0xff, 0xeb, 0x1,
    0xcf, 0xff, 0xff, 0xff, 0xe2, 0x3f, 0xff, 0xfc,
    0x0, 0x5, 0xbe, 0xff, 0xd8, 0x10, 0x6, 0xef,
    0xfc,

    /* U+0062 "b" */
    0x6f, 0xff, 0x10, 0x0, 0x0, 0x0, 0x0, 0x0,
    0x0, 0x6, 0xff, 0xf1, 0x0, 0x0, 0x0, 0x0,
    0x0, 0x0, 0x0, 0x6f, 0xff, 0x10, 0x0, 0x0,
    0x0, 0x0, 0x0, 0x0, 0x6, 0xff, 0xf1, 0x0,
    0x0, 0x0, 0x0, 0x0, 0x0, 0x0, 0x6f, 0xff,
    0x10, 0x0, 0x0, 0x0, 0x0, 0x0, 0x0, 0x6,
    0xff, 0xf1, 0x0, 0x0, 0x0, 0x0, 0x0, 0x0,
    0x0, 0x6f, 0xff, 0x10, 0x5a, 0xdf, 0xfd, 0xa4,
    0x0, 0x0, 0x6, 0xff, 0xf2, 0xbf, 0xff, 0xff,
    0xff, 0xfb, 0x10, 0x0, 0x6f, 0xff, 0xff, 0xff,
    0xff, 0xff, 0xff, 0xfe, 0x10, 0x6, 0xff, 0xff,
    0xfc, 0x51, 0x12, 0x7e, 0xff, 0xfb, 0x0, 0x6f,
    0xff, 0xf8, 0x0, 0x0, 0x0, 0x1d, 0xff, 0xf4,
    0x6, 0xff, 0xfb, 0x0, 0x0, 0x0, 0x0, 0x3f,
    0xff, 0xa0, 0x6f, 0xff, 0x40, 0x0, 0x0, 0x0,
    0x0, 0xcf, 0xfe, 0x6, 0xff, 0xf1, 0x0, 0x0,
    0x0, 0x0, 0x9, 0xff, 0xf0, 0x6f, 0xff, 0x0,
    0x0, 0x0, 0x0, 0x0, 0x8f, 0xff, 0x6, 0xff,
    0xf1, 0x0, 0x0, 0x0, 0x0, 0x9, 0xff, 0xf0,
    0x6f, 0xff, 0x40, 0x0, 0x0, 0x0, 0x0, 0xcf,
    0xfe, 0x6, 0xff, 0xfb, 0x0, 0x0, 0x0, 0x0,
    0x2f, 0xff, 0xa0, 0x6f, 0xff, 0xf7, 0x0, 0x0,
    0x0, 0x1d, 0xff, 0xf4, 0x6, 0xff, 0xff, 0xfb,
    0x41, 0x2, 0x7e, 0xff, 0xfb, 0x0, 0x6f, 0xff,
    0x2f, 0xff, 0xff, 0xff, 0xff, 0xfd, 0x10, 0x6,
    0xff, 0xf0, 0x3e, 0xff, 0xff, 0xff, 0xfb, 0x10,
    0x0, 0x6f, 0xff, 0x0, 0x19, 0xdf, 0xfd, 0xa4,
    0x0, 0x0, 0x0,

    /* U+0063 "c" */
    0x0, 0x0, 0x2, 0x8c, 0xef, 0xec, 0x71, 0x0,
    0x0, 0x0, 0x1, 0xaf, 0xff, 0xff, 0xff, 0xff,
    0x70, 0x0, 0x0, 0x1e, 0xff, 0xff, 0xff, 0xff,
    0xff, 0xfa, 0x0, 0x0, 0xcf, 0xff, 0xe7, 0x21,
    0x27, 0xef, 0xff, 0x70, 0x6, 0xff, 0xfb, 0x0,
    0x0, 0x0, 0x1d, 0xff, 0xf0, 0xd, 0xff, 0xe1,
    0x0, 0x0, 0x0, 0x4, 0xff, 0xf5, 0x1f, 0xff,
    0x80, 0x0, 0x0, 0x0, 0x0, 0xca, 0x72, 0x3f,
    0xff, 0x50, 0x0, 0x0, 0x0, 0x0, 0x0, 0x0,
    0x3f, 0xff, 0x40, 0x0, 0x0, 0x0, 0x0, 0x0,
    0x0, 0x3f, 0xff, 0x50, 0x0, 0x0, 0x0, 0x0,
    0x0, 0x0, 0x1f, 0xff, 0x80, 0x0, 0x0, 0x0,
    0x0, 0xba, 0x62, 0xd, 0xff, 0xe1, 0x0, 0x0,
    0x0, 0x3, 0xff, 0xf6, 0x7, 0xff, 0xfb, 0x0,
    0x0, 0x0, 0x1d, 0xff, 0xf1, 0x0, 0xcf, 0xff,
    0xd6, 0x21, 0x26, 0xef, 0xff, 0x70, 0x0, 0x1e,
    0xff, 0xff, 0xff, 0xff, 0xff, 0xfa, 0x0, 0x0,
    0x1, 0xaf, 0xff, 0xff, 0xff, 0xff, 0x80, 0x0,
    0x0, 0x0, 0x3, 0x8c, 0xef, 0xec, 0x72, 0x0,
    0x0,

    /* U+0064 "d" */
    0x0, 0x0, 0x0, 0x0, 0x0, 0x0, 0x0, 0x4f,
    0xff, 0x30, 0x0, 0x0, 0x0, 0x0, 0x0, 0x0,
    0x4, 0xff, 0xf3, 0x0, 0x0, 0x0, 0x0, 0x0,
    0x0, 0x0, 0x4f, 0xff, 0x30, 0x0, 0x0, 0x0,
    0x0, 0x0, 0x0, 0x4, 0xff, 0xf3, 0x0, 0x0,
    0x0, 0x0, 0x0, 0x0, 0x0, 0x4f, 0xff, 0x30,
    0x0, 0x0, 0x0, 0x0, 0x0, 0x0, 0x4, 0xff,
    0xf3, 0x0, 0x0, 0x5, 0xbd, 0xff, 0xd9, 0x30,
    0x4f, 0xff, 0x30, 0x0, 0x2d, 0xff, 0xff, 0xff,
    0xff, 0x94, 0xff, 0xf3, 0x0, 0x3f, 0xff, 0xff,
    0xff, 0xff, 0xff, 0xff, 0xff, 0x30, 0xd, 0xff,
    0xfd, 0x62, 0x12, 0x6d, 0xff, 0xff, 0xf3, 0x8,
    0xff, 0xfb, 0x0, 0x0, 0x0, 0xb, 0xff, 0xff,
    0x30, 0xdf, 0xfe, 0x0, 0x0, 0x0, 0x0, 0xe,
    0xff, 0xf3, 0x1f, 0xff, 0x80, 0x0, 0x0, 0x0,
    0x0, 0x8f, 0xff, 0x33, 0xff, 0xf5, 0x0, 0x0,
    0x0, 0x0, 0x5, 0xff, 0xf3, 0x3f, 0xff, 0x40,
    0x0, 0x0, 0x0, 0x0, 0x4f, 0xff, 0x33, 0xff,
    0xf5, 0x0, 0x0, 0x0, 0x0, 0x5, 0xff, 0xf3,
    0x1f, 0xff, 0x80, 0x0, 0x0, 0x0, 0x0, 0x8f,
    0xff, 0x30, 0xdf, 0xfe, 0x0, 0x0, 0x0, 0x0,
    0xe, 0xff, 0xf3, 0x8, 0xff, 0xfb, 0x0, 0x0,
    0x0, 0xa, 0xff, 0xff, 0x30, 0x1d, 0xff, 0xfd,
    0x51, 0x1, 0x5d, 0xff, 0xff, 0xf3, 0x0, 0x3f,
    0xff, 0xff, 0xff, 0xff, 0xfd, 0x4f, 0xff, 0x30,
    0x0, 0x2d, 0xff, 0xff, 0xff, 0xfd, 0x13, 0xff,
    0xf3, 0x0, 0x0, 0x5, 0xbe, 0xff, 0xc7, 0x0,
    0x3f, 0xff, 0x30,

    /* U+0065 "e" */
    0x0, 0x0, 0x4, 0xad, 0xff, 0xdb, 0x50, 0x0,
    0x0, 0x0, 0x1, 0xcf, 0xff, 0xff, 0xff, 0xfd,
    0x30, 0x0, 0x0, 0x2e, 0xff, 0xff, 0xff, 0xff,
    0xff, 0xf4, 0x0, 0x0, 0xdf, 0xff, 0xa4, 0x11,
    0x38, 0xff, 0xfe, 0x10, 0x7, 0xff, 0xf5, 0x0,
    0x0, 0x0, 0x2f, 0xff, 0x90, 0xd, 0xff, 0xb0,
    0x0, 0x0, 0x0, 0x8, 0xff, 0xe0, 0x1f, 0xff,
    0xca, 0xaa, 0xaa, 0xaa, 0xac, 0xff, 0xf1, 0x3f,
    0xff, 0xff, 0xff, 0xff, 0xff, 0xff, 0xff, 0xf3,
    0x3f, 0xff, 0xff, 0xff, 0xff, 0xff, 0xff, 0xff,
    0xf3, 0x3f, 0xff, 0x60, 0x0, 0x0, 0x0, 0x0,
    0x0, 0x0, 0x1f, 0xff, 0x90, 0x0, 0x0, 0x0,
    0x0, 0x0, 0x0, 0xd, 0xff, 0xe0, 0x0, 0x0,
    0x0, 0x7, 0xa2, 0x0, 0x7, 0xff, 0xfb, 0x0,
    0x0, 0x0, 0x3f, 0xff, 0x70, 0x0, 0xcf, 0xff,
    0xd5, 0x10, 0x27, 0xff, 0xff, 0x20, 0x0, 0x2e,
    0xff, 0xff, 0xff, 0xff, 0xff, 0xf5, 0x0, 0x0,
    0x1, 0xbf, 0xff, 0xff, 0xff, 0xfe, 0x50, 0x0,
    0x0, 0x0, 0x4, 0xad, 0xff, 0xec, 0x71, 0x0,
    0x0,

    /* U+0066 "f" */
    0x0, 0x0, 0x0, 0x2b, 0xef, 0xff, 0xf4, 0x0,
    0x0, 0x1, 0xef, 0xff, 0xff, 0xf4, 0x0, 0x0,
    0x5, 0xff, 0xff, 0xee, 0xe4, 0x0, 0x0, 0x6,
    0xff, 0xf3, 0x0, 0x0, 0x0, 0x0, 0x6, 0xff,
    0xf1, 0x0, 0x0, 0x0, 0x0, 0x6, 0xff, 0xf1,
    0x0, 0x0, 0x1f, 0xff, 0xff, 0xff, 0xff, 0xff,
    0xff, 0x1f, 0xff, 0xff, 0xff, 0xff, 0xff, 0xff,
    0x1e, 0xee, 0xef, 0xff, 0xfe, 0xee, 0xed, 0x0,
    0x0, 0x6, 0xff, 0xf1, 0x0, 0x0, 0x0, 0x0,
    0x6, 0xff, 0xf1, 0x0, 0x0, 0x0, 0x0, 0x6,
    0xff, 0xf1, 0x0, 0x0, 0x0, 0x0, 0x6, 0xff,
    0xf1, 0x0, 0x0, 0x0, 0x0, 0x6, 0xff, 0xf1,
    0x0, 0x0, 0x0, 0x0, 0x6, 0xff, 0xf1, 0x0,
    0x0, 0x0, 0x0, 0x6, 0xff, 0xf1, 0x0, 0x0,
    0x0, 0x0, 0x6, 0xff, 0xf1, 0x0, 0x0, 0x0,
    0x0, 0x6, 0xff, 0xf1, 0x0, 0x0, 0x0, 0x0,
    0x6, 0xff, 0xf1, 0x0, 0x0, 0x0, 0x0, 0x6,
    0xff, 0xf1, 0x0, 0x0, 0x0, 0x0, 0x6, 0xff,
    0xf1, 0x0, 0x0, 0x0, 0x0, 0x6, 0xff, 0xf1,
    0x0, 0x0, 0x0, 0x0, 0x6, 0xff, 0xf1, 0x0,
    0x0,

    /* U+0067 "g" */
    0x0, 0x0, 0x5, 0xbd, 0xff, 0xc7, 0x0, 0x3f,
    0xff, 0x20, 0x0, 0x2d, 0xff, 0xff, 0xff, 0xfd,
    0x13, 0xff, 0xf2, 0x0, 0x2f, 0xff, 0xff, 0xff,
    0xff, 0xfd, 0x4f, 0xff, 0x20, 0xd, 0xff, 0xfd,
    0x62, 0x12, 0x6d, 0xff, 0xff, 0xf2, 0x7, 0xff,
    0xfb, 0x0, 0x0, 0x0, 0xa, 0xff, 0xff, 0x20,
    0xdf, 0xfe, 0x0, 0x0, 0x0, 0x0, 0xe, 0xff,
    0xf2, 0x1f, 0xff, 0x90, 0x0, 0x0, 0x0, 0x0,
    0x8f, 0xff, 0x23, 0xff, 0xf5, 0x0, 0x0, 0x0,
    0x0, 0x5, 0xff, 0xf2, 0x3f, 0xff, 0x40, 0x0,
    0x0, 0x0, 0x0, 0x4f, 0xff, 0x23, 0xff, 0xf5,
    0x0, 0x0, 0x0, 0x0, 0x5, 0xff, 0xf2, 0x1f,
    0xff, 0x80, 0x0, 0x0, 0x0, 0x0, 0x8f, 0xff,
    0x20, 0xdf, 0xfe, 0x0, 0x0, 0x0, 0x0, 0xe,
    0xff, 0xf2, 0x8, 0xff, 0xfb, 0x0, 0x0, 0x0,
    0xb, 0xff, 0xff, 0x20, 0x1e, 0xff, 0xfd, 0x61,
    0x1, 0x5d, 0xff, 0xff, 0xf2, 0x0, 0x3f, 0xff,
    0xff, 0xff, 0xff, 0xff, 0xbf, 0xff, 0x20, 0x0,
    0x3d, 0xff, 0xff, 0xff, 0xff, 0x54, 0xff, 0xf2,
    0x0, 0x0, 0x5, 0xbe, 0xff, 0xd8, 0x20, 0x4f,
    0xff, 0x20, 0x0, 0x0, 0x0, 0x0, 0x0, 0x0,
    0x4, 0xff, 0xf2, 0x0, 0x0, 0x0, 0x0, 0x0,
    0x0, 0x0, 0x4f, 0xff, 0x20, 0x0, 0x0, 0x0,
    0x0, 0x0, 0x0, 0x4, 0xff, 0xf2, 0x0, 0x0,
    0x0, 0x0, 0x0, 0x0, 0x0, 0x7f, 0xff, 0x20,
    0x0, 0x7f, 0xff, 0xff, 0xff, 0xff, 0xff, 0xff,
    0xf0, 0x0, 0x7, 0xff, 0xff, 0xff, 0xff, 0xff,
    0xff, 0xf9, 0x0, 0x0, 0x7f, 0xff, 0xff, 0xff,
    0xff, 0xff, 0xe8, 0x0,

    /* U+0068 "h" */
    0x6f, 0xff, 0x10, 0x0, 0x0, 0x0, 0x0, 0x0,
    0x6, 0xff, 0xf1, 0x0, 0x0, 0x0, 0x0, 0x0,
    0x0, 0x6f, 0xff, 0x10, 0x0, 0x0, 0x0, 0x0,
    0x0, 0x6, 0xff, 0xf1, 0x0, 0x0, 0x0, 0x0,
    0x0, 0x0, 0x6f, 0xff, 0x10, 0x0, 0x0, 0x0,
    0x0, 0x0, 0x6, 0xff, 0xf1, 0x0, 0x0, 0x0,
    0x0, 0x0, 0x0, 0x6f, 0xff, 0x10, 0x3a, 0xef,
    0xec, 0x71, 0x0, 0x6, 0xff, 0xf1, 0x7f, 0xff,
    0xff, 0xff, 0xe3, 0x0, 0x6f, 0xff, 0x8f, 0xff,
    0xff, 0xff, 0xff, 0xf2, 0x6, 0xff, 0xff, 0xf8,
    0x20, 0x3, 0xbf, 0xff, 0xb0, 0x6f, 0xff, 0xf5,
    0x0, 0x0, 0x0, 0xbf, 0xff, 0x16, 0xff, 0xfb,
    0x0, 0x0, 0x0, 0x4, 0xff, 0xf4, 0x6f, 0xff,
    0x50, 0x0, 0x0, 0x0, 0x1f, 0xff, 0x66, 0xff,
    0xf2, 0x0, 0x0, 0x0, 0x0, 0xff, 0xf7, 0x6f,
    0xff, 0x10, 0x0, 0x0, 0x0, 0xf, 0xff, 0x76,
    0xff, 0xf1, 0x0, 0x0, 0x0, 0x0, 0xff, 0xf7,
    0x6f, 0xff, 0x10, 0x0, 0x0, 0x0, 0xf, 0xff,
    0x76, 0xff, 0xf1, 0x0, 0x0, 0x0, 0x0, 0xff,
    0xf7, 0x6f, 0xff, 0x10, 0x0, 0x0, 0x0, 0xf,
    0xff, 0x76, 0xff, 0xf1, 0x0, 0x0, 0x0, 0x0,
    0xff, 0xf7, 0x6f, 0xff, 0x10, 0x0, 0x0, 0x0,
    0xf, 0xff, 0x76, 0xff, 0xf1, 0x0, 0x0, 0x0,
    0x0, 0xff, 0xf7, 0x6f, 0xff, 0x10, 0x0, 0x0,
    0x0, 0xf, 0xff, 0x70,

    /* U+0069 "i" */
    0x3, 0xdf, 0xb1, 0xd, 0xff, 0xf9, 0xf, 0xff,
    0xfb, 0xb, 0xff, 0xf6, 0x0, 0x8a, 0x60, 0x0,
    0x0, 0x0, 0x6, 0xff, 0xf1, 0x6, 0xff, 0xf1,
    0x6, 0xff, 0xf1, 0x6, 0xff, 0xf1, 0x6, 0xff,
    0xf1, 0x6, 0xff, 0xf1, 0x6, 0xff, 0xf1, 0x6,
    0xff, 0xf1, 0x6, 0xff, 0xf1, 0x6, 0xff, 0xf1,
    0x6, 0xff, 0xf1, 0x6, 0xff, 0xf1, 0x6, 0xff,
    0xf1, 0x6, 0xff, 0xf1, 0x6, 0xff, 0xf1, 0x6,
    0xff, 0xf1, 0x6, 0xff, 0xf1,

    /* U+006A "j" */
    0x0, 0x2, 0xcf, 0xb1, 0x0, 0xc, 0xff, 0xfa,
    0x0, 0xf, 0xff, 0xfc, 0x0, 0xa, 0xff, 0xf7,
    0x0, 0x0, 0x7a, 0x60, 0x0, 0x0, 0x0, 0x0,
    0x0, 0x5, 0xff, 0xf2, 0x0, 0x5, 0xff, 0xf2,
    0x0, 0x5, 0xff, 0xf2, 0x0, 0x5, 0xff, 0xf2,
    0x0, 0x5, 0xff, 0xf2, 0x0, 0x5, 0xff, 0xf2,
    0x0, 0x5, 0xff, 0xf2, 0x0, 0x5, 0xff, 0xf2,
    0x0, 0x5, 0xff, 0xf2, 0x0, 0x5, 0xff, 0xf2,
    0x0, 0x5, 0xff, 0xf2, 0x0, 0x5, 0xff, 0xf2,
    0x0, 0x5, 0xff, 0xf2, 0x0, 0x5, 0xff, 0xf2,
    0x0, 0x5, 0xff, 0xf2, 0x0, 0x5, 0xff, 0xf2,
    0x0, 0x5, 0xff, 0xf2, 0x0, 0x5, 0xff, 0xf2,
    0x0, 0x5, 0xff, 0xf2, 0x0, 0x5, 0xff, 0xf2,
    0x0, 0x8, 0xff, 0xf2, 0x9f, 0xff, 0xff, 0xf0,
    0x9f, 0xff, 0xff, 0x90, 0x9f, 0xff, 0xe8, 0x0,

    /* U+006B "k" */
    0x6f, 0xff, 0x10, 0x0, 0x0, 0x0, 0x0, 0x0,
    0x6, 0xff, 0xf1, 0x0, 0x0, 0x0, 0x0, 0x0,
    0x0, 0x6f, 0xff, 0x10, 0x0, 0x0, 0x0, 0x0,
    0x0, 0x6, 0xff, 0xf1, 0x0, 0x0, 0x0, 0x0,
    0x0, 0x0, 0x6f, 0xff, 0x10, 0x0, 0x0, 0x0,
    0x0, 0x0, 0x6, 0xff, 0xf1, 0x0, 0x0, 0x0,
    0x0, 0x0, 0x0, 0x6f, 0xff, 0x10, 0x0, 0x0,
    0x4f, 0xff, 0xf6, 0x6, 0xff, 0xf1, 0x0, 0x0,
    0x3f, 0xff, 0xf6, 0x0, 0x6f, 0xff, 0x10, 0x0,
    0x3f, 0xff, 0xf6, 0x0, 0x6, 0xff, 0xf1, 0x0,
    0x2e, 0xff, 0xf6, 0x0, 0x0, 0x6f, 0xff, 0x10,
    0x2e, 0xff, 0xf7, 0x0, 0x0, 0x6, 0xff, 0xf1,
    0x1d, 0xff, 0xf7, 0x0, 0x0, 0x0, 0x6f, 0xff,
    0x2d, 0xff, 0xf7, 0x0, 0x0, 0x0, 0x6, 0xff,
    0xff, 0xff, 0xf7, 0x0, 0x0, 0x0, 0x0, 0x6f,
    0xff, 0xff, 0xfa, 0x0, 0x0, 0x0, 0x0, 0x6,
    0xff, 0xff, 0xff, 0xf6, 0x0, 0x0, 0x0, 0x0,
    0x6f, 0xff, 0x5e, 0xff, 0xf6, 0x0, 0x0, 0x0,
    0x6, 0xff, 0xf1, 0x2e, 0xff, 0xf7, 0x0, 0x0,
    0x0, 0x6f, 0xff, 0x10, 0x2e, 0xff, 0xf7, 0x0,
    0x0, 0x6, 0xff, 0xf1, 0x0, 0x2e, 0xff, 0xf8,
    0x0, 0x0, 0x6f, 0xff, 0x10, 0x0, 0x2e, 0xff,
    0xf8, 0x0, 0x6, 0xff, 0xf1, 0x0, 0x0, 0x2d,
    0xff, 0xf9, 0x0, 0x6f, 0xff, 0x10, 0x0, 0x0,
    0x1d, 0xff, 0xf9, 0x0,

    /* U+006C "l" */
    0x6f, 0xff, 0x16, 0xff, 0xf1, 0x6f, 0xff, 0x16,
    0xff, 0xf1, 0x6f, 0xff, 0x16, 0xff, 0xf1, 0x6f,
    0xff, 0x16, 0xff, 0xf1, 0x6f, 0xff, 0x16, 0xff,
    0xf1, 0x6f, 0xff, 0x16, 0xff, 0xf1, 0x6f, 0xff,
    0x16, 0xff, 0xf1, 0x6f, 0xff, 0x16, 0xff, 0xf1,
    0x6f, 0xff, 0x16, 0xff, 0xf1, 0x6f, 0xff, 0x16,
    0xff, 0xf1, 0x6f, 0xff, 0x16, 0xff, 0xf1, 0x6f,
    0xff, 0x10,

    /* U+006D "m" */
    0x6f, 0xff, 0x0, 0x7d, 0xfe, 0xc6, 0x0, 0x0,
    0x7d, 0xef, 0xd7, 0x0, 0x6, 0xff, 0xf0, 0xcf,
    0xff, 0xff, 0xfa, 0x0, 0xcf, 0xff, 0xff, 0xfd,
    0x20, 0x6f, 0xff, 0xcf, 0xfe, 0xff, 0xff, 0xf7,
    0x9f, 0xff, 0xff, 0xff, 0xfc, 0x6, 0xff, 0xff,
    0x91, 0x0, 0x6f, 0xff, 0xff, 0xc3, 0x0, 0x3d,
    0xff, 0xf4, 0x6f, 0xff, 0xc0, 0x0, 0x0, 0x7f,
    0xff, 0xf1, 0x0, 0x0, 0x3f, 0xff, 0x86, 0xff,
    0xf5, 0x0, 0x0, 0x3, 0xff, 0xf9, 0x0, 0x0,
    0x0, 0xef, 0xfa, 0x6f, 0xff, 0x20, 0x0, 0x0,
    0x1f, 0xff, 0x70, 0x0, 0x0, 0xd, 0xff, 0xb6,
    0xff, 0xf1, 0x0, 0x0, 0x1, 0xff, 0xf6, 0x0,
    0x0, 0x0, 0xdf, 0xfb, 0x6f, 0xff, 0x10, 0x0,
    0x0, 0x1f, 0xff, 0x60, 0x0, 0x0, 0xd, 0xff,
    0xb6, 0xff, 0xf1, 0x0, 0x0, 0x1, 0xff, 0xf6,
    0x0, 0x0, 0x0, 0xdf, 0xfb, 0x6f, 0xff, 0x10,
    0x0, 0x0, 0x1f, 0xff, 0x60, 0x0, 0x0, 0xd,
    0xff, 0xb6, 0xff, 0xf1, 0x0, 0x0, 0x1, 0xff,
    0xf6, 0x0, 0x0, 0x0, 0xdf, 0xfb, 0x6f, 0xff,
    0x10, 0x0, 0x0, 0x1f, 0xff, 0x60, 0x0, 0x0,
    0xd, 0xff, 0xb6, 0xff, 0xf1, 0x0, 0x0, 0x1,
    0xff, 0xf6, 0x0, 0x0, 0x0, 0xdf, 0xfb, 0x6f,
    0xff, 0x10, 0x0, 0x0, 0x1f, 0xff, 0x60, 0x0,
    0x0, 0xd, 0xff, 0xb6, 0xff, 0xf1, 0x0, 0x0,
    0x1, 0xff, 0xf6, 0x0, 0x0, 0x0, 0xdf, 0xfb,
    0x6f, 0xff, 0x10, 0x0, 0x0, 0x1f, 0xff, 0x60,
    0x0, 0x0, 0xd, 0xff, 0xb0,

    /* U+006E "n" */
    0x6f, 0xff, 0x0, 0x4b, 0xef, 0xec, 0x71, 0x0,
    0x6, 0xff, 0xf0, 0x7f, 0xff, 0xff, 0xff, 0xe3,
    0x0, 0x6f, 0xff, 0x6f, 0xff, 0xff, 0xff, 0xff,
    0xf2, 0x6, 0xff, 0xff, 0xf8, 0x20, 0x3, 0xbf,
    0xff, 0xb0, 0x6f, 0xff, 0xf5, 0x0, 0x0, 0x0,
    0xbf, 0xff, 0x16, 0xff, 0xfb, 0x0, 0x0, 0x0,
    0x4, 0xff, 0xf4, 0x6f, 0xff, 0x50, 0x0, 0x0,
    0x0, 0x1f, 0xff, 0x66, 0xff, 0xf2, 0x0, 0x0,
    0x0, 0x0, 0xff, 0xf7, 0x6f, 0xff, 0x10, 0x0,
    0x0, 0x0, 0xf, 0xff, 0x76, 0xff, 0xf1, 0x0,
    0x0, 0x0, 0x0, 0xff, 0xf7, 0x6f, 0xff, 0x10,
    0x0, 0x0, 0x0, 0xf, 0xff, 0x76, 0xff, 0xf1,
    0x0, 0x0, 0x0, 0x0, 0xff, 0xf7, 0x6f, 0xff,
    0x10, 0x0, 0x0, 0x0, 0xf, 0xff, 0x76, 0xff,
    0xf1, 0x0, 0x0, 0x0, 0x0, 0xff, 0xf7, 0x6f,
    0xff, 0x10, 0x0, 0x0, 0x0, 0xf, 0xff, 0x76,
    0xff, 0xf1, 0x0, 0x0, 0x0, 0x0, 0xff, 0xf7,
    0x6f, 0xff, 0x10, 0x0, 0x0, 0x0, 0xf, 0xff,
    0x70,

    /* U+006F "o" */
    0x0, 0x0, 0x3, 0x9d, 0xff, 0xec, 0x82, 0x0,
    0x0, 0x0, 0x0, 0x1a, 0xff, 0xff, 0xff, 0xff,
    0xf9, 0x0, 0x0, 0x0, 0x1e, 0xff, 0xff, 0xff,
    0xff, 0xff, 0xfd, 0x0, 0x0, 0xc, 0xff, 0xfd,
    0x62, 0x12, 0x7e, 0xff, 0xfb, 0x0, 0x6, 0xff,
    0xfb, 0x0, 0x0, 0x0, 0x1c, 0xff, 0xf5, 0x0,
    0xdf, 0xfe, 0x0, 0x0, 0x0, 0x0, 0x1f, 0xff,
    0xb0, 0x1f, 0xff, 0x80, 0x0, 0x0, 0x0, 0x0,
    0xaf, 0xff, 0x3, 0xff, 0xf5, 0x0, 0x0, 0x0,
    0x0, 0x6, 0xff, 0xf1, 0x3f, 0xff, 0x40, 0x0,
    0x0, 0x0, 0x0, 0x5f, 0xff, 0x23, 0xff, 0xf5,
    0x0, 0x0, 0x0, 0x0, 0x6, 0xff, 0xf1, 0x1f,
    0xff, 0x80, 0x0, 0x0, 0x0, 0x0, 0xaf, 0xff,
    0x0, 0xdf, 0xfe, 0x0, 0x0, 0x0, 0x0, 0x1f,
    0xff, 0xb0, 0x7, 0xff, 0xfb, 0x0, 0x0, 0x0,
    0x1c, 0xff, 0xf5, 0x0, 0xc, 0xff, 0xfd, 0x62,
    0x12, 0x7e, 0xff, 0xfb, 0x0, 0x0, 0x1e, 0xff,
    0xff, 0xff, 0xff, 0xff, 0xfd, 0x10, 0x0, 0x0,
    0x1b, 0xff, 0xff, 0xff, 0xff, 0xf9, 0x0, 0x0,
    0x0, 0x0, 0x3, 0x8c, 0xef, 0xec, 0x82, 0x0,
    0x0, 0x0,

    /* U+0070 "p" */
    0x6f, 0xff, 0x0, 0x18, 0xdf, 0xfd, 0xa4, 0x0,
    0x0, 0x6, 0xff, 0xf0, 0x3e, 0xff, 0xff, 0xff,
    0xfb, 0x10, 0x0, 0x6f, 0xff, 0x1e, 0xff, 0xff,
    0xff, 0xff, 0xfd, 0x10, 0x6, 0xff, 0xff, 0xfc,
    0x51, 0x13, 0x7e, 0xff, 0xfb, 0x0, 0x6f, 0xff,
    0xf8, 0x0, 0x0, 0x0, 0x2d, 0xff, 0xf4, 0x6,
    0xff, 0xfb, 0x0, 0x0, 0x0, 0x0, 0x3f, 0xff,
    0xa0, 0x6f, 0xff, 0x40, 0x0, 0x0, 0x0, 0x0,
    0xcf, 0xfe, 0x6, 0xff, 0xf1, 0x0, 0x0, 0x0,
    0x0, 0x9, 0xff, 0xf0, 0x6f, 0xff, 0x0, 0x0,
    0x0, 0x0, 0x0, 0x8f, 0xff, 0x6, 0xff, 0xf1,
    0x0, 0x0, 0x0, 0x0, 0x9, 0xff, 0xf0, 0x6f,
    0xff, 0x40, 0x0, 0x0, 0x0, 0x0, 0xcf, 0xfe,
    0x6, 0xff, 0xfb, 0x0, 0x0, 0x0, 0x0, 0x2f,
    0xff, 0xa0, 0x6f, 0xff, 0xf7, 0x0, 0x0, 0x0,
    0x1d, 0xff, 0xf4, 0x6, 0xff, 0xff, 0xfb, 0x41,
    0x2, 0x7e, 0xff, 0xfb, 0x0, 0x6f, 0xff, 0xff,
    0xff, 0xff, 0xff, 0xff, 0xfe, 0x10, 0x6, 0xff,
    0xf2, 0xcf, 0xff, 0xff, 0xff, 0xfb, 0x10, 0x0,
    0x6f, 0xff, 0x10, 0x5a, 0xef, 0xfd, 0xa4, 0x0,
    0x0, 0x6, 0xff, 0xf1, 0x0, 0x0, 0x0, 0x0,
    0x0, 0x0, 0x0, 0x6f, 0xff, 0x10, 0x0, 0x0,
    0x0, 0x0, 0x0, 0x0, 0x6, 0xff, 0xf1, 0x0,
    0x0, 0x0, 0x0, 0x0, 0x0, 0x0, 0x6f, 0xff,
    0x10, 0x0, 0x0, 0x0, 0x0, 0x0, 0x0, 0x6,
    0xff, 0xf1, 0x0, 0x0, 0x0, 0x0, 0x0, 0x0,
    0x0, 0x6f, 0xff, 0x10, 0x0, 0x0, 0x0, 0x0,
    0x0, 0x0, 0x6, 0xff, 0xf1, 0x0, 0x0, 0x0,
    0x0, 0x0, 0x0, 0x0,

    /* U+0071 "q" */
    0x0, 0x0, 0x5, 0xbd, 0xff, 0xc7, 0x0, 0x3f,
    0xff, 0x30, 0x0, 0x2d, 0xff, 0xff, 0xff, 0xfc,
    0x13, 0xff, 0xf3, 0x0, 0x3f, 0xff, 0xff, 0xff,
    0xff, 0xfc, 0x3f, 0xff, 0x30, 0xd, 0xff, 0xfd,
    0x62, 0x12, 0x6d, 0xff, 0xff, 0xf3, 0x8, 0xff,
    0xfb, 0x0, 0x0, 0x0, 0xb, 0xff, 0xff, 0x30,
    0xdf, 0xfe, 0x0, 0x0, 0x0, 0x0, 0xe, 0xff,
    0xf3, 0x1f, 0xff, 0x80, 0x0, 0x0, 0x0, 0x0,
    0x8f, 0xff, 0x33, 0xff, 0xf5, 0x0, 0x0, 0x0,
    0x0, 0x5, 0xff, 0xf3, 0x3f, 0xff, 0x40, 0x0,
    0x0, 0x0, 0x0, 0x4f, 0xff, 0x33, 0xff, 0xf5,
    0x0, 0x0, 0x0, 0x0, 0x5, 0xff, 0xf3, 0x1f,
    0xff, 0x80, 0x0, 0x0, 0x0, 0x0, 0x8f, 0xff,
    0x30, 0xdf, 0xfe, 0x0, 0x0, 0x0, 0x0, 0xe,
    0xff, 0xf3, 0x8, 0xff, 0xfb, 0x0, 0x0, 0x0,
    0xa, 0xff, 0xff, 0x30, 0x1e, 0xff, 0xfd, 0x51,
    0x1, 0x5c, 0xff, 0xff, 0xf3, 0x0, 0x3f, 0xff,
    0xff, 0xff, 0xff, 0xff, 0xff, 0xff, 0x30, 0x0,
    0x3d, 0xff, 0xff, 0xff, 0xff, 0xa4, 0xff, 0xf3,
    0x0, 0x0, 0x5, 0xbe, 0xff, 0xd9, 0x30, 0x4f,
    0xff, 0x30, 0x0, 0x0, 0x0, 0x0, 0x0, 0x0,
    0x4, 0xff, 0xf3, 0x0, 0x0, 0x0, 0x0, 0x0,
    0x0, 0x0, 0x4f, 0xff, 0x30, 0x0, 0x0, 0x0,
    0x0, 0x0, 0x0, 0x4, 0xff, 0xf3, 0x0, 0x0,
    0x0, 0x0, 0x0, 0x0, 0x0, 0x4f, 0xff, 0x30,
    0x0, 0x0, 0x0, 0x0, 0x0, 0x0, 0x4, 0xff,
    0xf3, 0x0, 0x0, 0x0, 0x0, 0x0, 0x0, 0x0,
    0x4f, 0xff, 0x30, 0x0, 0x0, 0x0, 0x0, 0x0,
    0x0, 0x4, 0xff, 0xf3,

    /* U+0072 "r" */
    0x6f, 0xff, 0x4, 0xcf, 0xff, 0x16, 0xff, 0xf3,
    0xff, 0xff, 0xf1, 0x6f, 0xff, 0xff, 0xff, 0xff,
    0x16, 0xff, 0xff, 0xc4, 0x10, 0x0, 0x6f, 0xff,
    0xc0, 0x0, 0x0, 0x6, 0xff, 0xf4, 0x0, 0x0,
    0x0, 0x6f, 0xff, 0x20, 0x0, 0x0, 0x6, 0xff,
    0xf1, 0x0, 0x0, 0x0, 0x6f, 0xff, 0x10, 0x0,
    0x0, 0x6, 0xff, 0xf1, 0x0, 0x0, 0x0, 0x6f,
    0xff, 0x10, 0x0, 0x0, 0x6, 0xff, 0xf1, 0x0,
    0x0, 0x0, 0x6f, 0xff, 0x10, 0x0, 0x0, 0x6,
    0xff, 0xf1, 0x0, 0x0, 0x0, 0x6f, 0xff, 0x10,
    0x0, 0x0, 0x6, 0xff, 0xf1, 0x0, 0x0, 0x0,
    0x6f, 0xff, 0x10, 0x0, 0x0, 0x0,

    /* U+0073 "s" */
    0x0, 0x1, 0x7c, 0xef, 0xfd, 0x93, 0x0, 0x0,
    0x0, 0x4e, 0xff, 0xff, 0xff, 0xff, 0xa0, 0x0,
    0x2, 0xff, 0xff, 0xfd, 0xef, 0xff, 0xfb, 0x0,
    0x8, 0xff, 0xf6, 0x0, 0x2, 0xbf, 0xff, 0x50,
    0xa, 0xff, 0xb0, 0x0, 0x0, 0xe, 0xfe, 0x70,
    0x9, 0xff, 0xe0, 0x0, 0x0, 0x3, 0x20, 0x0,
    0x5, 0xff, 0xfd, 0x73, 0x0, 0x0, 0x0, 0x0,
    0x0, 0xaf, 0xff, 0xff, 0xfd, 0x95, 0x0, 0x0,
    0x0, 0x6, 0xdf, 0xff, 0xff, 0xff, 0xe7, 0x0,
    0x0, 0x0, 0x3, 0x7a, 0xdf, 0xff, 0xff, 0x80,
    0x0, 0x2, 0x0, 0x0, 0x0, 0x5e, 0xff, 0xf1,
    0x3c, 0xff, 0x10, 0x0, 0x0, 0x3, 0xff, 0xf4,
    0x2f, 0xff, 0x80, 0x0, 0x0, 0x3, 0xff, 0xf4,
    0xb, 0xff, 0xf8, 0x10, 0x0, 0x2d, 0xff, 0xf1,
    0x2, 0xef, 0xff, 0xfd, 0xce, 0xff, 0xff, 0x90,
    0x0, 0x2c, 0xff, 0xff, 0xff, 0xff, 0xf9, 0x0,
    0x0, 0x0, 0x4a, 0xdf, 0xff, 0xd9, 0x30, 0x0,

    /* U+0074 "t" */
    0x0, 0x0, 0x7, 0xff, 0xf0, 0x0, 0x0, 0x0,
    0x0, 0x0, 0x7f, 0xff, 0x0, 0x0, 0x0, 0x0,
    0x0, 0x7, 0xff, 0xf0, 0x0, 0x0, 0x0, 0x0,
    0x0, 0x7f, 0xff, 0x0, 0x0, 0x0, 0x0, 0x0,
    0x7, 0xff, 0xf0, 0x0, 0x0, 0x1, 0xff, 0xff,
    0xff, 0xff, 0xff, 0xff, 0xf0, 0x1f, 0xff, 0xff,
    0xff, 0xff, 0xff, 0xff, 0x1, 0xee, 0xee, 0xff,
    0xff, 0xee, 0xee, 0xe0, 0x0, 0x0, 0x7, 0xff,
    0xf0, 0x0, 0x0, 0x0, 0x0, 0x0, 0x7f, 0xff,
    0x0, 0x0, 0x0, 0x0, 0x0, 0x7, 0xff, 0xf0,
    0x0, 0x0, 0x0, 0x0, 0x0, 0x7f, 0xff, 0x0,
    0x0, 0x0, 0x0, 0x0, 0x7, 0xff, 0xf0, 0x0,
    0x0, 0x0, 0x0, 0x0, 0x7f, 0xff, 0x0, 0x0,
    0x0, 0x0, 0x0, 0x7, 0xff, 0xf0, 0x0, 0x0,
    0x0, 0x0, 0x0, 0x7f, 0xff, 0x0, 0x0, 0x0,
    0x0, 0x0, 0x7, 0xff, 0xf0, 0x0, 0x0, 0x0,
    0x0, 0x0, 0x7f, 0xff, 0x0, 0x0, 0x0, 0x0,
    0x0, 0x7, 0xff, 0xf2, 0x0, 0x0, 0x0, 0x0,
    0x0, 0x4f, 0xff, 0xfe, 0xee, 0x70, 0x0, 0x0,
    0x0, 0xdf, 0xff, 0xff, 0xf8, 0x0, 0x0, 0x0,
    0x2, 0xbe, 0xff, 0xff, 0x80,

    /* U+0075 "u" */
    0x9f, 0xfe, 0x0, 0x0, 0x0, 0x0, 0x3f, 0xff,
    0x49, 0xff, 0xe0, 0x0, 0x0, 0x0, 0x3, 0xff,
    0xf4, 0x9f, 0xfe, 0x0, 0x0, 0x0, 0x0, 0x3f,
    0xff, 0x49, 0xff, 0xe0, 0x0, 0x0, 0x0, 0x3,
    0xff, 0xf4, 0x9f, 0xfe, 0x0, 0x0, 0x0, 0x0,
    0x3f, 0xff, 0x49, 0xff, 0xe0, 0x0, 0x0, 0x0,
    0x3, 0xff, 0xf4, 0x9f, 0xfe, 0x0, 0x0, 0x0,
    0x0, 0x3f, 0xff, 0x49, 0xff, 0xe0, 0x0, 0x0,
    0x0, 0x3, 0xff, 0xf4, 0x9f, 0xfe, 0x0, 0x0,
    0x0, 0x0, 0x3f, 0xff, 0x49, 0xff, 0xe0, 0x0,
    0x0, 0x0, 0x4, 0xff, 0xf4, 0x8f, 0xff, 0x0,
    0x0, 0x0, 0x0, 0x7f, 0xff, 0x47, 0xff, 0xf2,
    0x0, 0x0, 0x0, 0xc, 0xff, 0xf4, 0x3f, 0xff,
    0x90, 0x0, 0x0, 0x7, 0xff, 0xff, 0x40, 0xdf,
    0xff, 0xa2, 0x0, 0x29, 0xff, 0xff, 0xf4, 0x3,
    0xff, 0xff, 0xff, 0xff, 0xff, 0x6f, 0xff, 0x40,
    0x4, 0xff, 0xff, 0xff, 0xff, 0x52, 0xff, 0xf4,
    0x0, 0x1, 0x8d, 0xff, 0xea, 0x30, 0x2f, 0xff,
    0x40,

    /* U+0076 "v" */
    0xf, 0xff, 0xa0, 0x0, 0x0, 0x0, 0x3, 0xff,
    0xf8, 0xb, 0xff, 0xf0, 0x0, 0x0, 0x0, 0x7,
    0xff, 0xf2, 0x5, 0xff, 0xf4, 0x0, 0x0, 0x0,
    0xc, 0xff, 0xd0, 0x0, 0xff, 0xf9, 0x0, 0x0,
    0x0, 0x1f, 0xff, 0x80, 0x0, 0xbf, 0xfe, 0x0,
    0x0, 0x0, 0x6f, 0xff, 0x30, 0x0, 0x5f, 0xff,
    0x30, 0x0, 0x0, 0xbf, 0xfd, 0x0, 0x0, 0xf,
    0xff, 0x80, 0x0, 0x0, 0xff, 0xf8, 0x0, 0x0,
    0xb, 0xff, 0xd0, 0x0, 0x5, 0xff, 0xf3, 0x0,
    0x0, 0x5, 0xff, 0xf2, 0x0, 0xa, 0xff, 0xd0,
    0x0, 0x0, 0x0, 0xff, 0xf7, 0x0, 0xf, 0xff,
    0x80, 0x0, 0x0, 0x0, 0xbf, 0xfb, 0x0, 0x4f,
    0xff, 0x30, 0x0, 0x0, 0x0, 0x5f, 0xff, 0x10,
    0x9f, 0xfd, 0x0, 0x0, 0x0, 0x0, 0x1f, 0xff,
    0x50, 0xef, 0xf8, 0x0, 0x0, 0x0, 0x0, 0xb,
    0xff, 0xa3, 0xff, 0xf3, 0x0, 0x0, 0x0, 0x0,
    0x6, 0xff, 0xfb, 0xff, 0xd0, 0x0, 0x0, 0x0,
    0x0, 0x1, 0xff, 0xff, 0xff, 0x80, 0x0, 0x0,
    0x0, 0x0, 0x0, 0xbf, 0xff, 0xff, 0x30, 0x0,
    0x0,

    /* U+0077 "w" */
    0x5f, 0xff, 0x20, 0x0, 0x7, 0xff, 0xff, 0xf6,
    0x0, 0x0, 0x3f, 0xff, 0x42, 0xff, 0xf4, 0x0,
    0x0, 0xaf, 0xff, 0xff, 0x90, 0x0, 0x5, 0xff,
    0xf1, 0xf, 0xff, 0x60, 0x0, 0xd, 0xff, 0x8f,
    0xfc, 0x0, 0x0, 0x8f, 0xff, 0x0, 0xdf, 0xf9,
    0x0, 0x0, 0xff, 0xf0, 0xff, 0xf0, 0x0, 0xa,
    0xff, 0xc0, 0xa, 0xff, 0xb0, 0x0, 0x4f, 0xfc,
    0xd, 0xff, 0x30, 0x0, 0xcf, 0xf9, 0x0, 0x8f,
    0xfd, 0x0, 0x7, 0xff, 0x90, 0xaf, 0xf6, 0x0,
    0xe, 0xff, 0x70, 0x5, 0xff, 0xf0, 0x0, 0xaf,
    0xf5, 0x7, 0xff, 0x90, 0x1, 0xff, 0xf4, 0x0,
    0x2f, 0xff, 0x20, 0xd, 0xff, 0x20, 0x4f, 0xfc,
    0x0, 0x3f, 0xff, 0x10, 0x0, 0xff, 0xf4, 0x0,
    0xff, 0xf0, 0x0, 0xff, 0xf0, 0x5, 0xff, 0xe0,
    0x0, 0xd, 0xff, 0x60, 0x4f, 0xfc, 0x0, 0xd,
    0xff, 0x20, 0x8f, 0xfc, 0x0, 0x0, 0xaf, 0xf9,
    0x7, 0xff, 0x90, 0x0, 0xaf, 0xf6, 0xa, 0xff,
    0x90, 0x0, 0x8, 0xff, 0xb0, 0xaf, 0xf6, 0x0,
    0x7, 0xff, 0x90, 0xcf, 0xf6, 0x0, 0x0, 0x5f,
    0xfd, 0xd, 0xff, 0x20, 0x0, 0x4f, 0xfc, 0xe,
    0xff, 0x40, 0x0, 0x2, 0xff, 0xf1, 0xff, 0xf0,
    0x0, 0x1, 0xff, 0xf1, 0xff, 0xf1, 0x0, 0x0,
    0xf, 0xff, 0x8f, 0xfc, 0x0, 0x0, 0xd, 0xff,
    0x8f, 0xfe, 0x0, 0x0, 0x0, 0xdf, 0xff, 0xff,
    0x90, 0x0, 0x0, 0xaf, 0xff, 0xff, 0xc0, 0x0,
    0x0, 0xa, 0xff, 0xff, 0xf6, 0x0, 0x0, 0x7,
    0xff, 0xff, 0xf9, 0x0, 0x0,

    /* U+0078 "x" */
    0x5f, 0xff, 0xb0, 0x0, 0x0, 0x0, 0x9, 0xff,
    0xf8, 0xa, 0xff, 0xf6, 0x0, 0x0, 0x0, 0x4f,
    0xff, 0xc0, 0x0, 0xdf, 0xff, 0x20, 0x0, 0x1,
    0xef, 0xff, 0x20, 0x0, 0x3f, 0xff, 0xc0, 0x0,
    0xa, 0xff, 0xf5, 0x0, 0x0, 0x7, 0xff, 0xf7,
    0x0, 0x5f, 0xff, 0x90, 0x0, 0x0, 0x0, 0xcf,
    0xff, 0x21, 0xef, 0xfd, 0x0, 0x0, 0x0, 0x0,
    0x1e, 0xff, 0xdc, 0xff, 0xf3, 0x0, 0x0, 0x0,
    0x0, 0x5, 0xff, 0xff, 0xff, 0x70, 0x0, 0x0,
    0x0, 0x0, 0x0, 0xaf, 0xff, 0xfc, 0x0, 0x0,
    0x0, 0x0, 0x0, 0x2, 0xef, 0xff, 0xff, 0x30,
    0x0, 0x0, 0x0, 0x0, 0xc, 0xff, 0xff, 0xff,
    0xe1, 0x0, 0x0, 0x0, 0x0, 0x9f, 0xff, 0x64,
    0xff, 0xfb, 0x0, 0x0, 0x0, 0x5, 0xff, 0xfa,
    0x0, 0x8f, 0xff, 0x70, 0x0, 0x0, 0x2f, 0xff,
    0xd1, 0x0, 0xc, 0xff, 0xf4, 0x0, 0x0, 0xdf,
    0xff, 0x30, 0x0, 0x2, 0xef, 0xfe, 0x10, 0xa,
    0xff, 0xf7, 0x0, 0x0, 0x0, 0x5f, 0xff, 0xc0,
    0x7f, 0xff, 0xb0, 0x0, 0x0, 0x0, 0x9, 0xff,
    0xf9,

    /* U+0079 "y" */
    0x9f, 0xfe, 0x0, 0x0, 0x0, 0x0, 0x3f, 0xff,
    0x49, 0xff, 0xe0, 0x0, 0x0, 0x0, 0x3, 0xff,
    0xf4, 0x9f, 0xfe, 0x0, 0x0, 0x0, 0x0, 0x3f,
    0xff, 0x49, 0xff, 0xe0, 0x0, 0x0, 0x0, 0x3,
    0xff, 0xf4, 0x9f, 0xfe, 0x0, 0x0, 0x0, 0x0,
    0x3f, 0xff, 0x49, 0xff, 0xe0, 0x0, 0x0, 0x0,
    0x3, 0xff, 0xf4, 0x9f, 0xfe, 0x0, 0x0, 0x0,
    0x0, 0x3f, 0xff, 0x49, 0xff, 0xe0, 0x0, 0x0,
    0x0, 0x3, 0xff, 0xf4, 0x9f, 0xfe, 0x0, 0x0,
    0x0, 0x0, 0x3f, 0xff, 0x49, 0xff, 0xe0, 0x0,
    0x0, 0x0, 0x4, 0xff, 0xf4, 0x8f, 0xff, 0x0,
    0x0, 0x0, 0x0, 0x7f, 0xff, 0x47, 0xff, 0xf2,
    0x0, 0x0, 0x0, 0xc, 0xff, 0xf4, 0x3f, 0xff,
    0x90, 0x0, 0x0, 0x7, 0xff, 0xff, 0x40, 0xdf,
    0xff, 0xa2, 0x0, 0x29, 0xff, 0xff, 0xf4, 0x3,
    0xff, 0xff, 0xff, 0xff, 0xff, 0x7f, 0xff, 0x40,
    0x4, 0xff, 0xff, 0xff, 0xff, 0x62, 0xff, 0xf4,
    0x0, 0x1, 0x8d, 0xff, 0xea, 0x30, 0x2f, 0xff,
    0x40, 0x0, 0x0, 0x0, 0x0, 0x0, 0x2, 0xff,
    0xf4, 0x0, 0x0, 0x0, 0x0, 0x0, 0x0, 0x2f,
    0xff, 0x40, 0x0, 0x0, 0x0, 0x0, 0x0, 0x2,
    0xff, 0xf4, 0x0, 0x0, 0x0, 0x0, 0x0, 0x0,
    0x6f, 0xff, 0x40, 0x7, 0xff, 0xff, 0xff, 0xff,
    0xff, 0xff, 0xf2, 0x0, 0x7f, 0xff, 0xff, 0xff,
    0xff, 0xff, 0xfb, 0x0, 0x7, 0xff, 0xff, 0xff,
    0xff, 0xff, 0xe9, 0x10,

    /* U+007A "z" */
    0xc, 0xff, 0xff, 0xff, 0xff, 0xff, 0xff, 0x90,
    0xcf, 0xff, 0xff, 0xff, 0xff, 0xff, 0xf9, 0xb,
    0xee, 0xee, 0xee, 0xee, 0xff, 0xff, 0x90, 0x0,
    0x0, 0x0, 0x0, 0x6, 0xff, 0xf9, 0x0, 0x0,
    0x0, 0x0, 0x6, 0xff, 0xff, 0x50, 0x0, 0x0,
    0x0, 0x6, 0xff, 0xff, 0x50, 0x0, 0x0, 0x0,
    0x7, 0xff, 0xff, 0x50, 0x0, 0x0, 0x0, 0x8,
    0xff, 0xff, 0x40, 0x0, 0x0, 0x0, 0x9, 0xff,
    0xfe, 0x30, 0x0, 0x0, 0x0, 0xa, 0xff, 0xfe,
    0x20, 0x0, 0x0, 0x0, 0xb, 0xff, 0xfd, 0x20,
    0x0, 0x0, 0x0, 0xb, 0xff, 0xfd, 0x10, 0x0,
    0x0, 0x0, 0xc, 0xff, 0xfc, 0x10, 0x0, 0x0,
    0x0, 0x1, 0xff, 0xfd, 0x0, 0x0, 0x0, 0x0,
    0x0, 0x1f, 0xff, 0xfe, 0xee, 0xee, 0xee, 0xee,
    0xc1, 0xff, 0xff, 0xff, 0xff, 0xff, 0xff, 0xfe,
    0x1f, 0xff, 0xff, 0xff, 0xff, 0xff, 0xff, 0xe0,

    /* U+007B "{" */
    0x0, 0x0, 0x0, 0x8e, 0xff, 0xff, 0xfb, 0x0,
    0x0, 0x7, 0xff, 0xff, 0xff, 0xfb, 0x0, 0x0,
    0xd, 0xff, 0xff, 0xff, 0xfa, 0x0, 0x0, 0xe,
    0xff, 0xa0, 0x0, 0x0, 0x0, 0x0, 0xe, 0xff,
    0x70, 0x0, 0x0, 0x0, 0x0, 0xe, 0xff, 0x70,
    0x0, 0x0, 0x0, 0x0, 0xe, 0xff, 0x70, 0x0,
    0x0, 0x0, 0x0, 0xe, 0xff, 0x70, 0x0, 0x0,
    0x0, 0x0, 0xe, 0xff, 0x70, 0x0, 0x0, 0x0,
    0x0, 0xe, 0xff, 0x70, 0x0, 0x0, 0x0, 0x0,
    0xe, 0xff, 0x70, 0x0, 0x0, 0x0, 0x0, 0xe,
    0xff, 0x70, 0x0, 0x0, 0x0, 0x0, 0xe, 0xff,
    0x70, 0x0, 0x0, 0x0, 0x0, 0xe, 0xff, 0x60,
    0x0, 0x0, 0x34, 0x44, 0x8f, 0xff, 0x30, 0x0,
    0x0, 0xbf, 0xff, 0xff, 0xf7, 0x0, 0x0, 0x0,
    0xbf, 0xff, 0xfb, 0x40, 0x0, 0x0, 0x0, 0xbf,
    0xff, 0xff, 0xfc, 0x0, 0x0, 0x0, 0x0, 0x0,
    0x4f, 0xff, 0x40, 0x0, 0x0, 0x0, 0x0, 0xe,
    0xff, 0x70, 0x0, 0x0, 0x0, 0x0, 0xe, 0xff,
    0x70, 0x0, 0x0, 0x0, 0x0, 0xe, 0xff, 0x70,
    0x0, 0x0, 0x0, 0x0, 0xe, 0xff, 0x70, 0x0,
    0x0, 0x0, 0x0, 0xe, 0xff, 0x70, 0x0, 0x0,
    0x0, 0x0, 0xe, 0xff, 0x70, 0x0, 0x0, 0x0,
    0x0, 0xe, 0xff, 0x70, 0x0, 0x0, 0x0, 0x0,
    0xe, 0xff, 0x70, 0x0, 0x0, 0x0, 0x0, 0xe,
    0xff, 0x70, 0x0, 0x0, 0x0, 0x0, 0xe, 0xff,
    0x70, 0x0, 0x0, 0x0, 0x0, 0xe, 0xff, 0xa0,
    0x0, 0x0, 0x0, 0x0, 0xd, 0xff, 0xff, 0xff,
    0xfa, 0x0, 0x0, 0x7, 0xff, 0xff, 0xff, 0xfb,
    0x0, 0x0, 0x0, 0x8e, 0xff, 0xff, 0xfb,

    /* U+007C "|" */
    0x48, 0x87, 0x8f, 0xff, 0x8f, 0xff, 0x8f, 0xff,
    0x8f, 0xff, 0x8f, 0xff, 0x8f, 0xff, 0x8f, 0xff,
    0x8f, 0xff, 0x8f, 0xff, 0x8f, 0xff, 0x8f, 0xff,
    0x8f, 0xff, 0x8f, 0xff, 0x8f, 0xff, 0x8f, 0xff,
    0x8f, 0xff, 0x8f, 0xff, 0x8f, 0xff, 0x8f, 0xff,
    0x8f, 0xff, 0x8f, 0xff, 0x8f, 0xff, 0x8f, 0xff,
    0x8f, 0xff, 0x8f, 0xff, 0x8f, 0xff, 0x8f, 0xff,
    0x8f, 0xff, 0x8f, 0xff, 0x8f, 0xff, 0x8f, 0xff,
    0x8f, 0xff, 0x8f, 0xff, 0x8f, 0xff, 0x8f, 0xff,

    /* U+007D "}" */
    0x6f, 0xff, 0xff, 0xea, 0x10, 0x0, 0x0, 0x6,
    0xff, 0xff, 0xff, 0xfc, 0x0, 0x0, 0x0, 0x6f,
    0xff, 0xff, 0xff, 0xf2, 0x0, 0x0, 0x0, 0x0,
    0x0, 0x5f, 0xff, 0x30, 0x0, 0x0, 0x0, 0x0,
    0x3, 0xff, 0xf3, 0x0, 0x0, 0x0, 0x0, 0x0,
    0x3f, 0xff, 0x30, 0x0, 0x0, 0x0, 0x0, 0x3,
    0xff, 0xf3, 0x0, 0x0, 0x0, 0x0, 0x0, 0x3f,
    0xff, 0x30, 0x0, 0x0, 0x0, 0x0, 0x3, 0xff,
    0xf3, 0x0, 0x0, 0x0, 0x0, 0x0, 0x3f, 0xff,
    0x30, 0x0, 0x0, 0x0, 0x0, 0x3, 0xff, 0xf3,
    0x0, 0x0, 0x0, 0x0, 0x0, 0x3f, 0xff, 0x30,
    0x0, 0x0, 0x0, 0x0, 0x3, 0xff, 0xf3, 0x0,
    0x0, 0x0, 0x0, 0x0, 0x2f, 0xff, 0x30, 0x0,
    0x0, 0x0, 0x0, 0x0, 0xef, 0xfb, 0x54, 0x44,
    0x0, 0x0, 0x0, 0x4, 0xef, 0xff, 0xff, 0xf0,
    0x0, 0x0, 0x0, 0x3, 0x8f, 0xff, 0xff, 0x0,
    0x0, 0x0, 0x8, 0xff, 0xff, 0xff, 0xf0, 0x0,
    0x0, 0x0, 0xff, 0xf8, 0x0, 0x0, 0x0, 0x0,
    0x0, 0x2f, 0xff, 0x30, 0x0, 0x0, 0x0, 0x0,
    0x3, 0xff, 0xf3, 0x0, 0x0, 0x0, 0x0, 0x0,
    0x3f, 0xff, 0x30, 0x0, 0x0, 0x0, 0x0, 0x3,
    0xff, 0xf3, 0x0, 0x0, 0x0, 0x0, 0x0, 0x3f,
    0xff, 0x30, 0x0, 0x0, 0x0, 0x0, 0x3, 0xff,
    0xf3, 0x0, 0x0, 0x0, 0x0, 0x0, 0x3f, 0xff,
    0x30, 0x0, 0x0, 0x0, 0x0, 0x3, 0xff, 0xf3,
    0x0, 0x0, 0x0, 0x0, 0x0, 0x3f, 0xff, 0x30,
    0x0, 0x0, 0x0, 0x0, 0x3, 0xff, 0xf3, 0x0,
    0x0, 0x0, 0x0, 0x0, 0x6f, 0xff, 0x30, 0x0,
    0x0, 0x6f, 0xff, 0xff, 0xff, 0xf1, 0x0, 0x0,
    0x6, 0xff, 0xff, 0xff, 0xfc, 0x0, 0x0, 0x0,
    0x6f, 0xff, 0xff, 0xea, 0x10, 0x0, 0x0, 0x0,

    /* U+007E "~" */
    0x0, 0x0, 0x18, 0xb9, 0x20, 0x0, 0x0, 0x62,
    0x0, 0x0, 0x4e, 0xff, 0xfe, 0x10, 0x0, 0x8f,
    0xc0, 0x0, 0x8f, 0xff, 0xff, 0xfc, 0x1, 0xbf,
    0xff, 0x81, 0xcf, 0xff, 0xff, 0xff, 0xfd, 0xef,
    0xff, 0xf5, 0x9f, 0xff, 0xd4, 0x1d, 0xff, 0xff,
    0xff, 0xc2, 0x0, 0xdf, 0xb1, 0x0, 0x3f, 0xff,
    0xff, 0x90, 0x0, 0x2, 0x70, 0x0, 0x0, 0x4d,
    0xfc, 0x40, 0x0, 0x0,

    /* U+00B7 "·" */
    0x0, 0x46, 0x30, 0x0, 0xaf, 0xff, 0x80, 0x3f,
    0xff, 0xff, 0x14, 0xff, 0xff, 0xf2, 0x1f, 0xff,
    0xfd, 0x0, 0x4c, 0xfc, 0x20,

    /* U+2019 "’" */
    0x2, 0xbf, 0xd5, 0x0, 0xcf, 0xff, 0xf2, 0xf,
    0xff, 0xff, 0x50, 0xef, 0xff, 0xf6, 0x3, 0xdf,
    0xff, 0x60, 0x0, 0x2e, 0xf5, 0x6, 0xff, 0xff,
    0x10, 0x5f, 0xec, 0x40
};


/*---------------------
 *  GLYPH DESCRIPTION
 *--------------------*/

static const lv_font_fmt_txt_glyph_dsc_t glyph_dsc[] = {
    {.bitmap_index = 0, .adv_w = 0, .box_w = 0, .box_h = 0, .ofs_x = 0, .ofs_y = 0} /* id = 0 reserved */,
    {.bitmap_index = 0, .adv_w = 139, .box_w = 0, .box_h = 0, .ofs_x = 0, .ofs_y = 0},
    {.bitmap_index = 0, .adv_w = 150, .box_w = 7, .box_h = 23, .ofs_x = 1, .ofs_y = 0},
    {.bitmap_index = 81, .adv_w = 256, .box_w = 14, .box_h = 8, .ofs_x = 1, .ofs_y = 15},
    {.bitmap_index = 137, .adv_w = 344, .box_w = 20, .box_h = 23, .ofs_x = 1, .ofs_y = 0},
    {.bitmap_index = 367, .adv_w = 331, .box_w = 19, .box_h = 32, .ofs_x = 1, .ofs_y = -4},
    {.bitmap_index = 671, .adv_w = 416, .box_w = 24, .box_h = 26, .ofs_x = 1, .ofs_y = -2},
    {.bitmap_index = 983, .adv_w = 325, .box_w = 19, .box_h = 23, .ofs_x = 1, .ofs_y = 0},
    {.bitmap_index = 1202, .adv_w = 149, .box_w = 7, .box_h = 8, .ofs_x = 1, .ofs_y = 15},
    {.bitmap_index = 1230, .adv_w = 212, .box_w = 12, .box_h = 33, .ofs_x = 1, .ofs_y = -8},
    {.bitmap_index = 1428, .adv_w = 208, .box_w = 12, .box_h = 33, .ofs_x = 0, .ofs_y = -8},
    {.bitmap_index = 1626, .adv_w = 288, .box_w = 16, .box_h = 15, .ofs_x = 1, .ofs_y = 8},
    {.bitmap_index = 1746, .adv_w = 337, .box_w = 15, .box_h = 15, .ofs_x = 3, .ofs_y = 5},
    {.bitmap_index = 1859, .adv_w = 149, .box_w = 7, .box_h = 10, .ofs_x = 1, .ofs_y = -4},
    {.bitmap_index = 1894, .adv_w = 241, .box_w = 11, .box_h = 4, .ofs_x = 2, .ofs_y = 7},
    {.bitmap_index = 1916, .adv_w = 150, .box_w = 7, .box_h = 6, .ofs_x = 1, .ofs_y = 0},
    {.bitmap_index = 1937, .adv_w = 206, .box_w = 15, .box_h = 30, .ofs_x = -1, .ofs_y = -7},
    {.bitmap_index = 2162, .adv_w = 351, .box_w = 20, .box_h = 23, .ofs_x = 1, .ofs_y = 0},
    {.bitmap_index = 2392, .adv_w = 237, .box_w = 13, .box_h = 23, .ofs_x = 0, .ofs_y = 0},
    {.bitmap_index = 2542, .adv_w = 325, .box_w = 18, .box_h = 23, .ofs_x = 1, .ofs_y = 0},
    {.bitmap_index = 2749, .adv_w = 330, .box_w = 19, .box_h = 23, .ofs_x = 1, .ofs_y = 0},
    {.bitmap_index = 2968, .adv_w = 343, .box_w = 21, .box_h = 23, .ofs_x = 0, .ofs_y = 0},
    {.bitmap_index = 3210, .adv_w = 326, .box_w = 18, .box_h = 23, .ofs_x = 1, .ofs_y = 0},
    {.bitmap_index = 3417, .adv_w = 335, .box_w = 19, .box_h = 23, .ofs_x = 1, .ofs_y = 0},
    {.bitmap_index = 3636, .adv_w = 304, .box_w = 19, .box_h = 23, .ofs_x = 0, .ofs_y = 0},
    {.bitmap_index = 3855, .adv_w = 332, .box_w = 19, .box_h = 23, .ofs_x = 1, .ofs_y = 0},
    {.bitmap_index = 4074, .adv_w = 335, .box_w = 19, .box_h = 23, .ofs_x = 1, .ofs_y = 0},
    {.bitmap_index = 4293, .adv_w = 150, .box_w = 7, .box_h = 17, .ofs_x = 1, .ofs_y = 0},
    {.bitmap_index = 4353, .adv_w = 150, .box_w = 7, .box_h = 21, .ofs_x = 1, .ofs_y = -4},
    {.bitmap_index = 4427, .adv_w = 337, .box_w = 15, .box_h = 16, .ofs_x = 3, .ofs_y = 4},
    {.bitmap_index = 4547, .adv_w = 337, .box_w = 15, .box_h = 9, .ofs_x = 3, .ofs_y = 7},
    {.bitmap_index = 4615, .adv_w = 337, .box_w = 15, .box_h = 16, .ofs_x = 3, .ofs_y = 4},
    {.bitmap_index = 4735, .adv_w = 315, .box_w = 18, .box_h = 23, .ofs_x = 1, .ofs_y = 0},
    {.bitmap_index = 4942, .adv_w = 555, .box_w = 31, .box_h = 30, .ofs_x = 2, .ofs_y = -7},
    {.bitmap_index = 5407, .adv_w = 344, .box_w = 21, .box_h = 23, .ofs_x = 0, .ofs_y = 0},
    {.bitmap_index = 5649, .adv_w = 361, .box_w = 20, .box_h = 23, .ofs_x = 1, .ofs_y = 0},
    {.bitmap_index = 5879, .adv_w = 350, .box_w = 20, .box_h = 23, .ofs_x = 1, .ofs_y = 0},
    {.bitmap_index = 6109, .adv_w = 362, .box_w = 20, .box_h = 23, .ofs_x = 1, .ofs_y = 0},
    {.bitmap_index = 6339, .adv_w = 304, .box_w = 16, .box_h = 23, .ofs_x = 2, .ofs_y = 0},
    {.bitmap_index = 6523, .adv_w = 292, .box_w = 16, .box_h = 23, .ofs_x = 2, .ofs_y = 0},
    {.bitmap_index = 6707, .adv_w = 360, .box_w = 20, .box_h = 23, .ofs_x = 1, .ofs_y = 0},
    {.bitmap_index = 6937, .adv_w = 357, .box_w = 18, .box_h = 23, .ofs_x = 2, .ofs_y = 0},
    {.bitmap_index = 7144, .adv_w = 138, .box_w = 5, .box_h = 23, .ofs_x = 2, .ofs_y = 0},
    {.bitmap_index = 7202, .adv_w = 327, .box_w = 18, .box_h = 23, .ofs_x = 1, .ofs_y = 0},
    {.bitmap_index = 7409, .adv_w = 336, .box_w = 19, .box_h = 23, .ofs_x = 2, .ofs_y = 0},
    {.bitmap_index = 7628, .adv_w = 296, .box_w = 16, .box_h = 23, .ofs_x = 2, .ofs_y = 0},
    {.bitmap_index = 7812, .adv_w = 475, .box_w = 26, .box_h = 23, .ofs_x = 2, .ofs_y = 0},
    {.bitmap_index = 8111, .adv_w = 363, .box_w = 19, .box_h = 23, .ofs_x = 2, .ofs_y = 0},
    {.bitmap_index = 8330, .adv_w = 366, .box_w = 21, .box_h = 23, .ofs_x = 1, .ofs_y = 0},
    {.bitmap_index = 8572, .adv_w = 328, .box_w = 18, .box_h = 23, .ofs_x = 2, .ofs_y = 0},
    {.bitmap_index = 8779, .adv_w = 366, .box_w = 21, .box_h = 28, .ofs_x = 1, .ofs_y = -5},
    {.bitmap_index = 9073, .adv_w = 344, .box_w = 18, .box_h = 23, .ofs_x = 2, .ofs_y = 0},
    {.bitmap_index = 9280, .adv_w = 331, .box_w = 19, .box_h = 23, .ofs_x = 1, .ofs_y = 0},
    {.bitmap_index = 9499, .adv_w = 320, .box_w = 20, .box_h = 23, .ofs_x = 0, .ofs_y = 0},
    {.bitmap_index = 9729, .adv_w = 364, .box_w = 19, .box_h = 23, .ofs_x = 2, .ofs_y = 0},
    {.bitmap_index = 9948, .adv_w = 337, .box_w = 21, .box_h = 23, .ofs_x = 0, .ofs_y = 0},
    {.bitmap_index = 10190, .adv_w = 483, .box_w = 28, .box_h = 23, .ofs_x = 1, .ofs_y = 0},
    {.bitmap_index = 10512, .adv_w = 349, .box_w = 21, .box_h = 23, .ofs_x = 0, .ofs_y = 0},
    {.bitmap_index = 10754, .adv_w = 336, .box_w = 21, .box_h = 23, .ofs_x = 0, .ofs_y = 0},
    {.bitmap_index = 10996, .adv_w = 314, .box_w = 18, .box_h = 23, .ofs_x = 1, .ofs_y = 0},
    {.bitmap_index = 11203, .adv_w = 189, .box_w = 10, .box_h = 33, .ofs_x = 2, .ofs_y = -8},
    {.bitmap_index = 11368, .adv_w = 206, .box_w = 15, .box_h = 30, .ofs_x = -1, .ofs_y = -7},
    {.bitmap_index = 11593, .adv_w = 189, .box_w = 10, .box_h = 33, .ofs_x = 0, .ofs_y = -8},
    {.bitmap_index = 11758, .adv_w = 337, .box_w = 17, .box_h = 10, .ofs_x = 2, .ofs_y = 14},
    {.bitmap_index = 11843, .adv_w = 337, .box_w = 17, .box_h = 4, .ofs_x = 2, .ofs_y = -5},
    {.bitmap_index = 11877, .adv_w = 157, .box_w = 8, .box_h = 5, .ofs_x = 1, .ofs_y = 19},
    {.bitmap_index = 11897, .adv_w = 314, .box_w = 18, .box_h = 17, .ofs_x = 1, .ofs_y = 0},
    {.bitmap_index = 12050, .adv_w = 349, .box_w = 19, .box_h = 23, .ofs_x = 2, .ofs_y = 0},
    {.bitmap_index = 12269, .adv_w = 322, .box_w = 18, .box_h = 17, .ofs_x = 1, .ofs_y = 0},
    {.bitmap_index = 12422, .adv_w = 349, .box_w = 19, .box_h = 23, .ofs_x = 1, .ofs_y = 0},
    {.bitmap_index = 12641, .adv_w = 318, .box_w = 18, .box_h = 17, .ofs_x = 1, .ofs_y = 0},
    {.bitmap_index = 12794, .adv_w = 239, .box_w = 14, .box_h = 23, .ofs_x = 0, .ofs_y = 0},
    {.bitmap_index = 12955, .adv_w = 348, .box_w = 19, .box_h = 24, .ofs_x = 1, .ofs_y = -7},
    {.bitmap_index = 13183, .adv_w = 335, .box_w = 17, .box_h = 23, .ofs_x = 2, .ofs_y = 0},
    {.bitmap_index = 13379, .adv_w = 139, .box_w = 6, .box_h = 23, .ofs_x = 1, .ofs_y = 0},
    {.bitmap_index = 13448, .adv_w = 140, .box_w = 8, .box_h = 30, .ofs_x = -1, .ofs_y = -7},
    {.bitmap_index = 13568, .adv_w = 300, .box_w = 17, .box_h = 23, .ofs_x = 2, .ofs_y = 0},
    {.bitmap_index = 13764, .adv_w = 139, .box_w = 5, .box_h = 23, .ofs_x = 2, .ofs_y = 0},
    {.bitmap_index = 13822, .adv_w = 466, .box_w = 25, .box_h = 17, .ofs_x = 2, .ofs_y = 0},
    {.bitmap_index = 14035, .adv_w = 335, .box_w = 17, .box_h = 17, .ofs_x = 2, .ofs_y = 0},
    {.bitmap_index = 14180, .adv_w = 335, .box_w = 19, .box_h = 17, .ofs_x = 1, .ofs_y = 0},
    {.bitmap_index = 14342, .adv_w = 349, .box_w = 19, .box_h = 24, .ofs_x = 2, .ofs_y = -7},
    {.bitmap_index = 14570, .adv_w = 349, .box_w = 19, .box_h = 24, .ofs_x = 1, .ofs_y = -7},
    {.bitmap_index = 14798, .adv_w = 211, .box_w = 11, .box_h = 17, .ofs_x = 2, .ofs_y = 0},
    {.bitmap_index = 14892, .adv_w = 286, .box_w = 16, .box_h = 17, .ofs_x = 1, .ofs_y = 0},
    {.bitmap_index = 15028, .adv_w = 249, .box_w = 15, .box_h = 22, .ofs_x = 0, .ofs_y = 0},
    {.bitmap_index = 15193, .adv_w = 334, .box_w = 17, .box_h = 17, .ofs_x = 2, .ofs_y = 0},
    {.bitmap_index = 15338, .adv_w = 296, .box_w = 18, .box_h = 17, .ofs_x = 0, .ofs_y = 0},
    {.bitmap_index = 15491, .adv_w = 431, .box_w = 25, .box_h = 17, .ofs_x = 1, .ofs_y = 0},
    {.bitmap_index = 15704, .adv_w = 323, .box_w = 18, .box_h = 17, .ofs_x = 1, .ofs_y = 0},
    {.bitmap_index = 15857, .adv_w = 334, .box_w = 17, .box_h = 24, .ofs_x = 2, .ofs_y = -7},
    {.bitmap_index = 16061, .adv_w = 282, .box_w = 15, .box_h = 17, .ofs_x = 1, .ofs_y = 0},
    {.bitmap_index = 16189, .adv_w = 244, .box_w = 14, .box_h = 33, .ofs_x = 1, .ofs_y = -8},
    {.bitmap_index = 16420, .adv_w = 135, .box_w = 4, .box_h = 36, .ofs_x = 2, .ofs_y = -8},
    {.bitmap_index = 16492, .adv_w = 244, .box_w = 15, .box_h = 33, .ofs_x = 0, .ofs_y = -8},
    {.bitmap_index = 16740, .adv_w = 337, .box_w = 17, .box_h = 7, .ofs_x = 2, .ofs_y = 8},
    {.bitmap_index = 16800, .adv_w = 110, .box_w = 7, .box_h = 6, .ofs_x = 0, .ofs_y = 7},
    {.bitmap_index = 16821, .adv_w = 149, .box_w = 7, .box_h = 8, .ofs_x = 1, .ofs_y = 15}
};

/*---------------------
 *  CHARACTER MAPPING
 *--------------------*/

static const uint16_t unicode_list_1[] = {
    0x0, 0x1f62
};

/*Collect the unicode lists and glyph_id offsets*/
static const lv_font_fmt_txt_cmap_t cmaps[] =
{
    {
        .range_start = 32, .range_length = 95, .glyph_id_start = 1,
        .unicode_list = NULL, .glyph_id_ofs_list = NULL, .list_length = 0, .type = LV_FONT_FMT_TXT_CMAP_FORMAT0_TINY
    },
    {
        .range_start = 183, .range_length = 8035, .glyph_id_start = 96,
        .unicode_list = unicode_list_1, .glyph_id_ofs_list = NULL, .list_length = 2, .type = LV_FONT_FMT_TXT_CMAP_SPARSE_TINY
    }
};

/*-----------------
 *    KERNING
 *----------------*/


/*Map glyph_ids to kern left classes*/
static const uint8_t kern_left_class_mapping[] =
{
    0, 1, 0, 2, 0, 0, 0, 0,
    2, 3, 0, 0, 0, 4, 5, 6,
    7, 8, 0, 9, 10, 11, 12, 13,
    14, 15, 16, 0, 0, 0, 0, 0,
    0, 0, 17, 18, 19, 20, 21, 22,
    23, 0, 0, 24, 25, 26, 0, 0,
    20, 27, 20, 28, 29, 30, 31, 32,
    33, 34, 35, 36, 37, 38, 0, 0,
    0, 0, 39, 40, 40, 0, 40, 41,
    0, 42, 43, 43, 44, 0, 42, 42,
    40, 40, 0, 45, 46, 47, 0, 48,
    49, 50, 0, 51, 37, 0, 52, 0,
    0, 2
};

/*Map glyph_ids to kern right classes*/
static const uint8_t kern_right_class_mapping[] =
{
    0, 1, 0, 2, 0, 0, 0, 0,
    2, 0, 3, 0, 0, 4, 5, 4,
    6, 7, 8, 9, 10, 11, 0, 12,
    13, 14, 15, 0, 0, 0, 0, 0,
    16, 0, 17, 18, 19, 18, 0, 0,
    19, 0, 0, 20, 0, 0, 0, 0,
    19, 0, 19, 0, 21, 22, 23, 24,
    25, 26, 27, 28, 0, 29, 30, 0,
    0, 0, 31, 0, 32, 32, 32, 33,
    32, 0, 34, 35, 0, 36, 37, 37,
    32, 37, 32, 37, 38, 39, 40, 41,
    42, 43, 40, 44, 45, 0, 30, 0,
    0, 2
};

/*Kern values between classes*/
static const int8_t kern_class_values[] =
{
    0, 0, 0, -17, -15, 0, 0, 0,
    0, 0, 0, 0, 0, 0, 0, 0,
    -7, 0, 0, 0, 0, -15, 0, -7,
    -4, 0, -6, 0, 0, 0, 0, 0,
    0, 0, 0, 0, 0, 0, 0, 0,
    0, 0, 0, 0, -15, 0, 0, 0,
    0, 0, 0, 0, 0, 0, 0, -23,
    0, 0, 0, 0, 0, -41, 0, -2,
    -45, 0, 0, 0, 0, 0, 0, 0,
    0, 0, 0, -12, -15, 4, 0, 0,
    0, 0, -4, 4, 0, 0, 0, 0,
    0, 0, 0, 0, 9, 0, 0, 0,
    -5, -17, -3, 0, -20, -5, 0, -5,
    -5, 0, -5, 0, -6, -18, -1, 0,
    0, 0, 0, 0, 0, 0, 0, 0,
    -4, -9, -4, 0, 21, 0, 0, -4,
    -4, -4, -9, -5, 0, 0, 0, -17,
    0, 0, 0, 0, 0, -8, -25, 0,
    0, 0, -5, -19, 0, -1, 0, 0,
    0, -11, 0, 0, -52, -8, -39, -22,
    0, -57, 0, 0, 0, 0, -4, -32,
    0, 8, 0, 0, 0, -32, 0, -22,
    -14, 0, 0, 0, -15, 0, 0, 0,
    0, 0, 0, 0, 0, 0, 0, 0,
    -27, 0, 0, 0, -5, 0, 0, 0,
    0, -44, 0, -24, -8, -23, -50, -13,
    0, 0, 0, 0, -13, 0, 0, 0,
    0, 0, -13, 0, -8, -5, -20, -13,
    0, -17, 0, 0, 0, 0, 0, -8,
    -25, 0, 0, 0, -5, -19, 0, -1,
    0, 0, 0, -11, 0, 0, -52, -8,
    -39, -22, 0, -57, 0, 0, 0, 0,
    -4, -32, 0, 0, 0, 0, 0, -32,
    0, -22, -14, 0, 0, 0, 0, 0,
    0, 0, 0, 0, 0, 0, 0, 0,
    0, 0, 0, 0, 0, 0, -2, 0,
    0, -15, 0, 8, 0, 8, 0, 0,
    0, 0, 0, 0, -8, -9, 0, 13,
    13, 0, 0, -4, 0, 0, 0, 0,
    0, 0, 0, 0, 0, -5, -8, 0,
    0, 0, 0, 0, 0, 0, 0, -10,
    0, 0, 0, 0, 0, 0, 0, 0,
    0, 0, 0, 0, 0, 0, 0, 0,
    -5, 0, 0, 0, 0, 0, 0, 0,
    0, 0, 0, 0, 0, 0, 0, 0,
    0, 0, 0, 0, -1, 0, 0, 0,
    0, -1, -13, 0, -5, 0, -2, 0,
    0, 0, 0, 0, 0, 0, 0, 0,
    0, 0, 0, 0, 0, 0, 0, 0,
    0, 0, 0, 0, 0, 0, 0, 0,
    0, 0, 0, 0, 0, 0, 0, 0,
    0, 0, 0, 0, -9, 0, 0, 0,
    0, 0, 0, 0, 0, 0, 0, 0,
    0, 0, 0, 0, 0, 0, 0, 0,
    0, 0, 0, 0, 0, 0, 0, 0,
    0, 0, 0, 0, 0, 0, 0, 0,
    0, 0, 0, -21, 0, 0, 0, 0,
    0, -17, 0, 0, 0, 0, -20, 0,
    0, 0, 0, 0, 0, 0, 0, 0,
    0, 0, 0, 0, 0, 0, 0, 0,
    0, 0, 0, 0, 0, 0, 0, 0,
    0, 0, 0, 0, 0, 0, 0, 0,
    0, 0, 0, 0, 0, 0, -9, -4,
    0, 0, 0, -7, 0, 0, 0, 0,
    0, 0, 0, 0, 0, 0, 0, 0,
    0, 0, 0, 0, 0, 0, 0, 0,
    0, 0, 0, 0, 0, 0, 0, 0,
    0, 0, 0, 0, 0, 0, -5, -1,
    0, 0, 0, -2, -2, 0, 0, 0,
    -8, 0, 0, 0, 0, 0, 0, 0,
    0, 0, 0, 0, 0, 0, 0, 0,
    0, -4, 0, 0, 0, 0, 0, 0,
    0, 0, 0, 0, 0, 0, 0, 0,
    0, 0, 0, 0, -36, -27, 0, -3,
    -5, -4, 0, -28, -3, 0, -1, -1,
    0, 0, 0, 0, 0, 0, 0, 0,
    0, 0, 0, 0, 0, 0, 0, 0,
    0, 0, 0, 0, 0, 0, 0, 0,
    0, 0, 0, 0, 0, 0, 0, 0,
    -5, 0, 0, 0, 0, 0, 0, 0,
    0, 0, -6, 0, 0, 0, 0, 0,
    0, 0, 0, 0, 0, 0, 0, 0,
    0, 0, 0, -5, 0, 0, 0, 0,
    0, 0, 0, 0, 0, 0, 0, 0,
    0, 0, 0, 0, 0, -5, -5, 0,
    0, 0, 0, 0, 0, 0, 0, -10,
    0, 0, 0, 0, 0, 0, 0, 0,
    0, 0, 0, 0, 0, 0, 0, 0,
    -5, 0, 0, 0, 0, 0, 0, 0,
    0, 0, 0, 0, 0, 0, 0, 0,
    -7, -41, -5, 0, -5, 0, 0, 0,
    0, 0, 0, 0, 0, 0, 0, -16,
    0, 0, -4, 0, -1, -38, -7, -27,
    -12, 0, -40, 0, -2, 0, 0, 0,
    -13, 0, 0, 0, 0, 0, -13, 0,
    -8, -3, 0, 0, 0, 0, 0, -3,
    0, 0, -2, 0, 0, 0, 0, 0,
    0, 0, 0, 0, 0, -3, 0, 0,
    0, 0, -7, 0, -7, 0, -8, -8,
    0, 0, 0, 0, 0, 0, 0, 0,
    0, 0, 0, 0, 0, 0, 0, 0,
    0, 0, 0, 0, 0, 0, 0, 0,
    0, 0, 0, 0, 0, 0, 0, 0,
    0, 0, -4, 0, 0, 0, 0, -8,
    0, -4, 0, -5, -9, -3, 0, 0,
    0, 0, 0, 0, 0, 0, 0, 0,
    0, 0, 0, 0, 0, 0, 0, 0,
    -3, -6, -11, 0, -13, 0, 0, 0,
    0, 0, 0, 0, 0, 0, 0, -4,
    -13, 0, 0, 0, -16, 0, -8, -4,
    -13, -15, -8, 0, 0, 0, 0, 0,
    0, 0, 0, 0, 0, 0, 0, 0,
    0, 0, 0, 0, 0, 0, 0, 0,
    -1, 0, 0, 0, 0, 0, 0, 0,
    0, 0, 0, 0, 0, 0, 0, 0,
    0, 0, 0, 0, 0, 0, 0, 0,
    0, 0, 0, 0, 0, 0, 0, 0,
    0, 0, 0, 0, 0, 0, 0, 0,
    0, 0, 0, 0, -41, -2, -21, 0,
    0, 0, 0, 0, 0, 0, 0, 0,
    0, -24, 0, -4, 0, 0, 0, 0,
    0, 0, 0, 0, 0, 0, 0, -4,
    -3, 0, 0, 0, 0, 0, -4, 0,
    0, 0, 0, 0, 0, 0, 0, -8,
    0, 0, 0, 0, 0, 0, 0, 0,
    0, 0, 0, 0, 0, 0, 0, 0,
    0, 0, 0, -16, 0, -10, -2, 0,
    -18, 0, 0, 0, 0, 0, 0, 0,
    0, 0, 0, 0, 0, 0, 0, 0,
    0, 0, 0, 0, 0, 0, -33, -27,
    -28, 0, 0, 0, 0, 0, 0, 0,
    0, 0, 0, -19, 0, -9, -17, 0,
    0, 0, 0, 0, 0, 0, 0, 5,
    0, -16, -17, 0, 0, 0, 0, -16,
    0, 0, -16, 0, 0, 0, 0, 0,
    0, 0, 0, 0, -22, 0, 0, 0,
    0, 0, 0, 0, 0, 0, 0, 0,
    0, 0, -16, 0, -3, 0, 0, 0,
    0, 0, 0, 0, 0, 0, 0, -9,
    -15, 0, 0, 0, 0, -5, -15, -6,
    -15, -9, 0, 0, 0, -15, -57, -4,
    0, -22, 0, 0, 0, 0, 0, 0,
    0, 0, 0, 0, 0, 0, 0, -12,
    0, 0, -51, -10, -40, -14, 0, -64,
    0, -24, 0, 0, -1, -25, 0, 0,
    0, 0, 0, -25, -1, -18, -6, 0,
    0, 0, 0, 0, -4, -57, -17, -42,
    0, 0, 0, 0, 0, 0, 0, 0,
    0, 0, -30, -2, 0, -26, 0, -1,
    0, -3, 0, -11, -4, -10, 0, 0,
    -6, -8, 0, 0, 0, 0, 0, -7,
    0, 0, 0, 0, 0, 0, 0, 0,
    0, -3, 0, 0, 0, 0, 0, 0,
    0, 0, 0, 0, 0, 0, 0, 0,
    0, 0, 0, 0, -6, 0, -7, 0,
    0, -9, 0, 0, 0, 0, 0, 0,
    0, 0, 0, 0, 0, 0, 0, 0,
    0, 0, 0, 0, 0, -1, -1, 0,
    0, -5, 0, 0, 0, 0, 0, 0,
    0, 0, 0, 0, -1, -2, 0, 0,
    0, -14, 0, -6, 0, -5, -11, -1,
    0, 0, 0, 0, 0, 0, 0, 0,
    0, 0, 0, 0, 0, 0, 0, 0,
    0, -15, 0, 0, -52, -44, -44, 0,
    0, 0, 0, 0, 0, 0, 0, 0,
    0, -38, 0, -16, -47, -8, 0, 0,
    0, 0, 0, 0, 0, 8, 0, -47,
    -53, -28, -6, -6, 0, -39, -45, -28,
    -40, -38, -39, -44, -41, 0, 0, 0,
    0, -8, 0, -9, 0, 0, 0, 0,
    0, 0, 0, 0, 0, 0, -7, 0,
    0, 0, 0, 0, 0, 0, 0, 0,
    0, 0, 0, 0, 0, 0, 0, 0,
    0, 0, 0, 0, 0, 0, 0, 0,
    0, 0, 0, -7, 0, 0, -39, -24,
    -35, 0, 0, 0, 0, 0, 0, 0,
    0, 0, 0, -27, 0, -8, 0, -5,
    0, 0, 0, 0, 0, 0, 0, 8,
    0, -18, -18, -4, 0, 0, 0, -4,
    -16, -4, -6, -8, -7, -14, -4, 0,
    -4, 0, 0, -22, -8, -18, 0, 0,
    0, 0, 0, 0, 0, 0, 0, 0,
    -12, 0, -4, 0, 0, 0, 0, 0,
    0, 0, 0, 0, 0, 0, -4, -5,
    -2, 0, 0, 0, -1, 0, -2, -1,
    0, 0, 0, 0, 0, 0, 0, 0,
    0, -23, 0, 0, 0, 0, 0, 0,
    0, 0, 0, 0, 0, 0, 0, -13,
    -4, -5, 0, 0, 0, 0, 0, 0,
    0, 0, 0, -3, -9, -11, 0, 0,
    0, 0, -5, -11, -5, -11, -6, 0,
    0, 0, -6, 0, 0, -57, -50, -44,
    0, 0, 0, 0, 0, 0, 0, 0,
    0, 0, -40, 0, -15, -52, -10, 0,
    0, 0, 0, 0, 0, 0, 0, 0,
    -45, -47, -25, 0, 0, 0, -40, -44,
    -25, -41, -34, -35, -39, -39, 0, 0,
    0, 0, 0, -23, 0, 0, 0, 0,
    0, 0, 0, 0, 0, 0, 0, 0,
    0, -8, 0, -1, 0, 0, 0, 0,
    0, 0, 0, 0, 0, 0, -6, -9,
    0, 0, 0, 0, -1, -9, -3, -6,
    -3, 0, 0, 0, 0, 0, 0, 0,
    0, 0, -5, -15, -1, 0, -14, -5,
    0, -5, -4, 0, 0, 0, 0, 0,
    0, 0, 0, 0, 0, 0, 0, 0,
    0, 0, 0, -4, 0, 0, 18, 0,
    0, 0, 0, 0, -2, -1, -1, 0,
    0, 0, 0, 0, 0, 0, 0, 0,
    0, 0, 0, 0, 0, 0, 0, 0,
    0, 0, 0, -13, -5, -5, -44, -9,
    -35, -18, 0, -44, 0, 0, 0, -4,
    -9, -32, 0, 36, 0, 0, -4, -32,
    -11, -12, -5, 0, 0, 0, 0, -14,
    -8, 0, -5, 0, 0, 0, 0, 0,
    0, 0, 0, 0, 0, -9, 0, 0,
    0, 0, 0, 0, 0, 0, 0, 0,
    0, 0, -13, 0, 0, -7, -18, 0,
    0, 0, 0, -2, -18, -7, -15, -3,
    0, 0, 0, 0, -15, -9, -4, 0,
    -9, 0, 0, 0, 0, 0, 0, 0,
    0, 0, 0, 0, 0, 0, 0, 0,
    0, 0, 0, 0, 0, 0, 0, -9,
    -4, 0, 0, -10, 0, 0, 0, 0,
    0, -10, 0, -9, -3, -17, -7, 0,
    0, 7, 0, -34, -8, -18, 0, 0,
    0, 0, 0, 0, 0, 0, 0, 0,
    0, 0, 0, 0, 0, 0, 0, 0,
    0, 0, 0, 0, 10, 0, -5, -11,
    -63, -14, -14, -14, 0, -3, -7, 0,
    0, 0, 0, 0, 0, 0, -13, -4,
    0, 0, 0, 0, 0, 0, 0, 0,
    0, 0, 0, 0, 0, 0, 0, 0,
    0, 0, 0, 0, 0, 0, 0, 0,
    0, -11, -1, 0, 0, -8, 0, 0,
    0, 0, 0, -8, -4, -8, -1, 0,
    0, 0, 0, 0, 0, 0, 0, 0,
    0, 0, 0, 0, 0, 0, 0, 0,
    0, 0, 0, 0, 0, 0, 0, 0,
    0, 0, 0, 0, 0, 0, 13, 0,
    0, 0, 0, 0, 0, 0, 0, 0,
    0, 0, 0, 0, 0, 0, 0, 0,
    0, 0, 0, -18, 0, 0, 0, 0,
    0, 0, 0, 0, 0, 0, 0, 0,
    0, 0, 0, 0, 0, 0, 0, 0,
    0, 0, 0, 0, 0, -6, -15, 0,
    0, 0, 0, 0, -7, 0, 0, 0,
    0, 0, 0, 0, 0, 0, 0, -39,
    -9, -18, 0, 0, 0, 0, 0, 0,
    0, 0, 0, 0, 0, 0, 0, 0,
    0, 0, 0, 0, 0, 0, 0, 0,
    0, 0, -8, -10, 0, 0, 0, 0,
    0, -6, 0, 0, 0, 0, 0, 0,
    0, 0, -6, -4, 0, 0, -4, 0,
    0, 0, 0, 0, 0, 0, 0, 0,
    0, 0, 0, 0, 0, 0, 0, 0,
    0, 0, 0, 0, 0, -4, 0, -2,
    0, -6, 0, 0, 0, 0, 0, -6,
    0, -10, -2, -4, 0, 0, 0, 4,
    0, 0, -10, 0, 0, 0, 0, 0,
    0, 0, 0, 0, 0, 0, 0, 0,
    0, 0, 0, 0, 0, 0, 0, 0,
    0, 0, 0, 0, -1, -10, -15, 0,
    0, 0, 0, 0, -73, 0, 0, 0,
    0, 0, 0, 0, 0, -9, -22, -8,
    -12, 0, 0, 0, 0, 0, 0, 0,
    0, 0, 0, 0, 0, 0, 0, 0,
    0, 0, 0, 0, 0, 0, 0, 0,
    -2, -8, -9, 0, 0, 0, 0, 0,
    -7, 0, 0, 0, 0, 0, 0, 0,
    0, 0, -5, -14, -5, -5, 0, 0,
    0, 0, 0, 0, 0, 0, 0, 0,
    0, 0, 0, 0, 0, 0, 0, 0,
    0, 0, 0, 0, 0, -1, -2, -3,
    0, 0, 0, 0, 0, -1, 0, 0,
    0, 0, 0, 0, 0, 0, 0, 0,
    0, -20, 0, 0, 0, 0, 0, 0,
    0, 0, 0, 0, 0, 0, 0, 0,
    0, 0, 0, 0, 0, 0, 0, 0,
    0, 0, -1, -5, -17, 0, 0, 0,
    0, 0, -6, 0, 0, 0, 0, 0,
    0, 0, 0, 0, 0, 0, -13, 0,
    0, 0, 0, 0, 0, 0, 0, 0,
    0, 0, 0, 0, 0, 0, 0, 0,
    0, 0, 0, 0, 0, 0, 0, 0,
    -1, -8, 0, 0, 0, 0, 0, 0,
    0, 0, 0, 0, 0, 0, 0, -15,
    0, 0, 0, 0, 0, 0, 0, 0,
    0, 0, 0, 0, 0, 0, 0, 0,
    0, 0, 0, 0, 0, 0, 0, 0,
    0, 0, 0, 0, 0, 0, 0, 0,
    0, 0, 0, 0, 0, 0, 0, 0,
    0, 0, 0, 0
};


/*Collect the kern class' data in one place*/
static const lv_font_fmt_txt_kern_classes_t kern_classes =
{
    .class_pair_values   = kern_class_values,
    .left_class_mapping  = kern_left_class_mapping,
    .right_class_mapping = kern_right_class_mapping,
    .left_class_cnt      = 52,
    .right_class_cnt     = 45,
};

/*--------------------
 *  ALL CUSTOM DATA
 *--------------------*/

#if LVGL_VERSION_MAJOR == 8
/*Store all the custom data of the font*/
static  lv_font_fmt_txt_glyph_cache_t cache;
#endif

#if LVGL_VERSION_MAJOR >= 8
static const lv_font_fmt_txt_dsc_t font_dsc = {
#else
static lv_font_fmt_txt_dsc_t font_dsc = {
#endif
    .glyph_bitmap = glyph_bitmap,
    .glyph_dsc = glyph_dsc,
    .cmaps = cmaps,
    .kern_dsc = &kern_classes,
    .kern_scale = 16,
    .cmap_num = 2,
    .bpp = 4,
    .kern_classes = 1,
    .bitmap_format = 0,
#if LVGL_VERSION_MAJOR == 8
    .cache = &cache
#endif
};



/*-----------------
 *  PUBLIC FONT
 *----------------*/

/*Initialize a public general font descriptor*/
#if LVGL_VERSION_MAJOR >= 8
const lv_font_t font_sg_34 = {
#else
lv_font_t font_sg_34 = {
#endif
    .get_glyph_dsc = lv_font_get_glyph_dsc_fmt_txt,    /*Function pointer to get glyph's data*/
    .get_glyph_bitmap = lv_font_get_bitmap_fmt_txt,    /*Function pointer to get glyph's bitmap*/
    .line_height = 36,          /*The maximum line height required by the font*/
    .base_line = 8,             /*Baseline measured from the bottom of the line*/
#if !(LVGL_VERSION_MAJOR == 6 && LVGL_VERSION_MINOR == 0)
    .subpx = LV_FONT_SUBPX_NONE,
#endif
#if LV_VERSION_CHECK(7, 4, 0) || LVGL_VERSION_MAJOR >= 8
    .underline_position = -3,
    .underline_thickness = 2,
#endif
    .dsc = &font_dsc,          /*The custom font data. Will be accessed by `get_glyph_bitmap/dsc` */
#if LV_VERSION_CHECK(8, 2, 0) || LVGL_VERSION_MAJOR >= 9
    .fallback = NULL,
#endif
    .user_data = NULL,
};



#endif /*#if FONT_SG_34*/

