/*******************************************************************************
 * Size: 30 px
 * Bpp: 4
 * Opts: --font SpaceGrotesk.ttf -r 0x20-0x7E,0xB7,0x2019,0x2014 --size 30 --bpp 4 --format lvgl --no-compress -o out/font_sg_30.c --lv-font-name font_sg_30
 ******************************************************************************/

#ifdef LV_LVGL_H_INCLUDE_SIMPLE
#include "lvgl.h"
#else
#include "lvgl/lvgl.h"
#endif

#ifndef FONT_SG_30
#define FONT_SG_30 1
#endif

#if FONT_SG_30

/*-----------------
 *    BITMAPS
 *----------------*/

/*Store the image of the glyphs*/
static LV_ATTRIBUTE_LARGE_CONST const uint8_t glyph_bitmap[] = {
    /* U+0020 " " */

    /* U+0021 "!" */
    0x7, 0xff, 0xb0, 0x7, 0xff, 0xb0, 0x7, 0xff,
    0xb0, 0x7, 0xff, 0xb0, 0x7, 0xff, 0xb0, 0x7,
    0xff, 0xb0, 0x7, 0xff, 0xb0, 0x7, 0xff, 0xb0,
    0x7, 0xff, 0xb0, 0x7, 0xff, 0xb0, 0x7, 0xff,
    0xb0, 0x7, 0xff, 0xb0, 0x7, 0xff, 0xb0, 0x7,
    0xff, 0xb0, 0x3, 0x88, 0x50, 0x0, 0x0, 0x0,
    0x3, 0xbc, 0x60, 0x1f, 0xff, 0xf4, 0x4f, 0xff,
    0xf8, 0x1f, 0xff, 0xf5, 0x5, 0xee, 0x80,

    /* U+0022 "\"" */
    0x6, 0xee, 0x90, 0x7, 0xee, 0x70, 0x2f, 0xff,
    0xf5, 0x3f, 0xff, 0xf4, 0x4f, 0xff, 0xf8, 0x5f,
    0xff, 0xf6, 0xd, 0xff, 0xf8, 0x1e, 0xff, 0xf6,
    0x0, 0x6b, 0xf8, 0x1, 0x6c, 0xf6, 0x0, 0x9,
    0xf7, 0x0, 0xb, 0xf5, 0xb, 0xff, 0xf2, 0xc,
    0xff, 0xf1, 0x8, 0xb9, 0x30, 0x9, 0xb9, 0x20,

    /* U+0023 "#" */
    0x0, 0x4, 0xff, 0x90, 0x0, 0x9f, 0xf3, 0x0,
    0x0, 0x0, 0x4f, 0xf9, 0x0, 0x9, 0xff, 0x30,
    0x0, 0x0, 0x4, 0xff, 0x90, 0x0, 0x9f, 0xf3,
    0x0, 0x0, 0x0, 0x4f, 0xf9, 0x0, 0x9, 0xff,
    0x30, 0x0, 0x0, 0x4, 0xff, 0x90, 0x0, 0x9f,
    0xf3, 0x0, 0x0, 0x0, 0x4f, 0xf9, 0x0, 0x9,
    0xff, 0x30, 0x0, 0xcf, 0xff, 0xff, 0xff, 0xff,
    0xff, 0xff, 0xff, 0xbc, 0xff, 0xff, 0xff, 0xff,
    0xff, 0xff, 0xff, 0xfb, 0x7a, 0xab, 0xff, 0xda,
    0xaa, 0xdf, 0xfb, 0xaa, 0x70, 0x0, 0x4f, 0xf9,
    0x0, 0x9, 0xff, 0x30, 0x0, 0x0, 0x4, 0xff,
    0x90, 0x0, 0x9f, 0xf3, 0x0, 0x0, 0x0, 0x4f,
    0xf9, 0x0, 0x9, 0xff, 0x30, 0x0, 0x7a, 0xab,
    0xff, 0xda, 0xaa, 0xdf, 0xfb, 0xaa, 0x7c, 0xff,
    0xff, 0xff, 0xff, 0xff, 0xff, 0xff, 0xfb, 0xcf,
    0xff, 0xff, 0xff, 0xff, 0xff, 0xff, 0xff, 0xb0,
    0x0, 0x4f, 0xf9, 0x0, 0x9, 0xff, 0x30, 0x0,
    0x0, 0x4, 0xff, 0x90, 0x0, 0x9f, 0xf3, 0x0,
    0x0, 0x0, 0x4f, 0xf9, 0x0, 0x9, 0xff, 0x30,
    0x0, 0x0, 0x4, 0xff, 0x90, 0x0, 0x9f, 0xf3,
    0x0, 0x0, 0x0, 0x4f, 0xf9, 0x0, 0x9, 0xff,
    0x30, 0x0, 0x0, 0x4, 0xff, 0x90, 0x0, 0x9f,
    0xf3, 0x0, 0x0,

    /* U+0024 "$" */
    0x0, 0x0, 0x0, 0x18, 0x86, 0x0, 0x0, 0x0,
    0x0, 0x0, 0x0, 0x2, 0xff, 0xc0, 0x0, 0x0,
    0x0, 0x0, 0x0, 0x0, 0x2f, 0xfc, 0x0, 0x0,
    0x0, 0x0, 0x0, 0x0, 0x2, 0xff, 0xc0, 0x0,
    0x0, 0x0, 0x0, 0x0, 0x6b, 0xff, 0xff, 0xa6,
    0x0, 0x0, 0x0, 0x4, 0xef, 0xff, 0xff, 0xff,
    0xfe, 0x40, 0x0, 0x3, 0xff, 0xff, 0xff, 0xff,
    0xff, 0xff, 0x40, 0x0, 0xcf, 0xfe, 0x53, 0xff,
    0xd4, 0xdf, 0xfe, 0x0, 0x1f, 0xff, 0x40, 0x2f,
    0xfc, 0x1, 0xff, 0xf6, 0x3, 0xff, 0xf0, 0x2,
    0xff, 0xc0, 0xb, 0xff, 0x90, 0x2f, 0xff, 0x20,
    0x2f, 0xfc, 0x0, 0x9f, 0xfa, 0x0, 0xef, 0xfb,
    0x12, 0xff, 0xc0, 0x4, 0x77, 0x40, 0x6, 0xff,
    0xff, 0xcf, 0xfc, 0x0, 0x0, 0x0, 0x0, 0x7,
    0xff, 0xff, 0xff, 0xf9, 0x40, 0x0, 0x0, 0x0,
    0x2, 0x9f, 0xff, 0xff, 0xff, 0xe6, 0x0, 0x0,
    0x0, 0x0, 0x6, 0xff, 0xff, 0xff, 0xfa, 0x0,
    0x0, 0x0, 0x0, 0x2f, 0xfd, 0x5c, 0xff, 0xf6,
    0x9, 0xcc, 0x50, 0x2, 0xff, 0xc0, 0xa, 0xff,
    0xd0, 0xbf, 0xf7, 0x0, 0x2f, 0xfc, 0x0, 0x3f,
    0xff, 0x9, 0xff, 0xa0, 0x2, 0xff, 0xc0, 0x3,
    0xff, 0xf0, 0x5f, 0xff, 0x30, 0x2f, 0xfc, 0x0,
    0x9f, 0xfd, 0x0, 0xdf, 0xff, 0x63, 0xff, 0xc1,
    0x9f, 0xff, 0x60, 0x2, 0xff, 0xff, 0xff, 0xff,
    0xff, 0xff, 0xb0, 0x0, 0x2, 0xcf, 0xff, 0xff,
    0xff, 0xff, 0x90, 0x0, 0x0, 0x0, 0x49, 0xff,
    0xff, 0xc8, 0x20, 0x0, 0x0, 0x0, 0x0, 0x2,
    0xff, 0xc0, 0x0, 0x0, 0x0, 0x0, 0x0, 0x0,
    0x2f, 0xfc, 0x0, 0x0, 0x0, 0x0, 0x0, 0x0,
    0x2, 0xff, 0xc0, 0x0, 0x0, 0x0,

    /* U+0025 "%" */
    0x0, 0x0, 0x0, 0x0, 0x0, 0x0, 0x0, 0x0,
    0x0, 0x0, 0x0, 0x0, 0x1, 0x9d, 0xff, 0xb5,
    0x0, 0x0, 0x0, 0x0, 0xb, 0x60, 0x0, 0x2,
    0xef, 0xff, 0xff, 0xf7, 0x0, 0x0, 0x0, 0x9,
    0xff, 0x60, 0x0, 0xbf, 0xf6, 0x23, 0xcf, 0xf2,
    0x0, 0x0, 0x6, 0xff, 0xc0, 0x0, 0xf, 0xf9,
    0x0, 0x2, 0xff, 0x60, 0x0, 0x3, 0xff, 0xe1,
    0x0, 0x1, 0xff, 0x60, 0x0, 0xf, 0xf8, 0x0,
    0x1, 0xef, 0xf3, 0x0, 0x0, 0xf, 0xf9, 0x0,
    0x2, 0xff, 0x60, 0x0, 0xcf, 0xf5, 0x0, 0x0,
    0x0, 0xbf, 0xf6, 0x23, 0xcf, 0xf2, 0x0, 0xaf,
    0xf8, 0x0, 0x0, 0x0, 0x2, 0xef, 0xff, 0xff,
    0xf8, 0x0, 0x8f, 0xfa, 0x0, 0x0, 0x0, 0x0,
    0x1, 0x9e, 0xff, 0xc5, 0x0, 0x5f, 0xfd, 0x0,
    0x0, 0x0, 0x0, 0x0, 0x0, 0x0, 0x0, 0x0,
    0x3f, 0xfe, 0x20, 0x0, 0x0, 0x0, 0x0, 0x0,
    0x0, 0x0, 0x0, 0x1e, 0xff, 0x30, 0x0, 0x0,
    0x0, 0x0, 0x0, 0x0, 0x0, 0x0, 0xc, 0xff,
    0x60, 0x0, 0x0, 0x0, 0x0, 0x0, 0x0, 0x0,
    0x0, 0x9, 0xff, 0x90, 0x6, 0xdf, 0xfe, 0xa1,
    0x0, 0x0, 0x0, 0x0, 0x6, 0xff, 0xb0, 0x9,
    0xff, 0xff, 0xff, 0xe2, 0x0, 0x0, 0x0, 0x4,
    0xff, 0xd1, 0x3, 0xff, 0xb2, 0x5, 0xff, 0xa0,
    0x0, 0x0, 0x2, 0xef, 0xf2, 0x0, 0x7f, 0xf1,
    0x0, 0xa, 0xff, 0x0, 0x0, 0x0, 0xdf, 0xf4,
    0x0, 0x9, 0xff, 0x0, 0x0, 0x7f, 0xf0, 0x0,
    0x0, 0xbf, 0xf7, 0x0, 0x0, 0x7f, 0xf1, 0x0,
    0xa, 0xff, 0x0, 0x0, 0x8f, 0xfa, 0x0, 0x0,
    0x3, 0xff, 0xc3, 0x27, 0xff, 0xa0, 0x0, 0x5f,
    0xfc, 0x0, 0x0, 0x0, 0x8, 0xff, 0xff, 0xff,
    0xe1, 0x0, 0x1, 0xce, 0x10, 0x0, 0x0, 0x0,
    0x5, 0xcf, 0xfd, 0x91, 0x0, 0x0, 0x0, 0x20,
    0x0, 0x0, 0x0, 0x0, 0x0, 0x0, 0x0, 0x0,
    0x0,

    /* U+0026 "&" */
    0x0, 0x6, 0xbe, 0xff, 0xfe, 0x0, 0x0, 0x0,
    0x0, 0x1d, 0xff, 0xff, 0xff, 0xe0, 0x0, 0x0,
    0x0, 0xc, 0xff, 0xfd, 0xa9, 0x98, 0x0, 0x0,
    0x0, 0x5, 0xff, 0xf6, 0x0, 0x0, 0x0, 0x0,
    0x0, 0x0, 0x9f, 0xf9, 0x0, 0x0, 0x0, 0x0,
    0x0, 0x0, 0xb, 0xff, 0x60, 0x0, 0x0, 0x0,
    0x0, 0x0, 0x0, 0xaf, 0xf6, 0x0, 0x0, 0x0,
    0x9f, 0xf7, 0x0, 0x7, 0xff, 0xa0, 0x0, 0x0,
    0x9, 0xff, 0x70, 0x0, 0x1e, 0xff, 0x60, 0x0,
    0x0, 0x9f, 0xf7, 0x0, 0x0, 0x3e, 0xff, 0xd9,
    0x99, 0x9d, 0xff, 0xc9, 0x93, 0x0, 0x9, 0xff,
    0xff, 0xff, 0xff, 0xff, 0xff, 0x50, 0x9, 0xff,
    0xff, 0xff, 0xff, 0xff, 0xff, 0xf5, 0xc, 0xff,
    0xa3, 0x0, 0x0, 0x9f, 0xf7, 0x0, 0x7, 0xff,
    0xa0, 0x0, 0x0, 0x9, 0xff, 0x70, 0x0, 0xcf,
    0xf4, 0x0, 0x0, 0x0, 0x9f, 0xf7, 0x0, 0xe,
    0xff, 0x30, 0x0, 0x0, 0x9, 0xff, 0x70, 0x0,
    0xcf, 0xf6, 0x0, 0x0, 0x0, 0x9f, 0xf7, 0x0,
    0x9, 0xff, 0xe3, 0x0, 0x0, 0x9, 0xff, 0x70,
    0x0, 0x2f, 0xff, 0xfc, 0x99, 0x99, 0xdf, 0xf7,
    0x0, 0x0, 0x4e, 0xff, 0xff, 0xff, 0xff, 0xff,
    0x70, 0x0, 0x0, 0x18, 0xce, 0xff, 0xff, 0xff,
    0xf7, 0x0, 0x0,

    /* U+0027 "'" */
    0x6, 0xee, 0x90, 0x2f, 0xff, 0xf5, 0x4f, 0xff,
    0xf8, 0xd, 0xff, 0xf8, 0x0, 0x6b, 0xf8, 0x0,
    0x9, 0xf7, 0xb, 0xff, 0xf2, 0x8, 0xb9, 0x30,

    /* U+0028 "(" */
    0x0, 0x0, 0x1, 0x7b, 0xdf, 0x60, 0x0, 0x9,
    0xff, 0xff, 0xf6, 0x0, 0xc, 0xff, 0xff, 0xdb,
    0x40, 0xb, 0xff, 0xf9, 0x10, 0x0, 0x4, 0xff,
    0xf5, 0x0, 0x0, 0x0, 0xaf, 0xfa, 0x0, 0x0,
    0x0, 0xf, 0xff, 0x30, 0x0, 0x0, 0x2, 0xff,
    0xe0, 0x0, 0x0, 0x0, 0x4f, 0xfc, 0x0, 0x0,
    0x0, 0x5, 0xff, 0xb0, 0x0, 0x0, 0x0, 0x5f,
    0xfa, 0x0, 0x0, 0x0, 0x5, 0xff, 0xa0, 0x0,
    0x0, 0x0, 0x5f, 0xfa, 0x0, 0x0, 0x0, 0x5,
    0xff, 0xa0, 0x0, 0x0, 0x0, 0x5f, 0xfa, 0x0,
    0x0, 0x0, 0x5, 0xff, 0xa0, 0x0, 0x0, 0x0,
    0x5f, 0xfa, 0x0, 0x0, 0x0, 0x5, 0xff, 0xa0,
    0x0, 0x0, 0x0, 0x5f, 0xfa, 0x0, 0x0, 0x0,
    0x5, 0xff, 0xb0, 0x0, 0x0, 0x0, 0x4f, 0xfc,
    0x0, 0x0, 0x0, 0x2, 0xff, 0xe0, 0x0, 0x0,
    0x0, 0xf, 0xff, 0x30, 0x0, 0x0, 0x0, 0xaf,
    0xfa, 0x0, 0x0, 0x0, 0x4, 0xff, 0xf5, 0x0,
    0x0, 0x0, 0xb, 0xff, 0xf8, 0x10, 0x0, 0x0,
    0xc, 0xff, 0xff, 0xca, 0x40, 0x0, 0x9, 0xff,
    0xff, 0xf6, 0x0, 0x0, 0x1, 0x7b, 0xef, 0x60,

    /* U+0029 ")" */
    0xee, 0xc9, 0x40, 0x0, 0x0, 0xef, 0xff, 0xfd,
    0x40, 0x0, 0x9c, 0xff, 0xff, 0xf6, 0x0, 0x0,
    0x4, 0xdf, 0xff, 0x30, 0x0, 0x0, 0xc, 0xff,
    0xc0, 0x0, 0x0, 0x2, 0xff, 0xf2, 0x0, 0x0,
    0x0, 0xaf, 0xf7, 0x0, 0x0, 0x0, 0x6f, 0xfa,
    0x0, 0x0, 0x0, 0x3f, 0xfc, 0x0, 0x0, 0x0,
    0x2f, 0xfd, 0x0, 0x0, 0x0, 0x2f, 0xfd, 0x0,
    0x0, 0x0, 0x2f, 0xfd, 0x0, 0x0, 0x0, 0x2f,
    0xfd, 0x0, 0x0, 0x0, 0x2f, 0xfd, 0x0, 0x0,
    0x0, 0x2f, 0xfd, 0x0, 0x0, 0x0, 0x2f, 0xfd,
    0x0, 0x0, 0x0, 0x2f, 0xfd, 0x0, 0x0, 0x0,
    0x2f, 0xfd, 0x0, 0x0, 0x0, 0x2f, 0xfd, 0x0,
    0x0, 0x0, 0x2f, 0xfd, 0x0, 0x0, 0x0, 0x3f,
    0xfc, 0x0, 0x0, 0x0, 0x6f, 0xfa, 0x0, 0x0,
    0x0, 0xaf, 0xf7, 0x0, 0x0, 0x2, 0xff, 0xf2,
    0x0, 0x0, 0xc, 0xff, 0xc0, 0x0, 0x4, 0xdf,
    0xff, 0x30, 0x9b, 0xef, 0xff, 0xf6, 0x0, 0xef,
    0xff, 0xfd, 0x40, 0x0, 0xee, 0xc9, 0x40, 0x0,
    0x0,

    /* U+002A "*" */
    0x0, 0x0, 0x0, 0xfe, 0x0, 0x0, 0x0, 0x0,
    0x32, 0x0, 0xfe, 0x0, 0x32, 0x0, 0x2, 0xfe,
    0x20, 0xfe, 0x3, 0xfe, 0x10, 0x0, 0xbf, 0xe0,
    0xec, 0x1e, 0xfa, 0x0, 0x0, 0xb, 0xf9, 0xca,
    0xbf, 0xa0, 0x0, 0x0, 0x0, 0x8f, 0xff, 0xf7,
    0x0, 0x0, 0xaf, 0xfe, 0xbf, 0xff, 0xfc, 0xef,
    0xf8, 0x9e, 0xec, 0xaf, 0xff, 0xfa, 0xce, 0xe7,
    0x0, 0x1, 0xbf, 0xee, 0xfa, 0x10, 0x0, 0x0,
    0x3e, 0xf5, 0xcb, 0x6f, 0xe2, 0x0, 0x2, 0xff,
    0x70, 0xfd, 0x8, 0xfe, 0x10, 0x0, 0x76, 0x0,
    0xfe, 0x0, 0x75, 0x0, 0x0, 0x0, 0x0, 0xfe,
    0x0, 0x0, 0x0,

    /* U+002B "+" */
    0x0, 0x0, 0x16, 0x64, 0x0, 0x0, 0x0, 0x0,
    0x2, 0xff, 0xc0, 0x0, 0x0, 0x0, 0x0, 0x2f,
    0xfc, 0x0, 0x0, 0x0, 0x0, 0x2, 0xff, 0xc0,
    0x0, 0x0, 0x0, 0x0, 0x2f, 0xfc, 0x0, 0x0,
    0xc, 0xcc, 0xcd, 0xff, 0xfc, 0xcc, 0xc7, 0xff,
    0xff, 0xff, 0xff, 0xff, 0xff, 0x9f, 0xff, 0xff,
    0xff, 0xff, 0xff, 0xf9, 0x0, 0x0, 0x2f, 0xfc,
    0x0, 0x0, 0x0, 0x0, 0x2, 0xff, 0xc0, 0x0,
    0x0, 0x0, 0x0, 0x2f, 0xfc, 0x0, 0x0, 0x0,
    0x0, 0x2, 0xff, 0xc0, 0x0, 0x0, 0x0, 0x0,
    0x2f, 0xfc, 0x0, 0x0, 0x0,

    /* U+002C "," */
    0x0, 0x66, 0x10, 0xd, 0xff, 0xe1, 0x4f, 0xff,
    0xf7, 0x2f, 0xff, 0xf8, 0x6, 0xef, 0xf8, 0x0,
    0x7, 0xf8, 0x0, 0x8, 0xf7, 0x8, 0xcf, 0xf3,
    0xb, 0xfd, 0x60,

    /* U+002D "-" */
    0x9c, 0xcc, 0xcc, 0xcc, 0xc1, 0xcf, 0xff, 0xff,
    0xff, 0xf1, 0xcf, 0xff, 0xff, 0xff, 0xf1,

    /* U+002E "." */
    0x3, 0xbc, 0x60, 0x1f, 0xff, 0xf4, 0x4f, 0xff,
    0xf8, 0x1f, 0xff, 0xf5, 0x5, 0xee, 0x80,

    /* U+002F "/" */
    0x0, 0x0, 0x0, 0x0, 0x9, 0xff, 0x80, 0x0,
    0x0, 0x0, 0x0, 0xef, 0xf2, 0x0, 0x0, 0x0,
    0x0, 0x3f, 0xfd, 0x0, 0x0, 0x0, 0x0, 0x9,
    0xff, 0x80, 0x0, 0x0, 0x0, 0x0, 0xef, 0xf3,
    0x0, 0x0, 0x0, 0x0, 0x3f, 0xfd, 0x0, 0x0,
    0x0, 0x0, 0x8, 0xff, 0x80, 0x0, 0x0, 0x0,
    0x0, 0xdf, 0xf3, 0x0, 0x0, 0x0, 0x0, 0x3f,
    0xfe, 0x0, 0x0, 0x0, 0x0, 0x8, 0xff, 0x90,
    0x0, 0x0, 0x0, 0x0, 0xdf, 0xf3, 0x0, 0x0,
    0x0, 0x0, 0x2f, 0xfe, 0x0, 0x0, 0x0, 0x0,
    0x8, 0xff, 0x90, 0x0, 0x0, 0x0, 0x0, 0xdf,
    0xf4, 0x0, 0x0, 0x0, 0x0, 0x2f, 0xfe, 0x0,
    0x0, 0x0, 0x0, 0x7, 0xff, 0x90, 0x0, 0x0,
    0x0, 0x0, 0xcf, 0xf4, 0x0, 0x0, 0x0, 0x0,
    0x2f, 0xfe, 0x0, 0x0, 0x0, 0x0, 0x7, 0xff,
    0x90, 0x0, 0x0, 0x0, 0x0, 0xcf, 0xf4, 0x0,
    0x0, 0x0, 0x0, 0x1f, 0xff, 0x0, 0x0, 0x0,
    0x0, 0x7, 0xff, 0xa0, 0x0, 0x0, 0x0, 0x0,
    0xcf, 0xf5, 0x0, 0x0, 0x0, 0x0, 0x1f, 0xff,
    0x0, 0x0, 0x0, 0x0, 0x6, 0xff, 0xa0, 0x0,
    0x0, 0x0, 0x0, 0xbf, 0xf5, 0x0, 0x0, 0x0,
    0x0, 0x1f, 0xff, 0x0, 0x0, 0x0, 0x0, 0x0,

    /* U+0030 "0" */
    0x0, 0x0, 0x18, 0xce, 0xfe, 0xd9, 0x30, 0x0,
    0x0, 0x0, 0x7f, 0xff, 0xff, 0xff, 0xff, 0xb1,
    0x0, 0x0, 0x8f, 0xff, 0xfe, 0xdd, 0xff, 0xff,
    0xd0, 0x0, 0x4f, 0xff, 0xc3, 0x0, 0x1, 0x8f,
    0xff, 0x90, 0xb, 0xff, 0xc0, 0x0, 0x0, 0x0,
    0x7f, 0xff, 0x10, 0xff, 0xf3, 0x0, 0x0, 0x0,
    0x0, 0xef, 0xf6, 0x3f, 0xfe, 0x0, 0x0, 0x0,
    0x0, 0x9, 0xff, 0x94, 0xff, 0xd0, 0x0, 0x0,
    0x0, 0x0, 0x7f, 0xfa, 0x5f, 0xfc, 0x0, 0x0,
    0x0, 0x0, 0x7, 0xff, 0xb5, 0xff, 0xc0, 0x0,
    0x0, 0x0, 0x0, 0x7f, 0xfb, 0x5f, 0xfc, 0x0,
    0x0, 0x0, 0x0, 0x7, 0xff, 0xb5, 0xff, 0xc0,
    0x0, 0x0, 0x0, 0x0, 0x7f, 0xfb, 0x5f, 0xfc,
    0x0, 0x0, 0x0, 0x0, 0x7, 0xff, 0xb4, 0xff,
    0xd0, 0x0, 0x0, 0x0, 0x0, 0x7f, 0xfa, 0x3f,
    0xfe, 0x0, 0x0, 0x0, 0x0, 0x9, 0xff, 0x90,
    0xff, 0xf3, 0x0, 0x0, 0x0, 0x0, 0xdf, 0xf6,
    0xc, 0xff, 0xb0, 0x0, 0x0, 0x0, 0x6f, 0xff,
    0x20, 0x4f, 0xff, 0xb2, 0x0, 0x1, 0x7f, 0xff,
    0xa0, 0x0, 0x9f, 0xff, 0xfe, 0xdd, 0xff, 0xff,
    0xd1, 0x0, 0x0, 0x8f, 0xff, 0xff, 0xff, 0xff,
    0xb1, 0x0, 0x0, 0x0, 0x18, 0xce, 0xff, 0xd9,
    0x40, 0x0, 0x0,

    /* U+0031 "1" */
    0x0, 0x0, 0x2f, 0xff, 0xff, 0xd0, 0x0, 0xa,
    0xff, 0xff, 0xfd, 0x0, 0x2, 0xff, 0xf7, 0xff,
    0xd0, 0x0, 0xaf, 0xf9, 0x4f, 0xfd, 0x0, 0x2f,
    0xff, 0x24, 0xff, 0xd0, 0xa, 0xff, 0x90, 0x4f,
    0xfd, 0x2, 0xff, 0xf2, 0x4, 0xff, 0xd0, 0xaf,
    0xfa, 0x0, 0x4f, 0xfd, 0x2f, 0xff, 0x20, 0x4,
    0xff, 0xd2, 0x44, 0x30, 0x0, 0x4f, 0xfd, 0x0,
    0x0, 0x0, 0x4, 0xff, 0xd0, 0x0, 0x0, 0x0,
    0x4f, 0xfd, 0x0, 0x0, 0x0, 0x4, 0xff, 0xd0,
    0x0, 0x0, 0x0, 0x4f, 0xfd, 0x0, 0x0, 0x0,
    0x4, 0xff, 0xd0, 0x0, 0x0, 0x0, 0x4f, 0xfd,
    0x0, 0x0, 0x0, 0x4, 0xff, 0xd0, 0x0, 0x0,
    0x0, 0x4f, 0xfd, 0x0, 0x0, 0x0, 0x4, 0xff,
    0xd0, 0x0, 0x0, 0x0, 0x4f, 0xfd, 0x0, 0x0,
    0x0, 0x4, 0xff, 0xd0,

    /* U+0032 "2" */
    0x0, 0x0, 0x39, 0xde, 0xfd, 0xb5, 0x0, 0x0,
    0x0, 0x1a, 0xff, 0xff, 0xff, 0xff, 0xd3, 0x0,
    0x0, 0xdf, 0xff, 0xfd, 0xdf, 0xff, 0xff, 0x30,
    0x9, 0xff, 0xf7, 0x0, 0x0, 0x5e, 0xff, 0xe0,
    0x1f, 0xff, 0x50, 0x0, 0x0, 0x2, 0xff, 0xf5,
    0x4f, 0xfd, 0x0, 0x0, 0x0, 0x0, 0xaf, 0xf8,
    0x6f, 0xfb, 0x0, 0x0, 0x0, 0x0, 0x8f, 0xfa,
    0x36, 0x64, 0x0, 0x0, 0x0, 0x0, 0x9f, 0xf9,
    0x0, 0x0, 0x0, 0x0, 0x0, 0x0, 0xef, 0xf6,
    0x0, 0x0, 0x0, 0x0, 0x0, 0xb, 0xff, 0xf1,
    0x0, 0x0, 0x0, 0x0, 0x17, 0xef, 0xff, 0x70,
    0x0, 0x0, 0x1, 0x7c, 0xff, 0xff, 0xf7, 0x0,
    0x0, 0x2, 0xbf, 0xff, 0xff, 0xfb, 0x30, 0x0,
    0x0, 0x6f, 0xff, 0xff, 0xd8, 0x20, 0x0, 0x0,
    0x5, 0xff, 0xfe, 0x72, 0x0, 0x0, 0x0, 0x0,
    0xe, 0xff, 0xa0, 0x0, 0x0, 0x0, 0x0, 0x0,
    0x4f, 0xfe, 0x0, 0x0, 0x0, 0x0, 0x0, 0x0,
    0x7f, 0xfa, 0x0, 0x0, 0x0, 0x0, 0x0, 0x0,
    0x8f, 0xfe, 0xcc, 0xcc, 0xcc, 0xcc, 0xcc, 0xc5,
    0x9f, 0xff, 0xff, 0xff, 0xff, 0xff, 0xff, 0xf7,
    0x9f, 0xff, 0xff, 0xff, 0xff, 0xff, 0xff, 0xf7,

    /* U+0033 "3" */
    0x4f, 0xff, 0xff, 0xff, 0xff, 0xff, 0xff, 0xf6,
    0x4f, 0xff, 0xff, 0xff, 0xff, 0xff, 0xff, 0xf6,
    0x3c, 0xcc, 0xcc, 0xcc, 0xcc, 0xcc, 0xff, 0xf6,
    0x0, 0x0, 0x0, 0x0, 0x0, 0x8, 0xff, 0xf6,
    0x0, 0x0, 0x0, 0x0, 0x6, 0xef, 0xff, 0xb1,
    0x0, 0x0, 0x0, 0x3, 0xcf, 0xff, 0xd4, 0x0,
    0x0, 0x0, 0x1, 0xaf, 0xff, 0xf7, 0x0, 0x0,
    0x0, 0x0, 0x4f, 0xff, 0xfa, 0x10, 0x0, 0x0,
    0x0, 0x0, 0x6f, 0xff, 0x94, 0x31, 0x0, 0x0,
    0x0, 0x0, 0x6f, 0xff, 0xff, 0xff, 0xb3, 0x0,
    0x0, 0x0, 0x6f, 0xff, 0xff, 0xff, 0xff, 0x60,
    0x0, 0x0, 0x0, 0x0, 0x1, 0x5d, 0xff, 0xf2,
    0x0, 0x0, 0x0, 0x0, 0x0, 0x0, 0xdf, 0xf9,
    0x57, 0x72, 0x0, 0x0, 0x0, 0x0, 0x6f, 0xfb,
    0xbf, 0xf6, 0x0, 0x0, 0x0, 0x0, 0x5f, 0xfc,
    0x9f, 0xf9, 0x0, 0x0, 0x0, 0x0, 0x7f, 0xfb,
    0x5f, 0xff, 0x20, 0x0, 0x0, 0x1, 0xef, 0xf7,
    0xe, 0xff, 0xe6, 0x0, 0x0, 0x4d, 0xff, 0xf1,
    0x3, 0xff, 0xff, 0xfd, 0xde, 0xff, 0xff, 0x50,
    0x0, 0x3d, 0xff, 0xff, 0xff, 0xff, 0xe5, 0x0,
    0x0, 0x0, 0x5a, 0xdf, 0xfe, 0xb6, 0x10, 0x0,

    /* U+0034 "4" */
    0x0, 0x0, 0x0, 0x0, 0x6f, 0xff, 0xff, 0xa0,
    0x0, 0x0, 0x0, 0x0, 0x0, 0x1e, 0xff, 0xff,
    0xfa, 0x0, 0x0, 0x0, 0x0, 0x0, 0xa, 0xff,
    0xa8, 0xff, 0xa0, 0x0, 0x0, 0x0, 0x0, 0x3,
    0xff, 0xf1, 0x8f, 0xfa, 0x0, 0x0, 0x0, 0x0,
    0x0, 0xdf, 0xf7, 0x8, 0xff, 0xa0, 0x0, 0x0,
    0x0, 0x0, 0x7f, 0xfd, 0x0, 0x8f, 0xfa, 0x0,
    0x0, 0x0, 0x0, 0x1f, 0xff, 0x30, 0x8, 0xff,
    0xa0, 0x0, 0x0, 0x0, 0xa, 0xff, 0xa0, 0x0,
    0x8f, 0xfa, 0x0, 0x0, 0x0, 0x4, 0xff, 0xf1,
    0x0, 0x8, 0xff, 0xa0, 0x0, 0x0, 0x0, 0xdf,
    0xf6, 0x0, 0x0, 0x8f, 0xfa, 0x0, 0x0, 0x0,
    0x8f, 0xfc, 0x0, 0x0, 0x8, 0xff, 0xa0, 0x0,
    0x0, 0x2f, 0xff, 0x30, 0x0, 0x0, 0x8f, 0xfa,
    0x0, 0x0, 0xb, 0xff, 0x90, 0x0, 0x0, 0x8,
    0xff, 0xa0, 0x0, 0x1, 0xff, 0xf1, 0x0, 0x0,
    0x0, 0x8f, 0xfa, 0x0, 0x0, 0x2f, 0xff, 0xff,
    0xff, 0xff, 0xff, 0xff, 0xff, 0xff, 0x32, 0xff,
    0xff, 0xff, 0xff, 0xff, 0xff, 0xff, 0xff, 0xf3,
    0x1c, 0xcc, 0xcc, 0xcc, 0xcc, 0xce, 0xff, 0xec,
    0xcc, 0x20, 0x0, 0x0, 0x0, 0x0, 0x0, 0x8f,
    0xfa, 0x0, 0x0, 0x0, 0x0, 0x0, 0x0, 0x0,
    0x8, 0xff, 0xa0, 0x0, 0x0, 0x0, 0x0, 0x0,
    0x0, 0x0, 0x8f, 0xfa, 0x0, 0x0, 0x0, 0x0,
    0x0, 0x0, 0x0, 0x8, 0xff, 0xa0, 0x0, 0x0,

    /* U+0035 "5" */
    0xf, 0xff, 0xff, 0xff, 0xff, 0xff, 0xff, 0xf0,
    0xf, 0xff, 0xff, 0xff, 0xff, 0xff, 0xff, 0xf0,
    0xf, 0xff, 0xdd, 0xdd, 0xdd, 0xdd, 0xdd, 0xd0,
    0xf, 0xff, 0x20, 0x0, 0x0, 0x0, 0x0, 0x0,
    0xf, 0xff, 0x20, 0x0, 0x0, 0x0, 0x0, 0x0,
    0xf, 0xff, 0x20, 0x0, 0x0, 0x0, 0x0, 0x0,
    0xf, 0xff, 0x20, 0x0, 0x0, 0x0, 0x0, 0x0,
    0xf, 0xff, 0x21, 0x8d, 0xff, 0xd9, 0x20, 0x0,
    0xf, 0xff, 0x3d, 0xff, 0xff, 0xff, 0xf7, 0x0,
    0xf, 0xff, 0xff, 0xfa, 0x9b, 0xff, 0xff, 0x60,
    0xf, 0xff, 0xfc, 0x10, 0x0, 0x1c, 0xff, 0xf1,
    0x7, 0x77, 0x71, 0x0, 0x0, 0x0, 0xef, 0xf7,
    0x0, 0x0, 0x0, 0x0, 0x0, 0x0, 0x8f, 0xfa,
    0x11, 0x10, 0x0, 0x0, 0x0, 0x0, 0x6f, 0xfb,
    0xaf, 0xf8, 0x0, 0x0, 0x0, 0x0, 0x6f, 0xfb,
    0x8f, 0xfb, 0x0, 0x0, 0x0, 0x0, 0xaf, 0xf9,
    0x4f, 0xff, 0x30, 0x0, 0x0, 0x2, 0xff, 0xf5,
    0xd, 0xff, 0xe5, 0x0, 0x0, 0x5e, 0xff, 0xd0,
    0x3, 0xff, 0xff, 0xfd, 0xdf, 0xff, 0xff, 0x30,
    0x0, 0x3d, 0xff, 0xff, 0xff, 0xff, 0xd3, 0x0,
    0x0, 0x0, 0x5a, 0xdf, 0xfd, 0xb5, 0x0, 0x0,

    /* U+0036 "6" */
    0x0, 0x0, 0x38, 0xce, 0xfe, 0xd8, 0x30, 0x0,
    0x0, 0x0, 0x9f, 0xff, 0xff, 0xff, 0xff, 0xa0,
    0x0, 0x0, 0xbf, 0xff, 0xfd, 0xcd, 0xff, 0xff,
    0xc0, 0x0, 0x7f, 0xff, 0x81, 0x0, 0x1, 0x8f,
    0xff, 0x60, 0xd, 0xff, 0x70, 0x0, 0x0, 0x0,
    0x9f, 0xfc, 0x2, 0xff, 0xf0, 0x0, 0x0, 0x0,
    0x4, 0xee, 0xc0, 0x4f, 0xfd, 0x0, 0x0, 0x0,
    0x0, 0x0, 0x0, 0x5, 0xff, 0xc0, 0x18, 0xde,
    0xfd, 0x93, 0x0, 0x0, 0x5f, 0xfc, 0x4f, 0xff,
    0xff, 0xff, 0xf9, 0x0, 0x5, 0xff, 0xff, 0xfd,
    0x98, 0xae, 0xff, 0xfa, 0x0, 0x5f, 0xff, 0xf6,
    0x0, 0x0, 0x9, 0xff, 0xf4, 0x5, 0xff, 0xf7,
    0x0, 0x0, 0x0, 0xb, 0xff, 0xb0, 0x5f, 0xff,
    0x0, 0x0, 0x0, 0x0, 0x3f, 0xff, 0x5, 0xff,
    0xd0, 0x0, 0x0, 0x0, 0x1, 0xff, 0xf1, 0x4f,
    0xfd, 0x0, 0x0, 0x0, 0x0, 0x1f, 0xff, 0x2,
    0xff, 0xf1, 0x0, 0x0, 0x0, 0x4, 0xff, 0xe0,
    0xe, 0xff, 0x90, 0x0, 0x0, 0x0, 0xcf, 0xfa,
    0x0, 0x7f, 0xff, 0x91, 0x0, 0x3, 0xcf, 0xff,
    0x30, 0x0, 0xcf, 0xff, 0xfd, 0xde, 0xff, 0xff,
    0x60, 0x0, 0x0, 0xaf, 0xff, 0xff, 0xff, 0xff,
    0x60, 0x0, 0x0, 0x0, 0x39, 0xde, 0xfe, 0xc7,
    0x10, 0x0, 0x0,

    /* U+0037 "7" */
    0x2f, 0xff, 0xff, 0xff, 0xff, 0xff, 0xff, 0xff,
    0x2f, 0xff, 0xff, 0xff, 0xff, 0xff, 0xff, 0xff,
    0x1c, 0xcc, 0xcc, 0xcc, 0xcc, 0xcc, 0xdf, 0xff,
    0x0, 0x0, 0x0, 0x0, 0x0, 0x0, 0x8f, 0xfe,
    0x0, 0x0, 0x0, 0x0, 0x0, 0x1, 0xff, 0xf7,
    0x0, 0x0, 0x0, 0x0, 0x0, 0xa, 0xff, 0xe0,
    0x0, 0x0, 0x0, 0x0, 0x0, 0x3f, 0xff, 0x50,
    0x0, 0x0, 0x0, 0x0, 0x0, 0xcf, 0xfc, 0x0,
    0x0, 0x0, 0x0, 0x0, 0x5, 0xff, 0xf4, 0x0,
    0x0, 0x0, 0x0, 0x0, 0xd, 0xff, 0xb0, 0x0,
    0x0, 0x0, 0x0, 0x0, 0x7f, 0xff, 0x20, 0x0,
    0x0, 0x0, 0x0, 0x1, 0xef, 0xf9, 0x0, 0x0,
    0x0, 0x0, 0x0, 0x9, 0xff, 0xf1, 0x0, 0x0,
    0x0, 0x0, 0x0, 0x2f, 0xff, 0x70, 0x0, 0x0,
    0x0, 0x0, 0x0, 0xbf, 0xfe, 0x0, 0x0, 0x0,
    0x0, 0x0, 0x4, 0xff, 0xf5, 0x0, 0x0, 0x0,
    0x0, 0x0, 0xc, 0xff, 0xc0, 0x0, 0x0, 0x0,
    0x0, 0x0, 0x4f, 0xff, 0x40, 0x0, 0x0, 0x0,
    0x0, 0x0, 0x9f, 0xfc, 0x0, 0x0, 0x0, 0x0,
    0x0, 0x0, 0xbf, 0xf7, 0x0, 0x0, 0x0, 0x0,
    0x0, 0x0, 0xcf, 0xf6, 0x0, 0x0, 0x0, 0x0,

    /* U+0038 "8" */
    0x0, 0x1, 0x7b, 0xef, 0xfe, 0xc8, 0x30, 0x0,
    0x0, 0x8, 0xff, 0xff, 0xff, 0xff, 0xff, 0xb1,
    0x0, 0xa, 0xff, 0xff, 0xfd, 0xde, 0xff, 0xff,
    0xe1, 0x3, 0xff, 0xfb, 0x30, 0x0, 0x1, 0x8f,
    0xff, 0x80, 0x7f, 0xfd, 0x0, 0x0, 0x0, 0x0,
    0x8f, 0xfc, 0x8, 0xff, 0x90, 0x0, 0x0, 0x0,
    0x4, 0xff, 0xd0, 0x5f, 0xfd, 0x0, 0x0, 0x0,
    0x0, 0x8f, 0xfa, 0x0, 0xdf, 0xfb, 0x30, 0x0,
    0x1, 0x8f, 0xff, 0x30, 0x1, 0xbf, 0xff, 0xed,
    0xce, 0xff, 0xfe, 0x40, 0x0, 0x0, 0x7f, 0xff,
    0xff, 0xff, 0xfc, 0x0, 0x0, 0x1, 0xbf, 0xff,
    0xff, 0xff, 0xff, 0xfe, 0x40, 0x0, 0xdf, 0xfe,
    0x72, 0x0, 0x15, 0xcf, 0xff, 0x40, 0x7f, 0xfe,
    0x10, 0x0, 0x0, 0x0, 0xaf, 0xfd, 0xc, 0xff,
    0x60, 0x0, 0x0, 0x0, 0x1, 0xff, 0xf1, 0xdf,
    0xf4, 0x0, 0x0, 0x0, 0x0, 0xf, 0xff, 0x3c,
    0xff, 0x50, 0x0, 0x0, 0x0, 0x0, 0xff, 0xf2,
    0xaf, 0xfc, 0x0, 0x0, 0x0, 0x0, 0x7f, 0xff,
    0x3, 0xff, 0xfc, 0x40, 0x0, 0x2, 0x9f, 0xff,
    0x90, 0x8, 0xff, 0xff, 0xfd, 0xdf, 0xff, 0xff,
    0xc0, 0x0, 0x7, 0xff, 0xff, 0xff, 0xff, 0xff,
    0xa1, 0x0, 0x0, 0x1, 0x6b, 0xdf, 0xfe, 0xc8,
    0x30, 0x0, 0x0,

    /* U+0039 "9" */
    0x0, 0x0, 0x4a, 0xde, 0xfd, 0xb5, 0x0, 0x0,
    0x0, 0x2c, 0xff, 0xff, 0xff, 0xff, 0xd3, 0x0,
    0x2, 0xef, 0xff, 0xfd, 0xdf, 0xff, 0xff, 0x30,
    0xc, 0xff, 0xf6, 0x0, 0x0, 0x4e, 0xff, 0xe0,
    0x3f, 0xff, 0x30, 0x0, 0x0, 0x1, 0xef, 0xf6,
    0x7f, 0xfb, 0x0, 0x0, 0x0, 0x0, 0x8f, 0xfa,
    0x9f, 0xf8, 0x0, 0x0, 0x0, 0x0, 0x5f, 0xfc,
    0x9f, 0xf9, 0x0, 0x0, 0x0, 0x0, 0x6f, 0xfc,
    0x7f, 0xfd, 0x0, 0x0, 0x0, 0x0, 0xaf, 0xfc,
    0x2f, 0xff, 0x60, 0x0, 0x0, 0x4, 0xff, 0xfc,
    0xa, 0xff, 0xfa, 0x30, 0x2, 0x8f, 0xff, 0xfc,
    0x0, 0xcf, 0xff, 0xff, 0xff, 0xff, 0xbf, 0xfc,
    0x0, 0x8, 0xff, 0xff, 0xff, 0xd3, 0x5f, 0xfc,
    0x0, 0x0, 0x4, 0x78, 0x74, 0x0, 0x5f, 0xfc,
    0x13, 0x32, 0x0, 0x0, 0x0, 0x0, 0x6f, 0xfb,
    0x6f, 0xfc, 0x0, 0x0, 0x0, 0x0, 0x9f, 0xf9,
    0x3f, 0xff, 0x30, 0x0, 0x0, 0x2, 0xff, 0xf5,
    0xd, 0xff, 0xe4, 0x0, 0x0, 0x5e, 0xff, 0xe0,
    0x3, 0xff, 0xff, 0xfd, 0xdf, 0xff, 0xff, 0x30,
    0x0, 0x4e, 0xff, 0xff, 0xff, 0xff, 0xd4, 0x0,
    0x0, 0x0, 0x6b, 0xdf, 0xfd, 0xb6, 0x0, 0x0,

    /* U+003A ":" */
    0x5, 0xee, 0x80, 0x1f, 0xff, 0xf5, 0x4f, 0xff,
    0xf8, 0x1f, 0xff, 0xf4, 0x3, 0xbc, 0x60, 0x0,
    0x0, 0x0, 0x0, 0x0, 0x0, 0x0, 0x0, 0x0,
    0x0, 0x0, 0x0, 0x0, 0x0, 0x0, 0x3, 0xbc,
    0x60, 0x1f, 0xff, 0xf4, 0x4f, 0xff, 0xf8, 0x1f,
    0xff, 0xf5, 0x5, 0xee, 0x80,

    /* U+003B ";" */
    0x5, 0xee, 0x80, 0x1f, 0xff, 0xf5, 0x4f, 0xff,
    0xf8, 0x1f, 0xff, 0xf4, 0x3, 0xbc, 0x60, 0x0,
    0x0, 0x0, 0x0, 0x0, 0x0, 0x0, 0x0, 0x0,
    0x0, 0x0, 0x0, 0x0, 0x0, 0x0, 0x0, 0x66,
    0x10, 0xd, 0xff, 0xf2, 0x3f, 0xff, 0xf7, 0x2f,
    0xff, 0xf8, 0x6, 0xef, 0xf8, 0x0, 0x6, 0xf8,
    0x0, 0x8, 0xf7, 0x7, 0xcf, 0xf3, 0xa, 0xfd,
    0x60,

    /* U+003C "<" */
    0x0, 0x0, 0x0, 0x0, 0x0, 0x17, 0x70, 0x0,
    0x0, 0x0, 0x6, 0xbf, 0xf9, 0x0, 0x0, 0x4,
    0xaf, 0xff, 0xff, 0x90, 0x3, 0x8e, 0xff, 0xff,
    0xfe, 0x82, 0x7d, 0xff, 0xff, 0xfe, 0x93, 0x0,
    0xf, 0xff, 0xfe, 0x93, 0x0, 0x0, 0x0, 0xff,
    0xf5, 0x0, 0x0, 0x0, 0x0, 0xf, 0xff, 0xfa,
    0x40, 0x0, 0x0, 0x0, 0xbf, 0xff, 0xff, 0xe9,
    0x40, 0x0, 0x0, 0x17, 0xdf, 0xff, 0xff, 0xe9,
    0x40, 0x0, 0x0, 0x39, 0xef, 0xff, 0xff, 0x90,
    0x0, 0x0, 0x0, 0x4a, 0xff, 0xf9, 0x0, 0x0,
    0x0, 0x0, 0x0, 0x6c, 0x90, 0x0, 0x0, 0x0,
    0x0, 0x0, 0x0,

    /* U+003D "=" */
    0xff, 0xff, 0xff, 0xff, 0xff, 0xff, 0x9f, 0xff,
    0xff, 0xff, 0xff, 0xff, 0xf9, 0xcc, 0xcc, 0xcc,
    0xcc, 0xcc, 0xcc, 0x70, 0x0, 0x0, 0x0, 0x0,
    0x0, 0x0, 0x0, 0x0, 0x0, 0x0, 0x0, 0x0,
    0xf, 0xff, 0xff, 0xff, 0xff, 0xff, 0xf9, 0xff,
    0xff, 0xff, 0xff, 0xff, 0xff, 0x9c, 0xcc, 0xcc,
    0xcc, 0xcc, 0xcc, 0xc7,

    /* U+003E ">" */
    0xb5, 0x0, 0x0, 0x0, 0x0, 0x0, 0xf, 0xfe,
    0x93, 0x0, 0x0, 0x0, 0x0, 0xff, 0xff, 0xfd,
    0x82, 0x0, 0x0, 0x5, 0xaf, 0xff, 0xff, 0xfc,
    0x61, 0x0, 0x0, 0x5, 0xbf, 0xff, 0xff, 0xfa,
    0x30, 0x0, 0x0, 0x5, 0xbf, 0xff, 0xf9, 0x0,
    0x0, 0x0, 0x0, 0x1a, 0xff, 0x90, 0x0, 0x0,
    0x1, 0x6c, 0xff, 0xf9, 0x0, 0x1, 0x6b, 0xff,
    0xff, 0xfe, 0x61, 0x6b, 0xff, 0xff, 0xff, 0xb5,
    0x0, 0xff, 0xff, 0xff, 0xc6, 0x10, 0x0, 0xf,
    0xff, 0xd8, 0x20, 0x0, 0x0, 0x0, 0xf9, 0x30,
    0x0, 0x0, 0x0, 0x0, 0x0, 0x0, 0x0, 0x0,
    0x0, 0x0, 0x0,

    /* U+003F "?" */
    0x0, 0x1, 0x7b, 0xef, 0xed, 0x93, 0x0, 0x0,
    0x0, 0x6f, 0xff, 0xff, 0xff, 0xff, 0xa0, 0x0,
    0x7, 0xff, 0xff, 0xdc, 0xcf, 0xff, 0xfc, 0x0,
    0x2f, 0xff, 0xb2, 0x0, 0x0, 0x7f, 0xff, 0x70,
    0x9f, 0xfc, 0x0, 0x0, 0x0, 0x7, 0xff, 0xd0,
    0xcf, 0xf6, 0x0, 0x0, 0x0, 0x2, 0xff, 0xf0,
    0xdf, 0xf5, 0x0, 0x0, 0x0, 0x3, 0xff, 0xf0,
    0x11, 0x10, 0x0, 0x0, 0x0, 0xa, 0xff, 0xc0,
    0x0, 0x0, 0x0, 0x0, 0x1, 0x9f, 0xff, 0x60,
    0x0, 0x0, 0x0, 0x1, 0x8f, 0xff, 0xfa, 0x0,
    0x0, 0x0, 0x0, 0x4e, 0xff, 0xfe, 0x60, 0x0,
    0x0, 0x0, 0x0, 0xef, 0xff, 0x80, 0x0, 0x0,
    0x0, 0x0, 0x3, 0xff, 0xf2, 0x0, 0x0, 0x0,
    0x0, 0x0, 0x4, 0xff, 0xf0, 0x0, 0x0, 0x0,
    0x0, 0x0, 0x2, 0x77, 0x70, 0x0, 0x0, 0x0,
    0x0, 0x0, 0x0, 0x0, 0x0, 0x0, 0x0, 0x0,
    0x0, 0x0, 0x1, 0xac, 0x80, 0x0, 0x0, 0x0,
    0x0, 0x0, 0xc, 0xff, 0xf8, 0x0, 0x0, 0x0,
    0x0, 0x0, 0xf, 0xff, 0xfc, 0x0, 0x0, 0x0,
    0x0, 0x0, 0xd, 0xff, 0xf9, 0x0, 0x0, 0x0,
    0x0, 0x0, 0x3, 0xcf, 0xb1, 0x0, 0x0, 0x0,

    /* U+0040 "@" */
    0x0, 0x0, 0x0, 0x0, 0x48, 0xbe, 0xff, 0xfe,
    0xc9, 0x50, 0x0, 0x0, 0x0, 0x0, 0x0, 0x0,
    0x7, 0xef, 0xff, 0xff, 0xff, 0xff, 0xff, 0xe8,
    0x0, 0x0, 0x0, 0x0, 0x0, 0x3d, 0xff, 0xff,
    0xfe, 0xcc, 0xcd, 0xff, 0xff, 0xfd, 0x30, 0x0,
    0x0, 0x0, 0x4f, 0xff, 0xfc, 0x51, 0x0, 0x0,
    0x0, 0x39, 0xff, 0xff, 0x40, 0x0, 0x0, 0x2f,
    0xff, 0xe4, 0x0, 0x0, 0x0, 0x0, 0x0, 0x2,
    0xcf, 0xff, 0x20, 0x0, 0xd, 0xff, 0xd1, 0x0,
    0x0, 0x0, 0x0, 0x0, 0x0, 0x0, 0xcf, 0xfc,
    0x0, 0x6, 0xff, 0xf2, 0x0, 0x2, 0x9d, 0xfe,
    0xa2, 0xf, 0xff, 0x1, 0xef, 0xf5, 0x0, 0xdf,
    0xf7, 0x0, 0x3, 0xff, 0xff, 0xff, 0xe2, 0xff,
    0xf0, 0x7, 0xff, 0xc0, 0x3f, 0xff, 0x0, 0x1,
    0xff, 0xff, 0xba, 0xdf, 0xef, 0xff, 0x0, 0x1f,
    0xff, 0x17, 0xff, 0xa0, 0x0, 0xaf, 0xfe, 0x20,
    0x0, 0x6f, 0xff, 0xf0, 0x0, 0xcf, 0xf4, 0xaf,
    0xf6, 0x0, 0xf, 0xff, 0x40, 0x0, 0x0, 0x9f,
    0xff, 0x0, 0x9, 0xff, 0x7c, 0xff, 0x40, 0x4,
    0xff, 0xd0, 0x0, 0x0, 0x3, 0xff, 0xf0, 0x0,
    0x8f, 0xf8, 0xdf, 0xf3, 0x0, 0x6f, 0xfb, 0x0,
    0x0, 0x0, 0xf, 0xff, 0x0, 0x7, 0xff, 0x8d,
    0xff, 0x30, 0x7, 0xff, 0x90, 0x0, 0x0, 0x0,
    0xff, 0xf0, 0x0, 0x7f, 0xf8, 0xcf, 0xf3, 0x0,
    0x6f, 0xfb, 0x0, 0x0, 0x0, 0xf, 0xff, 0x0,
    0x7, 0xff, 0x8c, 0xff, 0x40, 0x4, 0xff, 0xd0,
    0x0, 0x0, 0x3, 0xff, 0xf0, 0x0, 0x9f, 0xf7,
    0xaf, 0xf7, 0x0, 0xf, 0xff, 0x40, 0x0, 0x0,
    0x9f, 0xff, 0x0, 0xc, 0xff, 0x57, 0xff, 0xb0,
    0x0, 0x9f, 0xfe, 0x20, 0x0, 0x6f, 0xff, 0xf1,
    0x3, 0xff, 0xf1, 0x2f, 0xff, 0x10, 0x1, 0xef,
    0xff, 0xca, 0xdf, 0xde, 0xff, 0xdb, 0xff, 0xfa,
    0x0, 0xdf, 0xf8, 0x0, 0x3, 0xef, 0xff, 0xff,
    0xf3, 0x9f, 0xff, 0xff, 0xfd, 0x10, 0x5, 0xff,
    0xf3, 0x0, 0x1, 0x8d, 0xff, 0xb3, 0x1, 0xbf,
    0xff, 0xd8, 0x10, 0x0, 0xb, 0xff, 0xe2, 0x0,
    0x0, 0x0, 0x0, 0x0, 0x0, 0x0, 0x0, 0x0,
    0x0, 0x0, 0x1e, 0xff, 0xf6, 0x0, 0x0, 0x0,
    0x0, 0x0, 0x0, 0x0, 0x0, 0x0, 0x0, 0x0,
    0x2e, 0xff, 0xfd, 0x72, 0x0, 0x0, 0x0, 0x0,
    0x0, 0x0, 0x0, 0x0, 0x0, 0x0, 0x1b, 0xff,
    0xff, 0xff, 0xdc, 0xcc, 0xcc, 0xcc, 0x0, 0x0,
    0x0, 0x0, 0x0, 0x0, 0x5, 0xcf, 0xff, 0xff,
    0xff, 0xff, 0xff, 0xf1, 0x0, 0x0, 0x0, 0x0,
    0x0, 0x0, 0x0, 0x37, 0xbd, 0xff, 0xff, 0xff,
    0xff, 0x10, 0x0, 0x0, 0x0,

    /* U+0041 "A" */
    0x0, 0x0, 0x0, 0x8f, 0xff, 0xff, 0x70, 0x0,
    0x0, 0x0, 0x0, 0x0, 0xc, 0xff, 0xff, 0xfc,
    0x0, 0x0, 0x0, 0x0, 0x0, 0x1, 0xff, 0xf3,
    0xff, 0xf0, 0x0, 0x0, 0x0, 0x0, 0x0, 0x6f,
    0xfd, 0xd, 0xff, 0x50, 0x0, 0x0, 0x0, 0x0,
    0xa, 0xff, 0x80, 0x9f, 0xf9, 0x0, 0x0, 0x0,
    0x0, 0x0, 0xef, 0xf4, 0x4, 0xff, 0xe0, 0x0,
    0x0, 0x0, 0x0, 0x3f, 0xff, 0x0, 0xf, 0xff,
    0x20, 0x0, 0x0, 0x0, 0x8, 0xff, 0xb0, 0x0,
    0xcf, 0xf7, 0x0, 0x0, 0x0, 0x0, 0xcf, 0xf7,
    0x0, 0x7, 0xff, 0xb0, 0x0, 0x0, 0x0, 0x1f,
    0xff, 0x20, 0x0, 0x3f, 0xff, 0x0, 0x0, 0x0,
    0x6, 0xff, 0xe0, 0x0, 0x0, 0xef, 0xf4, 0x0,
    0x0, 0x0, 0xaf, 0xf9, 0x0, 0x0, 0xa, 0xff,
    0x90, 0x0, 0x0, 0xe, 0xff, 0x50, 0x0, 0x0,
    0x5f, 0xfe, 0x0, 0x0, 0x3, 0xff, 0xff, 0xff,
    0xff, 0xff, 0xff, 0xf2, 0x0, 0x0, 0x8f, 0xff,
    0xff, 0xff, 0xff, 0xff, 0xff, 0x70, 0x0, 0xc,
    0xff, 0xff, 0xff, 0xff, 0xff, 0xff, 0xfb, 0x0,
    0x1, 0xff, 0xf3, 0x0, 0x0, 0x0, 0x4, 0xff,
    0xf0, 0x0, 0x6f, 0xff, 0x0, 0x0, 0x0, 0x0,
    0xf, 0xff, 0x40, 0xa, 0xff, 0xa0, 0x0, 0x0,
    0x0, 0x0, 0xbf, 0xf9, 0x0, 0xef, 0xf6, 0x0,
    0x0, 0x0, 0x0, 0x7, 0xff, 0xd0, 0x3f, 0xff,
    0x10, 0x0, 0x0, 0x0, 0x0, 0x2f, 0xff, 0x20,

    /* U+0042 "B" */
    0x9f, 0xff, 0xff, 0xff, 0xff, 0xff, 0xd9, 0x30,
    0x0, 0x9f, 0xff, 0xff, 0xff, 0xff, 0xff, 0xff,
    0xf9, 0x0, 0x8d, 0xdf, 0xff, 0xed, 0xdd, 0xdf,
    0xff, 0xff, 0x80, 0x0, 0xc, 0xff, 0x80, 0x0,
    0x0, 0x4d, 0xff, 0xf0, 0x0, 0xc, 0xff, 0x80,
    0x0, 0x0, 0x3, 0xff, 0xf3, 0x0, 0xc, 0xff,
    0x80, 0x0, 0x0, 0x0, 0xef, 0xf5, 0x0, 0xc,
    0xff, 0x80, 0x0, 0x0, 0x0, 0xff, 0xf4, 0x0,
    0xc, 0xff, 0x80, 0x0, 0x0, 0x4, 0xff, 0xf0,
    0x0, 0xc, 0xff, 0x80, 0x0, 0x0, 0x5e, 0xff,
    0x70, 0x0, 0xc, 0xff, 0xff, 0xff, 0xff, 0xff,
    0xf7, 0x0, 0x0, 0xc, 0xff, 0xff, 0xff, 0xff,
    0xff, 0x40, 0x0, 0x0, 0xc, 0xff, 0xff, 0xff,
    0xff, 0xff, 0xf9, 0x0, 0x0, 0xc, 0xff, 0x80,
    0x0, 0x1, 0x6e, 0xff, 0xa0, 0x0, 0xc, 0xff,
    0x80, 0x0, 0x0, 0x3, 0xff, 0xf2, 0x0, 0xc,
    0xff, 0x80, 0x0, 0x0, 0x0, 0xef, 0xf6, 0x0,
    0xc, 0xff, 0x80, 0x0, 0x0, 0x0, 0xdf, 0xf6,
    0x0, 0xc, 0xff, 0x80, 0x0, 0x0, 0x2, 0xff,
    0xf5, 0x0, 0xc, 0xff, 0x80, 0x0, 0x0, 0x3d,
    0xff, 0xf1, 0x8d, 0xdf, 0xff, 0xed, 0xdd, 0xdf,
    0xff, 0xff, 0x90, 0x9f, 0xff, 0xff, 0xff, 0xff,
    0xff, 0xff, 0xfa, 0x0, 0x9f, 0xff, 0xff, 0xff,
    0xff, 0xff, 0xda, 0x40, 0x0,

    /* U+0043 "C" */
    0x0, 0x0, 0x6, 0xbe, 0xff, 0xeb, 0x60, 0x0,
    0x0, 0x0, 0x5e, 0xff, 0xff, 0xff, 0xff, 0xe3,
    0x0, 0x0, 0x6f, 0xff, 0xff, 0xee, 0xff, 0xff,
    0xf3, 0x0, 0x3f, 0xff, 0xe6, 0x10, 0x1, 0x6f,
    0xff, 0xd0, 0xb, 0xff, 0xe2, 0x0, 0x0, 0x0,
    0x3f, 0xff, 0x50, 0xff, 0xf6, 0x0, 0x0, 0x0,
    0x0, 0xaf, 0xf9, 0x3f, 0xff, 0x10, 0x0, 0x0,
    0x0, 0x6, 0xff, 0xc4, 0xff, 0xe0, 0x0, 0x0,
    0x0, 0x0, 0x3a, 0xa8, 0x5f, 0xfe, 0x0, 0x0,
    0x0, 0x0, 0x0, 0x0, 0x5, 0xff, 0xe0, 0x0,
    0x0, 0x0, 0x0, 0x0, 0x0, 0x5f, 0xfe, 0x0,
    0x0, 0x0, 0x0, 0x0, 0x0, 0x5, 0xff, 0xe0,
    0x0, 0x0, 0x0, 0x0, 0x0, 0x0, 0x5f, 0xfe,
    0x0, 0x0, 0x0, 0x0, 0x0, 0x0, 0x4, 0xff,
    0xe0, 0x0, 0x0, 0x0, 0x0, 0x5f, 0xfd, 0x3f,
    0xff, 0x10, 0x0, 0x0, 0x0, 0x6, 0xff, 0xc0,
    0xff, 0xf6, 0x0, 0x0, 0x0, 0x0, 0xbf, 0xfa,
    0xb, 0xff, 0xe2, 0x0, 0x0, 0x0, 0x4f, 0xff,
    0x50, 0x3f, 0xff, 0xe6, 0x10, 0x1, 0x6f, 0xff,
    0xd0, 0x0, 0x6f, 0xff, 0xff, 0xee, 0xff, 0xff,
    0xf3, 0x0, 0x0, 0x5f, 0xff, 0xff, 0xff, 0xff,
    0xe3, 0x0, 0x0, 0x0, 0x6, 0xbe, 0xff, 0xeb,
    0x60, 0x0, 0x0,

    /* U+0044 "D" */
    0x9f, 0xff, 0xff, 0xff, 0xff, 0xeb, 0x71, 0x0,
    0x0, 0x9f, 0xff, 0xff, 0xff, 0xff, 0xff, 0xff,
    0x60, 0x0, 0x8d, 0xdf, 0xff, 0xed, 0xde, 0xff,
    0xff, 0xf8, 0x0, 0x0, 0xc, 0xff, 0x80, 0x0,
    0x5, 0xdf, 0xff, 0x40, 0x0, 0xc, 0xff, 0x80,
    0x0, 0x0, 0x1d, 0xff, 0xc0, 0x0, 0xc, 0xff,
    0x80, 0x0, 0x0, 0x5, 0xff, 0xf1, 0x0, 0xc,
    0xff, 0x80, 0x0, 0x0, 0x0, 0xff, 0xf5, 0x0,
    0xc, 0xff, 0x80, 0x0, 0x0, 0x0, 0xdf, 0xf6,
    0x0, 0xc, 0xff, 0x80, 0x0, 0x0, 0x0, 0xcf,
    0xf7, 0x0, 0xc, 0xff, 0x80, 0x0, 0x0, 0x0,
    0xcf, 0xf7, 0x0, 0xc, 0xff, 0x80, 0x0, 0x0,
    0x0, 0xcf, 0xf7, 0x0, 0xc, 0xff, 0x80, 0x0,
    0x0, 0x0, 0xcf, 0xf7, 0x0, 0xc, 0xff, 0x80,
    0x0, 0x0, 0x0, 0xcf, 0xf7, 0x0, 0xc, 0xff,
    0x80, 0x0, 0x0, 0x0, 0xdf, 0xf6, 0x0, 0xc,
    0xff, 0x80, 0x0, 0x0, 0x0, 0xff, 0xf5, 0x0,
    0xc, 0xff, 0x80, 0x0, 0x0, 0x5, 0xff, 0xf1,
    0x0, 0xc, 0xff, 0x80, 0x0, 0x0, 0x1d, 0xff,
    0xc0, 0x0, 0xc, 0xff, 0x80, 0x0, 0x5, 0xdf,
    0xff, 0x40, 0x8d, 0xdf, 0xff, 0xed, 0xde, 0xff,
    0xff, 0xf9, 0x0, 0x9f, 0xff, 0xff, 0xff, 0xff,
    0xff, 0xff, 0x70, 0x0, 0x9f, 0xff, 0xff, 0xff,
    0xff, 0xeb, 0x71, 0x0, 0x0,

    /* U+0045 "E" */
    0xdf, 0xff, 0xff, 0xff, 0xff, 0xff, 0xf6, 0xdf,
    0xff, 0xff, 0xff, 0xff, 0xff, 0xf6, 0xdf, 0xff,
    0xee, 0xee, 0xee, 0xee, 0xe6, 0xdf, 0xf7, 0x0,
    0x0, 0x0, 0x0, 0x0, 0xdf, 0xf7, 0x0, 0x0,
    0x0, 0x0, 0x0, 0xdf, 0xf7, 0x0, 0x0, 0x0,
    0x0, 0x0, 0xdf, 0xf7, 0x0, 0x0, 0x0, 0x0,
    0x0, 0xdf, 0xf7, 0x0, 0x0, 0x0, 0x0, 0x0,
    0xdf, 0xf7, 0x0, 0x0, 0x0, 0x0, 0x0, 0xdf,
    0xff, 0xee, 0xee, 0xee, 0xee, 0x80, 0xdf, 0xff,
    0xff, 0xff, 0xff, 0xff, 0x90, 0xdf, 0xff, 0xff,
    0xff, 0xff, 0xff, 0x90, 0xdf, 0xf7, 0x0, 0x0,
    0x0, 0x0, 0x0, 0xdf, 0xf7, 0x0, 0x0, 0x0,
    0x0, 0x0, 0xdf, 0xf7, 0x0, 0x0, 0x0, 0x0,
    0x0, 0xdf, 0xf7, 0x0, 0x0, 0x0, 0x0, 0x0,
    0xdf, 0xf7, 0x0, 0x0, 0x0, 0x0, 0x0, 0xdf,
    0xf7, 0x0, 0x0, 0x0, 0x0, 0x0, 0xdf, 0xff,
    0xee, 0xee, 0xee, 0xee, 0xe8, 0xdf, 0xff, 0xff,
    0xff, 0xff, 0xff, 0xf9, 0xdf, 0xff, 0xff, 0xff,
    0xff, 0xff, 0xf9,

    /* U+0046 "F" */
    0xdf, 0xff, 0xff, 0xff, 0xff, 0xff, 0xf2, 0xdf,
    0xff, 0xff, 0xff, 0xff, 0xff, 0xf2, 0xdf, 0xff,
    0xee, 0xee, 0xee, 0xee, 0xe2, 0xdf, 0xf7, 0x0,
    0x0, 0x0, 0x0, 0x0, 0xdf, 0xf7, 0x0, 0x0,
    0x0, 0x0, 0x0, 0xdf, 0xf7, 0x0, 0x0, 0x0,
    0x0, 0x0, 0xdf, 0xf7, 0x0, 0x0, 0x0, 0x0,
    0x0, 0xdf, 0xf7, 0x0, 0x0, 0x0, 0x0, 0x0,
    0xdf, 0xf7, 0x0, 0x0, 0x0, 0x0, 0x0, 0xdf,
    0xff, 0xee, 0xee, 0xee, 0xee, 0x50, 0xdf, 0xff,
    0xff, 0xff, 0xff, 0xff, 0x60, 0xdf, 0xff, 0xff,
    0xff, 0xff, 0xff, 0x60, 0xdf, 0xf7, 0x0, 0x0,
    0x0, 0x0, 0x0, 0xdf, 0xf7, 0x0, 0x0, 0x0,
    0x0, 0x0, 0xdf, 0xf7, 0x0, 0x0, 0x0, 0x0,
    0x0, 0xdf, 0xf7, 0x0, 0x0, 0x0, 0x0, 0x0,
    0xdf, 0xf7, 0x0, 0x0, 0x0, 0x0, 0x0, 0xdf,
    0xf7, 0x0, 0x0, 0x0, 0x0, 0x0, 0xdf, 0xf7,
    0x0, 0x0, 0x0, 0x0, 0x0, 0xdf, 0xf7, 0x0,
    0x0, 0x0, 0x0, 0x0, 0xdf, 0xf7, 0x0, 0x0,
    0x0, 0x0, 0x0,

    /* U+0047 "G" */
    0x0, 0x0, 0x6, 0xbe, 0xff, 0xeb, 0x60, 0x0,
    0x0, 0x0, 0x5e, 0xff, 0xff, 0xff, 0xff, 0xe4,
    0x0, 0x0, 0x6f, 0xff, 0xff, 0xee, 0xff, 0xff,
    0xf4, 0x0, 0x3f, 0xff, 0xe6, 0x10, 0x1, 0x6f,
    0xff, 0xe0, 0xb, 0xff, 0xe2, 0x0, 0x0, 0x0,
    0x3f, 0xff, 0x60, 0xff, 0xf6, 0x0, 0x0, 0x0,
    0x0, 0xaf, 0xfa, 0x3f, 0xff, 0x10, 0x0, 0x0,
    0x0, 0x6, 0xff, 0xc4, 0xff, 0xe0, 0x0, 0x0,
    0x0, 0x0, 0x2, 0x22, 0x5f, 0xfe, 0x0, 0x0,
    0x0, 0x0, 0x0, 0x0, 0x5, 0xff, 0xe0, 0x0,
    0x0, 0x0, 0x0, 0x0, 0x0, 0x5f, 0xfe, 0x0,
    0x0, 0xcc, 0xcc, 0xcc, 0xcc, 0xa5, 0xff, 0xe0,
    0x0, 0xf, 0xff, 0xff, 0xff, 0xfd, 0x5f, 0xfe,
    0x0, 0x0, 0xff, 0xff, 0xff, 0xff, 0xd5, 0xff,
    0xe0, 0x0, 0x0, 0x0, 0x0, 0x5f, 0xfd, 0x3f,
    0xff, 0x10, 0x0, 0x0, 0x0, 0x7, 0xff, 0xd0,
    0xff, 0xf6, 0x0, 0x0, 0x0, 0x0, 0xbf, 0xfd,
    0xb, 0xff, 0xe2, 0x0, 0x0, 0x0, 0x4f, 0xff,
    0xd0, 0x3f, 0xff, 0xe6, 0x0, 0x0, 0x6f, 0xff,
    0xfd, 0x0, 0x6f, 0xff, 0xff, 0xee, 0xff, 0xfb,
    0xff, 0xd0, 0x0, 0x5f, 0xff, 0xff, 0xff, 0xfa,
    0x2f, 0xfd, 0x0, 0x0, 0x17, 0xce, 0xfe, 0xc6,
    0x2, 0xff, 0xd0,

    /* U+0048 "H" */
    0xdf, 0xf7, 0x0, 0x0, 0x0, 0x0, 0xcf, 0xf7,
    0xdf, 0xf7, 0x0, 0x0, 0x0, 0x0, 0xcf, 0xf7,
    0xdf, 0xf7, 0x0, 0x0, 0x0, 0x0, 0xcf, 0xf7,
    0xdf, 0xf7, 0x0, 0x0, 0x0, 0x0, 0xcf, 0xf7,
    0xdf, 0xf7, 0x0, 0x0, 0x0, 0x0, 0xcf, 0xf7,
    0xdf, 0xf7, 0x0, 0x0, 0x0, 0x0, 0xcf, 0xf7,
    0xdf, 0xf7, 0x0, 0x0, 0x0, 0x0, 0xcf, 0xf7,
    0xdf, 0xf7, 0x0, 0x0, 0x0, 0x0, 0xcf, 0xf7,
    0xdf, 0xf7, 0x0, 0x0, 0x0, 0x0, 0xcf, 0xf7,
    0xdf, 0xff, 0xee, 0xee, 0xee, 0xee, 0xff, 0xf7,
    0xdf, 0xff, 0xff, 0xff, 0xff, 0xff, 0xff, 0xf7,
    0xdf, 0xff, 0xff, 0xff, 0xff, 0xff, 0xff, 0xf7,
    0xdf, 0xf7, 0x0, 0x0, 0x0, 0x0, 0xcf, 0xf7,
    0xdf, 0xf7, 0x0, 0x0, 0x0, 0x0, 0xcf, 0xf7,
    0xdf, 0xf7, 0x0, 0x0, 0x0, 0x0, 0xcf, 0xf7,
    0xdf, 0xf7, 0x0, 0x0, 0x0, 0x0, 0xcf, 0xf7,
    0xdf, 0xf7, 0x0, 0x0, 0x0, 0x0, 0xcf, 0xf7,
    0xdf, 0xf7, 0x0, 0x0, 0x0, 0x0, 0xcf, 0xf7,
    0xdf, 0xf7, 0x0, 0x0, 0x0, 0x0, 0xcf, 0xf7,
    0xdf, 0xf7, 0x0, 0x0, 0x0, 0x0, 0xcf, 0xf7,
    0xdf, 0xf7, 0x0, 0x0, 0x0, 0x0, 0xcf, 0xf7,

    /* U+0049 "I" */
    0xdf, 0xf7, 0xdf, 0xf7, 0xdf, 0xf7, 0xdf, 0xf7,
    0xdf, 0xf7, 0xdf, 0xf7, 0xdf, 0xf7, 0xdf, 0xf7,
    0xdf, 0xf7, 0xdf, 0xf7, 0xdf, 0xf7, 0xdf, 0xf7,
    0xdf, 0xf7, 0xdf, 0xf7, 0xdf, 0xf7, 0xdf, 0xf7,
    0xdf, 0xf7, 0xdf, 0xf7, 0xdf, 0xf7, 0xdf, 0xf7,
    0xdf, 0xf7,

    /* U+004A "J" */
    0x0, 0x0, 0x0, 0x7f, 0xff, 0xff, 0xff, 0xfc,
    0x0, 0x0, 0x0, 0x7f, 0xff, 0xff, 0xff, 0xfc,
    0x0, 0x0, 0x0, 0x6e, 0xee, 0xff, 0xff, 0xeb,
    0x0, 0x0, 0x0, 0x0, 0x0, 0xdf, 0xf7, 0x0,
    0x0, 0x0, 0x0, 0x0, 0x0, 0xdf, 0xf7, 0x0,
    0x0, 0x0, 0x0, 0x0, 0x0, 0xdf, 0xf7, 0x0,
    0x0, 0x0, 0x0, 0x0, 0x0, 0xdf, 0xf7, 0x0,
    0x0, 0x0, 0x0, 0x0, 0x0, 0xdf, 0xf7, 0x0,
    0x0, 0x0, 0x0, 0x0, 0x0, 0xdf, 0xf7, 0x0,
    0x0, 0x0, 0x0, 0x0, 0x0, 0xdf, 0xf7, 0x0,
    0x0, 0x0, 0x0, 0x0, 0x0, 0xdf, 0xf7, 0x0,
    0x0, 0x0, 0x0, 0x0, 0x0, 0xdf, 0xf7, 0x0,
    0x55, 0x51, 0x0, 0x0, 0x0, 0xdf, 0xf7, 0x0,
    0xef, 0xf5, 0x0, 0x0, 0x0, 0xdf, 0xf7, 0x0,
    0xef, 0xf5, 0x0, 0x0, 0x0, 0xdf, 0xf6, 0x0,
    0xdf, 0xf7, 0x0, 0x0, 0x0, 0xff, 0xf5, 0x0,
    0xaf, 0xfe, 0x0, 0x0, 0x5, 0xff, 0xf3, 0x0,
    0x4f, 0xff, 0xc4, 0x11, 0x6f, 0xff, 0xd0, 0x0,
    0xb, 0xff, 0xff, 0xff, 0xff, 0xff, 0x50, 0x0,
    0x0, 0xbf, 0xff, 0xff, 0xff, 0xf7, 0x0, 0x0,
    0x0, 0x4, 0xae, 0xff, 0xd9, 0x30, 0x0, 0x0,

    /* U+004B "K" */
    0xdf, 0xf7, 0x0, 0x0, 0x0, 0xb, 0xff, 0xf8,
    0xd, 0xff, 0x70, 0x0, 0x0, 0x9, 0xff, 0xf9,
    0x0, 0xdf, 0xf7, 0x0, 0x0, 0x7, 0xff, 0xfb,
    0x0, 0xd, 0xff, 0x70, 0x0, 0x5, 0xff, 0xfc,
    0x0, 0x0, 0xdf, 0xf7, 0x0, 0x3, 0xff, 0xfd,
    0x10, 0x0, 0xd, 0xff, 0x70, 0x2, 0xef, 0xfe,
    0x20, 0x0, 0x0, 0xdf, 0xf7, 0x1, 0xdf, 0xff,
    0x30, 0x0, 0x0, 0xd, 0xff, 0x70, 0xcf, 0xff,
    0x40, 0x0, 0x0, 0x0, 0xdf, 0xf7, 0xaf, 0xff,
    0x50, 0x0, 0x0, 0x0, 0xd, 0xff, 0xff, 0xff,
    0x70, 0x0, 0x0, 0x0, 0x0, 0xdf, 0xff, 0xff,
    0xb0, 0x0, 0x0, 0x0, 0x0, 0xd, 0xff, 0xff,
    0xff, 0x50, 0x0, 0x0, 0x0, 0x0, 0xdf, 0xf9,
    0xdf, 0xff, 0x40, 0x0, 0x0, 0x0, 0xd, 0xff,
    0x71, 0xef, 0xff, 0x40, 0x0, 0x0, 0x0, 0xdf,
    0xf7, 0x2, 0xef, 0xff, 0x30, 0x0, 0x0, 0xd,
    0xff, 0x70, 0x3, 0xff, 0xfe, 0x20, 0x0, 0x0,
    0xdf, 0xf7, 0x0, 0x3, 0xff, 0xfe, 0x20, 0x0,
    0xd, 0xff, 0x70, 0x0, 0x4, 0xff, 0xfe, 0x10,
    0x0, 0xdf, 0xf7, 0x0, 0x0, 0x5, 0xff, 0xfd,
    0x10, 0xd, 0xff, 0x70, 0x0, 0x0, 0x7, 0xff,
    0xfd, 0x10, 0xdf, 0xf7, 0x0, 0x0, 0x0, 0x8,
    0xff, 0xfc, 0x0,

    /* U+004C "L" */
    0xdf, 0xf7, 0x0, 0x0, 0x0, 0x0, 0x0, 0xdf,
    0xf7, 0x0, 0x0, 0x0, 0x0, 0x0, 0xdf, 0xf7,
    0x0, 0x0, 0x0, 0x0, 0x0, 0xdf, 0xf7, 0x0,
    0x0, 0x0, 0x0, 0x0, 0xdf, 0xf7, 0x0, 0x0,
    0x0, 0x0, 0x0, 0xdf, 0xf7, 0x0, 0x0, 0x0,
    0x0, 0x0, 0xdf, 0xf7, 0x0, 0x0, 0x0, 0x0,
    0x0, 0xdf, 0xf7, 0x0, 0x0, 0x0, 0x0, 0x0,
    0xdf, 0xf7, 0x0, 0x0, 0x0, 0x0, 0x0, 0xdf,
    0xf7, 0x0, 0x0, 0x0, 0x0, 0x0, 0xdf, 0xf7,
    0x0, 0x0, 0x0, 0x0, 0x0, 0xdf, 0xf7, 0x0,
    0x0, 0x0, 0x0, 0x0, 0xdf, 0xf7, 0x0, 0x0,
    0x0, 0x0, 0x0, 0xdf, 0xf7, 0x0, 0x0, 0x0,
    0x0, 0x0, 0xdf, 0xf7, 0x0, 0x0, 0x0, 0x0,
    0x0, 0xdf, 0xf7, 0x0, 0x0, 0x0, 0x0, 0x0,
    0xdf, 0xf7, 0x0, 0x0, 0x0, 0x0, 0x0, 0xdf,
    0xf7, 0x0, 0x0, 0x0, 0x0, 0x0, 0xdf, 0xff,
    0xee, 0xee, 0xee, 0xee, 0xe7, 0xdf, 0xff, 0xff,
    0xff, 0xff, 0xff, 0xf8, 0xdf, 0xff, 0xff, 0xff,
    0xff, 0xff, 0xf8,

    /* U+004D "M" */
    0xdf, 0xff, 0xff, 0x60, 0x0, 0x0, 0x0, 0x3,
    0xff, 0xff, 0xff, 0xd, 0xff, 0xff, 0xfa, 0x0,
    0x0, 0x0, 0x0, 0x6f, 0xff, 0xff, 0xf0, 0xdf,
    0xf9, 0xff, 0xe0, 0x0, 0x0, 0x0, 0xa, 0xff,
    0x9f, 0xff, 0xd, 0xff, 0x5e, 0xff, 0x20, 0x0,
    0x0, 0x0, 0xef, 0xf3, 0xff, 0xf0, 0xdf, 0xf5,
    0xaf, 0xf6, 0x0, 0x0, 0x0, 0x2f, 0xfd, 0x2f,
    0xff, 0xd, 0xff, 0x56, 0xff, 0x90, 0x0, 0x0,
    0x6, 0xff, 0x92, 0xff, 0xf0, 0xdf, 0xf5, 0x2f,
    0xfd, 0x0, 0x0, 0x0, 0xaf, 0xf5, 0x2f, 0xff,
    0xd, 0xff, 0x50, 0xef, 0xf1, 0x0, 0x0, 0xe,
    0xff, 0x22, 0xff, 0xf0, 0xdf, 0xf5, 0xa, 0xff,
    0x50, 0x0, 0x2, 0xff, 0xe0, 0x2f, 0xff, 0xd,
    0xff, 0x50, 0x6f, 0xf9, 0x0, 0x0, 0x6f, 0xfa,
    0x2, 0xff, 0xf0, 0xdf, 0xf5, 0x2, 0xff, 0xd0,
    0x0, 0x9, 0xff, 0x60, 0x2f, 0xff, 0xd, 0xff,
    0x50, 0xe, 0xff, 0x10, 0x0, 0xdf, 0xf2, 0x2,
    0xff, 0xf0, 0xdf, 0xf5, 0x0, 0xbf, 0xf5, 0x0,
    0x1f, 0xfe, 0x0, 0x2f, 0xff, 0xd, 0xff, 0x50,
    0x7, 0xff, 0x90, 0x5, 0xff, 0xa0, 0x2, 0xff,
    0xf0, 0xdf, 0xf5, 0x0, 0x3f, 0xfc, 0x0, 0x9f,
    0xf6, 0x0, 0x2f, 0xff, 0xd, 0xff, 0x50, 0x0,
    0xff, 0xf0, 0xd, 0xff, 0x20, 0x2, 0xff, 0xf0,
    0xdf, 0xf5, 0x0, 0xb, 0xff, 0x41, 0xff, 0xe0,
    0x0, 0x2f, 0xff, 0xd, 0xff, 0x50, 0x0, 0x7f,
    0xf8, 0x5f, 0xfb, 0x0, 0x2, 0xff, 0xf0, 0xdf,
    0xf5, 0x0, 0x3, 0xff, 0xc9, 0xff, 0x70, 0x0,
    0x2f, 0xff, 0xd, 0xff, 0x50, 0x0, 0xf, 0xff,
    0xff, 0xf3, 0x0, 0x2, 0xff, 0xf0, 0xdf, 0xf5,
    0x0, 0x0, 0xbf, 0xff, 0xff, 0x0, 0x0, 0x2f,
    0xff, 0x0,

    /* U+004E "N" */
    0xdf, 0xff, 0xff, 0x90, 0x0, 0x0, 0x6f, 0xfd,
    0xdf, 0xff, 0xff, 0xe0, 0x0, 0x0, 0x6f, 0xfd,
    0xdf, 0xf7, 0xff, 0xf3, 0x0, 0x0, 0x6f, 0xfd,
    0xdf, 0xf6, 0xbf, 0xf7, 0x0, 0x0, 0x6f, 0xfd,
    0xdf, 0xf6, 0x6f, 0xfc, 0x0, 0x0, 0x6f, 0xfd,
    0xdf, 0xf6, 0x1f, 0xff, 0x10, 0x0, 0x6f, 0xfd,
    0xdf, 0xf6, 0xc, 0xff, 0x60, 0x0, 0x6f, 0xfd,
    0xdf, 0xf6, 0x7, 0xff, 0xb0, 0x0, 0x6f, 0xfd,
    0xdf, 0xf6, 0x3, 0xff, 0xf0, 0x0, 0x6f, 0xfd,
    0xdf, 0xf6, 0x0, 0xef, 0xf4, 0x0, 0x6f, 0xfd,
    0xdf, 0xf6, 0x0, 0x9f, 0xf9, 0x0, 0x6f, 0xfd,
    0xdf, 0xf6, 0x0, 0x4f, 0xfe, 0x0, 0x6f, 0xfd,
    0xdf, 0xf6, 0x0, 0xf, 0xff, 0x30, 0x6f, 0xfd,
    0xdf, 0xf6, 0x0, 0xa, 0xff, 0x80, 0x6f, 0xfd,
    0xdf, 0xf6, 0x0, 0x6, 0xff, 0xc0, 0x6f, 0xfd,
    0xdf, 0xf6, 0x0, 0x1, 0xff, 0xf1, 0x6f, 0xfd,
    0xdf, 0xf6, 0x0, 0x0, 0xcf, 0xf6, 0x6f, 0xfd,
    0xdf, 0xf6, 0x0, 0x0, 0x7f, 0xfb, 0x6f, 0xfd,
    0xdf, 0xf6, 0x0, 0x0, 0x2f, 0xff, 0x7f, 0xfd,
    0xdf, 0xf6, 0x0, 0x0, 0xe, 0xff, 0xff, 0xfd,
    0xdf, 0xf6, 0x0, 0x0, 0x9, 0xff, 0xff, 0xfd,

    /* U+004F "O" */
    0x0, 0x0, 0x6, 0xbe, 0xff, 0xeb, 0x71, 0x0,
    0x0, 0x0, 0x5, 0xef, 0xff, 0xff, 0xff, 0xff,
    0x70, 0x0, 0x0, 0x6f, 0xff, 0xff, 0xee, 0xff,
    0xff, 0xf9, 0x0, 0x3, 0xff, 0xfe, 0x61, 0x0,
    0x5, 0xdf, 0xff, 0x50, 0xa, 0xff, 0xe2, 0x0,
    0x0, 0x0, 0x1d, 0xff, 0xd0, 0xf, 0xff, 0x60,
    0x0, 0x0, 0x0, 0x4, 0xff, 0xf3, 0x3f, 0xff,
    0x10, 0x0, 0x0, 0x0, 0x0, 0xef, 0xf6, 0x4f,
    0xfe, 0x0, 0x0, 0x0, 0x0, 0x0, 0xcf, 0xf7,
    0x5f, 0xfe, 0x0, 0x0, 0x0, 0x0, 0x0, 0xbf,
    0xf8, 0x5f, 0xfe, 0x0, 0x0, 0x0, 0x0, 0x0,
    0xbf, 0xf8, 0x5f, 0xfe, 0x0, 0x0, 0x0, 0x0,
    0x0, 0xbf, 0xf8, 0x5f, 0xfe, 0x0, 0x0, 0x0,
    0x0, 0x0, 0xbf, 0xf8, 0x5f, 0xfe, 0x0, 0x0,
    0x0, 0x0, 0x0, 0xbf, 0xf8, 0x4f, 0xfe, 0x0,
    0x0, 0x0, 0x0, 0x0, 0xcf, 0xf7, 0x3f, 0xff,
    0x10, 0x0, 0x0, 0x0, 0x0, 0xef, 0xf6, 0xf,
    0xff, 0x60, 0x0, 0x0, 0x0, 0x4, 0xff, 0xf3,
    0xa, 0xff, 0xe2, 0x0, 0x0, 0x0, 0x1d, 0xff,
    0xd0, 0x3, 0xff, 0xfe, 0x61, 0x0, 0x5, 0xdf,
    0xff, 0x50, 0x0, 0x6f, 0xff, 0xff, 0xee, 0xff,
    0xff, 0xf9, 0x0, 0x0, 0x5, 0xef, 0xff, 0xff,
    0xff, 0xff, 0x70, 0x0, 0x0, 0x0, 0x6, 0xbe,
    0xff, 0xeb, 0x71, 0x0, 0x0,

    /* U+0050 "P" */
    0xdf, 0xff, 0xff, 0xff, 0xfe, 0xb6, 0x0, 0x0,
    0xdf, 0xff, 0xff, 0xff, 0xff, 0xff, 0xd2, 0x0,
    0xdf, 0xff, 0xee, 0xee, 0xff, 0xff, 0xfe, 0x10,
    0xdf, 0xf7, 0x0, 0x0, 0x1, 0x9f, 0xff, 0x80,
    0xdf, 0xf7, 0x0, 0x0, 0x0, 0x8, 0xff, 0xe0,
    0xdf, 0xf7, 0x0, 0x0, 0x0, 0x2, 0xff, 0xf1,
    0xdf, 0xf7, 0x0, 0x0, 0x0, 0x0, 0xff, 0xf2,
    0xdf, 0xf7, 0x0, 0x0, 0x0, 0x2, 0xff, 0xf1,
    0xdf, 0xf7, 0x0, 0x0, 0x0, 0x8, 0xff, 0xe0,
    0xdf, 0xf7, 0x0, 0x0, 0x1, 0x9f, 0xff, 0x80,
    0xdf, 0xff, 0xee, 0xee, 0xff, 0xff, 0xfe, 0x10,
    0xdf, 0xff, 0xff, 0xff, 0xff, 0xff, 0xd2, 0x0,
    0xdf, 0xff, 0xff, 0xff, 0xfe, 0xb6, 0x0, 0x0,
    0xdf, 0xf7, 0x0, 0x0, 0x0, 0x0, 0x0, 0x0,
    0xdf, 0xf7, 0x0, 0x0, 0x0, 0x0, 0x0, 0x0,
    0xdf, 0xf7, 0x0, 0x0, 0x0, 0x0, 0x0, 0x0,
    0xdf, 0xf7, 0x0, 0x0, 0x0, 0x0, 0x0, 0x0,
    0xdf, 0xf7, 0x0, 0x0, 0x0, 0x0, 0x0, 0x0,
    0xdf, 0xf7, 0x0, 0x0, 0x0, 0x0, 0x0, 0x0,
    0xdf, 0xf7, 0x0, 0x0, 0x0, 0x0, 0x0, 0x0,
    0xdf, 0xf7, 0x0, 0x0, 0x0, 0x0, 0x0, 0x0,

    /* U+0051 "Q" */
    0x0, 0x0, 0x6, 0xbe, 0xff, 0xeb, 0x71, 0x0,
    0x0, 0x0, 0x5, 0xef, 0xff, 0xff, 0xff, 0xff,
    0x70, 0x0, 0x0, 0x6f, 0xff, 0xff, 0xee, 0xff,
    0xff, 0xf9, 0x0, 0x3, 0xff, 0xfe, 0x61, 0x0,
    0x5, 0xdf, 0xff, 0x50, 0xa, 0xff, 0xe2, 0x0,
    0x0, 0x0, 0x1d, 0xff, 0xd0, 0xf, 0xff, 0x60,
    0x0, 0x0, 0x0, 0x4, 0xff, 0xf3, 0x3f, 0xff,
    0x10, 0x0, 0x0, 0x0, 0x0, 0xef, 0xf6, 0x4f,
    0xfe, 0x0, 0x0, 0x0, 0x0, 0x0, 0xcf, 0xf7,
    0x5f, 0xfe, 0x0, 0x0, 0x0, 0x0, 0x0, 0xbf,
    0xf8, 0x5f, 0xfe, 0x0, 0x0, 0x0, 0x0, 0x0,
    0xbf, 0xf8, 0x5f, 0xfe, 0x0, 0x0, 0x0, 0x0,
    0x0, 0xbf, 0xf8, 0x5f, 0xfe, 0x0, 0x0, 0x0,
    0x0, 0x0, 0xbf, 0xf8, 0x5f, 0xfe, 0x0, 0x0,
    0x0, 0x0, 0x0, 0xbf, 0xf8, 0x4f, 0xfe, 0x0,
    0x0, 0x0, 0x0, 0x0, 0xcf, 0xf7, 0x3f, 0xff,
    0x10, 0x0, 0x0, 0x0, 0x0, 0xef, 0xf6, 0xf,
    0xff, 0x60, 0x0, 0x0, 0x0, 0x4, 0xff, 0xf3,
    0xa, 0xff, 0xe2, 0x0, 0x0, 0x0, 0x1d, 0xff,
    0xd0, 0x3, 0xff, 0xfe, 0x61, 0x0, 0x5, 0xdf,
    0xff, 0x50, 0x0, 0x6f, 0xff, 0xff, 0xee, 0xff,
    0xff, 0xf9, 0x0, 0x0, 0x5, 0xef, 0xff, 0xff,
    0xff, 0xff, 0x70, 0x0, 0x0, 0x0, 0x6, 0xbf,
    0xff, 0xfb, 0x71, 0x0, 0x0, 0x0, 0x0, 0x0,
    0x8, 0xff, 0xa0, 0x0, 0x0, 0x0, 0x0, 0x0,
    0x0, 0x8, 0xff, 0xc0, 0x0, 0x0, 0x0, 0x0,
    0x0, 0x0, 0x6, 0xff, 0xff, 0xf6, 0x0, 0x0,
    0x0, 0x0, 0x0, 0x0, 0xdf, 0xff, 0xf6, 0x0,
    0x0, 0x0, 0x0, 0x0, 0x0, 0x6, 0x88, 0x83,
    0x0, 0x0,

    /* U+0052 "R" */
    0xdf, 0xff, 0xff, 0xff, 0xff, 0xd9, 0x30, 0x0,
    0xdf, 0xff, 0xff, 0xff, 0xff, 0xff, 0xfa, 0x0,
    0xdf, 0xff, 0xee, 0xee, 0xef, 0xff, 0xff, 0x90,
    0xdf, 0xf7, 0x0, 0x0, 0x0, 0x5e, 0xff, 0xf2,
    0xdf, 0xf7, 0x0, 0x0, 0x0, 0x3, 0xff, 0xf6,
    0xdf, 0xf7, 0x0, 0x0, 0x0, 0x0, 0xdf, 0xf8,
    0xdf, 0xf7, 0x0, 0x0, 0x0, 0x0, 0xbf, 0xf8,
    0xdf, 0xf7, 0x0, 0x0, 0x0, 0x0, 0xdf, 0xf6,
    0xdf, 0xf7, 0x0, 0x0, 0x0, 0x4, 0xff, 0xe1,
    0xdf, 0xf7, 0x0, 0x0, 0x2, 0x6e, 0xff, 0x50,
    0xdf, 0xff, 0xff, 0xff, 0xff, 0xff, 0xd4, 0x0,
    0xdf, 0xff, 0xff, 0xff, 0xff, 0xff, 0xb4, 0x0,
    0xdf, 0xff, 0xee, 0xee, 0xee, 0xff, 0xff, 0x60,
    0xdf, 0xf7, 0x0, 0x0, 0x0, 0xc, 0xff, 0xc0,
    0xdf, 0xf7, 0x0, 0x0, 0x0, 0x6, 0xff, 0xd0,
    0xdf, 0xf7, 0x0, 0x0, 0x0, 0x6, 0xff, 0xd0,
    0xdf, 0xf7, 0x0, 0x0, 0x0, 0x6, 0xff, 0xd0,
    0xdf, 0xf7, 0x0, 0x0, 0x0, 0x6, 0xff, 0xd0,
    0xdf, 0xf7, 0x0, 0x0, 0x0, 0x6, 0xff, 0xd0,
    0xdf, 0xf7, 0x0, 0x0, 0x0, 0x6, 0xff, 0xd0,
    0xdf, 0xf7, 0x0, 0x0, 0x0, 0x6, 0xff, 0xd0,

    /* U+0053 "S" */
    0x0, 0x0, 0x6b, 0xef, 0xfd, 0xa6, 0x0, 0x0,
    0x0, 0x4, 0xef, 0xff, 0xff, 0xff, 0xfd, 0x40,
    0x0, 0x3, 0xff, 0xff, 0xfd, 0xdf, 0xff, 0xff,
    0x40, 0x0, 0xcf, 0xfe, 0x50, 0x0, 0x5, 0xef,
    0xfd, 0x0, 0x2f, 0xff, 0x30, 0x0, 0x0, 0x2,
    0xff, 0xf4, 0x4, 0xff, 0xf0, 0x0, 0x0, 0x0,
    0xc, 0xff, 0x70, 0x3f, 0xff, 0x10, 0x0, 0x0,
    0x0, 0xaf, 0xf9, 0x0, 0xef, 0xfb, 0x0, 0x0,
    0x0, 0x4, 0x77, 0x40, 0x7, 0xff, 0xfe, 0x94,
    0x10, 0x0, 0x0, 0x0, 0x0, 0x8, 0xff, 0xff,
    0xff, 0xd9, 0x40, 0x0, 0x0, 0x0, 0x2, 0xaf,
    0xff, 0xff, 0xff, 0xd5, 0x0, 0x0, 0x0, 0x0,
    0x4, 0x8c, 0xff, 0xff, 0xf9, 0x0, 0x0, 0x0,
    0x0, 0x0, 0x0, 0x5c, 0xff, 0xf6, 0x9, 0xcc,
    0x50, 0x0, 0x0, 0x0, 0xa, 0xff, 0xd0, 0xbf,
    0xf7, 0x0, 0x0, 0x0, 0x0, 0x3f, 0xff, 0x9,
    0xff, 0xa0, 0x0, 0x0, 0x0, 0x3, 0xff, 0xf0,
    0x5f, 0xff, 0x30, 0x0, 0x0, 0x0, 0x9f, 0xfd,
    0x0, 0xdf, 0xff, 0x60, 0x0, 0x1, 0x9f, 0xff,
    0x60, 0x2, 0xff, 0xff, 0xfd, 0xde, 0xff, 0xff,
    0xb0, 0x0, 0x2, 0xcf, 0xff, 0xff, 0xff, 0xff,
    0x90, 0x0, 0x0, 0x0, 0x49, 0xde, 0xfe, 0xc8,
    0x20, 0x0, 0x0,

    /* U+0054 "T" */
    0x4f, 0xff, 0xff, 0xff, 0xff, 0xff, 0xff, 0xff,
    0xe4, 0xff, 0xff, 0xff, 0xff, 0xff, 0xff, 0xff,
    0xfe, 0x3e, 0xee, 0xee, 0xef, 0xff, 0xfe, 0xee,
    0xee, 0xc0, 0x0, 0x0, 0x0, 0xcf, 0xf7, 0x0,
    0x0, 0x0, 0x0, 0x0, 0x0, 0xc, 0xff, 0x70,
    0x0, 0x0, 0x0, 0x0, 0x0, 0x0, 0xcf, 0xf7,
    0x0, 0x0, 0x0, 0x0, 0x0, 0x0, 0xc, 0xff,
    0x70, 0x0, 0x0, 0x0, 0x0, 0x0, 0x0, 0xcf,
    0xf7, 0x0, 0x0, 0x0, 0x0, 0x0, 0x0, 0xc,
    0xff, 0x70, 0x0, 0x0, 0x0, 0x0, 0x0, 0x0,
    0xcf, 0xf7, 0x0, 0x0, 0x0, 0x0, 0x0, 0x0,
    0xc, 0xff, 0x70, 0x0, 0x0, 0x0, 0x0, 0x0,
    0x0, 0xcf, 0xf7, 0x0, 0x0, 0x0, 0x0, 0x0,
    0x0, 0xc, 0xff, 0x70, 0x0, 0x0, 0x0, 0x0,
    0x0, 0x0, 0xcf, 0xf7, 0x0, 0x0, 0x0, 0x0,
    0x0, 0x0, 0xc, 0xff, 0x70, 0x0, 0x0, 0x0,
    0x0, 0x0, 0x0, 0xcf, 0xf7, 0x0, 0x0, 0x0,
    0x0, 0x0, 0x0, 0xc, 0xff, 0x70, 0x0, 0x0,
    0x0, 0x0, 0x0, 0x0, 0xcf, 0xf7, 0x0, 0x0,
    0x0, 0x0, 0x0, 0x0, 0xc, 0xff, 0x70, 0x0,
    0x0, 0x0, 0x0, 0x0, 0x0, 0xcf, 0xf7, 0x0,
    0x0, 0x0, 0x0, 0x0, 0x0, 0xc, 0xff, 0x70,
    0x0, 0x0, 0x0,

    /* U+0055 "U" */
    0xff, 0xf5, 0x0, 0x0, 0x0, 0x0, 0x3f, 0xff,
    0xf, 0xff, 0x50, 0x0, 0x0, 0x0, 0x3, 0xff,
    0xf0, 0xff, 0xf5, 0x0, 0x0, 0x0, 0x0, 0x3f,
    0xff, 0xf, 0xff, 0x50, 0x0, 0x0, 0x0, 0x3,
    0xff, 0xf0, 0xff, 0xf5, 0x0, 0x0, 0x0, 0x0,
    0x3f, 0xff, 0xf, 0xff, 0x50, 0x0, 0x0, 0x0,
    0x3, 0xff, 0xf0, 0xff, 0xf5, 0x0, 0x0, 0x0,
    0x0, 0x3f, 0xff, 0xf, 0xff, 0x50, 0x0, 0x0,
    0x0, 0x3, 0xff, 0xf0, 0xff, 0xf5, 0x0, 0x0,
    0x0, 0x0, 0x3f, 0xff, 0xf, 0xff, 0x50, 0x0,
    0x0, 0x0, 0x3, 0xff, 0xf0, 0xff, 0xf5, 0x0,
    0x0, 0x0, 0x0, 0x3f, 0xff, 0xf, 0xff, 0x50,
    0x0, 0x0, 0x0, 0x3, 0xff, 0xf0, 0xff, 0xf5,
    0x0, 0x0, 0x0, 0x0, 0x3f, 0xff, 0xf, 0xff,
    0x50, 0x0, 0x0, 0x0, 0x3, 0xff, 0xf0, 0xdf,
    0xf6, 0x0, 0x0, 0x0, 0x0, 0x4f, 0xfe, 0xb,
    0xff, 0xa0, 0x0, 0x0, 0x0, 0x8, 0xff, 0xc0,
    0x6f, 0xff, 0x30, 0x0, 0x0, 0x2, 0xff, 0xf7,
    0x0, 0xef, 0xfe, 0x61, 0x0, 0x5, 0xef, 0xff,
    0x10, 0x4, 0xff, 0xff, 0xfe, 0xef, 0xff, 0xff,
    0x50, 0x0, 0x4, 0xef, 0xff, 0xff, 0xff, 0xfe,
    0x50, 0x0, 0x0, 0x0, 0x5b, 0xdf, 0xfd, 0xb6,
    0x10, 0x0, 0x0,

    /* U+0056 "V" */
    0x3f, 0xff, 0x10, 0x0, 0x0, 0x0, 0x0, 0x9f,
    0xfc, 0xf, 0xff, 0x60, 0x0, 0x0, 0x0, 0x0,
    0xdf, 0xf7, 0xa, 0xff, 0xa0, 0x0, 0x0, 0x0,
    0x1, 0xff, 0xf3, 0x6, 0xff, 0xe0, 0x0, 0x0,
    0x0, 0x6, 0xff, 0xe0, 0x1, 0xff, 0xf3, 0x0,
    0x0, 0x0, 0xa, 0xff, 0xa0, 0x0, 0xdf, 0xf7,
    0x0, 0x0, 0x0, 0xe, 0xff, 0x60, 0x0, 0x9f,
    0xfb, 0x0, 0x0, 0x0, 0x3f, 0xff, 0x10, 0x0,
    0x4f, 0xff, 0x0, 0x0, 0x0, 0x7f, 0xfd, 0x0,
    0x0, 0xf, 0xff, 0x40, 0x0, 0x0, 0xbf, 0xf8,
    0x0, 0x0, 0xb, 0xff, 0x80, 0x0, 0x0, 0xff,
    0xf4, 0x0, 0x0, 0x7, 0xff, 0xc0, 0x0, 0x4,
    0xff, 0xf0, 0x0, 0x0, 0x2, 0xff, 0xf1, 0x0,
    0x8, 0xff, 0xb0, 0x0, 0x0, 0x0, 0xef, 0xf5,
    0x0, 0xc, 0xff, 0x70, 0x0, 0x0, 0x0, 0x9f,
    0xf9, 0x0, 0x1f, 0xff, 0x20, 0x0, 0x0, 0x0,
    0x5f, 0xfe, 0x0, 0x5f, 0xfe, 0x0, 0x0, 0x0,
    0x0, 0x1f, 0xff, 0x20, 0x9f, 0xf9, 0x0, 0x0,
    0x0, 0x0, 0xc, 0xff, 0x60, 0xdf, 0xf5, 0x0,
    0x0, 0x0, 0x0, 0x7, 0xff, 0xb1, 0xff, 0xf1,
    0x0, 0x0, 0x0, 0x0, 0x3, 0xff, 0xf6, 0xff,
    0xc0, 0x0, 0x0, 0x0, 0x0, 0x0, 0xef, 0xff,
    0xff, 0x80, 0x0, 0x0, 0x0, 0x0, 0x0, 0xaf,
    0xff, 0xff, 0x30, 0x0, 0x0,

    /* U+0057 "W" */
    0xf, 0xff, 0x40, 0x0, 0x0, 0x9f, 0xff, 0xff,
    0x30, 0x0, 0x0, 0xbf, 0xf8, 0xc, 0xff, 0x60,
    0x0, 0x0, 0xcf, 0xff, 0xff, 0x60, 0x0, 0x0,
    0xdf, 0xf5, 0xa, 0xff, 0x90, 0x0, 0x0, 0xff,
    0xf5, 0xff, 0x90, 0x0, 0x0, 0xff, 0xf3, 0x8,
    0xff, 0xb0, 0x0, 0x2, 0xff, 0xc3, 0xff, 0xb0,
    0x0, 0x1, 0xff, 0xf1, 0x5, 0xff, 0xd0, 0x0,
    0x4, 0xff, 0x90, 0xff, 0xe0, 0x0, 0x4, 0xff,
    0xe0, 0x3, 0xff, 0xf0, 0x0, 0x7, 0xff, 0x60,
    0xdf, 0xf1, 0x0, 0x6, 0xff, 0xc0, 0x0, 0xff,
    0xf1, 0x0, 0xa, 0xff, 0x40, 0xaf, 0xf4, 0x0,
    0x8, 0xff, 0xa0, 0x0, 0xef, 0xf3, 0x0, 0xd,
    0xff, 0x10, 0x8f, 0xf6, 0x0, 0xa, 0xff, 0x70,
    0x0, 0xcf, 0xf5, 0x0, 0xf, 0xfe, 0x0, 0x5f,
    0xf9, 0x0, 0xc, 0xff, 0x50, 0x0, 0x9f, 0xf8,
    0x0, 0x2f, 0xfb, 0x0, 0x2f, 0xfc, 0x0, 0xe,
    0xff, 0x30, 0x0, 0x7f, 0xfa, 0x0, 0x5f, 0xf9,
    0x0, 0xf, 0xff, 0x0, 0xf, 0xff, 0x0, 0x0,
    0x5f, 0xfc, 0x0, 0x8f, 0xf6, 0x0, 0xd, 0xff,
    0x10, 0x2f, 0xfe, 0x0, 0x0, 0x2f, 0xfe, 0x0,
    0xaf, 0xf3, 0x0, 0xa, 0xff, 0x40, 0x4f, 0xfc,
    0x0, 0x0, 0xf, 0xff, 0x0, 0xdf, 0xf1, 0x0,
    0x7, 0xff, 0x70, 0x7f, 0xf9, 0x0, 0x0, 0xe,
    0xff, 0x20, 0xff, 0xe0, 0x0, 0x4, 0xff, 0xa0,
    0x9f, 0xf7, 0x0, 0x0, 0xb, 0xff, 0x43, 0xff,
    0xb0, 0x0, 0x1, 0xff, 0xc0, 0xbf, 0xf4, 0x0,
    0x0, 0x9, 0xff, 0x65, 0xff, 0x80, 0x0, 0x0,
    0xff, 0xf0, 0xdf, 0xf2, 0x0, 0x0, 0x7, 0xff,
    0x98, 0xff, 0x60, 0x0, 0x0, 0xcf, 0xf2, 0xff,
    0xf0, 0x0, 0x0, 0x4, 0xff, 0xbb, 0xff, 0x30,
    0x0, 0x0, 0x9f, 0xf7, 0xff, 0xd0, 0x0, 0x0,
    0x2, 0xff, 0xff, 0xff, 0x0, 0x0, 0x0, 0x6f,
    0xff, 0xff, 0xb0, 0x0, 0x0, 0x0, 0xff, 0xff,
    0xfd, 0x0, 0x0, 0x0, 0x4f, 0xff, 0xff, 0x90,
    0x0,

    /* U+0058 "X" */
    0xc, 0xff, 0xd0, 0x0, 0x0, 0x0, 0x0, 0xaf,
    0xff, 0x10, 0x3f, 0xff, 0x70, 0x0, 0x0, 0x0,
    0x3f, 0xff, 0x70, 0x0, 0x9f, 0xff, 0x10, 0x0,
    0x0, 0xc, 0xff, 0xd0, 0x0, 0x1, 0xef, 0xf9,
    0x0, 0x0, 0x5, 0xff, 0xf4, 0x0, 0x0, 0x6,
    0xff, 0xf2, 0x0, 0x0, 0xef, 0xfa, 0x0, 0x0,
    0x0, 0xd, 0xff, 0xb0, 0x0, 0x7f, 0xff, 0x10,
    0x0, 0x0, 0x0, 0x3f, 0xff, 0x40, 0x1f, 0xff,
    0x70, 0x0, 0x0, 0x0, 0x0, 0xaf, 0xfd, 0xa,
    0xff, 0xd0, 0x0, 0x0, 0x0, 0x0, 0x1, 0xff,
    0xfa, 0xff, 0xf4, 0x0, 0x0, 0x0, 0x0, 0x0,
    0x7, 0xff, 0xff, 0xfb, 0x0, 0x0, 0x0, 0x0,
    0x0, 0x0, 0xe, 0xff, 0xff, 0x20, 0x0, 0x0,
    0x0, 0x0, 0x0, 0x3, 0xff, 0xff, 0xf7, 0x0,
    0x0, 0x0, 0x0, 0x0, 0x0, 0xdf, 0xff, 0xff,
    0xf2, 0x0, 0x0, 0x0, 0x0, 0x0, 0x7f, 0xff,
    0x2d, 0xff, 0xb0, 0x0, 0x0, 0x0, 0x0, 0x2f,
    0xff, 0x70, 0x4f, 0xff, 0x50, 0x0, 0x0, 0x0,
    0xb, 0xff, 0xd0, 0x0, 0xaf, 0xfe, 0x10, 0x0,
    0x0, 0x5, 0xff, 0xf3, 0x0, 0x1, 0xff, 0xf9,
    0x0, 0x0, 0x1, 0xef, 0xfa, 0x0, 0x0, 0x7,
    0xff, 0xf3, 0x0, 0x0, 0x9f, 0xff, 0x10, 0x0,
    0x0, 0xd, 0xff, 0xd0, 0x0, 0x4f, 0xff, 0x60,
    0x0, 0x0, 0x0, 0x3f, 0xff, 0x70, 0xd, 0xff,
    0xd0, 0x0, 0x0, 0x0, 0x0, 0xaf, 0xff, 0x20,

    /* U+0059 "Y" */
    0x6f, 0xff, 0x30, 0x0, 0x0, 0x0, 0x0, 0xbf,
    0xfe, 0x0, 0xdf, 0xfc, 0x0, 0x0, 0x0, 0x0,
    0x4f, 0xff, 0x50, 0x5, 0xff, 0xf4, 0x0, 0x0,
    0x0, 0xc, 0xff, 0xd0, 0x0, 0xc, 0xff, 0xc0,
    0x0, 0x0, 0x4, 0xff, 0xf4, 0x0, 0x0, 0x3f,
    0xff, 0x50, 0x0, 0x0, 0xdf, 0xfc, 0x0, 0x0,
    0x0, 0xbf, 0xfd, 0x0, 0x0, 0x5f, 0xff, 0x30,
    0x0, 0x0, 0x2, 0xff, 0xf6, 0x0, 0xd, 0xff,
    0xa0, 0x0, 0x0, 0x0, 0x9, 0xff, 0xe0, 0x6,
    0xff, 0xf2, 0x0, 0x0, 0x0, 0x0, 0x1f, 0xff,
    0x60, 0xef, 0xf9, 0x0, 0x0, 0x0, 0x0, 0x0,
    0x8f, 0xfe, 0x9f, 0xff, 0x10, 0x0, 0x0, 0x0,
    0x0, 0x1, 0xef, 0xff, 0xff, 0x80, 0x0, 0x0,
    0x0, 0x0, 0x0, 0x7, 0xff, 0xff, 0xe0, 0x0,
    0x0, 0x0, 0x0, 0x0, 0x0, 0xe, 0xff, 0xf6,
    0x0, 0x0, 0x0, 0x0, 0x0, 0x0, 0x0, 0x7f,
    0xfe, 0x0, 0x0, 0x0, 0x0, 0x0, 0x0, 0x0,
    0x6, 0xff, 0xe0, 0x0, 0x0, 0x0, 0x0, 0x0,
    0x0, 0x0, 0x6f, 0xfe, 0x0, 0x0, 0x0, 0x0,
    0x0, 0x0, 0x0, 0x6, 0xff, 0xe0, 0x0, 0x0,
    0x0, 0x0, 0x0, 0x0, 0x0, 0x6f, 0xfe, 0x0,
    0x0, 0x0, 0x0, 0x0, 0x0, 0x0, 0x6, 0xff,
    0xe0, 0x0, 0x0, 0x0, 0x0, 0x0, 0x0, 0x0,
    0x6f, 0xfe, 0x0, 0x0, 0x0, 0x0, 0x0, 0x0,
    0x0, 0x6, 0xff, 0xe0, 0x0, 0x0, 0x0, 0x0,

    /* U+005A "Z" */
    0x3f, 0xff, 0xff, 0xff, 0xff, 0xff, 0xff, 0xd3,
    0xff, 0xff, 0xff, 0xff, 0xff, 0xff, 0xfd, 0x3e,
    0xee, 0xee, 0xee, 0xee, 0xef, 0xff, 0xd0, 0x0,
    0x0, 0x0, 0x0, 0x0, 0xbf, 0xfd, 0x0, 0x0,
    0x0, 0x0, 0x0, 0x7f, 0xff, 0x80, 0x0, 0x0,
    0x0, 0x0, 0x5f, 0xff, 0xb0, 0x0, 0x0, 0x0,
    0x0, 0x2f, 0xff, 0xd0, 0x0, 0x0, 0x0, 0x0,
    0x1d, 0xff, 0xf2, 0x0, 0x0, 0x0, 0x0, 0xb,
    0xff, 0xf4, 0x0, 0x0, 0x0, 0x0, 0x9, 0xff,
    0xf7, 0x0, 0x0, 0x0, 0x0, 0x6, 0xff, 0xfa,
    0x0, 0x0, 0x0, 0x0, 0x3, 0xff, 0xfc, 0x0,
    0x0, 0x0, 0x0, 0x1, 0xef, 0xfe, 0x10, 0x0,
    0x0, 0x0, 0x0, 0xcf, 0xff, 0x30, 0x0, 0x0,
    0x0, 0x0, 0xaf, 0xff, 0x60, 0x0, 0x0, 0x0,
    0x0, 0x7f, 0xff, 0x80, 0x0, 0x0, 0x0, 0x0,
    0x4f, 0xff, 0xb0, 0x0, 0x0, 0x0, 0x0, 0x9,
    0xff, 0xe1, 0x0, 0x0, 0x0, 0x0, 0x0, 0x9f,
    0xff, 0xee, 0xee, 0xee, 0xee, 0xee, 0xd9, 0xff,
    0xff, 0xff, 0xff, 0xff, 0xff, 0xff, 0x9f, 0xff,
    0xff, 0xff, 0xff, 0xff, 0xff, 0xf0,

    /* U+005B "[" */
    0x2, 0x89, 0x99, 0x98, 0x3f, 0xff, 0xff, 0xfe,
    0x9f, 0xff, 0xff, 0xfe, 0xbf, 0xf7, 0x0, 0x0,
    0xbf, 0xf4, 0x0, 0x0, 0xbf, 0xf4, 0x0, 0x0,
    0xbf, 0xf4, 0x0, 0x0, 0xbf, 0xf4, 0x0, 0x0,
    0xbf, 0xf4, 0x0, 0x0, 0xbf, 0xf4, 0x0, 0x0,
    0xbf, 0xf4, 0x0, 0x0, 0xbf, 0xf4, 0x0, 0x0,
    0xbf, 0xf4, 0x0, 0x0, 0xbf, 0xf4, 0x0, 0x0,
    0xbf, 0xf4, 0x0, 0x0, 0xbf, 0xf4, 0x0, 0x0,
    0xbf, 0xf4, 0x0, 0x0, 0xbf, 0xf4, 0x0, 0x0,
    0xbf, 0xf4, 0x0, 0x0, 0xbf, 0xf4, 0x0, 0x0,
    0xbf, 0xf4, 0x0, 0x0, 0xbf, 0xf4, 0x0, 0x0,
    0xbf, 0xf4, 0x0, 0x0, 0xbf, 0xf4, 0x0, 0x0,
    0xbf, 0xf4, 0x0, 0x0, 0xbf, 0xf4, 0x0, 0x0,
    0xbf, 0xf5, 0x0, 0x0, 0xaf, 0xfd, 0x99, 0x98,
    0x6f, 0xff, 0xff, 0xfe, 0x8, 0xef, 0xff, 0xfe,

    /* U+005C "\\" */
    0x2f, 0xff, 0x0, 0x0, 0x0, 0x0, 0x0, 0xcf,
    0xf4, 0x0, 0x0, 0x0, 0x0, 0x7, 0xff, 0xa0,
    0x0, 0x0, 0x0, 0x0, 0x2f, 0xfe, 0x0, 0x0,
    0x0, 0x0, 0x0, 0xdf, 0xf4, 0x0, 0x0, 0x0,
    0x0, 0x8, 0xff, 0x90, 0x0, 0x0, 0x0, 0x0,
    0x2f, 0xfe, 0x0, 0x0, 0x0, 0x0, 0x0, 0xdf,
    0xf4, 0x0, 0x0, 0x0, 0x0, 0x8, 0xff, 0x90,
    0x0, 0x0, 0x0, 0x0, 0x3f, 0xfe, 0x0, 0x0,
    0x0, 0x0, 0x0, 0xdf, 0xf3, 0x0, 0x0, 0x0,
    0x0, 0x8, 0xff, 0x90, 0x0, 0x0, 0x0, 0x0,
    0x3f, 0xfe, 0x0, 0x0, 0x0, 0x0, 0x0, 0xef,
    0xf3, 0x0, 0x0, 0x0, 0x0, 0x9, 0xff, 0x80,
    0x0, 0x0, 0x0, 0x0, 0x3f, 0xfe, 0x0, 0x0,
    0x0, 0x0, 0x0, 0xef, 0xf3, 0x0, 0x0, 0x0,
    0x0, 0x9, 0xff, 0x80, 0x0, 0x0, 0x0, 0x0,
    0x4f, 0xfd, 0x0, 0x0, 0x0, 0x0, 0x0, 0xef,
    0xf3, 0x0, 0x0, 0x0, 0x0, 0x9, 0xff, 0x80,
    0x0, 0x0, 0x0, 0x0, 0x4f, 0xfd, 0x0, 0x0,
    0x0, 0x0, 0x0, 0xef, 0xf2, 0x0, 0x0, 0x0,
    0x0, 0xa, 0xff, 0x70, 0x0, 0x0, 0x0, 0x0,
    0x4f, 0xfd, 0x0, 0x0, 0x0, 0x0, 0x0, 0xff,
    0xf2, 0x0, 0x0, 0x0, 0x0, 0xa, 0xff, 0x70,

    /* U+005D "]" */
    0x49, 0x99, 0x99, 0x50, 0x7, 0xff, 0xff, 0xff,
    0x90, 0x7f, 0xff, 0xff, 0xff, 0x0, 0x0, 0x1,
    0xff, 0xf1, 0x0, 0x0, 0xe, 0xff, 0x20, 0x0,
    0x0, 0xef, 0xf2, 0x0, 0x0, 0xe, 0xff, 0x20,
    0x0, 0x0, 0xef, 0xf2, 0x0, 0x0, 0xe, 0xff,
    0x20, 0x0, 0x0, 0xef, 0xf2, 0x0, 0x0, 0xe,
    0xff, 0x20, 0x0, 0x0, 0xef, 0xf2, 0x0, 0x0,
    0xe, 0xff, 0x20, 0x0, 0x0, 0xef, 0xf2, 0x0,
    0x0, 0xe, 0xff, 0x20, 0x0, 0x0, 0xef, 0xf2,
    0x0, 0x0, 0xe, 0xff, 0x20, 0x0, 0x0, 0xef,
    0xf2, 0x0, 0x0, 0xe, 0xff, 0x20, 0x0, 0x0,
    0xef, 0xf2, 0x0, 0x0, 0xe, 0xff, 0x20, 0x0,
    0x0, 0xef, 0xf2, 0x0, 0x0, 0xe, 0xff, 0x20,
    0x0, 0x0, 0xef, 0xf2, 0x0, 0x0, 0xe, 0xff,
    0x20, 0x0, 0x0, 0xef, 0xf2, 0x0, 0x0, 0xe,
    0xff, 0x24, 0x99, 0x9b, 0xff, 0xf1, 0x7f, 0xff,
    0xff, 0xfc, 0x7, 0xff, 0xff, 0xfb, 0x20,

    /* U+005E "^" */
    0x0, 0x0, 0x5f, 0xff, 0xfe, 0x0, 0x0, 0x0,
    0x0, 0xe, 0xff, 0xff, 0xf8, 0x0, 0x0, 0x0,
    0x8, 0xff, 0xc2, 0xff, 0xf2, 0x0, 0x0, 0x2,
    0xff, 0xf3, 0x9, 0xff, 0xb0, 0x0, 0x0, 0xbf,
    0xfa, 0x0, 0x1f, 0xff, 0x50, 0x0, 0x5f, 0xff,
    0x20, 0x0, 0x7f, 0xfe, 0x0, 0xe, 0xff, 0x80,
    0x0, 0x0, 0xef, 0xf8, 0x8, 0xff, 0xe0, 0x0,
    0x0, 0x5, 0xff, 0xf2,

    /* U+005F "_" */
    0xac, 0xcc, 0xcc, 0xcc, 0xcc, 0xcc, 0xcc, 0x5e,
    0xff, 0xff, 0xff, 0xff, 0xff, 0xff, 0xf7, 0xef,
    0xff, 0xff, 0xff, 0xff, 0xff, 0xff, 0x70,

    /* U+0060 "`" */
    0x13, 0x33, 0x0, 0x2, 0xff, 0xf5, 0x0, 0x5,
    0xff, 0xd0, 0x0, 0xa, 0xff, 0x60, 0x0, 0xd,
    0xfe, 0x0,

    /* U+0061 "a" */
    0x0, 0x1, 0x8c, 0xef, 0xeb, 0x50, 0x0, 0x0,
    0x0, 0x6f, 0xff, 0xff, 0xff, 0xfc, 0x0, 0x0,
    0x4, 0xff, 0xfd, 0xa9, 0xbf, 0xff, 0xa0, 0x0,
    0xd, 0xff, 0x90, 0x0, 0x3, 0xff, 0xf2, 0x0,
    0x5, 0x9d, 0x0, 0x0, 0x0, 0xaf, 0xf6, 0x0,
    0x0, 0x0, 0x0, 0x0, 0x0, 0x8f, 0xf7, 0x0,
    0x0, 0x39, 0xdf, 0xff, 0xff, 0xff, 0xf7, 0x0,
    0x7, 0xff, 0xff, 0xff, 0xff, 0xff, 0xf7, 0x0,
    0x3f, 0xff, 0xb7, 0x66, 0x66, 0xbf, 0xf7, 0x0,
    0x8f, 0xfa, 0x0, 0x0, 0x0, 0xaf, 0xf7, 0x0,
    0xaf, 0xf7, 0x0, 0x0, 0x0, 0xef, 0xf7, 0x0,
    0x8f, 0xfc, 0x0, 0x0, 0x1b, 0xff, 0xf8, 0x0,
    0x2f, 0xff, 0xe9, 0x8a, 0xff, 0xbf, 0xfe, 0x95,
    0x6, 0xff, 0xff, 0xff, 0xfb, 0xe, 0xff, 0xf9,
    0x0, 0x29, 0xdf, 0xfd, 0x70, 0x4, 0xdf, 0xf9,

    /* U+0062 "b" */
    0xbf, 0xf6, 0x0, 0x0, 0x0, 0x0, 0x0, 0x0,
    0xbf, 0xf6, 0x0, 0x0, 0x0, 0x0, 0x0, 0x0,
    0xbf, 0xf6, 0x0, 0x0, 0x0, 0x0, 0x0, 0x0,
    0xbf, 0xf6, 0x0, 0x0, 0x0, 0x0, 0x0, 0x0,
    0xbf, 0xf6, 0x0, 0x0, 0x0, 0x0, 0x0, 0x0,
    0xbf, 0xf6, 0x0, 0x0, 0x0, 0x0, 0x0, 0x0,
    0xbf, 0xf6, 0x5, 0xbe, 0xfe, 0xc6, 0x0, 0x0,
    0xbf, 0xf6, 0xaf, 0xff, 0xff, 0xff, 0xe3, 0x0,
    0xbf, 0xff, 0xff, 0xeb, 0xbe, 0xff, 0xff, 0x20,
    0xbf, 0xff, 0xe4, 0x0, 0x0, 0x5f, 0xff, 0xc0,
    0xbf, 0xff, 0x30, 0x0, 0x0, 0x4, 0xff, 0xf2,
    0xbf, 0xfa, 0x0, 0x0, 0x0, 0x0, 0xcf, 0xf7,
    0xbf, 0xf6, 0x0, 0x0, 0x0, 0x0, 0x8f, 0xf9,
    0xbf, 0xf5, 0x0, 0x0, 0x0, 0x0, 0x7f, 0xfa,
    0xbf, 0xf6, 0x0, 0x0, 0x0, 0x0, 0x8f, 0xf9,
    0xbf, 0xfa, 0x0, 0x0, 0x0, 0x0, 0xcf, 0xf7,
    0xbf, 0xff, 0x20, 0x0, 0x0, 0x4, 0xff, 0xf2,
    0xbf, 0xff, 0xe4, 0x0, 0x0, 0x5f, 0xff, 0xc0,
    0xbf, 0xfb, 0xff, 0xeb, 0xbe, 0xff, 0xfe, 0x20,
    0xbf, 0xf5, 0x6f, 0xff, 0xff, 0xff, 0xd3, 0x0,
    0xbf, 0xf5, 0x3, 0xad, 0xfe, 0xc6, 0x0, 0x0,

    /* U+0063 "c" */
    0x0, 0x0, 0x38, 0xde, 0xfd, 0xa5, 0x0, 0x0,
    0x0, 0x9, 0xff, 0xff, 0xff, 0xff, 0xc1, 0x0,
    0x0, 0xbf, 0xff, 0xfc, 0xce, 0xff, 0xfd, 0x10,
    0x7, 0xff, 0xf8, 0x10, 0x0, 0x4e, 0xff, 0x90,
    0xe, 0xff, 0x80, 0x0, 0x0, 0x3, 0xff, 0xf1,
    0x3f, 0xff, 0x0, 0x0, 0x0, 0x0, 0xcd, 0xa2,
    0x5f, 0xfc, 0x0, 0x0, 0x0, 0x0, 0x0, 0x0,
    0x6f, 0xfa, 0x0, 0x0, 0x0, 0x0, 0x0, 0x0,
    0x5f, 0xfc, 0x0, 0x0, 0x0, 0x0, 0x0, 0x0,
    0x3f, 0xff, 0x0, 0x0, 0x0, 0x0, 0xbe, 0xa3,
    0xe, 0xff, 0x80, 0x0, 0x0, 0x3, 0xff, 0xf2,
    0x7, 0xff, 0xf8, 0x10, 0x0, 0x4e, 0xff, 0xa0,
    0x0, 0xbf, 0xff, 0xfc, 0xce, 0xff, 0xfd, 0x10,
    0x0, 0x9, 0xff, 0xff, 0xff, 0xff, 0xc2, 0x0,
    0x0, 0x0, 0x39, 0xde, 0xfe, 0xb5, 0x0, 0x0,

    /* U+0064 "d" */
    0x0, 0x0, 0x0, 0x0, 0x0, 0x0, 0x2f, 0xff,
    0x0, 0x0, 0x0, 0x0, 0x0, 0x0, 0x2f, 0xff,
    0x0, 0x0, 0x0, 0x0, 0x0, 0x0, 0x2f, 0xff,
    0x0, 0x0, 0x0, 0x0, 0x0, 0x0, 0x2f, 0xff,
    0x0, 0x0, 0x0, 0x0, 0x0, 0x0, 0x2f, 0xff,
    0x0, 0x0, 0x0, 0x0, 0x0, 0x0, 0x2f, 0xff,
    0x0, 0x0, 0x5b, 0xef, 0xec, 0x60, 0x2f, 0xff,
    0x0, 0x1c, 0xff, 0xff, 0xff, 0xfd, 0x3f, 0xff,
    0x0, 0xdf, 0xff, 0xfc, 0xbd, 0xff, 0xff, 0xff,
    0x8, 0xff, 0xf8, 0x0, 0x0, 0x2c, 0xff, 0xff,
    0xe, 0xff, 0x80, 0x0, 0x0, 0x1, 0xdf, 0xff,
    0x3f, 0xff, 0x0, 0x0, 0x0, 0x0, 0x6f, 0xff,
    0x5f, 0xfc, 0x0, 0x0, 0x0, 0x0, 0x3f, 0xff,
    0x6f, 0xfb, 0x0, 0x0, 0x0, 0x0, 0x1f, 0xff,
    0x5f, 0xfc, 0x0, 0x0, 0x0, 0x0, 0x2f, 0xff,
    0x3f, 0xff, 0x0, 0x0, 0x0, 0x0, 0x6f, 0xff,
    0xe, 0xff, 0x80, 0x0, 0x0, 0x1, 0xdf, 0xff,
    0x8, 0xff, 0xf8, 0x0, 0x0, 0x2c, 0xff, 0xff,
    0x0, 0xcf, 0xff, 0xfb, 0xbd, 0xff, 0xaf, 0xff,
    0x0, 0x1b, 0xff, 0xff, 0xff, 0xf9, 0x1f, 0xff,
    0x0, 0x0, 0x5b, 0xef, 0xeb, 0x40, 0x1f, 0xff,

    /* U+0065 "e" */
    0x0, 0x0, 0x4a, 0xdf, 0xfd, 0x92, 0x0, 0x0,
    0x0, 0xa, 0xff, 0xff, 0xff, 0xff, 0x80, 0x0,
    0x0, 0xcf, 0xff, 0xeb, 0xce, 0xff, 0xf8, 0x0,
    0x7, 0xff, 0xe4, 0x0, 0x0, 0x6f, 0xff, 0x30,
    0xe, 0xff, 0x30, 0x0, 0x0, 0x7, 0xff, 0xa0,
    0x3f, 0xfe, 0x55, 0x55, 0x55, 0x57, 0xff, 0xe0,
    0x5f, 0xff, 0xff, 0xff, 0xff, 0xff, 0xff, 0xf0,
    0x6f, 0xff, 0xff, 0xff, 0xff, 0xff, 0xff, 0xf1,
    0x5f, 0xfc, 0x0, 0x0, 0x0, 0x0, 0x0, 0x0,
    0x3f, 0xff, 0x0, 0x0, 0x0, 0x0, 0x10, 0x0,
    0xe, 0xff, 0x70, 0x0, 0x0, 0x6, 0xf8, 0x10,
    0x7, 0xff, 0xf7, 0x0, 0x0, 0x5f, 0xff, 0x60,
    0x0, 0xbf, 0xff, 0xeb, 0xbd, 0xff, 0xfa, 0x0,
    0x0, 0xa, 0xff, 0xff, 0xff, 0xff, 0xa0, 0x0,
    0x0, 0x0, 0x39, 0xdf, 0xfe, 0xa4, 0x0, 0x0,

    /* U+0066 "f" */
    0x0, 0x0, 0x1, 0xae, 0xff, 0xfb, 0x0, 0x0,
    0x0, 0xbf, 0xff, 0xff, 0xb0, 0x0, 0x0, 0xf,
    0xff, 0xc9, 0x96, 0x0, 0x0, 0x0, 0xff, 0xf1,
    0x0, 0x0, 0x0, 0x0, 0xf, 0xff, 0x0, 0x0,
    0x0, 0x0, 0x0, 0xff, 0xf0, 0x0, 0x0, 0x3f,
    0xff, 0xff, 0xff, 0xff, 0xff, 0x43, 0xff, 0xff,
    0xff, 0xff, 0xff, 0xf4, 0x19, 0x99, 0x9f, 0xff,
    0x99, 0x99, 0x20, 0x0, 0x0, 0xff, 0xf0, 0x0,
    0x0, 0x0, 0x0, 0xf, 0xff, 0x0, 0x0, 0x0,
    0x0, 0x0, 0xff, 0xf0, 0x0, 0x0, 0x0, 0x0,
    0xf, 0xff, 0x0, 0x0, 0x0, 0x0, 0x0, 0xff,
    0xf0, 0x0, 0x0, 0x0, 0x0, 0xf, 0xff, 0x0,
    0x0, 0x0, 0x0, 0x0, 0xff, 0xf0, 0x0, 0x0,
    0x0, 0x0, 0xf, 0xff, 0x0, 0x0, 0x0, 0x0,
    0x0, 0xff, 0xf0, 0x0, 0x0, 0x0, 0x0, 0xf,
    0xff, 0x0, 0x0, 0x0, 0x0, 0x0, 0xff, 0xf0,
    0x0, 0x0, 0x0, 0x0, 0xf, 0xff, 0x0, 0x0,
    0x0,

    /* U+0067 "g" */
    0x0, 0x0, 0x5b, 0xef, 0xea, 0x30, 0x1f, 0xfe,
    0x0, 0x1b, 0xff, 0xff, 0xff, 0xf6, 0x1f, 0xfe,
    0x0, 0xcf, 0xff, 0xfc, 0xbd, 0xff, 0x6f, 0xfe,
    0x8, 0xff, 0xf8, 0x0, 0x0, 0x2c, 0xff, 0xfe,
    0xe, 0xff, 0x80, 0x0, 0x0, 0x1, 0xdf, 0xfe,
    0x3f, 0xff, 0x0, 0x0, 0x0, 0x0, 0x6f, 0xfe,
    0x5f, 0xfc, 0x0, 0x0, 0x0, 0x0, 0x2f, 0xfe,
    0x6f, 0xfb, 0x0, 0x0, 0x0, 0x0, 0x1f, 0xfe,
    0x5f, 0xfc, 0x0, 0x0, 0x0, 0x0, 0x3f, 0xfe,
    0x3f, 0xff, 0x0, 0x0, 0x0, 0x0, 0x6f, 0xfe,
    0xe, 0xff, 0x80, 0x0, 0x0, 0x1, 0xef, 0xfe,
    0x8, 0xff, 0xf8, 0x0, 0x0, 0x2c, 0xff, 0xfe,
    0x0, 0xdf, 0xff, 0xfb, 0xbd, 0xff, 0xff, 0xfe,
    0x0, 0x1c, 0xff, 0xff, 0xff, 0xfd, 0x3f, 0xfe,
    0x0, 0x0, 0x5b, 0xef, 0xfc, 0x70, 0x2f, 0xfe,
    0x0, 0x0, 0x0, 0x0, 0x0, 0x0, 0x2f, 0xfe,
    0x0, 0x0, 0x0, 0x0, 0x0, 0x0, 0x2f, 0xfe,
    0x0, 0x0, 0x0, 0x0, 0x0, 0x0, 0x2f, 0xfe,
    0x0, 0xa, 0xaa, 0xaa, 0xaa, 0xaa, 0xdf, 0xfd,
    0x0, 0xf, 0xff, 0xff, 0xff, 0xff, 0xff, 0xf8,
    0x0, 0xf, 0xff, 0xff, 0xff, 0xff, 0xfe, 0x90,

    /* U+0068 "h" */
    0xbf, 0xf6, 0x0, 0x0, 0x0, 0x0, 0x0, 0xb,
    0xff, 0x60, 0x0, 0x0, 0x0, 0x0, 0x0, 0xbf,
    0xf6, 0x0, 0x0, 0x0, 0x0, 0x0, 0xb, 0xff,
    0x60, 0x0, 0x0, 0x0, 0x0, 0x0, 0xbf, 0xf6,
    0x0, 0x0, 0x0, 0x0, 0x0, 0xb, 0xff, 0x60,
    0x0, 0x0, 0x0, 0x0, 0x0, 0xbf, 0xf6, 0x5,
    0xbe, 0xfe, 0xa3, 0x0, 0xb, 0xff, 0x68, 0xff,
    0xff, 0xff, 0xf7, 0x0, 0xbf, 0xfd, 0xff, 0xca,
    0xcf, 0xff, 0xf4, 0xb, 0xff, 0xfd, 0x20, 0x0,
    0x2c, 0xff, 0xc0, 0xbf, 0xff, 0x20, 0x0, 0x0,
    0x2f, 0xff, 0x1b, 0xff, 0xa0, 0x0, 0x0, 0x0,
    0xef, 0xf3, 0xbf, 0xf7, 0x0, 0x0, 0x0, 0xc,
    0xff, 0x4b, 0xff, 0x60, 0x0, 0x0, 0x0, 0xcf,
    0xf4, 0xbf, 0xf6, 0x0, 0x0, 0x0, 0xc, 0xff,
    0x4b, 0xff, 0x60, 0x0, 0x0, 0x0, 0xcf, 0xf4,
    0xbf, 0xf6, 0x0, 0x0, 0x0, 0xc, 0xff, 0x4b,
    0xff, 0x60, 0x0, 0x0, 0x0, 0xcf, 0xf4, 0xbf,
    0xf6, 0x0, 0x0, 0x0, 0xc, 0xff, 0x4b, 0xff,
    0x60, 0x0, 0x0, 0x0, 0xcf, 0xf4, 0xbf, 0xf6,
    0x0, 0x0, 0x0, 0xc, 0xff, 0x40,

    /* U+0069 "i" */
    0x7, 0xed, 0x42, 0xff, 0xfd, 0x3f, 0xff, 0xe0,
    0xaf, 0xf5, 0x0, 0x10, 0x0, 0x0, 0x0, 0xb,
    0xff, 0x60, 0xbf, 0xf6, 0xb, 0xff, 0x60, 0xbf,
    0xf6, 0xb, 0xff, 0x60, 0xbf, 0xf6, 0xb, 0xff,
    0x60, 0xbf, 0xf6, 0xb, 0xff, 0x60, 0xbf, 0xf6,
    0xb, 0xff, 0x60, 0xbf, 0xf6, 0xb, 0xff, 0x60,
    0xbf, 0xf6, 0xb, 0xff, 0x60,

    /* U+006A "j" */
    0x0, 0x7, 0xee, 0x40, 0x0, 0x1f, 0xff, 0xe0,
    0x0, 0x2f, 0xff, 0xf0, 0x0, 0x9, 0xff, 0x60,
    0x0, 0x0, 0x10, 0x0, 0x0, 0x0, 0x0, 0x0,
    0x0, 0xa, 0xff, 0x70, 0x0, 0xa, 0xff, 0x70,
    0x0, 0xa, 0xff, 0x70, 0x0, 0xa, 0xff, 0x70,
    0x0, 0xa, 0xff, 0x70, 0x0, 0xa, 0xff, 0x70,
    0x0, 0xa, 0xff, 0x70, 0x0, 0xa, 0xff, 0x70,
    0x0, 0xa, 0xff, 0x70, 0x0, 0xa, 0xff, 0x70,
    0x0, 0xa, 0xff, 0x70, 0x0, 0xa, 0xff, 0x70,
    0x0, 0xa, 0xff, 0x70, 0x0, 0xa, 0xff, 0x70,
    0x0, 0xa, 0xff, 0x70, 0x0, 0xa, 0xff, 0x70,
    0x0, 0xa, 0xff, 0x70, 0x0, 0xb, 0xff, 0x70,
    0x5a, 0xbf, 0xff, 0x50, 0x8f, 0xff, 0xff, 0x10,
    0x8f, 0xff, 0xd4, 0x0,

    /* U+006B "k" */
    0xbf, 0xf6, 0x0, 0x0, 0x0, 0x0, 0x0, 0xb,
    0xff, 0x60, 0x0, 0x0, 0x0, 0x0, 0x0, 0xbf,
    0xf6, 0x0, 0x0, 0x0, 0x0, 0x0, 0xb, 0xff,
    0x60, 0x0, 0x0, 0x0, 0x0, 0x0, 0xbf, 0xf6,
    0x0, 0x0, 0x0, 0x0, 0x0, 0xb, 0xff, 0x60,
    0x0, 0x0, 0x0, 0x0, 0x0, 0xbf, 0xf6, 0x0,
    0x0, 0xc, 0xff, 0xf4, 0xb, 0xff, 0x60, 0x0,
    0xb, 0xff, 0xf5, 0x0, 0xbf, 0xf6, 0x0, 0xa,
    0xff, 0xf5, 0x0, 0xb, 0xff, 0x60, 0xa, 0xff,
    0xf5, 0x0, 0x0, 0xbf, 0xf6, 0x9, 0xff, 0xf5,
    0x0, 0x0, 0xb, 0xff, 0x68, 0xff, 0xf5, 0x0,
    0x0, 0x0, 0xbf, 0xfe, 0xff, 0xf5, 0x0, 0x0,
    0x0, 0xb, 0xff, 0xff, 0xf9, 0x0, 0x0, 0x0,
    0x0, 0xbf, 0xff, 0xff, 0xf5, 0x0, 0x0, 0x0,
    0xb, 0xff, 0x6a, 0xff, 0xf5, 0x0, 0x0, 0x0,
    0xbf, 0xf6, 0xa, 0xff, 0xf5, 0x0, 0x0, 0xb,
    0xff, 0x60, 0x9, 0xff, 0xf6, 0x0, 0x0, 0xbf,
    0xf6, 0x0, 0x9, 0xff, 0xf6, 0x0, 0xb, 0xff,
    0x60, 0x0, 0x9, 0xff, 0xf7, 0x0, 0xbf, 0xf6,
    0x0, 0x0, 0x9, 0xff, 0xf7, 0x0,

    /* U+006C "l" */
    0xbf, 0xf6, 0xbf, 0xf6, 0xbf, 0xf6, 0xbf, 0xf6,
    0xbf, 0xf6, 0xbf, 0xf6, 0xbf, 0xf6, 0xbf, 0xf6,
    0xbf, 0xf6, 0xbf, 0xf6, 0xbf, 0xf6, 0xbf, 0xf6,
    0xbf, 0xf6, 0xbf, 0xf6, 0xbf, 0xf6, 0xbf, 0xf6,
    0xbf, 0xf6, 0xbf, 0xf6, 0xbf, 0xf6, 0xbf, 0xf6,
    0xbf, 0xf6,

    /* U+006D "m" */
    0xbf, 0xf5, 0x8, 0xdf, 0xea, 0x20, 0x1, 0x9e,
    0xfe, 0xa2, 0x0, 0xbf, 0xf5, 0xcf, 0xff, 0xff,
    0xe2, 0x1e, 0xff, 0xff, 0xff, 0x40, 0xbf, 0xff,
    0xfc, 0x9b, 0xff, 0xfd, 0xbf, 0xda, 0xbf, 0xff,
    0xe0, 0xbf, 0xff, 0x50, 0x0, 0x4f, 0xff, 0xf7,
    0x0, 0x3, 0xff, 0xf5, 0xbf, 0xfb, 0x0, 0x0,
    0xc, 0xff, 0xc0, 0x0, 0x0, 0xbf, 0xf7, 0xbf,
    0xf7, 0x0, 0x0, 0xa, 0xff, 0x80, 0x0, 0x0,
    0x8f, 0xf8, 0xbf, 0xf6, 0x0, 0x0, 0xa, 0xff,
    0x70, 0x0, 0x0, 0x8f, 0xf8, 0xbf, 0xf6, 0x0,
    0x0, 0xa, 0xff, 0x70, 0x0, 0x0, 0x8f, 0xf8,
    0xbf, 0xf6, 0x0, 0x0, 0xa, 0xff, 0x70, 0x0,
    0x0, 0x8f, 0xf8, 0xbf, 0xf6, 0x0, 0x0, 0xa,
    0xff, 0x70, 0x0, 0x0, 0x8f, 0xf8, 0xbf, 0xf6,
    0x0, 0x0, 0xa, 0xff, 0x70, 0x0, 0x0, 0x8f,
    0xf8, 0xbf, 0xf6, 0x0, 0x0, 0xa, 0xff, 0x70,
    0x0, 0x0, 0x8f, 0xf8, 0xbf, 0xf6, 0x0, 0x0,
    0xa, 0xff, 0x70, 0x0, 0x0, 0x8f, 0xf8, 0xbf,
    0xf6, 0x0, 0x0, 0xa, 0xff, 0x70, 0x0, 0x0,
    0x8f, 0xf8, 0xbf, 0xf6, 0x0, 0x0, 0xa, 0xff,
    0x70, 0x0, 0x0, 0x8f, 0xf8,

    /* U+006E "n" */
    0xbf, 0xf5, 0x5, 0xce, 0xfe, 0xa3, 0x0, 0xb,
    0xff, 0x58, 0xff, 0xff, 0xff, 0xf7, 0x0, 0xbf,
    0xfc, 0xff, 0xca, 0xcf, 0xff, 0xf4, 0xb, 0xff,
    0xfd, 0x20, 0x0, 0x2c, 0xff, 0xc0, 0xbf, 0xff,
    0x20, 0x0, 0x0, 0x2f, 0xff, 0x1b, 0xff, 0xa0,
    0x0, 0x0, 0x0, 0xef, 0xf3, 0xbf, 0xf7, 0x0,
    0x0, 0x0, 0xc, 0xff, 0x4b, 0xff, 0x60, 0x0,
    0x0, 0x0, 0xcf, 0xf4, 0xbf, 0xf6, 0x0, 0x0,
    0x0, 0xc, 0xff, 0x4b, 0xff, 0x60, 0x0, 0x0,
    0x0, 0xcf, 0xf4, 0xbf, 0xf6, 0x0, 0x0, 0x0,
    0xc, 0xff, 0x4b, 0xff, 0x60, 0x0, 0x0, 0x0,
    0xcf, 0xf4, 0xbf, 0xf6, 0x0, 0x0, 0x0, 0xc,
    0xff, 0x4b, 0xff, 0x60, 0x0, 0x0, 0x0, 0xcf,
    0xf4, 0xbf, 0xf6, 0x0, 0x0, 0x0, 0xc, 0xff,
    0x40,

    /* U+006F "o" */
    0x0, 0x0, 0x28, 0xde, 0xfd, 0xb5, 0x0, 0x0,
    0x0, 0x9, 0xff, 0xff, 0xff, 0xff, 0xd3, 0x0,
    0x0, 0xbf, 0xff, 0xfc, 0xbe, 0xff, 0xff, 0x30,
    0x7, 0xff, 0xf8, 0x0, 0x0, 0x3d, 0xff, 0xd0,
    0xe, 0xff, 0x70, 0x0, 0x0, 0x1, 0xef, 0xf5,
    0x3f, 0xff, 0x0, 0x0, 0x0, 0x0, 0x8f, 0xfa,
    0x5f, 0xfb, 0x0, 0x0, 0x0, 0x0, 0x4f, 0xfc,
    0x6f, 0xfa, 0x0, 0x0, 0x0, 0x0, 0x3f, 0xfe,
    0x5f, 0xfb, 0x0, 0x0, 0x0, 0x0, 0x4f, 0xfc,
    0x3f, 0xff, 0x0, 0x0, 0x0, 0x0, 0x8f, 0xfa,
    0xe, 0xff, 0x80, 0x0, 0x0, 0x2, 0xff, 0xf5,
    0x7, 0xff, 0xf8, 0x0, 0x0, 0x4e, 0xff, 0xd0,
    0x0, 0xbf, 0xff, 0xfc, 0xce, 0xff, 0xff, 0x30,
    0x0, 0x9, 0xff, 0xff, 0xff, 0xff, 0xd3, 0x0,
    0x0, 0x0, 0x39, 0xde, 0xfd, 0xb5, 0x0, 0x0,

    /* U+0070 "p" */
    0xbf, 0xf5, 0x3, 0xad, 0xfe, 0xc6, 0x0, 0x0,
    0xbf, 0xf5, 0x6f, 0xff, 0xff, 0xff, 0xd3, 0x0,
    0xbf, 0xfa, 0xff, 0xeb, 0xbe, 0xff, 0xff, 0x20,
    0xbf, 0xff, 0xe4, 0x0, 0x0, 0x6f, 0xff, 0xc0,
    0xbf, 0xff, 0x30, 0x0, 0x0, 0x4, 0xff, 0xf2,
    0xbf, 0xfa, 0x0, 0x0, 0x0, 0x0, 0xcf, 0xf7,
    0xbf, 0xf6, 0x0, 0x0, 0x0, 0x0, 0x8f, 0xf9,
    0xbf, 0xf5, 0x0, 0x0, 0x0, 0x0, 0x7f, 0xfa,
    0xbf, 0xf6, 0x0, 0x0, 0x0, 0x0, 0x8f, 0xf9,
    0xbf, 0xfa, 0x0, 0x0, 0x0, 0x0, 0xcf, 0xf7,
    0xbf, 0xff, 0x20, 0x0, 0x0, 0x4, 0xff, 0xf2,
    0xbf, 0xff, 0xe4, 0x0, 0x0, 0x5f, 0xff, 0xc0,
    0xbf, 0xff, 0xff, 0xeb, 0xbe, 0xff, 0xff, 0x20,
    0xbf, 0xf6, 0xaf, 0xff, 0xff, 0xff, 0xe3, 0x0,
    0xbf, 0xf6, 0x5, 0xbe, 0xfe, 0xc7, 0x0, 0x0,
    0xbf, 0xf6, 0x0, 0x0, 0x0, 0x0, 0x0, 0x0,
    0xbf, 0xf6, 0x0, 0x0, 0x0, 0x0, 0x0, 0x0,
    0xbf, 0xf6, 0x0, 0x0, 0x0, 0x0, 0x0, 0x0,
    0xbf, 0xf6, 0x0, 0x0, 0x0, 0x0, 0x0, 0x0,
    0xbf, 0xf6, 0x0, 0x0, 0x0, 0x0, 0x0, 0x0,
    0xbf, 0xf6, 0x0, 0x0, 0x0, 0x0, 0x0, 0x0,

    /* U+0071 "q" */
    0x0, 0x0, 0x5b, 0xef, 0xeb, 0x40, 0x1f, 0xff,
    0x0, 0x1c, 0xff, 0xff, 0xff, 0xf9, 0x1f, 0xff,
    0x0, 0xdf, 0xff, 0xfc, 0xbd, 0xff, 0xaf, 0xff,
    0x8, 0xff, 0xf8, 0x0, 0x0, 0x3d, 0xff, 0xff,
    0xe, 0xff, 0x80, 0x0, 0x0, 0x1, 0xef, 0xff,
    0x3f, 0xff, 0x0, 0x0, 0x0, 0x0, 0x6f, 0xff,
    0x5f, 0xfc, 0x0, 0x0, 0x0, 0x0, 0x3f, 0xff,
    0x6f, 0xfb, 0x0, 0x0, 0x0, 0x0, 0x1f, 0xff,
    0x5f, 0xfc, 0x0, 0x0, 0x0, 0x0, 0x2f, 0xff,
    0x3f, 0xff, 0x0, 0x0, 0x0, 0x0, 0x6f, 0xff,
    0xe, 0xff, 0x80, 0x0, 0x0, 0x0, 0xdf, 0xff,
    0x8, 0xff, 0xf8, 0x0, 0x0, 0x2c, 0xff, 0xff,
    0x0, 0xdf, 0xff, 0xfb, 0xbd, 0xff, 0xff, 0xff,
    0x0, 0x1c, 0xff, 0xff, 0xff, 0xfd, 0x3f, 0xff,
    0x0, 0x0, 0x5b, 0xef, 0xec, 0x60, 0x2f, 0xff,
    0x0, 0x0, 0x0, 0x0, 0x0, 0x0, 0x2f, 0xff,
    0x0, 0x0, 0x0, 0x0, 0x0, 0x0, 0x2f, 0xff,
    0x0, 0x0, 0x0, 0x0, 0x0, 0x0, 0x2f, 0xff,
    0x0, 0x0, 0x0, 0x0, 0x0, 0x0, 0x2f, 0xff,
    0x0, 0x0, 0x0, 0x0, 0x0, 0x0, 0x2f, 0xff,
    0x0, 0x0, 0x0, 0x0, 0x0, 0x0, 0x2f, 0xff,

    /* U+0072 "r" */
    0xbf, 0xf5, 0x4c, 0xff, 0xbb, 0xff, 0x8f, 0xff,
    0xfb, 0xbf, 0xff, 0xfe, 0xbb, 0x7b, 0xff, 0xf7,
    0x0, 0x0, 0xbf, 0xfb, 0x0, 0x0, 0xb, 0xff,
    0x70, 0x0, 0x0, 0xbf, 0xf6, 0x0, 0x0, 0xb,
    0xff, 0x60, 0x0, 0x0, 0xbf, 0xf6, 0x0, 0x0,
    0xb, 0xff, 0x60, 0x0, 0x0, 0xbf, 0xf6, 0x0,
    0x0, 0xb, 0xff, 0x60, 0x0, 0x0, 0xbf, 0xf6,
    0x0, 0x0, 0xb, 0xff, 0x60, 0x0, 0x0, 0xbf,
    0xf6, 0x0, 0x0, 0x0,

    /* U+0073 "s" */
    0x0, 0x6, 0xbe, 0xff, 0xd8, 0x10, 0x0, 0x1,
    0xcf, 0xff, 0xff, 0xff, 0xf5, 0x0, 0x9, 0xff,
    0xfa, 0x89, 0xdf, 0xff, 0x30, 0xe, 0xff, 0x40,
    0x0, 0xa, 0xff, 0xb0, 0xe, 0xff, 0x10, 0x0,
    0x1, 0xa6, 0x20, 0xb, 0xff, 0xc4, 0x0, 0x0,
    0x0, 0x0, 0x2, 0xef, 0xff, 0xfd, 0xa6, 0x10,
    0x0, 0x0, 0x2a, 0xff, 0xff, 0xff, 0xfa, 0x10,
    0x0, 0x0, 0x4, 0x8b, 0xef, 0xff, 0xc0, 0x2,
    0x63, 0x0, 0x0, 0x4, 0xff, 0xf4, 0x7f, 0xfa,
    0x0, 0x0, 0x0, 0xaf, 0xf6, 0x3f, 0xff, 0x50,
    0x0, 0x1, 0xef, 0xf4, 0xa, 0xff, 0xfc, 0x87,
    0x9e, 0xff, 0xe0, 0x0, 0xaf, 0xff, 0xff, 0xff,
    0xfe, 0x30, 0x0, 0x3, 0x9d, 0xff, 0xec, 0x71,
    0x0,

    /* U+0074 "t" */
    0x0, 0x0, 0x8, 0x87, 0x0, 0x0, 0x0, 0x0,
    0x1, 0xff, 0xf0, 0x0, 0x0, 0x0, 0x0, 0x1f,
    0xff, 0x0, 0x0, 0x0, 0x0, 0x1, 0xff, 0xf0,
    0x0, 0x0, 0x0, 0x0, 0x1f, 0xff, 0x0, 0x0,
    0x3, 0xff, 0xff, 0xff, 0xff, 0xff, 0xf6, 0x3f,
    0xff, 0xff, 0xff, 0xff, 0xff, 0x61, 0x99, 0x99,
    0xff, 0xf9, 0x99, 0x93, 0x0, 0x0, 0x1f, 0xff,
    0x0, 0x0, 0x0, 0x0, 0x1, 0xff, 0xf0, 0x0,
    0x0, 0x0, 0x0, 0x1f, 0xff, 0x0, 0x0, 0x0,
    0x0, 0x1, 0xff, 0xf0, 0x0, 0x0, 0x0, 0x0,
    0x1f, 0xff, 0x0, 0x0, 0x0, 0x0, 0x1, 0xff,
    0xf0, 0x0, 0x0, 0x0, 0x0, 0x1f, 0xff, 0x0,
    0x0, 0x0, 0x0, 0x1, 0xff, 0xf0, 0x0, 0x0,
    0x0, 0x0, 0x1f, 0xff, 0x0, 0x0, 0x0, 0x0,
    0x0, 0xff, 0xfb, 0x99, 0x80, 0x0, 0x0, 0xb,
    0xff, 0xff, 0xfe, 0x0, 0x0, 0x0, 0x1a, 0xff,
    0xff, 0xe0,

    /* U+0075 "u" */
    0xef, 0xf3, 0x0, 0x0, 0x0, 0xf, 0xff, 0x2e,
    0xff, 0x30, 0x0, 0x0, 0x0, 0xff, 0xf2, 0xef,
    0xf3, 0x0, 0x0, 0x0, 0xf, 0xff, 0x2e, 0xff,
    0x30, 0x0, 0x0, 0x0, 0xff, 0xf2, 0xef, 0xf3,
    0x0, 0x0, 0x0, 0xf, 0xff, 0x2e, 0xff, 0x30,
    0x0, 0x0, 0x0, 0xff, 0xf2, 0xef, 0xf3, 0x0,
    0x0, 0x0, 0xf, 0xff, 0x2e, 0xff, 0x30, 0x0,
    0x0, 0x0, 0xff, 0xf2, 0xdf, 0xf3, 0x0, 0x0,
    0x0, 0xf, 0xff, 0x2c, 0xff, 0x40, 0x0, 0x0,
    0x3, 0xff, 0xf2, 0xaf, 0xf8, 0x0, 0x0, 0x0,
    0xbf, 0xff, 0x25, 0xff, 0xf5, 0x0, 0x0, 0x8f,
    0xff, 0xf2, 0xd, 0xff, 0xfd, 0xaa, 0xef, 0xcf,
    0xff, 0x20, 0x2d, 0xff, 0xff, 0xff, 0xd1, 0xef,
    0xf2, 0x0, 0x7, 0xdf, 0xfd, 0x81, 0xe, 0xff,
    0x20,

    /* U+0076 "v" */
    0x1f, 0xff, 0x20, 0x0, 0x0, 0x0, 0xdf, 0xf6,
    0xc, 0xff, 0x70, 0x0, 0x0, 0x2, 0xff, 0xf1,
    0x7, 0xff, 0xc0, 0x0, 0x0, 0x7, 0xff, 0xc0,
    0x1, 0xff, 0xf1, 0x0, 0x0, 0xc, 0xff, 0x60,
    0x0, 0xcf, 0xf5, 0x0, 0x0, 0x1f, 0xff, 0x10,
    0x0, 0x7f, 0xfa, 0x0, 0x0, 0x5f, 0xfc, 0x0,
    0x0, 0x2f, 0xff, 0x0, 0x0, 0xaf, 0xf7, 0x0,
    0x0, 0xc, 0xff, 0x40, 0x0, 0xff, 0xf1, 0x0,
    0x0, 0x7, 0xff, 0x90, 0x4, 0xff, 0xc0, 0x0,
    0x0, 0x2, 0xff, 0xe0, 0x9, 0xff, 0x70, 0x0,
    0x0, 0x0, 0xcf, 0xf3, 0xe, 0xff, 0x10, 0x0,
    0x0, 0x0, 0x7f, 0xf8, 0x3f, 0xfc, 0x0, 0x0,
    0x0, 0x0, 0x2f, 0xfd, 0x9f, 0xf7, 0x0, 0x0,
    0x0, 0x0, 0xc, 0xff, 0xff, 0xf1, 0x0, 0x0,
    0x0, 0x0, 0x7, 0xff, 0xff, 0xc0, 0x0, 0x0,

    /* U+0077 "w" */
    0x8f, 0xf8, 0x0, 0x0, 0xbf, 0xff, 0xf8, 0x0,
    0x0, 0xcf, 0xf4, 0x5f, 0xfa, 0x0, 0x0, 0xef,
    0xff, 0xfb, 0x0, 0x0, 0xef, 0xf1, 0x3f, 0xfd,
    0x0, 0x1, 0xff, 0x9c, 0xfe, 0x0, 0x1, 0xff,
    0xf0, 0xf, 0xff, 0x0, 0x4, 0xff, 0x59, 0xff,
    0x10, 0x3, 0xff, 0xc0, 0xd, 0xff, 0x10, 0x8,
    0xff, 0x26, 0xff, 0x40, 0x5, 0xff, 0x90, 0xb,
    0xff, 0x40, 0xb, 0xff, 0x3, 0xff, 0x70, 0x7,
    0xff, 0x70, 0x8, 0xff, 0x60, 0xe, 0xfc, 0x0,
    0xff, 0xa0, 0xa, 0xff, 0x40, 0x5, 0xff, 0x80,
    0x1f, 0xf9, 0x0, 0xcf, 0xe0, 0xc, 0xff, 0x10,
    0x3, 0xff, 0xa0, 0x4f, 0xf5, 0x0, 0x9f, 0xf1,
    0xe, 0xff, 0x0, 0x0, 0xff, 0xd0, 0x8f, 0xf2,
    0x0, 0x6f, 0xf4, 0x1f, 0xfc, 0x0, 0x0, 0xdf,
    0xf0, 0xbf, 0xf0, 0x0, 0x3f, 0xf7, 0x3f, 0xf9,
    0x0, 0x0, 0xaf, 0xf1, 0xef, 0xc0, 0x0, 0xf,
    0xfa, 0x5f, 0xf7, 0x0, 0x0, 0x8f, 0xf6, 0xff,
    0x90, 0x0, 0xd, 0xfd, 0x8f, 0xf4, 0x0, 0x0,
    0x5f, 0xff, 0xff, 0x60, 0x0, 0xa, 0xff, 0xff,
    0xf1, 0x0, 0x0, 0x2f, 0xff, 0xff, 0x30, 0x0,
    0x6, 0xff, 0xff, 0xf0, 0x0,

    /* U+0078 "x" */
    0x8f, 0xff, 0x20, 0x0, 0x0, 0x5, 0xff, 0xf4,
    0xc, 0xff, 0xb0, 0x0, 0x0, 0x1e, 0xff, 0x90,
    0x2, 0xff, 0xf6, 0x0, 0x0, 0xaf, 0xfd, 0x0,
    0x0, 0x7f, 0xfe, 0x10, 0x4, 0xff, 0xf3, 0x0,
    0x0, 0xb, 0xff, 0xa0, 0xd, 0xff, 0x80, 0x0,
    0x0, 0x1, 0xff, 0xf5, 0x8f, 0xfc, 0x0, 0x0,
    0x0, 0x0, 0x5f, 0xff, 0xff, 0xf2, 0x0, 0x0,
    0x0, 0x0, 0xa, 0xff, 0xff, 0x60, 0x0, 0x0,
    0x0, 0x0, 0xb, 0xff, 0xff, 0x80, 0x0, 0x0,
    0x0, 0x0, 0x9f, 0xff, 0xff, 0xf5, 0x0, 0x0,
    0x0, 0x5, 0xff, 0xf4, 0x7f, 0xff, 0x20, 0x0,
    0x0, 0x3f, 0xff, 0x70, 0xb, 0xff, 0xd1, 0x0,
    0x1, 0xef, 0xfa, 0x0, 0x0, 0xdf, 0xfb, 0x0,
    0xc, 0xff, 0xd0, 0x0, 0x0, 0x2f, 0xff, 0x80,
    0x9f, 0xff, 0x20, 0x0, 0x0, 0x5, 0xff, 0xf5,

    /* U+0079 "y" */
    0xef, 0xf3, 0x0, 0x0, 0x0, 0xf, 0xff, 0x2e,
    0xff, 0x30, 0x0, 0x0, 0x0, 0xff, 0xf2, 0xef,
    0xf3, 0x0, 0x0, 0x0, 0xf, 0xff, 0x2e, 0xff,
    0x30, 0x0, 0x0, 0x0, 0xff, 0xf2, 0xef, 0xf3,
    0x0, 0x0, 0x0, 0xf, 0xff, 0x2e, 0xff, 0x30,
    0x0, 0x0, 0x0, 0xff, 0xf2, 0xef, 0xf3, 0x0,
    0x0, 0x0, 0xf, 0xff, 0x2e, 0xff, 0x30, 0x0,
    0x0, 0x0, 0xff, 0xf2, 0xdf, 0xf3, 0x0, 0x0,
    0x0, 0xf, 0xff, 0x2c, 0xff, 0x40, 0x0, 0x0,
    0x3, 0xff, 0xf2, 0xaf, 0xf8, 0x0, 0x0, 0x0,
    0xaf, 0xff, 0x25, 0xff, 0xf5, 0x0, 0x0, 0x8f,
    0xff, 0xf2, 0xd, 0xff, 0xfd, 0xaa, 0xef, 0xcf,
    0xff, 0x20, 0x2d, 0xff, 0xff, 0xff, 0xd1, 0xef,
    0xf2, 0x0, 0x7, 0xdf, 0xfd, 0x81, 0xe, 0xff,
    0x20, 0x0, 0x0, 0x0, 0x0, 0x0, 0xef, 0xf2,
    0x0, 0x0, 0x0, 0x0, 0x0, 0xe, 0xff, 0x20,
    0x0, 0x0, 0x0, 0x0, 0x0, 0xff, 0xf2, 0x0,
    0xaa, 0xaa, 0xaa, 0xaa, 0xcf, 0xff, 0x0, 0xf,
    0xff, 0xff, 0xff, 0xff, 0xff, 0xc0, 0x0, 0xff,
    0xff, 0xff, 0xff, 0xff, 0xb1, 0x0,

    /* U+007A "z" */
    0xf, 0xff, 0xff, 0xff, 0xff, 0xff, 0xc0, 0xf,
    0xff, 0xff, 0xff, 0xff, 0xff, 0xc0, 0x9, 0x99,
    0x99, 0x99, 0x9d, 0xff, 0xc0, 0x0, 0x0, 0x0,
    0x0, 0x3e, 0xff, 0xb0, 0x0, 0x0, 0x0, 0x3,
    0xff, 0xfe, 0x20, 0x0, 0x0, 0x0, 0x4f, 0xff,
    0xd1, 0x0, 0x0, 0x0, 0x5, 0xff, 0xfc, 0x10,
    0x0, 0x0, 0x0, 0x5f, 0xff, 0xc0, 0x0, 0x0,
    0x0, 0x6, 0xff, 0xfb, 0x0, 0x0, 0x0, 0x0,
    0x7f, 0xff, 0xa0, 0x0, 0x0, 0x0, 0x8, 0xff,
    0xf9, 0x0, 0x0, 0x0, 0x0, 0x4f, 0xff, 0x80,
    0x0, 0x0, 0x0, 0x0, 0x5f, 0xff, 0x99, 0x99,
    0x99, 0x99, 0x90, 0x5f, 0xff, 0xff, 0xff, 0xff,
    0xff, 0xf0, 0x5f, 0xff, 0xff, 0xff, 0xff, 0xff,
    0xf0,

    /* U+007B "{" */
    0x0, 0x0, 0x2, 0x89, 0x99, 0x99, 0x0, 0x0,
    0x2f, 0xff, 0xff, 0xff, 0x0, 0x0, 0x8f, 0xff,
    0xff, 0xff, 0x0, 0x0, 0x9f, 0xf8, 0x0, 0x0,
    0x0, 0x0, 0xaf, 0xf5, 0x0, 0x0, 0x0, 0x0,
    0xaf, 0xf5, 0x0, 0x0, 0x0, 0x0, 0xaf, 0xf5,
    0x0, 0x0, 0x0, 0x0, 0xaf, 0xf5, 0x0, 0x0,
    0x0, 0x0, 0xaf, 0xf5, 0x0, 0x0, 0x0, 0x0,
    0xaf, 0xf5, 0x0, 0x0, 0x0, 0x0, 0xaf, 0xf5,
    0x0, 0x0, 0x0, 0x0, 0xaf, 0xf5, 0x0, 0x0,
    0x0, 0x0, 0xaf, 0xf5, 0x0, 0x0, 0x0, 0x1,
    0xdf, 0xf3, 0x0, 0x0, 0xef, 0xff, 0xff, 0xa0,
    0x0, 0x0, 0xef, 0xff, 0xe5, 0x0, 0x0, 0x0,
    0xce, 0xef, 0xff, 0xc0, 0x0, 0x0, 0x0, 0x0,
    0xcf, 0xf4, 0x0, 0x0, 0x0, 0x0, 0xaf, 0xf5,
    0x0, 0x0, 0x0, 0x0, 0xaf, 0xf5, 0x0, 0x0,
    0x0, 0x0, 0xaf, 0xf5, 0x0, 0x0, 0x0, 0x0,
    0xaf, 0xf5, 0x0, 0x0, 0x0, 0x0, 0xaf, 0xf5,
    0x0, 0x0, 0x0, 0x0, 0xaf, 0xf5, 0x0, 0x0,
    0x0, 0x0, 0xaf, 0xf5, 0x0, 0x0, 0x0, 0x0,
    0xaf, 0xf5, 0x0, 0x0, 0x0, 0x0, 0xaf, 0xf6,
    0x0, 0x0, 0x0, 0x0, 0x9f, 0xfe, 0x99, 0x99,
    0x0, 0x0, 0x5f, 0xff, 0xff, 0xff, 0x0, 0x0,
    0x7, 0xef, 0xff, 0xff,

    /* U+007C "|" */
    0xdf, 0xf4, 0xdf, 0xf4, 0xdf, 0xf4, 0xdf, 0xf4,
    0xdf, 0xf4, 0xdf, 0xf4, 0xdf, 0xf4, 0xdf, 0xf4,
    0xdf, 0xf4, 0xdf, 0xf4, 0xdf, 0xf4, 0xdf, 0xf4,
    0xdf, 0xf4, 0xdf, 0xf4, 0xdf, 0xf4, 0xdf, 0xf4,
    0xdf, 0xf4, 0xdf, 0xf4, 0xdf, 0xf4, 0xdf, 0xf4,
    0xdf, 0xf4, 0xdf, 0xf4, 0xdf, 0xf4, 0xdf, 0xf4,
    0xdf, 0xf4, 0xdf, 0xf4, 0xdf, 0xf4, 0xdf, 0xf4,
    0xdf, 0xf4, 0xdf, 0xf4, 0xdf, 0xf4,

    /* U+007D "}" */
    0x49, 0x99, 0x99, 0x50, 0x0, 0x0, 0x7, 0xff,
    0xff, 0xff, 0x80, 0x0, 0x0, 0x7f, 0xff, 0xff,
    0xff, 0x0, 0x0, 0x0, 0x0, 0x1, 0xff, 0xf1,
    0x0, 0x0, 0x0, 0x0, 0xe, 0xff, 0x20, 0x0,
    0x0, 0x0, 0x0, 0xef, 0xf2, 0x0, 0x0, 0x0,
    0x0, 0xe, 0xff, 0x20, 0x0, 0x0, 0x0, 0x0,
    0xef, 0xf2, 0x0, 0x0, 0x0, 0x0, 0xe, 0xff,
    0x20, 0x0, 0x0, 0x0, 0x0, 0xef, 0xf2, 0x0,
    0x0, 0x0, 0x0, 0xe, 0xff, 0x20, 0x0, 0x0,
    0x0, 0x0, 0xef, 0xf2, 0x0, 0x0, 0x0, 0x0,
    0xd, 0xff, 0x20, 0x0, 0x0, 0x0, 0x0, 0xbf,
    0xf6, 0x0, 0x0, 0x0, 0x0, 0x3, 0xff, 0xff,
    0xff, 0x50, 0x0, 0x0, 0x2, 0x9f, 0xff, 0xf5,
    0x0, 0x0, 0x5, 0xff, 0xfe, 0xee, 0x50, 0x0,
    0x0, 0xcf, 0xf4, 0x0, 0x0, 0x0, 0x0, 0xd,
    0xff, 0x20, 0x0, 0x0, 0x0, 0x0, 0xef, 0xf2,
    0x0, 0x0, 0x0, 0x0, 0xe, 0xff, 0x20, 0x0,
    0x0, 0x0, 0x0, 0xef, 0xf2, 0x0, 0x0, 0x0,
    0x0, 0xe, 0xff, 0x20, 0x0, 0x0, 0x0, 0x0,
    0xef, 0xf2, 0x0, 0x0, 0x0, 0x0, 0xe, 0xff,
    0x20, 0x0, 0x0, 0x0, 0x0, 0xef, 0xf2, 0x0,
    0x0, 0x0, 0x0, 0xe, 0xff, 0x20, 0x0, 0x4,
    0x99, 0x9b, 0xff, 0xf1, 0x0, 0x0, 0x7f, 0xff,
    0xff, 0xfd, 0x0, 0x0, 0x7, 0xff, 0xff, 0xfb,
    0x20, 0x0, 0x0,

    /* U+007E "~" */
    0x0, 0x0, 0x2b, 0xfd, 0x30, 0x0, 0xa, 0x40,
    0x0, 0x7, 0xff, 0xff, 0xe1, 0x1, 0xcf, 0xe1,
    0x0, 0xaf, 0xff, 0xff, 0xfc, 0x6d, 0xff, 0xf6,
    0xd, 0xff, 0xf9, 0x6f, 0xff, 0xff, 0xff, 0x50,
    0x5, 0xff, 0x50, 0x7, 0xff, 0xff, 0xd2, 0x0,
    0x0, 0x72, 0x0, 0x0, 0x8f, 0xe8, 0x0, 0x0,

    /* U+00B7 "·" */
    0x4, 0xbb, 0x50, 0x2f, 0xff, 0xf3, 0x6f, 0xff,
    0xf6, 0x3f, 0xff, 0xf4, 0x7, 0xee, 0x70,

    /* U+2014 "—" */
    0x9c, 0xcc, 0xcc, 0xcc, 0xcc, 0xcc, 0xcc, 0xcc,
    0xcc, 0xcc, 0xcc, 0x9c, 0xff, 0xff, 0xff, 0xff,
    0xff, 0xff, 0xff, 0xff, 0xff, 0xff, 0xfc, 0xcf,
    0xff, 0xff, 0xff, 0xff, 0xff, 0xff, 0xff, 0xff,
    0xff, 0xff, 0xc0,

    /* U+2019 "’" */
    0x6, 0xee, 0x90, 0x2f, 0xff, 0xf5, 0x4f, 0xff,
    0xf8, 0xd, 0xff, 0xf8, 0x0, 0x6b, 0xf8, 0x0,
    0x9, 0xf7, 0xb, 0xff, 0xf2, 0x8, 0xb9, 0x30
};


/*---------------------
 *  GLYPH DESCRIPTION
 *--------------------*/

static const lv_font_fmt_txt_glyph_dsc_t glyph_dsc[] = {
    {.bitmap_index = 0, .adv_w = 0, .box_w = 0, .box_h = 0, .ofs_x = 0, .ofs_y = 0} /* id = 0 reserved */,
    {.bitmap_index = 0, .adv_w = 122, .box_w = 0, .box_h = 0, .ofs_x = 0, .ofs_y = 0},
    {.bitmap_index = 0, .adv_w = 132, .box_w = 6, .box_h = 21, .ofs_x = 1, .ofs_y = 0},
    {.bitmap_index = 63, .adv_w = 226, .box_w = 12, .box_h = 8, .ofs_x = 1, .ofs_y = 13},
    {.bitmap_index = 111, .adv_w = 303, .box_w = 17, .box_h = 21, .ofs_x = 1, .ofs_y = 0},
    {.bitmap_index = 290, .adv_w = 292, .box_w = 17, .box_h = 28, .ofs_x = 1, .ofs_y = -3},
    {.bitmap_index = 528, .adv_w = 367, .box_w = 23, .box_h = 23, .ofs_x = 0, .ofs_y = -1},
    {.bitmap_index = 793, .adv_w = 287, .box_w = 17, .box_h = 21, .ofs_x = 1, .ofs_y = 0},
    {.bitmap_index = 972, .adv_w = 131, .box_w = 6, .box_h = 8, .ofs_x = 1, .ofs_y = 13},
    {.bitmap_index = 996, .adv_w = 187, .box_w = 11, .box_h = 29, .ofs_x = 1, .ofs_y = -7},
    {.bitmap_index = 1156, .adv_w = 184, .box_w = 10, .box_h = 29, .ofs_x = 0, .ofs_y = -7},
    {.bitmap_index = 1301, .adv_w = 254, .box_w = 14, .box_h = 13, .ofs_x = 1, .ofs_y = 8},
    {.bitmap_index = 1392, .adv_w = 298, .box_w = 13, .box_h = 13, .ofs_x = 3, .ofs_y = 4},
    {.bitmap_index = 1477, .adv_w = 131, .box_w = 6, .box_h = 9, .ofs_x = 1, .ofs_y = -4},
    {.bitmap_index = 1504, .adv_w = 213, .box_w = 10, .box_h = 3, .ofs_x = 2, .ofs_y = 6},
    {.bitmap_index = 1519, .adv_w = 132, .box_w = 6, .box_h = 5, .ofs_x = 1, .ofs_y = 0},
    {.bitmap_index = 1534, .adv_w = 182, .box_w = 13, .box_h = 27, .ofs_x = -1, .ofs_y = -6},
    {.bitmap_index = 1710, .adv_w = 310, .box_w = 17, .box_h = 21, .ofs_x = 1, .ofs_y = 0},
    {.bitmap_index = 1889, .adv_w = 209, .box_w = 11, .box_h = 21, .ofs_x = 0, .ofs_y = 0},
    {.bitmap_index = 2005, .adv_w = 287, .box_w = 16, .box_h = 21, .ofs_x = 1, .ofs_y = 0},
    {.bitmap_index = 2173, .adv_w = 291, .box_w = 16, .box_h = 21, .ofs_x = 1, .ofs_y = 0},
    {.bitmap_index = 2341, .adv_w = 302, .box_w = 19, .box_h = 21, .ofs_x = 0, .ofs_y = 0},
    {.bitmap_index = 2541, .adv_w = 288, .box_w = 16, .box_h = 21, .ofs_x = 1, .ofs_y = 0},
    {.bitmap_index = 2709, .adv_w = 295, .box_w = 17, .box_h = 21, .ofs_x = 1, .ofs_y = 0},
    {.bitmap_index = 2888, .adv_w = 268, .box_w = 16, .box_h = 21, .ofs_x = 0, .ofs_y = 0},
    {.bitmap_index = 3056, .adv_w = 293, .box_w = 17, .box_h = 21, .ofs_x = 1, .ofs_y = 0},
    {.bitmap_index = 3235, .adv_w = 295, .box_w = 16, .box_h = 21, .ofs_x = 1, .ofs_y = 0},
    {.bitmap_index = 3403, .adv_w = 132, .box_w = 6, .box_h = 15, .ofs_x = 1, .ofs_y = 0},
    {.bitmap_index = 3448, .adv_w = 132, .box_w = 6, .box_h = 19, .ofs_x = 1, .ofs_y = -4},
    {.bitmap_index = 3505, .adv_w = 298, .box_w = 13, .box_h = 14, .ofs_x = 3, .ofs_y = 3},
    {.bitmap_index = 3596, .adv_w = 298, .box_w = 13, .box_h = 8, .ofs_x = 3, .ofs_y = 7},
    {.bitmap_index = 3648, .adv_w = 298, .box_w = 13, .box_h = 14, .ofs_x = 3, .ofs_y = 3},
    {.bitmap_index = 3739, .adv_w = 278, .box_w = 16, .box_h = 21, .ofs_x = 1, .ofs_y = 0},
    {.bitmap_index = 3907, .adv_w = 490, .box_w = 27, .box_h = 27, .ofs_x = 2, .ofs_y = -6},
    {.bitmap_index = 4272, .adv_w = 303, .box_w = 19, .box_h = 21, .ofs_x = 0, .ofs_y = 0},
    {.bitmap_index = 4472, .adv_w = 318, .box_w = 18, .box_h = 21, .ofs_x = 1, .ofs_y = 0},
    {.bitmap_index = 4661, .adv_w = 309, .box_w = 17, .box_h = 21, .ofs_x = 1, .ofs_y = 0},
    {.bitmap_index = 4840, .adv_w = 319, .box_w = 18, .box_h = 21, .ofs_x = 1, .ofs_y = 0},
    {.bitmap_index = 5029, .adv_w = 268, .box_w = 14, .box_h = 21, .ofs_x = 2, .ofs_y = 0},
    {.bitmap_index = 5176, .adv_w = 258, .box_w = 14, .box_h = 21, .ofs_x = 2, .ofs_y = 0},
    {.bitmap_index = 5323, .adv_w = 317, .box_w = 17, .box_h = 21, .ofs_x = 1, .ofs_y = 0},
    {.bitmap_index = 5502, .adv_w = 315, .box_w = 16, .box_h = 21, .ofs_x = 2, .ofs_y = 0},
    {.bitmap_index = 5670, .adv_w = 122, .box_w = 4, .box_h = 21, .ofs_x = 2, .ofs_y = 0},
    {.bitmap_index = 5712, .adv_w = 289, .box_w = 16, .box_h = 21, .ofs_x = 1, .ofs_y = 0},
    {.bitmap_index = 5880, .adv_w = 297, .box_w = 17, .box_h = 21, .ofs_x = 2, .ofs_y = 0},
    {.bitmap_index = 6059, .adv_w = 261, .box_w = 14, .box_h = 21, .ofs_x = 2, .ofs_y = 0},
    {.bitmap_index = 6206, .adv_w = 420, .box_w = 23, .box_h = 21, .ofs_x = 2, .ofs_y = 0},
    {.bitmap_index = 6448, .adv_w = 320, .box_w = 16, .box_h = 21, .ofs_x = 2, .ofs_y = 0},
    {.bitmap_index = 6616, .adv_w = 323, .box_w = 18, .box_h = 21, .ofs_x = 1, .ofs_y = 0},
    {.bitmap_index = 6805, .adv_w = 289, .box_w = 16, .box_h = 21, .ofs_x = 2, .ofs_y = 0},
    {.bitmap_index = 6973, .adv_w = 323, .box_w = 18, .box_h = 26, .ofs_x = 1, .ofs_y = -5},
    {.bitmap_index = 7207, .adv_w = 303, .box_w = 16, .box_h = 21, .ofs_x = 2, .ofs_y = 0},
    {.bitmap_index = 7375, .adv_w = 292, .box_w = 17, .box_h = 21, .ofs_x = 1, .ofs_y = 0},
    {.bitmap_index = 7554, .adv_w = 282, .box_w = 17, .box_h = 21, .ofs_x = 0, .ofs_y = 0},
    {.bitmap_index = 7733, .adv_w = 321, .box_w = 17, .box_h = 21, .ofs_x = 2, .ofs_y = 0},
    {.bitmap_index = 7912, .adv_w = 297, .box_w = 18, .box_h = 21, .ofs_x = 0, .ofs_y = 0},
    {.bitmap_index = 8101, .adv_w = 426, .box_w = 26, .box_h = 21, .ofs_x = 0, .ofs_y = 0},
    {.bitmap_index = 8374, .adv_w = 308, .box_w = 19, .box_h = 21, .ofs_x = 0, .ofs_y = 0},
    {.bitmap_index = 8574, .adv_w = 296, .box_w = 19, .box_h = 21, .ofs_x = 0, .ofs_y = 0},
    {.bitmap_index = 8774, .adv_w = 277, .box_w = 15, .box_h = 21, .ofs_x = 1, .ofs_y = 0},
    {.bitmap_index = 8932, .adv_w = 167, .box_w = 8, .box_h = 30, .ofs_x = 2, .ofs_y = -7},
    {.bitmap_index = 9052, .adv_w = 182, .box_w = 13, .box_h = 27, .ofs_x = -1, .ofs_y = -6},
    {.bitmap_index = 9228, .adv_w = 167, .box_w = 9, .box_h = 30, .ofs_x = 0, .ofs_y = -7},
    {.bitmap_index = 9363, .adv_w = 298, .box_w = 15, .box_h = 8, .ofs_x = 2, .ofs_y = 13},
    {.bitmap_index = 9423, .adv_w = 298, .box_w = 15, .box_h = 3, .ofs_x = 2, .ofs_y = -4},
    {.bitmap_index = 9446, .adv_w = 138, .box_w = 7, .box_h = 5, .ofs_x = 1, .ofs_y = 17},
    {.bitmap_index = 9464, .adv_w = 277, .box_w = 16, .box_h = 15, .ofs_x = 1, .ofs_y = 0},
    {.bitmap_index = 9584, .adv_w = 308, .box_w = 16, .box_h = 21, .ofs_x = 2, .ofs_y = 0},
    {.bitmap_index = 9752, .adv_w = 284, .box_w = 16, .box_h = 15, .ofs_x = 1, .ofs_y = 0},
    {.bitmap_index = 9872, .adv_w = 308, .box_w = 16, .box_h = 21, .ofs_x = 1, .ofs_y = 0},
    {.bitmap_index = 10040, .adv_w = 280, .box_w = 16, .box_h = 15, .ofs_x = 1, .ofs_y = 0},
    {.bitmap_index = 10160, .adv_w = 211, .box_w = 13, .box_h = 21, .ofs_x = 0, .ofs_y = 0},
    {.bitmap_index = 10297, .adv_w = 307, .box_w = 16, .box_h = 21, .ofs_x = 1, .ofs_y = -6},
    {.bitmap_index = 10465, .adv_w = 295, .box_w = 15, .box_h = 21, .ofs_x = 2, .ofs_y = 0},
    {.bitmap_index = 10623, .adv_w = 123, .box_w = 5, .box_h = 21, .ofs_x = 1, .ofs_y = 0},
    {.bitmap_index = 10676, .adv_w = 124, .box_w = 8, .box_h = 27, .ofs_x = -1, .ofs_y = -6},
    {.bitmap_index = 10784, .adv_w = 264, .box_w = 15, .box_h = 21, .ofs_x = 2, .ofs_y = 0},
    {.bitmap_index = 10942, .adv_w = 123, .box_w = 4, .box_h = 21, .ofs_x = 2, .ofs_y = 0},
    {.bitmap_index = 10984, .adv_w = 411, .box_w = 22, .box_h = 15, .ofs_x = 2, .ofs_y = 0},
    {.bitmap_index = 11149, .adv_w = 295, .box_w = 15, .box_h = 15, .ofs_x = 2, .ofs_y = 0},
    {.bitmap_index = 11262, .adv_w = 295, .box_w = 16, .box_h = 15, .ofs_x = 1, .ofs_y = 0},
    {.bitmap_index = 11382, .adv_w = 308, .box_w = 16, .box_h = 21, .ofs_x = 2, .ofs_y = -6},
    {.bitmap_index = 11550, .adv_w = 308, .box_w = 16, .box_h = 21, .ofs_x = 1, .ofs_y = -6},
    {.bitmap_index = 11718, .adv_w = 186, .box_w = 9, .box_h = 15, .ofs_x = 2, .ofs_y = 0},
    {.bitmap_index = 11786, .adv_w = 252, .box_w = 14, .box_h = 15, .ofs_x = 1, .ofs_y = 0},
    {.bitmap_index = 11891, .adv_w = 220, .box_w = 13, .box_h = 20, .ofs_x = 0, .ofs_y = 0},
    {.bitmap_index = 12021, .adv_w = 295, .box_w = 15, .box_h = 15, .ofs_x = 2, .ofs_y = 0},
    {.bitmap_index = 12134, .adv_w = 261, .box_w = 16, .box_h = 15, .ofs_x = 0, .ofs_y = 0},
    {.bitmap_index = 12254, .adv_w = 380, .box_w = 22, .box_h = 15, .ofs_x = 1, .ofs_y = 0},
    {.bitmap_index = 12419, .adv_w = 285, .box_w = 16, .box_h = 15, .ofs_x = 1, .ofs_y = 0},
    {.bitmap_index = 12539, .adv_w = 295, .box_w = 15, .box_h = 21, .ofs_x = 2, .ofs_y = -6},
    {.bitmap_index = 12697, .adv_w = 249, .box_w = 14, .box_h = 15, .ofs_x = 1, .ofs_y = 0},
    {.bitmap_index = 12802, .adv_w = 216, .box_w = 12, .box_h = 30, .ofs_x = 1, .ofs_y = -7},
    {.bitmap_index = 12982, .adv_w = 120, .box_w = 4, .box_h = 31, .ofs_x = 2, .ofs_y = -7},
    {.bitmap_index = 13044, .adv_w = 216, .box_w = 13, .box_h = 30, .ofs_x = 0, .ofs_y = -7},
    {.bitmap_index = 13239, .adv_w = 298, .box_w = 16, .box_h = 6, .ofs_x = 1, .ofs_y = 7},
    {.bitmap_index = 13287, .adv_w = 97, .box_w = 6, .box_h = 5, .ofs_x = 0, .ofs_y = 6},
    {.bitmap_index = 13302, .adv_w = 432, .box_w = 23, .box_h = 3, .ofs_x = 2, .ofs_y = 6},
    {.bitmap_index = 13337, .adv_w = 131, .box_w = 6, .box_h = 8, .ofs_x = 1, .ofs_y = 13}
};

/*---------------------
 *  CHARACTER MAPPING
 *--------------------*/

static const uint16_t unicode_list_1[] = {
    0x0, 0x1f5d, 0x1f62
};

/*Collect the unicode lists and glyph_id offsets*/
static const lv_font_fmt_txt_cmap_t cmaps[] =
{
    {
        .range_start = 32, .range_length = 95, .glyph_id_start = 1,
        .unicode_list = NULL, .glyph_id_ofs_list = NULL, .list_length = 0, .type = LV_FONT_FMT_TXT_CMAP_FORMAT0_TINY
    },
    {
        .range_start = 183, .range_length = 8035, .glyph_id_start = 96,
        .unicode_list = unicode_list_1, .glyph_id_ofs_list = NULL, .list_length = 3, .type = LV_FONT_FMT_TXT_CMAP_SPARSE_TINY
    }
};

/*-----------------
 *    KERNING
 *----------------*/


/*Map glyph_ids to kern left classes*/
static const uint8_t kern_left_class_mapping[] =
{
    0, 1, 0, 2, 0, 0, 0, 0,
    2, 3, 0, 0, 0, 4, 5, 6,
    7, 8, 0, 9, 10, 11, 12, 13,
    14, 15, 16, 0, 0, 0, 0, 0,
    0, 0, 17, 18, 19, 20, 21, 22,
    23, 0, 0, 24, 25, 26, 0, 0,
    20, 27, 20, 28, 29, 30, 31, 32,
    33, 34, 35, 36, 37, 38, 0, 0,
    0, 0, 39, 40, 40, 0, 40, 41,
    0, 42, 43, 43, 44, 0, 42, 42,
    40, 40, 0, 45, 46, 47, 0, 48,
    49, 50, 0, 51, 37, 0, 52, 0,
    0, 5, 2
};

/*Map glyph_ids to kern right classes*/
static const uint8_t kern_right_class_mapping[] =
{
    0, 1, 0, 2, 0, 0, 0, 0,
    2, 0, 3, 0, 0, 4, 5, 4,
    6, 7, 8, 9, 10, 11, 0, 12,
    13, 14, 15, 0, 0, 0, 0, 0,
    16, 0, 17, 18, 19, 18, 0, 0,
    19, 0, 0, 20, 0, 0, 0, 0,
    19, 0, 19, 0, 21, 22, 23, 24,
    25, 26, 27, 28, 0, 29, 30, 0,
    0, 0, 31, 0, 32, 32, 32, 33,
    32, 0, 34, 35, 0, 36, 37, 37,
    32, 37, 32, 37, 38, 39, 40, 41,
    42, 43, 40, 44, 45, 0, 30, 0,
    0, 5, 2
};

/*Kern values between classes*/
static const int8_t kern_class_values[] =
{
    0, 0, 0, -15, -13, 0, 0, 0,
    0, 0, 0, 0, 0, 0, 0, 0,
    -6, 0, 0, 0, 0, -13, 0, -6,
    -3, 0, -5, 0, 0, 0, 0, 0,
    0, 0, 0, 0, 0, 0, 0, 0,
    0, 0, 0, 0, -13, 0, 0, 0,
    0, 0, 0, 0, 0, 0, 0, -20,
    0, 0, 0, 0, 0, -36, 0, -2,
    -40, 0, 0, 0, 0, 0, 0, 0,
    0, 0, 0, -11, -13, 3, 0, 0,
    0, 0, -3, 3, 0, 0, 0, 0,
    0, 0, 0, 0, 8, 0, 0, 0,
    -5, -15, -2, 0, -18, -5, 0, -5,
    -5, 0, -5, 0, -5, -16, -1, 0,
    0, 0, 0, 0, 0, 0, 0, 0,
    -3, -8, -3, 0, 19, 0, 0, -3,
    -3, -3, -8, -5, 0, 0, 0, -15,
    0, 0, 0, 0, 0, -7, -22, 0,
    0, 0, -4, -17, 0, 0, 0, 0,
    0, -10, 0, 0, -46, -7, -35, -19,
    0, -50, 0, 0, 0, 0, -3, -28,
    0, 7, 0, 0, 0, -28, 0, -20,
    -12, 0, 0, 0, -13, 0, 0, 0,
    0, 0, 0, 0, 0, 0, 0, 0,
    -24, 0, 0, 0, -5, 0, 0, 0,
    0, -38, 0, -21, -7, -20, -44, -11,
    0, 0, 0, 0, -12, 0, 0, 0,
    0, 0, -12, 0, -7, -4, -18, -12,
    0, -15, 0, 0, 0, 0, 0, -7,
    -22, 0, 0, 0, -4, -17, 0, 0,
    0, 0, 0, -10, 0, 0, -46, -7,
    -35, -19, 0, -50, 0, 0, 0, 0,
    -3, -28, 0, 0, 0, 0, 0, -28,
    0, -20, -12, 0, 0, 0, 0, 0,
    0, 0, 0, 0, 0, 0, 0, 0,
    0, 0, 0, 0, 0, 0, -2, 0,
    0, -13, 0, 7, 0, 7, 0, 0,
    0, 0, 0, 0, -7, -8, 0, 12,
    12, 0, 0, -3, 0, 0, 0, 0,
    0, 0, 0, 0, 0, -5, -7, 0,
    0, 0, 0, 0, 0, 0, 0, -9,
    0, 0, 0, 0, 0, 0, 0, 0,
    0, 0, 0, 0, 0, 0, 0, 0,
    -5, 0, 0, 0, 0, 0, 0, 0,
    0, 0, 0, 0, 0, 0, 0, 0,
    0, 0, 0, 0, -1, 0, 0, 0,
    0, -1, -11, 0, -4, 0, -1, 0,
    0, 0, 0, 0, 0, 0, 0, 0,
    0, 0, 0, 0, 0, 0, 0, 0,
    0, 0, 0, 0, 0, 0, 0, 0,
    0, 0, 0, 0, 0, 0, 0, 0,
    0, 0, 0, 0, -8, 0, 0, 0,
    0, 0, 0, 0, 0, 0, 0, 0,
    0, 0, 0, 0, 0, 0, 0, 0,
    0, 0, 0, 0, 0, 0, 0, 0,
    0, 0, 0, 0, 0, 0, 0, 0,
    0, 0, 0, -18, 0, 0, 0, 0,
    0, -15, 0, 0, 0, 0, -18, 0,
    0, 0, 0, 0, 0, 0, 0, 0,
    0, 0, 0, 0, 0, 0, 0, 0,
    0, 0, 0, 0, 0, 0, 0, 0,
    0, 0, 0, 0, 0, 0, 0, 0,
    0, 0, 0, 0, 0, 0, -8, -4,
    0, 0, 0, -6, 0, 0, 0, 0,
    0, 0, 0, 0, 0, 0, 0, 0,
    0, 0, 0, 0, 0, 0, 0, 0,
    0, 0, 0, 0, 0, 0, 0, 0,
    0, 0, 0, 0, 0, 0, -5, 0,
    0, 0, 0, -1, -2, 0, 0, 0,
    -7, 0, 0, 0, 0, 0, 0, 0,
    0, 0, 0, 0, 0, 0, 0, 0,
    0, -4, 0, 0, 0, 0, 0, 0,
    0, 0, 0, 0, 0, 0, 0, 0,
    0, 0, 0, 0, -32, -24, 0, -3,
    -5, -3, 0, -25, -3, 0, 0, 0,
    0, 0, 0, 0, 0, 0, 0, 0,
    0, 0, 0, 0, 0, 0, 0, 0,
    0, 0, 0, 0, 0, 0, 0, 0,
    0, 0, 0, 0, 0, 0, 0, 0,
    -5, 0, 0, 0, 0, 0, 0, 0,
    0, 0, -5, 0, 0, 0, 0, 0,
    0, 0, 0, 0, 0, 0, 0, 0,
    0, 0, 0, -5, 0, 0, 0, 0,
    0, 0, 0, 0, 0, 0, 0, 0,
    0, 0, 0, 0, 0, -5, -4, 0,
    0, 0, 0, 0, 0, 0, 0, -9,
    0, 0, 0, 0, 0, 0, 0, 0,
    0, 0, 0, 0, 0, 0, 0, 0,
    -5, 0, 0, 0, 0, 0, 0, 0,
    0, 0, 0, 0, 0, 0, 0, 0,
    -6, -36, -5, 0, -5, 0, 0, 0,
    0, 0, 0, 0, 0, 0, 0, -14,
    0, 0, -4, 0, 0, -34, -6, -24,
    -11, 0, -36, 0, -2, 0, 0, 0,
    -11, 0, 0, 0, 0, 0, -11, 0,
    -7, -3, 0, 0, 0, 0, 0, -2,
    0, 0, -2, 0, 0, 0, 0, 0,
    0, 0, 0, 0, 0, -2, 0, 0,
    0, 0, -6, 0, -6, 0, -7, -7,
    0, 0, 0, 0, 0, 0, 0, 0,
    0, 0, 0, 0, 0, 0, 0, 0,
    0, 0, 0, 0, 0, 0, 0, 0,
    0, 0, 0, 0, 0, 0, 0, 0,
    0, 0, -3, 0, 0, 0, 0, -7,
    0, -3, 0, -4, -8, -3, 0, 0,
    0, 0, 0, 0, 0, 0, 0, 0,
    0, 0, 0, 0, 0, 0, 0, 0,
    -2, -5, -10, 0, -11, 0, 0, 0,
    0, 0, 0, 0, 0, 0, 0, -4,
    -11, 0, 0, 0, -14, 0, -7, -3,
    -12, -13, -7, 0, 0, 0, 0, 0,
    0, 0, 0, 0, 0, 0, 0, 0,
    0, 0, 0, 0, 0, 0, 0, 0,
    -1, 0, 0, 0, 0, 0, 0, 0,
    0, 0, 0, 0, 0, 0, 0, 0,
    0, 0, 0, 0, 0, 0, 0, 0,
    0, 0, 0, 0, 0, 0, 0, 0,
    0, 0, 0, 0, 0, 0, 0, 0,
    0, 0, 0, 0, -36, -2, -19, 0,
    0, 0, 0, 0, 0, 0, 0, 0,
    0, -21, 0, -3, 0, 0, 0, 0,
    0, 0, 0, 0, 0, 0, 0, -4,
    -2, 0, 0, 0, 0, 0, -4, 0,
    0, 0, 0, 0, 0, 0, 0, -7,
    0, 0, 0, 0, 0, 0, 0, 0,
    0, 0, 0, 0, 0, 0, 0, 0,
    0, 0, 0, -14, 0, -9, -2, 0,
    -16, 0, 0, 0, 0, 0, 0, 0,
    0, 0, 0, 0, 0, 0, 0, 0,
    0, 0, 0, 0, 0, 0, -29, -24,
    -24, 0, 0, 0, 0, 0, 0, 0,
    0, 0, 0, -17, 0, -8, -15, 0,
    0, 0, 0, 0, 0, 0, 0, 5,
    0, -14, -15, 0, 0, 0, 0, -14,
    0, 0, -14, 0, 0, 0, 0, 0,
    0, 0, 0, 0, -20, 0, 0, 0,
    0, 0, 0, 0, 0, 0, 0, 0,
    0, 0, -14, 0, -3, 0, 0, 0,
    0, 0, 0, 0, 0, 0, 0, -8,
    -13, 0, 0, 0, 0, -5, -13, -5,
    -13, -8, 0, 0, 0, -13, -50, -4,
    0, -19, 0, 0, 0, 0, 0, 0,
    0, 0, 0, 0, 0, 0, 0, -11,
    0, 0, -45, -9, -36, -12, 0, -57,
    0, -22, 0, 0, -1, -22, 0, 0,
    0, 0, 0, -22, -1, -16, -5, 0,
    0, 0, 0, 0, -3, -50, -15, -37,
    0, 0, 0, 0, 0, 0, 0, 0,
    0, 0, -26, -2, 0, -23, 0, -1,
    0, -2, 0, -10, -3, -9, 0, 0,
    -5, -7, 0, 0, 0, 0, 0, -6,
    0, 0, 0, 0, 0, 0, 0, 0,
    0, -2, 0, 0, 0, 0, 0, 0,
    0, 0, 0, 0, 0, 0, 0, 0,
    0, 0, 0, 0, -5, 0, -6, 0,
    0, -8, 0, 0, 0, 0, 0, 0,
    0, 0, 0, 0, 0, 0, 0, 0,
    0, 0, 0, 0, 0, 0, -1, 0,
    0, -4, 0, 0, 0, 0, 0, 0,
    0, 0, 0, 0, 0, -2, 0, 0,
    0, -12, 0, -5, 0, -5, -10, 0,
    0, 0, 0, 0, 0, 0, 0, 0,
    0, 0, 0, 0, 0, 0, 0, 0,
    0, -13, 0, 0, -46, -38, -39, 0,
    0, 0, 0, 0, 0, 0, 0, 0,
    0, -34, 0, -14, -42, -7, 0, 0,
    0, 0, 0, 0, 0, 7, 0, -42,
    -47, -25, -5, -5, 0, -35, -39, -25,
    -36, -33, -35, -38, -36, 0, 0, 0,
    0, -7, 0, -8, 0, 0, 0, 0,
    0, 0, 0, 0, 0, 0, -6, 0,
    0, 0, 0, 0, 0, 0, 0, 0,
    0, 0, 0, 0, 0, 0, 0, 0,
    0, 0, 0, 0, 0, 0, 0, 0,
    0, 0, 0, -6, 0, 0, -35, -21,
    -31, 0, 0, 0, 0, 0, 0, 0,
    0, 0, 0, -24, 0, -7, 0, -4,
    0, 0, 0, 0, 0, 0, 0, 7,
    0, -16, -16, -4, 0, 0, 0, -4,
    -14, -4, -5, -7, -6, -12, -3, 0,
    -3, 0, 0, -19, -7, -16, 0, 0,
    0, 0, 0, 0, 0, 0, 0, 0,
    -11, 0, -3, 0, 0, 0, 0, 0,
    0, 0, 0, 0, 0, 0, -4, -5,
    -1, 0, 0, 0, 0, 0, -1, 0,
    0, 0, 0, 0, 0, 0, 0, 0,
    0, -20, 0, 0, 0, 0, 0, 0,
    0, 0, 0, 0, 0, 0, 0, -12,
    -4, -4, 0, 0, 0, 0, 0, 0,
    0, 0, 0, -2, -8, -10, 0, 0,
    0, 0, -4, -10, -5, -10, -5, 0,
    0, 0, -5, 0, 0, -50, -44, -39,
    0, 0, 0, 0, 0, 0, 0, 0,
    0, 0, -36, 0, -13, -46, -9, 0,
    0, 0, 0, 0, 0, 0, 0, 0,
    -40, -42, -22, 0, 0, 0, -35, -38,
    -22, -36, -30, -31, -34, -35, 0, 0,
    0, 0, 0, -21, 0, 0, 0, 0,
    0, 0, 0, 0, 0, 0, 0, 0,
    0, -7, 0, -1, 0, 0, 0, 0,
    0, 0, 0, 0, 0, 0, -5, -8,
    0, 0, 0, 0, 0, -8, -2, -5,
    -2, 0, 0, 0, 0, 0, 0, 0,
    0, 0, -5, -13, 0, 0, -12, -5,
    0, -5, -4, 0, 0, 0, 0, 0,
    0, 0, 0, 0, 0, 0, 0, 0,
    0, 0, 0, -4, 0, 0, 16, 0,
    0, 0, 0, 0, -1, -1, -1, 0,
    0, 0, 0, 0, 0, 0, 0, 0,
    0, 0, 0, 0, 0, 0, 0, 0,
    0, 0, 0, -11, -4, -4, -39, -8,
    -31, -16, 0, -39, 0, 0, 0, -4,
    -8, -28, 0, 32, 0, 0, -3, -28,
    -10, -11, -5, 0, 0, 0, 0, -12,
    -7, 0, -4, 0, 0, 0, 0, 0,
    0, 0, 0, 0, 0, -8, 0, 0,
    0, 0, 0, 0, 0, 0, 0, 0,
    0, 0, -11, 0, 0, -6, -16, 0,
    0, 0, 0, -2, -16, -6, -13, -3,
    0, 0, 0, 0, -13, -8, -3, 0,
    -8, 0, 0, 0, 0, 0, 0, 0,
    0, 0, 0, 0, 0, 0, 0, 0,
    0, 0, 0, 0, 0, 0, 0, -8,
    -4, 0, 0, -9, 0, 0, 0, 0,
    0, -9, 0, -8, -3, -15, -6, 0,
    0, 6, 0, -30, -7, -16, 0, 0,
    0, 0, 0, 0, 0, 0, 0, 0,
    0, 0, 0, 0, 0, 0, 0, 0,
    0, 0, 0, 0, 9, 0, -4, -10,
    -55, -12, -12, -12, 0, -3, -6, 0,
    0, 0, 0, 0, 0, 0, -12, -3,
    0, 0, 0, 0, 0, 0, 0, 0,
    0, 0, 0, 0, 0, 0, 0, 0,
    0, 0, 0, 0, 0, 0, 0, 0,
    0, -10, -1, 0, 0, -7, 0, 0,
    0, 0, 0, -7, -4, -7, -1, 0,
    0, 0, 0, 0, 0, 0, 0, 0,
    0, 0, 0, 0, 0, 0, 0, 0,
    0, 0, 0, 0, 0, 0, 0, 0,
    0, 0, 0, 0, 0, 0, 12, 0,
    0, 0, 0, 0, 0, 0, 0, 0,
    0, 0, 0, 0, 0, 0, 0, 0,
    0, 0, 0, -16, 0, 0, 0, 0,
    0, 0, 0, 0, 0, 0, 0, 0,
    0, 0, 0, 0, 0, 0, 0, 0,
    0, 0, 0, 0, 0, -5, -13, 0,
    0, 0, 0, 0, -6, 0, 0, 0,
    0, 0, 0, 0, 0, 0, 0, -35,
    -8, -16, 0, 0, 0, 0, 0, 0,
    0, 0, 0, 0, 0, 0, 0, 0,
    0, 0, 0, 0, 0, 0, 0, 0,
    0, 0, -7, -9, 0, 0, 0, 0,
    0, -5, 0, 0, 0, 0, 0, 0,
    0, 0, -5, -3, 0, 0, -3, 0,
    0, 0, 0, 0, 0, 0, 0, 0,
    0, 0, 0, 0, 0, 0, 0, 0,
    0, 0, 0, 0, 0, -3, 0, -2,
    0, -5, 0, 0, 0, 0, 0, -5,
    0, -9, -2, -3, 0, 0, 0, 3,
    0, 0, -9, 0, 0, 0, 0, 0,
    0, 0, 0, 0, 0, 0, 0, 0,
    0, 0, 0, 0, 0, 0, 0, 0,
    0, 0, 0, 0, 0, -9, -13, 0,
    0, 0, 0, 0, -64, 0, 0, 0,
    0, 0, 0, 0, 0, -8, -20, -7,
    -11, 0, 0, 0, 0, 0, 0, 0,
    0, 0, 0, 0, 0, 0, 0, 0,
    0, 0, 0, 0, 0, 0, 0, 0,
    -1, -7, -8, 0, 0, 0, 0, 0,
    -6, 0, 0, 0, 0, 0, 0, 0,
    0, 0, -5, -12, -4, -5, 0, 0,
    0, 0, 0, 0, 0, 0, 0, 0,
    0, 0, 0, 0, 0, 0, 0, 0,
    0, 0, 0, 0, 0, -1, -2, -3,
    0, 0, 0, 0, 0, -1, 0, 0,
    0, 0, 0, 0, 0, 0, 0, 0,
    0, -18, 0, 0, 0, 0, 0, 0,
    0, 0, 0, 0, 0, 0, 0, 0,
    0, 0, 0, 0, 0, 0, 0, 0,
    0, 0, -1, -5, -15, 0, 0, 0,
    0, 0, -5, 0, 0, 0, 0, 0,
    0, 0, 0, 0, 0, 0, -12, 0,
    0, 0, 0, 0, 0, 0, 0, 0,
    0, 0, 0, 0, 0, 0, 0, 0,
    0, 0, 0, 0, 0, 0, 0, 0,
    0, -7, 0, 0, 0, 0, 0, 0,
    0, 0, 0, 0, 0, 0, 0, -13,
    0, 0, 0, 0, 0, 0, 0, 0,
    0, 0, 0, 0, 0, 0, 0, 0,
    0, 0, 0, 0, 0, 0, 0, 0,
    0, 0, 0, 0, 0, 0, 0, 0,
    0, 0, 0, 0, 0, 0, 0, 0,
    0, 0, 0, 0
};


/*Collect the kern class' data in one place*/
static const lv_font_fmt_txt_kern_classes_t kern_classes =
{
    .class_pair_values   = kern_class_values,
    .left_class_mapping  = kern_left_class_mapping,
    .right_class_mapping = kern_right_class_mapping,
    .left_class_cnt      = 52,
    .right_class_cnt     = 45,
};

/*--------------------
 *  ALL CUSTOM DATA
 *--------------------*/

#if LVGL_VERSION_MAJOR == 8
/*Store all the custom data of the font*/
static  lv_font_fmt_txt_glyph_cache_t cache;
#endif

#if LVGL_VERSION_MAJOR >= 8
static const lv_font_fmt_txt_dsc_t font_dsc = {
#else
static lv_font_fmt_txt_dsc_t font_dsc = {
#endif
    .glyph_bitmap = glyph_bitmap,
    .glyph_dsc = glyph_dsc,
    .cmaps = cmaps,
    .kern_dsc = &kern_classes,
    .kern_scale = 16,
    .cmap_num = 2,
    .bpp = 4,
    .kern_classes = 1,
    .bitmap_format = 0,
#if LVGL_VERSION_MAJOR == 8
    .cache = &cache
#endif
};



/*-----------------
 *  PUBLIC FONT
 *----------------*/

/*Initialize a public general font descriptor*/
#if LVGL_VERSION_MAJOR >= 8
const lv_font_t font_sg_30 = {
#else
lv_font_t font_sg_30 = {
#endif
    .get_glyph_dsc = lv_font_get_glyph_dsc_fmt_txt,    /*Function pointer to get glyph's data*/
    .get_glyph_bitmap = lv_font_get_bitmap_fmt_txt,    /*Function pointer to get glyph's bitmap*/
    .line_height = 32,          /*The maximum line height required by the font*/
    .base_line = 7,             /*Baseline measured from the bottom of the line*/
#if !(LVGL_VERSION_MAJOR == 6 && LVGL_VERSION_MINOR == 0)
    .subpx = LV_FONT_SUBPX_NONE,
#endif
#if LV_VERSION_CHECK(7, 4, 0) || LVGL_VERSION_MAJOR >= 8
    .underline_position = -3,
    .underline_thickness = 2,
#endif
    .dsc = &font_dsc,          /*The custom font data. Will be accessed by `get_glyph_bitmap/dsc` */
#if LV_VERSION_CHECK(8, 2, 0) || LVGL_VERSION_MAJOR >= 9
    .fallback = NULL,
#endif
    .user_data = NULL,
};



#endif /*#if FONT_SG_30*/

