#include "lvgl.h"

static const uint8_t img_y_pos1_map[] = {
  0x21,0x04,0x00,0x21,0x04,0x00,0x21,0x04,0x00,0x21,0x04,0x00,0x21,0x04,0x00,0x21,
  0x04,0x00,0x21,0x04,0x00,0x21,0x04,0x00,0x21,0x04,0x00,0x21,0x04,0x00,0x21,0x04,
  0x00,0x19,0x04,0x00,0x19,0x04,0x00,0x21,0x04,0x00,0x21,0x04,0x00,0x21,0x04,0x00,
  0x21,0x04,0x00,0x21,0x04,0x00,0x19,0x04,0x00,0x19,0x04,0x00,0x21,0x04,0x00,0x19,
  0x04,0x00,0x21,0x04,0x00,0x19,0x04,0x00,0x19,0x04,0x00,0x21,0x04,0x00,0x21,0x04,
  0x00,0x21,0x04,0x00,0x21,0x04,0x00,0x19,0x04,0x00,0x19,0x04,0x00,0x21,0x04,0x00,
  0x19,0x04,0x00,0x19,0x04,0x00,0x19,0x04,0x00,0x21,0x04,0x00,0x19,0x04,0x00,0x21,
  0x04,0x00,0x19,0x04,0x00,0x19,0x04,0x00,0x19,0x04,0x00,0x19,0x04,0x00,0x21,0x04,
  0x00,0x21,0x04,0x00,0x21,0x04,0x00,0x19,0x04,0x00,0x21,0x04,0x00,0x21,0x04,0x00,
  0x21,0x04,0x00,0x21,0x04,0x00,0x19,0x04,0x00,0x19,0x04,0x00,0x19,0x04,0x00,0x19,
  0x04,0x00,0x19,0x04,0x00,0x19,0x04,0x00,0x19,0x04,0x00,0x19,0x04,0x00,0x19,0x04,
  0x00,0x19,0x03,0x00,0x19,0x03,0x00,0x21,0x04,0x00,0x21,0x03,0x00,0x21,0x03,0x00,
  0x10,0x61,0xff,0x00,0x00,0xff,0x00,0x00,0xff,0x00,0x00,0xff,0x08,0x00,0xff,0x08,
  0x00,0xff,0x08,0x20,0xff,0x08,0x00,0xff,0x08,0x00,0xff,0x08,0x00,0xff,0x00,0x00,
  0xff,0x00,0x00,0xff,0x00,0x00,0xff,0x00,0x00,0xff,0x00,0x00,0xff,0x00,0x00,0xff,
  0x00,0x00,0xff,0x00,0x00,0xff,0x00,0x00,0xff,0x00,0x00,0xff,0x08,0x61,0xff,0x18,
  0xe3,0x00,0x21,0x24,0x00,0x21,0x45,0x00,0x21,0x44,0x00,0x21,0x24,0x00,0x21,0x24,
  0x00,0x21,0x04,0x00,0x21,0x04,0x00,0x21,0x24,0x00,0x19,0x04,0x00,0x19,0x04,0x00,
  0x19,0x04,0x00,0x19,0x04,0x00,0x18,0xe4,0x00,0x19,0x04,0x00,0x19,0x04,0x00,0x21,
  0x04,0x00,0x21,0x04,0x00,0x19,0x04,0x00,0x19,0x04,0x00,0x19,0x04,0x00,0x19,0x04,
  0x00,0x19,0x04,0x00,0x19,0x04,0x00,0x21,0x04,0x00,0x19,0x04,0x00,0x19,0x04,0x00,
  0x19,0x04,0x00,0x21,0x04,0x00,0x21,0x04,0x00,0x21,0x04,0x00,0x19,0x04,0x00,0x21,
  0x04,0x00,0x21,0x04,0x00,0x21,0x04,0x00,0x21,0x04,0x00,0x21,0x04,0x00,0x21,0x04,
  0x00,0x21,0x04,0x00,0x21,0x04,0x00,0x21,0x04,0x00,0x21,0x04,0x00,0x19,0x04,0x00,
  0x19,0x04,0x00,0x19,0x04,0x00,0x21,0x04,0x00,0x21,0x04,0x00,0x21,0x04,0x00,0x21,
  0x04,0x00,0x19,0x04,0x00,0x19,0x04,0x00,0x19,0x04,0x00,0x19,0x04,0x00,0x21,0x04,
  0x00,0x21,0x04,0x00,0x21,0x04,0x00,0x21,0x04,0x00,0x21,0x04,0x00,0x19,0x04,0x00,
  0x19,0x04,0x00,0x21,0x04,0x00,0x21,0x04,0x00,0x19,0x04,0x00,0x19,0x04,0x00,0x19,
  0x04,0x00,0x19,0x04,0x00,0x21,0x04,0x00,0x19,0x04,0x00,0x19,0x04,0x00,0x21,0x04,
  0x00,0x21,0x04,0x00,0x21,0x04,0x00,0x21,0x04,0x00,0x21,0x04,0x00,0x21,0x04,0x00,
  0x21,0x04,0x00,0x21,0x04,0x00,0x21,0x04,0x00,0x19,0x04,0x00,0x19,0x04,0x00,0x19,
  0x04,0x00,0x19,0x04,0x00,0x21,0x04,0x00,0x21,0x04,0x00,0x21,0x04,0x00,0x21,0x04,
  0x00,0x21,0x04,0x00,0x21,0x04,0x00,0x21,0x04,0x00,0x21,0x04,0x00,0x21,0x04,0x00,
  0x21,0x04,0x00,0x21,0x04,0x00,0x21,0x04,0x00,0x21,0x04,0x00,0x21,0x04,0x00,0x21,
  0x04,0x00,0x21,0x04,0x00,0x21,0x04,0x00,0x21,0x04,0x00,0x21,0x04,0x00,0x21,0x04,
  0x00,0x21,0x04,0x00,0x21,0x04,0x00,0x21,0x04,0x00,0x21,0x04,0x00,0x21,0x04,0x00,
  0x19,0x04,0x00,0x21,0x04,0x00,0x19,0x04,0x00,0x19,0x04,0x00,0x19,0x04,0x00,0x19,
  0x04,0x00,0x19,0x04,0x00,0x19,0x04,0x00,0x21,0x04,0x00,0x21,0x04,0x00,0x21,0x04,
  0x00,0x19,0x04,0x00,0x19,0x04,0x00,0x19,0x04,0x00,0x19,0x04,0x00,0x21,0x04,0x00,
  0x21,0x04,0x00,0x21,0x04,0x00,0x21,0x04,0x00,0x21,0x04,0x00,0x19,0x04,0x00,0x19,
  0x04,0x00,0x19,0x04,0x00,0x19,0x04,0x00,0x19,0x04,0x00,0x19,0x04,0x00,0x19,0x04,
  0x00,0x21,0x04,0x00,0x21,0x04,0x00,0x21,0x04,0x00,0x21,0x04,0x00,0x21,0x04,0x00,
  0x21,0x04,0x00,0x19,0x04,0x00,0x21,0x04,0x00,0x21,0x04,0x00,0x19,0x04,0x00,0x21,
  0x04,0x00,0x21,0x04,0x00,0x21,0x04,0x00,0x18,0xe3,0x00,0x19,0x03,0x00,0x10,0xc3,
  0x00,0x10,0xa3,0x00,0x10,0x82,0x00,0x10,0x82,0x00,0x51,0xe4,0xff,0x8a,0xe5,0xff,
  0x8a,0x83,0xff,0x82,0x43,0xff,0x82,0x64,0xff,0x7a,0x44,0xff,0x7a,0x44,0xff,0x7a,
  0x23,0xff,0x7a,0x23,0xff,0x7a,0x03,0xff,0x71,0xe2,0xff,0x72,0x03,0xff,0x79,0xe2,
  0xff,0x7a,0x02,0xff,0x79,0xe2,0xff,0x7a,0x02,0xff,0x71,0xc1,0xff,0x7a,0x43,0xff,
  0x7a,0x43,0xff,0x82,0x84,0xff,0x31,0x22,0x00,0x10,0x82,0x00,0x18,0xe3,0x00,0x18,
  0xe3,0x00,0x21,0x03,0x00,0x21,0x03,0x00,0x21,0x24,0x00,0x21,0x04,0x00,0x21,0x04,
  0x00,0x21,0x24,0x00,0x21,0x24,0x00,0x21,0x24,0x00,0x21,0x04,0x00,0x18,0xe4,0x00,
  0x18,0xe4,0x00,0x18,0xe4,0x00,0x19,0x04,0x00,0x21,0x04,0x00,0x21,0x04,0x00,0x19,
  0x04,0x00,0x21,0x04,0x00,0x21,0x04,0x00,0x21,0x04,0x00,0x19,0x04,0x00,0x19,0x04,
  0x00,0x19,0x04,0x00,0x21,0x04,0x00,0x21,0x04,0x00,0x21,0x04,0x00,0x21,0x04,0x00,
  0x21,0x04,0x00,0x21,0x04,0x00,0x19,0x04,0x00,0x21,0x04,0x00,0x21,0x04,0x00,0x21,
  0x04,0x00,0x21,0x04,0x00,0x21,0x04,0x00,0x21,0x04,0x00,0x21,0x04,0x00,0x21,0x04,
  0x00,0x21,0x04,0x00,0x21,0x04,0x00,0x19,0x04,0x00,0x19,0x04,0x00,0x19,0x04,0x00,
  0x21,0x04,0x00,0x21,0x04,0x00,0x21,0x04,0x00,0x21,0x04,0x00,0x19,0x04,0x00,0x21,
  0x04,0x00,0x21,0x04,0x00,0x19,0x04,0x00,0x19,0x04,0x00,0x21,0x04,0x00,0x21,0x04,
  0x00,0x21,0x04,0x00,0x21,0x04,0x00,0x19,0x04,0x00,0x21,0x04,0x00,0x21,0x04,0x00,
  0x21,0x04,0x00,0x19,0x04,0x00,0x19,0x04,0x00,0x19,0x04,0x00,0x19,0x04,0x00,0x19,
  0x04,0x00,0x19,0x04,0x00,0x19,0x04,0x00,0x21,0x04,0x00,0x21,0x04,0x00,0x21,0x04,
  0x00,0x21,0x04,0x00,0x21,0x04,0x00,0x21,0x04,0x00,0x21,0x04,0x00,0x21,0x04,0x00,
  0x21,0x04,0x00,0x19,0x04,0x00,0x19,0x04,0x00,0x19,0x04,0x00,0x21,0x04,0x00,0x21,
  0x04,0x00,0x21,0x04,0x00,0x21,0x04,0x00,0x21,0x04,0x00,0x21,0x04,0x00,0x19,0x04,
  0x00,0x21,0x04,0x00,0x21,0x04,0x00,0x21,0x04,0x00,0x21,0x04,0x00,0x21,0x04,0x00,
  0x21,0x04,0x00,0x21,0x04,0x00,0x21,0x04,0x00,0x21,0x04,0x00,0x21,0x04,0x00,0x21,
  0x04,0x00,0x21,0x04,0x00,0x21,0x04,0x00,0x21,0x04,0x00,0x21,0x04,0x00,0x21,0x04,
  0x00,0x21,0x04,0x00,0x21,0x04,0x00,0x21,0x04,0x00,0x19,0x04,0x00,0x21,0x04,0x00,
  0x19,0x04,0x00,0x21,0x04,0x00,0x21,0x04,0x00,0x19,0x04,0x00,0x19,0x04,0x00,0x21,
  0x04,0x00,0x21,0x04,0x00,0x21,0x04,0x00,0x21,0x04,0x00,0x21,0x04,0x00,0x19,0x04,
  0x00,0x19,0x04,0x00,0x19,0x04,0x00,0x21,0x04,0x00,0x21,0x04,0x00,0x21,0x04,0x00,
  0x21,0x04,0x00,0x21,0x04,0x00,0x19,0x04,0x00,0x19,0x04,0x00,0x19,0x04,0x00,0x19,
  0x04,0x00,0x19,0x04,0x00,0x19,0x04,0x00,0x19,0x04,0x00,0x19,0x04,0x00,0x21,0x04,
  0x00,0x21,0x04,0x00,0x21,0x04,0x00,0x21,0x04,0x00,0x21,0x04,0x00,0x21,0x04,0x00,
  0x21,0x04,0x00,0x21,0x04,0x00,0x21,0x24,0x00,0x21,0x03,0x00,0x10,0xc2,0x00,0x00,
  0x20,0xff,0x00,0x00,0xff,0x00,0x00,0xff,0x00,0x00,0xff,0x08,0x41,0xff,0x08,0x20,
  0xff,0x08,0x20,0xff,0x82,0xa5,0xff,0xf6,0x2c,0xff,0xfe,0x6d,0xff,0xfe,0x4d,0xff,
  0xfe,0x2d,0xff,0xf6,0x2e,0xff,0xf6,0x2e,0xff,0xf6,0x2e,0xff,0xf6,0x2e,0xff,0xf6,
  0x0e,0xff,0xf5,0xed,0xff,0xf5,0xee,0xff,0xf5,0xce,0xff,0xf6,0x0d,0xff,0xf5,0xec,
  0xff,0xf5,0xab,0xff,0xe5,0x09,0xff,0xf5,0xab,0xff,0xf5,0xab,0xff,0xdc,0xe9,0xff,
  0x49,0x02,0xff,0x10,0x41,0xff,0x10,0x61,0xff,0x08,0x40,0xff,0x18,0x61,0x00,0x18,
  0x61,0x00,0x18,0xa2,0x00,0x10,0xc2,0x00,0x10,0xc2,0x00,0x08,0x81,0xff,0x00,0x20,
  0xff,0x08,0x41,0xff,0x18,0xe3,0x00,0x19,0x03,0x00,0x21,0x04,0x00,0x19,0x04,0x00,
  0x18,0xe3,0x00,0x21,0x04,0x00,0x21,0x04,0x00,0x21,0x04,0x00,0x21,0x04,0x00,0x21,
  0x04,0x00,0x21,0x04,0x00,0x19,0x04,0x00,0x21,0x04,0x00,0x19,0x04,0x00,0x21,0x04,
  0x00,0x21,0x04,0x00,0x21,0x04,0x00,0x21,0x04,0x00,0x21,0x04,0x00,0x21,0x04,0x00,
  0x19,0x04,0x00,0x21,0x04,0x00,0x21,0x04,0x00,0x21,0x04,0x00,0x21,0x04,0x00,0x21,
  0x04,0x00,0x21,0x04,0x00,0x21,0x04,0x00,0x21,0x04,0x00,0x21,0x04,0x00,0x21,0x04,
  0x00,0x19,0x04,0x00,0x19,0x04,0x00,0x19,0x04,0x00,0x21,0x04,0x00,0x21,0x04,0x00,
  0x21,0x04,0x00,0x21,0x04,0x00,0x19,0x04,0x00,0x21,0x04,0x00,0x21,0x04,0x00,0x21,
  0x04,0x00,0x19,0x04,0x00,0x21,0x04,0x00,0x21,0x04,0x00,0x21,0x04,0x00,0x21,0x04,
  0x00,0x19,0x04,0x00,0x21,0x04,0x00,0x21,0x04,0x00,0x21,0x04,0x00,0x19,0x04,0x00,
  0x19,0x04,0x00,0x19,0x04,0x00,0x19,0x04,0x00,0x19,0x04,0x00,0x19,0x04,0x00,0x19,
  0x04,0x00,0x19,0x04,0x00,0x21,0x04,0x00,0x21,0x04,0x00,0x21,0x04,0x00,0x21,0x04,
  0x00,0x21,0x04,0x00,0x21,0x04,0x00,0x21,0x04,0x00,0x21,0x04,0x00,0x19,0x04,0x00,
  0x19,0x04,0x00,0x19,0x04,0x00,0x21,0x04,0x00,0x21,0x04,0x00,0x21,0x04,0x00,0x21,
  0x04,0x00,0x21,0x04,0x00,0x19,0x04,0x00,0x19,0x04,0x00,0x21,0x04,0x00,0x19,0x04,
  0x00,0x19,0x04,0x00,0x21,0x04,0x00,0x21,0x04,0x00,0x21,0x04,0x00,0x21,0x04,0x00,
  0x21,0x04,0x00,0x21,0x04,0x00,0x21,0x04,0x00,0x19,0x04,0x00,0x19,0x04,0x00,0x21,
  0x04,0x00,0x21,0x04,0x00,0x21,0x04,0x00,0x21,0x04,0x00,0x21,0x04,0x00,0x19,0x04,
  0x00,0x19,0x04,0x00,0x19,0x04,0x00,0x21,0x04,0x00,0x19,0x04,0x00,0x19,0x04,0x00,
  0x21,0x04,0x00,0x19,0x04,0x00,0x19,0x04,0x00,0x19,0x04,0x00,0x21,0x04,0x00,0x19,
  0x04,0x00,0x19,0x04,0x00,0x21,0x04,0x00,0x19,0x04,0x00,0x21,0x04,0x00,0x19,0x04,
  0x00,0x21,0x04,0x00,0x21,0x04,0x00,0x21,0x04,0x00,0x21,0x04,0x00,0x21,0x04,0x00,
  0x21,0x04,0x00,0x21,0x04,0x00,0x21,0x04,0x00,0x19,0x04,0x00,0x18,0xe4,0x00,0x19,
  0x04,0x00,0x19,0x04,0x00,0x19,0x04,0x00,0x21,0x04,0x00,0x21,0x04,0x00,0x21,0x04,
  0x00,0x21,0x04,0x00,0x21,0x24,0x00,0x21,0x04,0x00,0x19,0x04,0x00,0x19,0x04,0x00,
  0x08,0x82,0x00,0x08,0x61,0x00,0x18,0xe2,0x00,0x83,0xca,0xff,0xb4,0x4b,0xff,0xc4,
  0x8a,0xff,0xbc,0x6a,0xff,0xcd,0x0c,0xff,0xcc,0xab,0xff,0xcc,0xab,0xff,0xd4,0xea,
  0xff,0xf5,0xab,0xff,0xfe,0x4e,0xff,0xf6,0x0e,0xff,0xf6,0x6f,0xff,0xf6,0x71,0xff,
  0xf6,0x92,0xff,0xf6,0x72,0xff,0xf6,0x72,0xff,0xf6,0x92,0xff,0xf6,0x71,0xff,0xf6,
  0x71,0xff,0xf6,0x51,0xff,0xfe,0xb1,0xff,0xf6,0x92,0xff,0xf6,0x92,0xff,0xe6,0x52,
  0xff,0xee,0x92,0xff,0xee,0x92,0xff,0xee,0x51,0xff,0xd5,0x4e,0xff,0xbc,0xad,0xff,
  0xcd,0x4e,0xff,0xd5,0x2d,0xff,0xdd,0x8d,0xff,0x7a,0x85,0xff,0x18,0x61,0xff,0x10,
  0x41,0xff,0x10,0x41,0xff,0x18,0xa1,0xff,0x49,0xa4,0xff,0x39,0x83,0xff,0x10,0xc2,
  0x00,0x18,0xc3,0x00,0x21,0x03,0x00,0x21,0x24,0x00,0x18,0xe3,0x00,0x19,0x03,0x00,
  0x19,0x03,0x00,0x19,0x03,0x00,0x21,0x04,0x00,0x21,0x04,0x00,0x21,0x04,0x00,0x21,
  0x04,0x00,0x21,0x04,0x00,0x21,0x04,0x00,0x21,0x04,0x00,0x21,0x04,0x00,0x21,0x04,
  0x00,0x21,0x04,0x00,0x21,0x04,0x00,0x21,0x04,0x00,0x21,0x04,0x00,0x21,0x04,0x00,
  0x21,0x04,0x00,0x21,0x04,0x00,0x21,0x04,0x00,0x21,0x04,0x00,0x21,0x04,0x00,0x21,
  0x04,0x00,0x21,0x04,0x00,0x21,0x04,0x00,0x21,0x04,0x00,0x19,0x04,0x00,0x19,0x04,
  0x00,0x19,0x04,0x00,0x19,0x04,0x00,0x19,0x04,0x00,0x21,0x04,0x00,0x19,0x04,0x00,
  0x21,0x04,0x00,0x21,0x04,0x00,0x21,0x04,0x00,0x21,0x04,0x00,0x21,0x04,0x00,0x21,
  0x04,0x00,0x21,0x04,0x00,0x21,0x04,0x00,0x21,0x04,0x00,0x19,0x04,0x00,0x21,0x04,
  0x00,0x21,0x04,0x00,0x21,0x04,0x00,0x21,0x04,0x00,0x19,0x04,0x00,0x19,0x04,0x00,
  0x19,0x04,0x00,0x21,0x04,0x00,0x19,0x04,0x00,0x19,0x04,0x00,0x21,0x04,0x00,0x21,
  0x04,0x00,0x21,0x04,0x00,0x21,0x04,0x00,0x21,0x04,0x00,0x21,0x04,0x00,0x21,0x04,
  0x00,0x21,0x04,0x00,0x21,0x04,0x00,0x19,0x04,0x00,0x19,0x04,0x00,0x21,0x04,0x00,
  0x21,0x04,0x00,0x21,0x04,0x00,0x21,0x04,0x00,0x21,0x04,0x00,0x19,0x04,0x00,0x19,
  0x04,0x00,0x21,0x04,0x00,0x19,0x04,0x00,0x21,0x04,0x00,0x19,0x04,0x00,0x19,0x04,
  0x00,0x21,0x04,0x00,0x21,0x04,0x00,0x21,0x04,0x00,0x21,0x04,0x00,0x21,0x04,0x00,
  0x21,0x04,0x00,0x21,0x04,0x00,0x21,0x04,0x00,0x21,0x04,0x00,0x21,0x04,0x00,0x21,
  0x04,0x00,0x21,0x04,0x00,0x21,0x04,0x00,0x19,0x04,0x00,0x19,0x04,0x00,0x21,0x04,
  0x00,0x21,0x04,0x00,0x19,0x04,0x00,0x21,0x04,0x00,0x19,0x04,0x00,0x21,0x04,0x00,
  0x21,0x04,0x00,0x21,0x04,0x00,0x21,0x04,0x00,0x19,0x04,0x00,0x19,0x04,0x00,0x19,
  0x04,0x00,0x19,0x04,0x00,0x19,0x04,0x00,0x19,0x04,0x00,0x19,0x04,0x00,0x19,0x04,
  0x00,0x21,0x04,0x00,0x21,0x04,0x00,0x21,0x04,0x00,0x21,0x04,0x00,0x21,0x04,0x00,
  0x19,0x04,0x00,0x19,0x04,0x00,0x18,0xe4,0x00,0x19,0x04,0x00,0x19,0x04,0x00,0x19,
  0x04,0x00,0x21,0x04,0x00,0x21,0x04,0x00,0x21,0x24,0x00,0x21,0x24,0x00,0x21,0x24,
  0x00,0x18,0xe4,0x00,0x10,0xa2,0x00,0x10,0xa2,0x00,0x29,0x43,0x00,0x20,0xa1,0x00,
  0x59,0xe4,0xff,0xfe,0xd2,0xff,0xfe,0x90,0xff,0xf5,0x8c,0xff,0xe4,0xea,0xff,0xd4,
  0xca,0xff,0xc4,0x49,0xff,0xc4,0x49,0xff,0xc4,0x28,0xff,0xbb,0xe7,0xff,0xb3,0xa7,
  0xff,0xab,0x67,0xff,0xab,0xa7,0xff,0xab,0xa8,0xff,0xa3,0xa9,0xff,0xa3,0xaa,0xff,
  0xa3,0xaa,0xff,0xab,0xca,0xff,0xab,0xc9,0xff,0xab,0xea,0xff,0xab,0xca,0xff,0xb3,
  0xc9,0xff,0xcd,0x0e,0xff,0xff,0x98,0xff,0xff,0xdc,0xff,0xff,0xfd,0xff,0xff,0xfd,
  0xff,0xff,0x99,0xff,0xff,0xd9,0xff,0xff,0x96,0xff,0xff,0x12,0xff,0xd4,0xaa,0xff,
  0x82,0xa4,0xff,0x40,0xe2,0xff,0x39,0x23,0xff,0x41,0x44,0xff,0x41,0x44,0xff,0x83,
  0x28,0xff,0xed,0xef,0xff,0xa3,0xea,0xff,0x00,0x00,0xff,0x00,0x00,0xff,0x08,0x41,
  0xff,0x10,0xa3,0x00,0x18,0xe3,0x00,0x21,0x03,0x00,0x21,0x03,0x00,0x21,0x03,0x00,
  0x21,0x04,0x00,0x21,0x04,0x00,0x21,0x04,0x00,0x21,0x04,0x00,0x21,0x04,0x00,0x21,
  0x04,0x00,0x21,0x04,0x00,0x21,0x04,0x00,0x21,0x04,0x00,0x21,0x04,0x00,0x19,0x04,
  0x00,0x21,0x04,0x00,0x21,0x04,0x00,0x21,0x04,0x00,0x21,0x04,0x00,0x21,0x04,0x00,
  0x21,0x04,0x00,0x21,0x04,0x00,0x21,0x04,0x00,0x21,0x04,0x00,0x21,0x04,0x00,0x21,
  0x04,0x00,0x21,0x04,0x00,0x21,0x04,0x00,0x19,0x04,0x00,0x21,0x04,0x00,0x21,0x04,
  0x00,0x21,0x04,0x00,0x21,0x04,0x00,0x21,0x04,0x00,0x21,0x04,0x00,0x21,0x04,0x00,
  0x21,0x04,0x00,0x21,0x04,0x00,0x21,0x04,0x00,0x21,0x04,0x00,0x21,0x04,0x00,0x21,
  0x04,0x00,0x21,0x04,0x00,0x19,0x04,0x00,0x21,0x04,0x00,0x21,0x04,0x00,0x21,0x04,
  0x00,0x19,0x04,0x00,0x21,0x04,0x00,0x21,0x04,0x00,0x21,0x04,0x00,0x21,0x04,0x00,
  0x19,0x04,0x00,0x21,0x04,0x00,0x21,0x04,0x00,0x21,0x04,0x00,0x21,0x04,0x00,0x21,
  0x04,0x00,0x21,0x04,0x00,0x21,0x04,0x00,0x21,0x04,0x00,0x21,0x04,0x00,0x21,0x04,
  0x00,0x21,0x04,0x00,0x21,0x04,0x00,0x19,0x04,0x00,0x21,0x04,0x00,0x21,0x04,0x00,
  0x21,0x04,0x00,0x21,0x04,0x00,0x21,0x04,0x00,0x21,0x04,0x00,0x21,0x04,0x00,0x19,
  0x04,0x00,0x21,0x04,0x00,0x19,0x04,0x00,0x19,0x04,0x00,0x21,0x04,0x00,0x21,0x04,
  0x00,0x21,0x04,0x00,0x21,0x04,0x00,0x21,0x04,0x00,0x21,0x04,0x00,0x21,0x04,0x00,
  0x21,0x04,0x00,0x21,0x04,0x00,0x21,0x04,0x00,0x21,0x04,0x00,0x21,0x04,0x00,0x21,
  0x04,0x00,0x19,0x04,0x00,0x19,0x04,0x00,0x21,0x04,0x00,0x21,0x04,0x00,0x19,0x04,
  0x00,0x21,0x04,0x00,0x19,0x04,0x00,0x21,0x04,0x00,0x21,0x04,0x00,0x21,0x04,0x00,
  0x21,0x04,0x00,0x19,0x04,0x00,0x19,0x04,0x00,0x19,0x04,0x00,0x19,0x04,0x00,0x19,
  0x04,0x00,0x19,0x04,0x00,0x19,0x04,0x00,0x19,0x04,0x00,0x21,0x04,0x00,0x21,0x04,
  0x00,0x21,0x04,0x00,0x21,0x04,0x00,0x21,0x04,0x00,0x19,0x04,0x00,0x19,0x04,0x00,
  0x18,0xe4,0x00,0x19,0x04,0x00,0x19,0x04,0x00,0x19,0x04,0x00,0x21,0x04,0x00,0x21,
  0x04,0x00,0x21,0x24,0x00,0x21,0x24,0x00,0x21,0x24,0x00,0x18,0xe4,0x00,0x10,0xa2,
  0x00,0x10,0xa2,0x00,0x29,0x43,0x00,0x20,0xa1,0x00,0x59,0xe4,0xff,0xfe,0xd2,0xff,
  0xfe,0x90,0xff,0xf5,0x8c,0xff,0xe4,0xea,0xff,0xd4,0xca,0xff,0xc4,0x49,0xff,0xc4,
  0x49,0xff,0xc4,0x28,0xff,0xbb,0xe7,0xff,0xb3,0xa7,0xff,0xab,0x67,0xff,0xab,0xa7,
  0xff,0xab,0xa8,0xff,0xa3,0xa9,0xff,0xa3,0xaa,0xff,0xa3,0xaa,0xff,0xab,0xca,0xff,
  0xab,0xc9,0xff,0xab,0xea,0xff,0xab,0xca,0xff,0xb3,0xc9,0xff,0xcd,0x0e,0xff,0xff,
  0x98,0xff,0xff,0xdc,0xff,0xff,0xfd,0xff,0xff,0xfd,0xff,0xff,0x99,0xff,0xff,0xd9,
  0xff,0xff,0x96,0xff,0xff,0x12,0xff,0xd4,0xaa,0xff,0x82,0xa4,0xff,0x40,0xe2,0xff,
  0x39,0x23,0xff,0x41,0x44,0xff,0x41,0x44,0xff,0x83,0x28,0xff,0xed,0xef,0xff,0xa3,
  0xea,0xff,0x00,0x00,0xff,0x00,0x00,0xff,0x08,0x41,0xff,0x10,0xa3,0x00,0x18,0xe3,
  0x00,0x21,0x03,0x00,0x21,0x03,0x00,0x21,0x03,0x00,0x21,0x04,0x00,0x21,0x04,0x00,
  0x21,0x04,0x00,0x21,0x04,0x00,0x21,0x04,0x00,0x21,0x04,0x00,0x21,0x04,0x00,0x21,
  0x04,0x00,0x21,0x04,0x00,0x21,0x04,0x00,0x19,0x04,0x00,0x21,0x04,0x00,0x21,0x04,
  0x00,0x21,0x04,0x00,0x21,0x04,0x00,0x21,0x04,0x00,0x21,0x04,0x00,0x21,0x04,0x00,
  0x21,0x04,0x00,0x21,0x04,0x00,0x21,0x04,0x00,0x21,0x04,0x00,0x21,0x04,0x00,0x21,
  0x04,0x00,0x19,0x04,0x00,0x21,0x04,0x00,0x21,0x04,0x00,0x21,0x04,0x00,0x21,0x04,
  0x00,0x21,0x04,0x00,0x21,0x04,0x00,0x21,0x04,0x00,0x21,0x04,0x00,0x21,0x04,0x00,
  0x21,0x04,0x00,0x21,0x04,0x00,0x21,0x04,0x00,0x21,0x04,0x00,0x21,0x04,0x00,0x19,
  0x04,0x00,0x21,0x04,0x00,0x21,0x04,0x00,0x21,0x04,0x00,0x19,0x04,0x00,0x21,0x04,
  0x00,0x21,0x04,0x00,0x21,0x04,0x00,0x21,0x04,0x00,0x19,0x04,0x00,0x21,0x04,0x00,
  0x21,0x04,0x00,0x21,0x04,0x00,0x21,0x04,0x00,0x21,0x04,0x00,0x21,0x04,0x00,0x21,
  0x04,0x00,0x21,0x04,0x00,0x21,0x04,0x00,0x21,0x04,0x00,0x21,0x04,0x00,0x21,0x04,
  0x00,0x19,0x04,0x00,0x21,0x04,0x00,0x21,0x04,0x00,0x21,0x04,0x00,0x21,0x04,0x00,
  0x21,0x04,0x00,0x21,0x04,0x00,0x21,0x04,0x00,0x19,0x04,0x00,0x21,0x04,0x00,0x21,
  0x04,0x00,0x19,0x04,0x00,0x21,0x04,0x00,0x21,0x04,0x00,0x21,0x04,0x00,0x21,0x04,
  0x00,0x21,0x04,0x00,0x21,0x04,0x00,0x21,0x04,0x00,0x21,0x04,0x00,0x19,0x04,0x00,
  0x21,0x04,0x00,0x21,0x04,0x00,0x21,0x04,0x00,0x21,0x04,0x00,0x19,0x04,0x00,0x19,
  0x04,0x00,0x21,0x04,0x00,0x19,0x04,0x00,0x21,0x04,0x00,0x19,0x04,0x00,0x19,0x04,
  0x00,0x21,0x04,0x00,0x21,0x04,0x00,0x21,0x04,0x00,0x21,0x04,0x00,0x19,0x04,0x00,
  0x19,0x04,0x00,0x19,0x04,0x00,0x19,0x04,0x00,0x19,0x04,0x00,0x19,0x04,0x00,0x19,
  0x04,0x00,0x19,0x04,0x00,0x21,0x04,0x00,0x21,0x04,0x00,0x19,0x04,0x00,0x19,0x04,
  0x00,0x19,0x04,0x00,0x19,0x04,0x00,0x19,0x04,0x00,0x19,0x04,0x00,0x19,0x04,0x00,
  0x19,0x04,0x00,0x19,0x04,0x00,0x21,0x04,0x00,0x21,0x24,0x00,0x19,0x24,0x00,0x08,
  0x82,0xff,0x08,0x41,0xff,0x00,0x20,0xff,0x41,0x64,0xff,0x41,0x64,0xff,0xff,0x12,
  0xff,0xf5,0xac,0xff,0xe4,0xca,0xff,0xf5,0xac,0xff,0xcc,0x48,0xff,0xa3,0x05,0xff,
  0x71,0xc3,0xff,0x72,0x65,0xff,0x61,0xe4,0xff,0x61,0xe4,0xff,0x72,0x45,0xff,0x82,
  0xe7,0xff,0x82,0xc6,0xff,0x7a,0xa6,0xff,0x72,0xa6,0xff,0x6a,0x66,0xff,0x6a,0x66,
  0xff,0x6a,0x66,0xff,0x6a,0x66,0xff,0x6a,0x66,0xff,0x62,0x05,0xff,0x5a,0x05,0xff,
  0x51,0x84,0xff,0x51,0x43,0xff,0x9b,0x06,0xff,0xf5,0xac,0xff,0xed,0x8d,0xff,0xed,
  0xef,0xff,0xed,0xef,0xff,0xe5,0x8e,0xff,0xee,0x0d,0xff,0xed,0xce,0xff,0xf6,0x2e,
  0xff,0xdd,0x2c,0xff,0xcc,0xab,0xff,0xa3,0x88,0xff,0x82,0xc6,0xff,0x59,0x84,0xff,
  0x59,0x84,0xff,0x7a,0x85,0xff,0x82,0xa5,0xff,0xa3,0xa8,0xff,0x8b,0x07,0xff,0x8b,
  0x69,0xff,0x62,0xa7,0xff,0x10,0x81,0x00,0x08,0x41,0xff,0x18,0xe2,0x00,0x18,0xe2,
  0x00,0x21,0x04,0x00,0x21,0x03,0x00,0x21,0x03,0x00,0x21,0x24,0x00,0x21,0x04,0x00,
  0x21,0x04,0x00,0x21,0x04,0x00,0x21,0x04,0x00,0x21,0x04,0x00,0x21,0x04,0x00,0x19,
  0x04,0x00,0x21,0x04,0x00,0x21,0x04,0x00,0x21,0x04,0x00,0x21,0x04,0x00,0x21,0x04,
  0x00,0x21,0x04,0x00,0x21,0x04,0x00,0x21,0x04,0x00,0x21,0x04,0x00,0x21,0x04,0x00,
  0x21,0x04,0x00,0x21,0x04,0x00,0x21,0x04,0x00,0x21,0x04,0x00,0x19,0x04,0x00,0x21,
  0x04,0x00,0x21,0x04,0x00,0x21,0x04,0x00,0x21,0x04,0x00,0x21,0x04,0x00,0x19,0x04,
  0x00,0x21,0x04,0x00,0x21,0x04,0x00,0x21,0x04,0x00,0x21,0x04,0x00,0x21,0x04,0x00,
  0x21,0x04,0x00,0x21,0x04,0x00,0x21,0x04,0x00,0x19,0x04,0x00,0x21,0x04,0x00,0x21,
  0x04,0x00,0x21,0x04,0x00,0x19,0x04,0x00,0x21,0x04,0x00,0x21,0x04,0x00,0x21,0x04,
  0x00,0x21,0x04,0x00,0x19,0x04,0x00,0x21,0x04,0x00,0x21,0x04,0x00,0x21,0x04,0x00,
  0x21,0x04,0x00,0x21,0x04,0x00,0x21,0x04,0x00,0x21,0x04,0x00,0x21,0x04,0x00,0x21,
  0x04,0x00,0x21,0x04,0x00,0x21,0x04,0x00,0x21,0x04,0x00,0x19,0x04,0x00,0x21,0x04,
  0x00,0x21,0x04,0x00,0x21,0x04,0x00,0x21,0x04,0x00,0x21,0x04,0x00,0x21,0x04,0x00,
  0x21,0x04,0x00,0x21,0x04,0x00,0x21,0x04,0x00,0x21,0x04,0x00,0x19,0x04,0x00,0x19,
  0x04,0x00,0x21,0x04,0x00,0x21,0x04,0x00,0x19,0x04,0x00,0x21,0x04,0x00,0x21,0x04,
  0x00,0x21,0x04,0x00,0x21,0x04,0x00,0x19,0x04,0x00,0x19,0x04,0x00,0x19,0x04,0x00,
  0x19,0x04,0x00,0x21,0x04,0x00,0x19,0x04,0x00,0x21,0x04,0x00,0x19,0x04,0x00,0x19,
  0x04,0x00,0x19,0x04,0x00,0x21,0x04,0x00,0x21,0x04,0x00,0x19,0x04,0x00,0x19,0x04,
  0x00,0x19,0x04,0x00,0x21,0x04,0x00,0x19,0x04,0x00,0x19,0x04,0x00,0x19,0x04,0x00,
  0x19,0x04,0x00,0x21,0x04,0x00,0x21,0x04,0x00,0x19,0x04,0x00,0x19,0x04,0x00,0x21,
  0x04,0x00,0x19,0x04,0x00,0x19,0x04,0x00,0x21,0x04,0x00,0x19,0x04,0x00,0x19,0x04,
  0x00,0x19,0x04,0x00,0x19,0x04,0x00,0x21,0x04,0x00,0x21,0x04,0x00,0x21,0x04,0x00,
  0x19,0x04,0x00,0x18,0xe3,0x00,0x18,0xa1,0x00,0x72,0xc6,0xff,0xbc,0xaa,0xff,0x8a,
  0xe6,0xff,0x92,0x84,0xff,0x92,0x84,0xff,0xb3,0x86,0xff,0xcc,0x07,0xff,0xd4,0x89,
  0xff,0xa3,0x46,0xff,0x61,0x83,0xff,0x62,0x04,0xff,0x49,0x84,0xff,0x28,0xc2,0xff,
  0x18,0x61,0xff,0x18,0x61,0xff,0x10,0x41,0xff,0x08,0x41,0xff,0x10,0x41,0xff,0x10,
  0x41,0xff,0x10,0x41,0xff,0x08,0x41,0xff,0x10,0x61,0xff,0x18,0x82,0xff,0x18,0x82,
  0xff,0x20,0xa2,0xff,0x28,0xe2,0xff,0x39,0x43,0xff,0x39,0x44,0xff,0x39,0x43,0xff,
  0x82,0xc6,0xff,0xbb,0xc7,0xff,0xb3,0x25,0xff,0xbb,0x85,0xff,0xbb,0x85,0xff,0xc4,
  0x06,0xff,0xcc,0x68,0xff,0xb3,0x87,0xff,0xe5,0x2c,0xff,0xfe,0x30,0xff,0xff,0x95,
  0xff,0xfe,0xf2,0xff,0xe5,0x4e,0xff,0xab,0xaa,0xff,0xab,0xaa,0xff,0x8b,0x07,0xff,
  0x59,0x63,0xff,0x72,0x44,0xff,0x93,0x27,0xff,0xd5,0x0c,0xff,0xac,0x6b,0xff,0x20,
  0xc1,0x00,0x08,0x00,0xff,0x10,0xa1,0x00,0x10,0xa1,0x00,0x08,0x41,0xff,0x18,0xc2,
  0x00,0x10,0xc2,0x00,0x10,0xc2,0x00,0x10,0xc3,0x00,0x19,0x04,0x00,0x21,0x04,0x00,
  0x21,0x04,0x00,0x21,0x04,0x00,0x21,0x04,0x00,0x21,0x04,0x00,0x21,0x04,0x00,0x21,
  0x04,0x00,0x21,0x04,0x00,0x21,0x04,0x00,0x21,0x04,0x00,0x21,0x04,0x00,0x21,0x04,
  0x00,0x21,0x04,0x00,0x21,0x04,0x00,0x21,0x04,0x00,0x21,0x04,0x00,0x21,0x04,0x00,
  0x21,0x04,0x00,0x19,0x04,0x00,0x19,0x04,0x00,0x21,0x04,0x00,0x21,0x04,0x00,0x21,
  0x04,0x00,0x21,0x04,0x00,0x21,0x04,0x00,0x21,0x04,0x00,0x21,0x04,0x00,0x21,0x04,
  0x00,0x21,0x04,0x00,0x21,0x04,0x00,0x21,0x04,0x00,0x21,0x04,0x00,0x21,0x04,0x00,
  0x21,0x04,0x00,0x21,0x04,0x00,0x21,0x04,0x00,0x21,0x04,0x00,0x21,0x04,0x00,0x21,
  0x04,0x00,0x21,0x04,0x00,0x21,0x04,0x00,0x21,0x04,0x00,0x21,0x04,0x00,0x19,0x04,
  0x00,0x21,0x04,0x00,0x21,0x04,0x00,0x21,0x04,0x00,0x21,0x04,0x00,0x21,0x04,0x00,
  0x21,0x04,0x00,0x21,0x04,0x00,0x21,0x04,0x00,0x19,0x04,0x00,0x21,0x04,0x00,0x21,
  0x04,0x00,0x21,0x04,0x00,0x19,0x04,0x00,0x19,0x04,0x00,0x21,0x04,0x00,0x21,0x04,
  0x00,0x21,0x04,0x00,0x21,0x04,0x00,0x21,0x04,0x00,0x21,0x04,0x00,0x21,0x04,0x00,
  0x21,0x04,0x00,0x21,0x04,0x00,0x21,0x04,0x00,0x21,0x04,0x00,0x19,0x04,0x00,0x19,
  0x04,0x00,0x19,0x04,0x00,0x21,0x04,0x00,0x21,0x04,0x00,0x21,0x04,0x00,0x21,0x04,
  0x00,0x21,0x04,0x00,0x19,0x04,0x00,0x19,0x04,0x00,0x19,0x04,0x00,0x21,0x04,0x00,
  0x21,0x04,0x00,0x21,0x04,0x00,0x21,0x04,0x00,0x21,0x04,0x00,0x21,0x04,0x00,0x21,
  0x04,0x00,0x21,0x04,0x00,0x19,0x04,0x00,0x19,0x04,0x00,0x19,0x04,0x00,0x19,0x04,
  0x00,0x19,0x04,0x00,0x19,0x04,0x00,0x19,0x04,0x00,0x19,0x04,0x00,0x21,0x04,0x00,
  0x21,0x04,0x00,0x21,0x04,0x00,0x21,0x04,0x00,0x21,0x04,0x00,0x21,0x04,0x00,0x21,
  0x04,0x00,0x21,0x04,0x00,0x21,0x04,0x00,0x19,0x04,0x00,0x21,0x04,0x00,0x21,0x04,
  0x00,0x19,0x04,0x00,0x19,0x04,0x00,0x19,0x04,0x00,0x08,0x82,0x00,0x00,0x00,0xff,
  0x49,0x23,0xff,0xfe,0xb0,0xff,0xff,0x10,0xff,0xf5,0xec,0xff,0xd4,0x88,0xff,0xd4,
  0x88,0xff,0x92,0x64,0xff,0x7a,0x24,0xff,0x40,0xe2,0xff,0x20,0xa2,0xff,0x08,0x21,
  0xff,0x08,0x41,0xff,0x08,0x20,0xff,0x00,0x00,0xff,0x00,0x00,0xff,0x00,0x00,0xff,
  0x00,0x00,0xff,0x00,0x00,0xff,0x00,0x00,0xff,0x00,0x00,0xff,0x00,0x00,0xff,0x00,
  0x00,0xff,0x00,0x00,0xff,0x00,0x00,0xff,0x00,0x00,0xff,0x00,0x20,0xff,0x08,0x20,
  0xff,0x08,0x60,0xff,0x08,0x40,0xff,0x10,0x61,0xff,0x28,0xe2,0xff,0x30,0xe2,0xff,
  0x39,0x22,0xff,0x49,0xc3,0xff,0x49,0xc3,0xff,0x41,0x63,0xff,0x51,0xc4,0xff,0x51,
  0xa4,0xff,0x72,0x65,0xff,0x8a,0x85,0xff,0xbb,0xe8,0xff,0xdc,0xcc,0xff,0xfe,0x31,
  0xff,0xfe,0xf3,0xff,0xfe,0xf3,0xff,0xff,0x14,0xff,0xcd,0x0e,0xff,0x8b,0x06,0xff,
  0x38,0xe2,0xff,0x41,0x23,0xff,0x61,0xe4,0xff,0x6a,0x45,0xff,0x7a,0x85,0xff,0x7b,
  0x06,0xff,0x7b,0x06,0xff,0x20,0xc1,0xff,0x08,0x61,0xff,0x00,0x21,0xff,0x10,0x40,
  0xff,0x10,0x40,0xff,0x08,0x40,0xff,0x18,0xe3,0x00,0x21,0x04,0x00,0x21,0x04,0x00,
  0x21,0x04,0x00,0x21,0x04,0x00,0x21,0x04,0x00,0x21,0x04,0x00,0x21,0x04,0x00,0x21,
  0x04,0x00,0x21,0x04,0x00,0x21,0x04,0x00,0x21,0x04,0x00,0x21,0x04,0x00,0x21,0x04,
  0x00,0x21,0x04,0x00,0x21,0x04,0x00,0x21,0x04,0x00,0x21,0x04,0x00,0x19,0x04,0x00,
  0x19,0x04,0x00,0x21,0x04,0x00,0x21,0x04,0x00,0x21,0x04,0x00,0x21,0x04,0x00,0x21,
  0x04,0x00,0x21,0x04,0x00,0x21,0x04,0x00,0x21,0x04,0x00,0x21,0x04,0x00,0x21,0x04,
  0x00,0x21,0x04,0x00,0x21,0x04,0x00,0x21,0x04,0x00,0x21,0x04,0x00,0x21,0x04,0x00,
  0x21,0x04,0x00,0x21,0x04,0x00,0x21,0x04,0x00,0x21,0x04,0x00,0x21,0x04,0x00,0x21,
  0x04,0x00,0x21,0x04,0x00,0x21,0x04,0x00,0x21,0x04,0x00,0x21,0x04,0x00,0x21,0x04,
  0x00,0x21,0x04,0x00,0x21,0x04,0x00,0x21,0x04,0x00,0x21,0x04,0x00,0x21,0x04,0x00,
  0x21,0x04,0x00,0x19,0x04,0x00,0x21,0x04,0x00,0x21,0x04,0x00,0x21,0x04,0x00,0x21,
  0x04,0x00,0x19,0x04,0x00,0x19,0x04,0x00,0x21,0x04,0x00,0x21,0x04,0x00,0x21,0x04,
  0x00,0x21,0x04,0x00,0x21,0x04,0x00,0x21,0x04,0x00,0x21,0x04,0x00,0x21,0x04,0x00,
  0x21,0x04,0x00,0x21,0x04,0x00,0x19,0x04,0x00,0x19,0x04,0x00,0x19,0x04,0x00,0x19,
  0x04,0x00,0x21,0x04,0x00,0x21,0x04,0x00,0x21,0x04,0x00,0x19,0x04,0x00,0x19,0x04,
  0x00,0x19,0x04,0x00,0x19,0x04,0x00,0x21,0x04,0x00,0x19,0x04,0x00,0x21,0x04,0x00,
  0x21,0x04,0x00,0x21,0x04,0x00,0x21,0x04,0x00,0x21,0x04,0x00,0x21,0x04,0x00,0x19,
  0x04,0x00,0x19,0x04,0x00,0x19,0x04,0x00,0x19,0x04,0x00,0x19,0x04,0x00,0x19,0x04,
  0x00,0x19,0x04,0x00,0x21,0x04,0x00,0x21,0x04,0x00,0x21,0x04,0x00,0x21,0x04,0x00,
  0x21,0x04,0x00,0x21,0x04,0x00,0x21,0x04,0x00,0x21,0x04,0x00,0x21,0x04,0x00,0x21,
  0x04,0x00,0x21,0x04,0x00,0x21,0x04,0x00,0x21,0x04,0x00,0x18,0xe4,0x00,0x18,0xe4,
  0x00,0x08,0x61,0xff,0x49,0xc4,0xff,0xac,0x29,0xff,0xd4,0xa9,0xff,0xd4,0x69,0xff,
  0x9b,0x26,0xff,0x49,0x42,0xff,0x62,0x04,0xff,0x62,0x04,0xff,0x49,0x63,0xff,0x39,
  0x23,0xff,0x08,0x20,0xff,0x08,0x41,0xff,0x08,0x20,0xff,0x08,0x20,0xff,0x41,0x83,
  0xff,0x6a,0x65,0xff,0x6a,0x24,0xff,0x6a,0x24,0xff,0x6a,0x65,0xff,0x62,0x45,0xff,
  0x6a,0x66,0xff,0x62,0x25,0xff,0x62,0x25,0xff,0x5a,0x05,0xff,0x62,0x25,0xff,0x62,
  0x45,0xff,0x62,0x45,0xff,0x6a,0x65,0xff,0x62,0x45,0xff,0x5a,0x25,0xff,0x39,0x43,
  0xff,0x29,0x02,0xff,0x18,0x81,0xff,0x10,0x41,0xff,0x08,0x40,0xff,0x08,0x40,0xff,
  0x08,0x40,0xff,0x00,0x00,0xff,0x08,0x41,0xff,0x10,0x61,0xff,0x08,0x21,0xff,0x41,
  0x02,0xff,0xb3,0x88,0xff,0xc3,0xe9,0xff,0xcc,0x8c,0xff,0xed,0xcf,0xff,0xed,0xcf,
  0xff,0xfe,0xb3,0xff,0xf6,0x94,0xff,0xe6,0x11,0xff,0xbc,0x6b,0xff,0x9b,0x88,0xff,
  0x7a,0x66,0xff,0x93,0x27,0xff,0x93,0x06,0xff,0x93,0x47,0xff,0x93,0x47,0xff,0x83,
  0x07,0xff,0x31,0x03,0xff,0x31,0x24,0xff,0xac,0x0a,0xff,0xd4,0xeb,0xff,0x49,0x62,
  0xff,0x08,0x00,0xff,0x10,0xa3,0x00,0x10,0xa3,0x00,0x19,0x04,0x00,0x21,0x24,0x00,
  0x21,0x04,0x00,0x21,0x04,0x00,0x21,0x04,0x00,0x21,0x04,0x00,0x21,0x04,0x00,0x21,
  0x04,0x00,0x21,0x04,0x00,0x21,0x04,0x00,0x21,0x04,0x00,0x21,0x04,0x00,0x21,0x04,
  0x00,0x21,0x04,0x00,0x19,0x04,0x00,0x19,0x04,0x00,0x19,0x04,0x00,0x19,0x04,0x00,
  0x21,0x04,0x00,0x21,0x04,0x00,0x21,0x04,0x00,0x19,0x04,0x00,0x21,0x04,0x00,0x21,
  0x04,0x00,0x21,0x04,0x00,0x21,0x04,0x00,0x21,0x04,0x00,0x21,0x04,0x00,0x21,0x04,
  0x00,0x21,0x04,0x00,0x21,0x04,0x00,0x21,0x04,0x00,0x21,0x04,0x00,0x21,0x04,0x00,
  0x21,0x04,0x00,0x19,0x04,0x00,0x21,0x04,0x00,0x21,0x04,0x00,0x21,0x04,0x00,0x21,
  0x04,0x00,0x19,0x04,0x00,0x21,0x04,0x00,0x21,0x04,0x00,0x21,0x04,0x00,0x21,0x04,
  0x00,0x21,0x04,0x00,0x21,0x04,0x00,0x21,0x04,0x00,0x21,0x04,0x00,0x19,0x04,0x00,
  0x21,0x04,0x00,0x21,0x04,0x00,0x21,0x04,0x00,0x21,0x04,0x00,0x21,0x04,0x00,0x19,
  0x04,0x00,0x21,0x04,0x00,0x21,0x04,0x00,0x21,0x04,0x00,0x21,0x04,0x00,0x21,0x04,
  0x00,0x21,0x04,0x00,0x21,0x04,0x00,0x21,0x04,0x00,0x21,0x04,0x00,0x21,0x04,0x00,
  0x19,0x04,0x00,0x19,0x04,0x00,0x19,0x04,0x00,0x21,0x04,0x00,0x19,0x04,0x00,0x21,
  0x04,0x00,0x21,0x04,0x00,0x21,0x04,0x00,0x21,0x04,0x00,0x19,0x04,0x00,0x19,0x04,
  0x00,0x21,0x04,0x00,0x21,0x04,0x00,0x21,0x04,0x00,0x21,0x04,0x00,0x21,0x04,0x00,
  0x19,0x04,0x00,0x21,0x04,0x00,0x19,0x04,0x00,0x19,0x04,0x00,0x19,0x04,0x00,0x19,
  0x04,0x00,0x19,0x04,0x00,0x21,0x04,0x00,0x21,0x04,0x00,0x21,0x04,0x00,0x21,0x04,
  0x00,0x21,0x04,0x00,0x21,0x04,0x00,0x21,0x04,0x00,0x21,0x04,0x00,0x21,0x04,0x00,
  0x21,0x04,0x00,0x21,0x04,0x00,0x21,0x04,0x00,0x21,0x04,0x00,0x21,0x04,0x00,0x21,
  0x24,0x00,0x21,0x24,0x00,0x08,0x21,0xff,0x08,0x21,0xff,0x39,0x43,0xff,0xf6,0xaf,
  0xff,0xff,0x50,0xff,0xdd,0x29,0xff,0x61,0xa3,0xff,0x41,0x63,0xff,0x10,0x21,0xff,
  0x10,0x21,0xff,0x10,0x21,0xff,0x10,0x21,0xff,0x39,0x43,0xff,0x39,0x22,0xff,0x31,
  0x43,0xff,0x28,0xa2,0xff,0x49,0xa4,0xff,0x72,0x45,0xff,0x82,0x85,0xff,0x72,0x44,
  0xff,0x72,0x44,0xff,0x72,0x65,0xff,0x6a,0x44,0xff,0x6a,0x45,0xff,0x72,0x45,0xff,
  0x72,0x45,0xff,0x6a,0x44,0xff,0x72,0x65,0xff,0x72,0x45,0xff,0x72,0x45,0xff,0x72,
  0x85,0xff,0x72,0x85,0xff,0x7a,0x86,0xff,0x6a,0x45,0xff,0x6a,0x65,0xff,0x62,0x25,
  0xff,0x62,0x45,0xff,0x41,0x63,0xff,0x31,0x02,0xff,0x31,0x02,0xff,0x20,0xc2,0xff,
  0x10,0xa1,0xff,0x08,0x41,0xff,0x08,0x41,0xff,0x5a,0x25,0xff,0xb4,0x4b,0xff,0x51,
  0xc4,0xff,0x28,0xc2,0xff,0x49,0x42,0xff,0x49,0x42,0xff,0xab,0x67,0xff,0xe5,0xb0,
  0xff,0xf6,0xd4,0xff,0xee,0x51,0xff,0xed,0xce,0xff,0xb4,0x08,0xff,0x9b,0x88,0xff,
  0x6a,0x05,0xff,0x72,0x45,0xff,0x72,0x45,0xff,0x93,0x88,0xff,0x9b,0x68,0xff,0xb4,
  0x0a,0xff,0x9b,0x88,0xff,0x39,0x42,0xff,0x49,0x42,0xff,0x41,0x22,0xff,0x18,0x61,
  0x00,0x18,0x61,0x00,0x10,0x82,0x00,0x21,0x04,0x00,0x21,0x04,0x00,0x21,0x04,0x00,
  0x21,0x04,0x00,0x21,0x04,0x00,0x21,0x04,0x00,0x21,0x04,0x00,0x21,0x04,0x00,0x21,
  0x04,0x00,0x21,0x04,0x00,0x21,0x04,0x00,0x21,0x04,0x00,0x19,0x04,0x00,0x19,0x04,
  0x00,0x19,0x04,0x00,0x19,0x04,0x00,0x19,0x04,0x00,0x19,0x04,0x00,0x19,0x04,0x00,
  0x19,0x04,0x00,0x19,0x04,0x00,0x19,0x04,0x00,0x21,0x04,0x00,0x21,0x04,0x00,0x21,
  0x04,0x00,0x21,0x04,0x00,0x21,0x04,0x00,0x21,0x04,0x00,0x21,0x04,0x00,0x21,0x04,
  0x00,0x21,0x04,0x00,0x21,0x04,0x00,0x19,0x04,0x00,0x19,0x04,0x00,0x21,0x04,0x00,
  0x21,0x04,0x00,0x19,0x04,0x00,0x19,0x04,0x00,0x21,0x04,0x00,0x19,0x04,0x00,0x19,
  0x04,0x00,0x21,0x04,0x00,0x21,0x04,0x00,0x21,0x04,0x00,0x21,0x04,0x00,0x21,0x04,
  0x00,0x21,0x04,0x00,0x21,0x04,0x00,0x21,0x04,0x00,0x21,0x04,0x00,0x21,0x04,0x00,
  0x21,0x04,0x00,0x21,0x04,0x00,0x21,0x04,0x00,0x19,0x04,0x00,0x21,0x04,0x00,0x21,
  0x04,0x00,0x21,0x04,0x00,0x21,0x04,0x00,0x21,0x04,0x00,0x21,0x04,0x00,0x21,0x04,
  0x00,0x21,0x04,0x00,0x21,0x04,0x00,0x21,0x04,0x00,0x19,0x04,0x00,0x19,0x04,0x00,
  0x19,0x04,0x00,0x19,0x04,0x00,0x21,0x04,0x00,0x21,0x04,0x00,0x21,0x04,0x00,0x19,
  0x04,0x00,0x19,0x04,0x00,0x19,0x04,0x00,0x19,0x04,0x00,0x19,0x04,0x00,0x19,0x04,
  0x00,0x19,0x04,0x00,0x19,0x04,0x00,0x19,0x04,0x00,0x19,0x04,0x00,0x19,0x04,0x00,
  0x19,0x04,0x00,0x19,0x04,0x00,0x19,0x04,0x00,0x19,0x04,0x00,0x19,0x04,0x00,0x21,
  0x04,0x00,0x19,0x04,0x00,0x21,0x04,0x00,0x21,0x04,0x00,0x21,0x04,0x00,0x21,0x04,
  0x00,0x21,0x04,0x00,0x21,0x04,0x00,0x21,0x04,0x00,0x21,0x04,0x00,0x21,0x04,0x00,
  0x21,0x04,0x00,0x21,0x24,0x00,0x21,0x24,0x00,0x10,0xa2,0x00,0x08,0x41,0xff,0x28,
  0xa2,0xff,0x28,0xa2,0xff,0x8a,0xa7,0xff,0xcc,0xca,0xff,0xbc,0x26,0xff,0x72,0x64,
  0xff,0x10,0x41,0xff,0x08,0x21,0xff,0x10,0x61,0xff,0x31,0x43,0xff,0x31,0x43,0xff,
  0x59,0xc4,0xff,0x8a,0xe6,0xff,0x93,0x26,0xff,0x93,0x26,0xff,0x8a,0xe6,0xff,0x93,
  0x47,0xff,0x72,0x45,0xff,0x59,0xc4,0xff,0x59,0xc4,0xff,0x59,0xc4,0xff,0x59,0xc4,
  0xff,0x61,0xe4,0xff,0x62,0x04,0xff,0x61,0xe4,0xff,0x62,0x04,0xff,0x62,0x04,0xff,
  0x62,0x05,0xff,0x62,0x05,0xff,0x62,0x05,0xff,0x6a,0x45,0xff,0x6a,0x25,0xff,0x62,
  0x05,0xff,0x6a,0x25,0xff,0x6a,0x45,0xff,0x6a,0x45,0xff,0x72,0x65,0xff,0x6a,0x45,
  0xff,0x7a,0xc6,0xff,0x7a,0xc6,0xff,0x62,0x25,0xff,0x41,0xa4,0xff,0x18,0xa1,0xff,
  0x08,0x41,0xff,0x18,0x81,0xff,0x18,0x81,0xff,0x00,0x00,0xff,0x00,0x00,0xff,0x10,
  0x41,0xff,0x10,0x41,0xff,0x9b,0x06,0xff,0xe5,0x0d,0xff,0xee,0x2f,0xff,0xbc,0x4a,
  0xff,0x9b,0x48,0xff,0x8b,0x07,0xff,0x93,0x47,0xff,0x8b,0x07,0xff,0x8b,0x48,0xff,
  0x8b,0x48,0xff,0x7a,0xa6,0xff,0xab,0xe9,0xff,0xcc,0xab,0xff,0x72,0x45,0xff,0x08,
  0x41,0xff,0x18,0xc2,0xff,0x59,0xe4,0xff,0x72,0x24,0xff,0x72,0x24,0xff,0x20,0x80,
  0x00,0x10,0x62,0x00,0x18,0xc3,0x00,0x21,0x24,0x00,0x21,0x04,0x00,0x21,0x04,0x00,
  0x21,0x04,0x00,0x21,0x04,0x00,0x21,0x04,0x00,0x21,0x04,0x00,0x21,0x04,0x00,0x21,
  0x04,0x00,0x21,0x04,0x00,0x19,0x04,0x00,0x19,0x04,0x00,0x19,0x04,0x00,0x19,0x04,
  0x00,0x19,0x04,0x00,0x19,0x04,0x00,0x19,0x04,0x00,0x19,0x04,0x00,0x21,0x04,0x00,
  0x19,0x04,0x00,0x21,0x04,0x00,0x21,0x04,0x00,0x21,0x04,0x00,0x21,0x04,0x00,0x21,
  0x04,0x00,0x21,0x04,0x00,0x19,0x04,0x00,0x21,0x04,0x00,0x21,0x04,0x00,0x21,0x04,
  0x00,0x21,0x04,0x00,0x21,0x04,0x00,0x19,0x04,0x00,0x19,0x04,0x00,0x19,0x04,0x00,
  0x19,0x04,0x00,0x19,0x04,0x00,0x19,0x04,0x00,0x19,0x04,0x00,0x19,0x04,0x00,0x21,
  0x04,0x00,0x21,0x04,0x00,0x21,0x04,0x00,0x21,0x04,0x00,0x21,0x04,0x00,0x21,0x04,
  0x00,0x21,0x04,0x00,0x21,0x04,0x00,0x21,0x04,0x00,0x21,0x04,0x00,0x21,0x04,0x00,
  0x21,0x04,0x00,0x21,0x04,0x00,0x21,0x04,0x00,0x21,0x04,0x00,0x21,0x04,0x00,0x21,
  0x04,0x00,0x21,0x04,0x00,0x21,0x04,0x00,0x21,0x04,0x00,0x21,0x04,0x00,0x21,0x04,
  0x00,0x21,0x04,0x00,0x19,0x04,0x00,0x19,0x04,0x00,0x19,0x04,0x00,0x21,0x04,0x00,
  0x21,0x04,0x00,0x21,0x04,0x00,0x21,0x04,0x00,0x19,0x04,0x00,0x19,0x04,0x00,0x21,
  0x04,0x00,0x21,0x04,0x00,0x19,0x04,0x00,0x19,0x04,0x00,0x19,0x04,0x00,0x19,0x04,
  0x00,0x19,0x04,0x00,0x19,0x04,0x00,0x19,0x04,0x00,0x19,0x04,0x00,0x19,0x04,0x00,
  0x19,0x04,0x00,0x19,0x04,0x00,0x19,0x04,0x00,0x21,0x04,0x00,0x21,0x04,0x00,0x21,
  0x04,0x00,0x21,0x04,0x00,0x21,0x04,0x00,0x21,0x04,0x00,0x21,0x04,0x00,0x21,0x04,
  0x00,0x21,0x04,0x00,0x21,0x04,0x00,0x21,0x04,0x00,0x21,0x04,0x00,0x21,0x04,0x00,
  0x10,0xa2,0x00,0x31,0x43,0x00,0x9b,0xc9,0xff,0xd5,0x2c,0xff,0xd5,0x2c,0xff,0x62,
  0x25,0xff,0x18,0x41,0xff,0x20,0x81,0xff,0x28,0xc2,0xff,0x20,0xa2,0xff,0x31,0x23,
  0xff,0x49,0x84,0xff,0x83,0x07,0xff,0x83,0x07,0xff,0x93,0x26,0xff,0x8a,0xc6,0xff,
  0x72,0x24,0xff,0x82,0xa5,0xff,0x82,0xa6,0xff,0x82,0xc6,0xff,0x72,0x85,0xff,0x6a,
  0x45,0xff,0x59,0xe4,0xff,0x59,0xe4,0xff,0x59,0xe4,0xff,0x6a,0x45,0xff,0x6a,0x65,
  0xff,0x62,0x25,0xff,0x62,0x25,0xff,0x6a,0x45,0xff,0x6a,0x45,0xff,0x6a,0x45,0xff,
  0x6a,0x45,0xff,0x6a,0x25,0xff,0x6a,0x25,0xff,0x6a,0x45,0xff,0x6a,0x45,0xff,0x6a,
  0x45,0xff,0x59,0xe4,0xff,0x61,0xe4,0xff,0x62,0x25,0xff,0x6a,0x45,0xff,0x6a,0x45,
  0xff,0x6a,0x45,0xff,0x72,0x86,0xff,0x39,0x43,0xff,0x18,0x81,0xff,0x08,0x20,0xff,
  0x00,0x00,0xff,0x00,0x00,0xff,0x00,0x00,0xff,0x18,0xc2,0xff,0x18,0xc2,0xff,0x62,
  0x65,0xff,0x49,0x23,0xff,0x51,0xe4,0xff,0x51,0xa3,0xff,0x59,0xa4,0xff,0x59,0xa5,
  0xff,0x8b,0x07,0xff,0x93,0x88,0xff,0x9b,0xc9,0xff,0x9b,0xc9,0xff,0x6a,0x46,0xff,
  0x82,0xe7,0xff,0xbc,0x0a,0xff,0xc4,0x49,0xff,0x82,0xe6,0xff,0x49,0xa4,0xff,0x20,
  0xa1,0xff,0x7a,0x85,0xff,0x7a,0x85,0xff,0x6a,0x03,0xff,0x18,0x81,0x00,0x08,0x61,
  0x00,0x18,0xe3,0x00,0x21,0x04,0x00,0x21,0x24,0x00,0x21,0x04,0x00,0x21,0x24,0x00,
  0x21,0x04,0x00,0x21,0x04,0x00,0x21,0x04,0x00,0x19,0x04,0x00,0x21,0x04,0x00,0x18,
  0xe4,0x00,0x19,0x04,0x00,0x18,0xe3,0x00,0x19,0x03,0x00,0x18,0xe3,0x00,0x21,0x03,
  0x00,0x21,0x03,0x00,0x21,0x04,0x00,0x21,0x04,0x00,0x19,0x04,0x00,0x19,0x04,0x00,
  0x19,0x04,0x00,0x21,0x04,0x00,0x21,0x04,0x00,0x21,0x04,0x00,0x21,0x04,0x00,0x19,
  0x04,0x00,0x21,0x04,0x00,0x21,0x04,0x00,0x21,0x04,0x00,0x21,0x04,0x00,0x21,0x04,
  0x00,0x19,0x04,0x00,0x19,0x04,0x00,0x19,0x04,0x00,0x19,0x04,0x00,0x19,0x04,0x00,
  0x21,0x04,0x00,0x19,0x04,0x00,0x21,0x04,0x00,0x21,0x04,0x00,0x21,0x04,0x00,0x21,
  0x04,0x00,0x21,0x04,0x00,0x21,0x04,0x00,0x21,0x04,0x00,0x21,0x04,0x00,0x21,0x04,
  0x00,0x21,0x04,0x00,0x21,0x04,0x00,0x21,0x04,0x00,0x21,0x04,0x00,0x21,0x04,0x00,
  0x21,0x04,0x00,0x21,0x04,0x00,0x21,0x04,0x00,0x21,0x04,0x00,0x21,0x04,0x00,0x21,
  0x04,0x00,0x21,0x04,0x00,0x21,0x04,0x00,0x21,0x04,0x00,0x21,0x04,0x00,0x19,0x04,
  0x00,0x19,0x04,0x00,0x19,0x04,0x00,0x21,0x04,0x00,0x21,0x04,0x00,0x21,0x04,0x00,
  0x21,0x04,0x00,0x19,0x04,0x00,0x19,0x04,0x00,0x21,0x04,0x00,0x21,0x04,0x00,0x21,
  0x04,0x00,0x19,0x04,0x00,0x19,0x04,0x00,0x19,0x04,0x00,0x19,0x04,0x00,0x19,0x04,
  0x00,0x19,0x04,0x00,0x19,0x04,0x00,0x19,0x04,0x00,0x19,0x04,0x00,0x19,0x04,0x00,
  0x19,0x04,0x00,0x21,0x04,0x00,0x21,0x04,0x00,0x21,0x04,0x00,0x21,0x04,0x00,0x21,
  0x04,0x00,0x21,0x04,0x00,0x21,0x04,0x00,0x21,0x04,0x00,0x21,0x04,0x00,0x21,0x04,
  0x00,0x21,0x04,0x00,0x21,0x04,0x00,0x19,0x04,0x00,0x18,0x81,0x00,0x82,0xc7,0xff,
  0xff,0x32,0xff,0xa4,0x08,0xff,0xa4,0x08,0xff,0x18,0x81,0xff,0x10,0x21,0xff,0x31,
  0x03,0xff,0x62,0x24,0xff,0x72,0x65,0xff,0x8b,0x26,0xff,0x82,0xc6,0xff,0x7a,0xa6,
  0xff,0x7a,0xa6,0xff,0x6a,0x25,0xff,0x6a,0x45,0xff,0x72,0x65,0xff,0x7a,0xa6,0xff,
  0x72,0x25,0xff,0x72,0x65,0xff,0x7a,0xa5,0xff,0x72,0x85,0xff,0x62,0x04,0xff,0x62,
  0x04,0xff,0x6a,0x45,0xff,0x6a,0x45,0xff,0x62,0x04,0xff,0x6a,0x25,0xff,0x6a,0x25,
  0xff,0x62,0x04,0xff,0x62,0x05,0xff,0x6a,0x45,0xff,0x6a,0x45,0xff,0x6a,0x45,0xff,
  0x6a,0x45,0xff,0x6a,0x65,0xff,0x62,0x25,0xff,0x59,0xc4,0xff,0x59,0xe4,0xff,0x6a,
  0x45,0xff,0x59,0xc4,0xff,0x61,0xe4,0xff,0x61,0xe4,0xff,0x6a,0x25,0xff,0x6a,0x25,
  0xff,0x51,0xc4,0xff,0x49,0x83,0xff,0x39,0x43,0xff,0x39,0x42,0xff,0x18,0x81,0xff,
  0x10,0x61,0xff,0x18,0xa2,0xff,0x18,0xa2,0xff,0x08,0x21,0xff,0x00,0x00,0xff,0x08,
  0x21,0xff,0x20,0x82,0xff,0x72,0xc7,0xff,0x93,0x89,0xff,0x8b,0x27,0xff,0x59,0xa4,
  0xff,0x72,0x87,0xff,0x72,0x87,0xff,0x7a,0xa7,0xff,0x6a,0x06,0xff,0x8a,0x87,0xff,
  0xdc,0xaa,0xff,0xcc,0x49,0xff,0x72,0x05,0xff,0x49,0x64,0xff,0x49,0x63,0xff,0x49,
  0x63,0xff,0x38,0xe2,0xff,0x30,0xc2,0x00,0x28,0xe2,0x00,0x10,0x81,0x00,0x10,0xa3,
  0x00,0x21,0x24,0x00,0x21,0x24,0x00,0x19,0x04,0x00,0x21,0x04,0x00,0x21,0x04,0x00,
  0x21,0x04,0x00,0x18,0xe4,0x00,0x19,0x04,0x00,0x18,0xe3,0x00,0x19,0x04,0x00,0x19,
  0x03,0x00,0x19,0x03,0x00,0x19,0x03,0x00,0x21,0x03,0x00,0x21,0x03,0x00,0x21,0x04,
  0x00,0x19,0x04,0x00,0x19,0x03,0x00,0x19,0x04,0x00,0x19,0x04,0x00,0x19,0x04,0x00,
  0x19,0x04,0x00,0x19,0x04,0x00,0x19,0x04,0x00,0x19,0x04,0x00,0x21,0x04,0x00,0x21,
  0x04,0x00,0x21,0x04,0x00,0x21,0x04,0x00,0x21,0x04,0x00,0x19,0x04,0x00,0x19,0x04,
  0x00,0x21,0x04,0x00,0x21,0x04,0x00,0x21,0x04,0x00,0x21,0x04,0x00,0x21,0x04,0x00,
  0x19,0x04,0x00,0x21,0x04,0x00,0x21,0x04,0x00,0x21,0x04,0x00,0x19,0x04,0x00,0x19,
  0x04,0x00,0x19,0x04,0x00,0x19,0x04,0x00,0x21,0x04,0x00,0x19,0x04,0x00,0x19,0x04,
  0x00,0x21,0x04,0x00,0x21,0x04,0x00,0x21,0x04,0x00,0x21,0x04,0x00,0x21,0x04,0x00,
  0x21,0x04,0x00,0x21,0x04,0x00,0x21,0x04,0x00,0x21,0x04,0x00,0x21,0x04,0x00,0x21,
  0x04,0x00,0x21,0x04,0x00,0x21,0x04,0x00,0x21,0x04,0x00,0x21,0x04,0x00,0x21,0x04,
  0x00,0x19,0x04,0x00,0x21,0x04,0x00,0x21,0x04,0x00,0x21,0x04,0x00,0x19,0x04,0x00,
  0x19,0x04,0x00,0x19,0x04,0x00,0x19,0x04,0x00,0x19,0x04,0x00,0x19,0x04,0x00,0x19,
  0x04,0x00,0x18,0xe4,0x00,0x19,0x04,0x00,0x19,0x04,0x00,0x18,0xe4,0x00,0x18,0xe4,
  0x00,0x18,0xe4,0x00,0x18,0xe4,0x00,0x19,0x04,0x00,0x19,0x04,0x00,0x19,0x04,0x00,
  0x19,0x04,0x00,0x21,0x04,0x00,0x21,0x04,0x00,0x21,0x04,0x00,0x21,0x04,0x00,0x21,
  0x04,0x00,0x21,0x04,0x00,0x21,0x04,0x00,0x21,0x04,0x00,0x21,0x24,0x00,0x10,0xa3,
  0x00,0x20,0xe2,0x00,0xbc,0xaa,0xff,0xab,0xe8,0xff,0x51,0xa3,0xff,0x20,0xa1,0xff,
  0x20,0xa1,0xff,0x28,0xe2,0xff,0x62,0x24,0xff,0x7a,0xa6,0xff,0x8b,0x06,0xff,0x7a,
  0x44,0xff,0x7a,0x85,0xff,0x72,0x65,0xff,0x72,0x85,0xff,0x72,0x85,0xff,0x6a,0x45,
  0xff,0x62,0x04,0xff,0x59,0xe4,0xff,0x6a,0x04,0xff,0x7a,0xa6,0xff,0x7a,0x85,0xff,
  0x6a,0x25,0xff,0x69,0xe4,0xff,0x6a,0x24,0xff,0x6a,0x24,0xff,0x6a,0x45,0xff,0x72,
  0x65,0xff,0x6a,0x45,0xff,0x6a,0x45,0xff,0x72,0x85,0xff,0x6a,0x24,0xff,0x6a,0x25,
  0xff,0x6a,0x45,0xff,0x6a,0x45,0xff,0x6a,0x25,0xff,0x62,0x25,0xff,0x6a,0x65,0xff,
  0x62,0x04,0xff,0x59,0xc4,0xff,0x51,0xc4,0xff,0x59,0xe5,0xff,0x62,0x25,0xff,0x6a,
  0x65,0xff,0x6a,0x65,0xff,0x62,0x25,0xff,0x62,0x05,0xff,0x59,0xc4,0xff,0x61,0xe4,
  0xff,0x6a,0x25,0xff,0x72,0x65,0xff,0x59,0xc3,0xff,0x59,0xe4,0xff,0x49,0xa4,0xff,
  0x49,0xa4,0xff,0x20,0xc2,0xff,0x08,0x20,0xff,0x08,0x41,0xff,0x08,0x61,0xff,0x31,
  0x63,0xff,0x62,0x46,0xff,0xb4,0x0a,0xff,0xa3,0xa8,0xff,0x8b,0x67,0xff,0x8b,0x67,
  0xff,0x7a,0xc7,0xff,0xa3,0xca,0xff,0xab,0xe9,0xff,0xbc,0x29,0xff,0xcc,0x6a,0xff,
  0xcc,0x8a,0xff,0xcc,0xeb,0xff,0x6a,0x45,0xff,0x6a,0x45,0xff,0x18,0x61,0x00,0x31,
  0x23,0x00,0x5a,0x04,0x00,0x30,0xe2,0x00,0x10,0x61,0xff,0x19,0x03,0x00,0x21,0x04,
  0x00,0x21,0x24,0x00,0x18,0xe4,0x00,0x18,0xe4,0x00,0x19,0x04,0x00,0x18,0xe4,0x00,
  0x19,0x04,0x00,0x18,0xe3,0x00,0x10,0xc3,0x00,0x10,0xc3,0x00,0x10,0xe3,0x00,0x10,
  0xc3,0x00,0x18,0xe3,0x00,0x18,0xe3,0x00,0x18,0xe3,0x00,0x18,0xe3,0x00,0x19,0x04,
  0x00,0x19,0x03,0x00,0x19,0x04,0x00,0x19,0x04,0x00,0x19,0x04,0x00,0x19,0x04,0x00,
  0x19,0x04,0x00,0x21,0x04,0x00,0x21,0x04,0x00,0x21,0x04,0x00,0x21,0x04,0x00,0x21,
  0x04,0x00,0x21,0x04,0x00,0x21,0x04,0x00,0x21,0x04,0x00,0x21,0x04,0x00,0x21,0x04,
  0x00,0x21,0x04,0x00,0x19,0x04,0x00,0x21,0x04,0x00,0x21,0x04,0x00,0x19,0x04,0x00,
  0x19,0x04,0x00,0x19,0x04,0x00,0x19,0x04,0x00,0x19,0x04,0x00,0x19,0x04,0x00,0x19,
  0x04,0x00,0x21,0x04,0x00,0x21,0x04,0x00,0x21,0x04,0x00,0x19,0x04,0x00,0x21,0x04,
  0x00,0x21,0x04,0x00,0x21,0x04,0x00,0x21,0x04,0x00,0x19,0x04,0x00,0x21,0x04,0x00,
  0x21,0x04,0x00,0x21,0x04,0x00,0x21,0x04,0x00,0x21,0x04,0x00,0x21,0x04,0x00,0x21,
  0x04,0x00,0x21,0x04,0x00,0x21,0x04,0x00,0x21,0x04,0x00,0x19,0x04,0x00,0x21,0x04,
  0x00,0x21,0x04,0x00,0x21,0x04,0x00,0x19,0x04,0x00,0x19,0x04,0x00,0x19,0x04,0x00,
  0x19,0x04,0x00,0x19,0x04,0x00,0x19,0x04,0x00,0x19,0x04,0x00,0x18,0xe4,0x00,0x19,
  0x04,0x00,0x19,0x04,0x00,0x18,0xe4,0x00,0x18,0xe4,0x00,0x18,0xe4,0x00,0x18,0xe4,
  0x00,0x19,0x04,0x00,0x19,0x04,0x00,0x19,0x04,0x00,0x19,0x04,0x00,0x21,0x04,0x00,
  0x21,0x04,0x00,0x21,0x04,0x00,0x21,0x04,0x00,0x21,0x04,0x00,0x21,0x04,0x00,0x21,
  0x04,0x00,0x21,0x04,0x00,0x21,0x24,0x00,0x10,0xa3,0x00,0x20,0xe2,0x00,0xbc,0xaa,
  0xff,0xab,0xe8,0xff,0x51,0xa3,0xff,0x20,0xa1,0xff,0x20,0xa1,0xff,0x28,0xe2,0xff,
  0x62,0x24,0xff,0x7a,0xa6,0xff,0x8b,0x06,0xff,0x7a,0x44,0xff,0x7a,0x85,0xff,0x72,
  0x65,0xff,0x72,0x85,0xff,0x72,0x85,0xff,0x6a,0x45,0xff,0x62,0x04,0xff,0x59,0xe4,
  0xff,0x6a,0x04,0xff,0x7a,0xa6,0xff,0x7a,0x85,0xff,0x6a,0x25,0xff,0x69,0xe4,0xff,
  0x6a,0x24,0xff,0x6a,0x24,0xff,0x6a,0x45,0xff,0x72,0x65,0xff,0x6a,0x45,0xff,0x6a,
  0x45,0xff,0x72,0x85,0xff,0x6a,0x24,0xff,0x6a,0x25,0xff,0x6a,0x45,0xff,0x6a,0x45,
  0xff,0x6a,0x25,0xff,0x62,0x25,0xff,0x6a,0x65,0xff,0x62,0x04,0xff,0x59,0xc4,0xff,
  0x51,0xc4,0xff,0x59,0xe5,0xff,0x62,0x25,0xff,0x6a,0x65,0xff,0x6a,0x65,0xff,0x62,
  0x25,0xff,0x62,0x05,0xff,0x59,0xc4,0xff,0x61,0xe4,0xff,0x6a,0x25,0xff,0x72,0x65,
  0xff,0x59,0xc3,0xff,0x59,0xe4,0xff,0x49,0xa4,0xff,0x49,0xa4,0xff,0x20,0xc2,0xff,
  0x08,0x20,0xff,0x08,0x41,0xff,0x08,0x61,0xff,0x31,0x63,0xff,0x62,0x46,0xff,0xb4,
  0x0a,0xff,0xa3,0xa8,0xff,0x8b,0x67,0xff,0x8b,0x67,0xff,0x7a,0xc7,0xff,0xa3,0xca,
  0xff,0xab,0xe9,0xff,0xbc,0x29,0xff,0xcc,0x6a,0xff,0xcc,0x8a,0xff,0xcc,0xeb,0xff,
  0x6a,0x45,0xff,0x6a,0x45,0xff,0x18,0x61,0x00,0x31,0x23,0x00,0x5a,0x04,0x00,0x30,
  0xe2,0x00,0x10,0x61,0xff,0x19,0x03,0x00,0x21,0x04,0x00,0x21,0x24,0x00,0x18,0xe4,
  0x00,0x18,0xe4,0x00,0x19,0x04,0x00,0x18,0xe4,0x00,0x19,0x04,0x00,0x18,0xe3,0x00,
  0x10,0xc3,0x00,0x10,0xc3,0x00,0x10,0xe3,0x00,0x10,0xc3,0x00,0x18,0xe3,0x00,0x18,
  0xe3,0x00,0x18,0xe3,0x00,0x18,0xe3,0x00,0x19,0x04,0x00,0x19,0x03,0x00,0x19,0x04,
  0x00,0x19,0x04,0x00,0x19,0x04,0x00,0x19,0x04,0x00,0x19,0x04,0x00,0x21,0x04,0x00,
  0x21,0x04,0x00,0x21,0x04,0x00,0x21,0x04,0x00,0x21,0x04,0x00,0x21,0x04,0x00,0x21,
  0x04,0x00,0x21,0x04,0x00,0x21,0x04,0x00,0x21,0x04,0x00,0x21,0x04,0x00,0x19,0x04,
  0x00,0x21,0x04,0x00,0x21,0x04,0x00,0x19,0x04,0x00,0x19,0x04,0x00,0x19,0x04,0x00,
  0x19,0x04,0x00,0x19,0x04,0x00,0x19,0x04,0x00,0x19,0x04,0x00,0x21,0x04,0x00,0x21,
  0x04,0x00,0x21,0x04,0x00,0x19,0x04,0x00,0x21,0x04,0x00,0x21,0x04,0x00,0x21,0x04,
  0x00,0x21,0x04,0x00,0x19,0x04,0x00,0x21,0x04,0x00,0x21,0x04,0x00,0x21,0x04,0x00,
  0x21,0x04,0x00,0x21,0x04,0x00,0x21,0x04,0x00,0x21,0x04,0x00,0x21,0x04,0x00,0x21,
  0x04,0x00,0x21,0x04,0x00,0x19,0x04,0x00,0x21,0x04,0x00,0x21,0x04,0x00,0x21,0x04,
  0x00,0x19,0x04,0x00,0x19,0x04,0x00,0x19,0x04,0x00,0x19,0x04,0x00,0x21,0x04,0x00,
  0x19,0x04,0x00,0x18,0xe4,0x00,0x18,0xe4,0x00,0x18,0xe4,0x00,0x18,0xe3,0x00,0x18,
  0xe3,0x00,0x18,0xe3,0x00,0x18,0xe3,0x00,0x18,0xe3,0x00,0x18,0xe3,0x00,0x18,0xe4,
  0x00,0x19,0x04,0x00,0x19,0x04,0x00,0x21,0x04,0x00,0x21,0x04,0x00,0x21,0x04,0x00,
  0x21,0x04,0x00,0x21,0x04,0x00,0x21,0x04,0x00,0x21,0x04,0x00,0x21,0x04,0x00,0x21,
  0x24,0x00,0x08,0x62,0xff,0x08,0x60,0xff,0xb4,0x8a,0xff,0x93,0x67,0xff,0x20,0x40,
  0xff,0x51,0xa4,0xff,0x51,0xa4,0xff,0x72,0x65,0xff,0x8b,0x06,0xff,0x72,0x64,0xff,
  0x6a,0x24,0xff,0x6a,0x25,0xff,0x62,0x04,0xff,0x61,0xe4,0xff,0x62,0x04,0xff,0x62,
  0x04,0xff,0x6a,0x45,0xff,0x6a,0x45,0xff,0x51,0xa3,0xff,0x59,0xe4,0xff,0x6a,0x45,
  0xff,0x72,0x65,0xff,0x6a,0x04,0xff,0x6a,0x45,0xff,0x6a,0x44,0xff,0x6a,0x44,0xff,
  0x6a,0x45,0xff,0x6a,0x25,0xff,0x72,0x85,0xff,0x72,0x86,0xff,0x72,0x65,0xff,0x6a,
  0x65,0xff,0x6a,0x45,0xff,0x61,0xe4,0xff,0x61,0xe4,0xff,0x5a,0x04,0xff,0x5a,0x04,
  0xff,0x62,0x04,0xff,0x59,0xe4,0xff,0x59,0xe4,0xff,0x51,0x83,0xff,0x59,0xc4,0xff,
  0x6a,0x45,0xff,0x72,0x85,0xff,0x72,0x85,0xff,0x62,0x04,0xff,0x59,0xc4,0xff,0x61,
  0xe4,0xff,0x6a,0x25,0xff,0x59,0xc4,0xff,0x61,0xc4,0xff,0x59,0xc3,0xff,0x69,0xe4,
  0xff,0x82,0xe6,0xff,0x82,0xe6,0xff,0x8b,0x26,0xff,0x49,0x83,0xff,0x20,0xc1,0xff,
  0x08,0x41,0xff,0x00,0x41,0xff,0x08,0x20,0xff,0x62,0x45,0xff,0xd5,0x0b,0xff,0xd5,
  0x4d,0xff,0xd5,0x4d,0xff,0x82,0xa7,0xff,0x93,0x48,0xff,0xbc,0x4c,0xff,0x92,0xa7,
  0xff,0xa3,0x48,0xff,0xfe,0xaf,0xff,0xf6,0x2d,0xff,0xa3,0x46,0xff,0xa3,0x46,0xff,
  0x59,0xa3,0xff,0x31,0x22,0x00,0x28,0xc2,0x00,0x59,0xc4,0xff,0x28,0xc1,0xff,0x10,
  0x61,0xff,0x18,0xe3,0x00,0x29,0x44,0x00,0x18,0xe3,0x00,0x18,0xe3,0x00,0x21,0x24,
  0x00,0x18,0xe4,0x00,0x18,0xc3,0x00,0x29,0x03,0x00,0x61,0xe3,0x00,0x6a,0x03,0x00,
  0x6a,0x24,0x00,0x6a,0x04,0x00,0x6a,0x24,0x00,0x6a,0x24,0x00,0x82,0x64,0x00,0x59,
  0xa3,0x00,0x10,0xc3,0x00,0x19,0x04,0x00,0x19,0x04,0x00,0x19,0x04,0x00,0x19,0x04,
  0x00,0x19,0x04,0x00,0x19,0x04,0x00,0x21,0x04,0x00,0x21,0x04,0x00,0x21,0x04,0x00,
  0x21,0x04,0x00,0x21,0x04,0x00,0x21,0x04,0x00,0x21,0x04,0x00,0x21,0x04,0x00,0x21,
  0x04,0x00,0x21,0x04,0x00,0x21,0x04,0x00,0x19,0x04,0x00,0x19,0x04,0x00,0x21,0x04,
  0x00,0x21,0x04,0x00,0x19,0x04,0x00,0x19,0x04,0x00,0x19,0x04,0x00,0x19,0x04,0x00,
  0x19,0x04,0x00,0x21,0x04,0x00,0x21,0x04,0x00,0x21,0x04,0x00,0x21,0x04,0x00,0x19,
  0x04,0x00,0x21,0x04,0x00,0x21,0x04,0x00,0x21,0x04,0x00,0x21,0x04,0x00,0x19,0x04,
  0x00,0x21,0x04,0x00,0x21,0x04,0x00,0x21,0x04,0x00,0x19,0x04,0x00,0x19,0x04,0x00,
  0x21,0x04,0x00,0x21,0x04,0x00,0x21,0x04,0x00,0x21,0x04,0x00,0x21,0x04,0x00,0x21,
  0x04,0x00,0x21,0x04,0x00,0x21,0x04,0x00,0x21,0x04,0x00,0x19,0x04,0x00,0x19,0x04,
  0x00,0x19,0x04,0x00,0x19,0x04,0x00,0x21,0x04,0x00,0x19,0x04,0x00,0x18,0xe4,0x00,
  0x18,0xe4,0x00,0x18,0xe3,0x00,0x18,0xe3,0x00,0x18,0xe3,0x00,0x18,0xe3,0x00,0x18,
  0xe3,0x00,0x18,0xe3,0x00,0x18,0xe3,0x00,0x18,0xe3,0x00,0x19,0x03,0x00,0x19,0x04,
  0x00,0x21,0x04,0x00,0x21,0x04,0x00,0x21,0x04,0x00,0x21,0x04,0x00,0x21,0x24,0x00,
  0x21,0x24,0x00,0x21,0x04,0x00,0x21,0x04,0x00,0x18,0xc3,0x00,0x08,0x62,0xff,0x00,
  0x20,0xff,0x08,0x40,0xff,0x59,0xe3,0xff,0x93,0x26,0xff,0x93,0x26,0xff,0x93,0x26,
  0xff,0x72,0x44,0xff,0x6a,0x04,0xff,0x6a,0x24,0xff,0x62,0x04,0xff,0x61,0xe4,0xff,
  0x62,0x25,0xff,0x61,0xe4,0xff,0x5a,0x04,0xff,0x5a,0x04,0xff,0x59,0xc4,0xff,0x51,
  0xa3,0xff,0x51,0xc4,0xff,0x51,0xe4,0xff,0x49,0x83,0xff,0x51,0xe4,0xff,0x51,0xa3,
  0xff,0x59,0xc4,0xff,0x59,0xe4,0xff,0x59,0xe4,0xff,0x5a,0x04,0xff,0x59,0xc4,0xff,
  0x62,0x05,0xff,0x5a,0x05,0xff,0x62,0x05,0xff,0x5a,0x04,0xff,0x62,0x04,0xff,0x62,
  0x05,0xff,0x62,0x05,0xff,0x72,0x65,0xff,0x72,0x65,0xff,0x6a,0x45,0xff,0x61,0xe4,
  0xff,0x62,0x04,0xff,0x59,0xe4,0xff,0x62,0x05,0xff,0x62,0x25,0xff,0x6a,0x45,0xff,
  0x6a,0x45,0xff,0x61,0xe4,0xff,0x62,0x05,0xff,0x62,0x25,0xff,0x6a,0x45,0xff,0x62,
  0x05,0xff,0x59,0xe4,0xff,0x59,0xc4,0xff,0x61,0xe4,0xff,0x82,0xe6,0xff,0x82,0xe6,
  0xff,0x93,0x26,0xff,0x72,0x24,0xff,0x5a,0x04,0xff,0x18,0x81,0xff,0x08,0x61,0xff,
  0x08,0x61,0xff,0x10,0xa2,0xff,0x39,0x23,0xff,0xab,0xeb,0xff,0xab,0xeb,0xff,0xcc,
  0xee,0xff,0xa3,0xea,0xff,0x8a,0xc8,0xff,0xc4,0x6b,0xff,0xab,0x87,0xff,0xc4,0x09,
  0xff,0xc4,0x29,0xff,0xb3,0x04,0xff,0xb3,0x04,0xff,0xcc,0x49,0xff,0x82,0xe5,0xff,
  0x10,0x41,0xff,0x41,0x64,0xff,0x62,0x04,0xff,0x10,0x40,0xff,0x10,0xa2,0x00,0x29,
  0x24,0x00,0x29,0x44,0x00,0x29,0x44,0x00,0x21,0x04,0x00,0x20,0xe3,0x00,0x10,0x82,
  0x00,0x39,0x63,0x00,0xbb,0x86,0x00,0xc3,0xa5,0x00,0xc3,0xa5,0x00,0xc3,0xa6,0x00,
  0xc3,0xa5,0x00,0xc3,0xa5,0x00,0xcb,0xc6,0x00,0x82,0x63,0x00,0x10,0xc3,0x00,0x21,
  0x04,0x00,0x19,0x04,0x00,0x19,0x04,0x00,0x19,0x04,0x00,0x19,0x04,0x00,0x19,0x04,
  0x00,0x21,0x04,0x00,0x21,0x04,0x00,0x21,0x04,0x00,0x21,0x04,0x00,0x21,0x04,0x00,
  0x21,0x04,0x00,0x21,0x04,0x00,0x21,0x04,0x00,0x21,0x04,0x00,0x21,0x04,0x00,0x21,
  0x04,0x00,0x19,0x04,0x00,0x19,0x04,0x00,0x19,0x04,0x00,0x19,0x04,0x00,0x21,0x04,
  0x00,0x21,0x04,0x00,0x19,0x04,0x00,0x19,0x04,0x00,0x19,0x04,0x00,0x21,0x04,0x00,
  0x21,0x04,0x00,0x21,0x04,0x00,0x21,0x04,0x00,0x19,0x04,0x00,0x19,0x04,0x00,0x21,
  0x04,0x00,0x21,0x04,0x00,0x21,0x04,0x00,0x21,0x04,0x00,0x21,0x04,0x00,0x19,0x04,
  0x00,0x19,0x04,0x00,0x19,0x04,0x00,0x19,0x04,0x00,0x19,0x04,0x00,0x21,0x04,0x00,
  0x21,0x04,0x00,0x21,0x04,0x00,0x21,0x04,0x00,0x21,0x04,0x00,0x21,0x04,0x00,0x21,
  0x04,0x00,0x21,0x04,0x00,0x21,0x04,0x00,0x21,0x04,0x00,0x21,0x04,0x00,0x21,0x04,
  0x00,0x21,0x04,0x00,0x19,0x04,0x00,0x18,0xe3,0x00,0x18,0xe3,0x00,0x18,0xe3,0x00,
  0x18,0xe3,0x00,0x18,0xe3,0x00,0x18,0xe3,0x00,0x18,0xe3,0x00,0x18,0xe3,0x00,0x18,
  0xe3,0x00,0x18,0xe3,0x00,0x18,0xe3,0x00,0x19,0x04,0x00,0x21,0x04,0x00,0x21,0x04,
  0x00,0x21,0x04,0x00,0x21,0x04,0x00,0x21,0x24,0x00,0x21,0x24,0x00,0x21,0x24,0x00,
  0x18,0xe3,0x00,0x08,0x41,0xff,0x08,0x41,0xff,0x18,0xc2,0xff,0x41,0x84,0xff,0x82,
  0xc6,0xff,0x82,0xa5,0xff,0x6a,0x24,0xff,0x6a,0x24,0xff,0x61,0xe3,0xff,0x61,0xe4,
  0xff,0x61,0xc4,0xff,0x62,0x24,0xff,0x62,0x04,0xff,0x59,0xe4,0xff,0x59,0xe4,0xff,
  0x51,0xa3,0xff,0x51,0xa3,0xff,0x41,0x43,0xff,0x41,0x43,0xff,0x30,0xe1,0xff,0x31,
  0x22,0xff,0x31,0x02,0xff,0x31,0x02,0xff,0x28,0xe1,0xff,0x28,0xe2,0xff,0x28,0xe1,
  0xff,0x28,0xe1,0xff,0x39,0x22,0xff,0x39,0x22,0xff,0x39,0x22,0xff,0x39,0x22,0xff,
  0x41,0x62,0xff,0x39,0x02,0xff,0x49,0x63,0xff,0x59,0xc4,0xff,0x59,0xc4,0xff,0x7a,
  0xa6,0xff,0x7a,0xa6,0xff,0x7a,0xa5,0xff,0x72,0x65,0xff,0x7a,0x85,0xff,0x7a,0x85,
  0xff,0x72,0x65,0xff,0x72,0x45,0xff,0x6a,0x45,0xff,0x6a,0x45,0xff,0x6a,0x25,0xff,
  0x6a,0x25,0xff,0x59,0xe4,0xff,0x59,0xe4,0xff,0x61,0xe4,0xff,0x62,0x04,0xff,0x51,
  0xa4,0xff,0x51,0xa4,0xff,0x51,0xc4,0xff,0x51,0xc4,0xff,0x49,0x63,0xff,0x59,0xa3,
  0xff,0x51,0x62,0xff,0x38,0xe2,0xff,0x28,0xe2,0xff,0x10,0x81,0xff,0x10,0x61,0xff,
  0x08,0x20,0xff,0x41,0x83,0xff,0x41,0x83,0xff,0xee,0x73,0xff,0xf7,0x18,0xff,0xa3,
  0xed,0xff,0xbc,0x2a,0xff,0xcc,0x49,0xff,0x89,0xe3,0xff,0x81,0xc4,0xff,0xed,0x8c,
  0xff,0xed,0x8c,0xff,0xf5,0xec,0xff,0xdc,0xe9,0xff,0x59,0xc3,0xff,0x18,0x82,0xff,
  0x41,0x64,0xff,0x39,0x22,0xff,0x08,0x41,0xff,0x18,0xe3,0x00,0x31,0x64,0x00,0x31,
  0x64,0x00,0x21,0x03,0x00,0x18,0xe3,0x00,0x10,0xa3,0x00,0x29,0x03,0x00,0x62,0x24,
  0x00,0x72,0x64,0x00,0x72,0x64,0x00,0x72,0x44,0x00,0x72,0x44,0x00,0x72,0x44,0x00,
  0x7a,0x64,0x00,0x51,0xa3,0x00,0x10,0xc3,0x00,0x21,0x04,0x00,0x19,0x04,0x00,0x19,
  0x04,0x00,0x19,0x04,0x00,0x19,0x04,0x00,0x19,0x04,0x00,0x21,0x04,0x00,0x21,0x04,
  0x00,0x21,0x04,0x00,0x21,0x04,0x00,0x21,0x04,0x00,0x21,0x04,0x00,0x21,0x04,0x00,
  0x21,0x04,0x00,0x21,0x04,0x00,0x21,0x04,0x00,0x21,0x04,0x00,0x19,0x04,0x00,0x19,
  0x04,0x00,0x21,0x04,0x00,0x21,0x04,0x00,0x19,0x04,0x00,0x21,0x04,0x00,0x21,0x04,
  0x00,0x19,0x04,0x00,0x19,0x04,0x00,0x21,0x04,0x00,0x21,0x04,0x00,0x21,0x04,0x00,
  0x21,0x04,0x00,0x21,0x04,0x00,0x19,0x04,0x00,0x19,0x04,0x00,0x19,0x04,0x00,0x19,
  0x04,0x00,0x19,0x04,0x00,0x19,0x04,0x00,0x19,0x04,0x00,0x19,0x04,0x00,0x19,0x04,
  0x00,0x19,0x04,0x00,0x21,0x04,0x00,0x21,0x04,0x00,0x21,0x04,0x00,0x21,0x04,0x00,
  0x21,0x04,0x00,0x21,0x04,0x00,0x21,0x04,0x00,0x21,0x04,0x00,0x21,0x04,0x00,0x21,
  0x04,0x00,0x21,0x04,0x00,0x21,0x04,0x00,0x21,0x04,0x00,0x21,0x04,0x00,0x19,0x04,
  0x00,0x18,0xe3,0x00,0x18,0xe3,0x00,0x18,0xe3,0x00,0x18,0xe3,0x00,0x18,0xe3,0x00,
  0x18,0xe3,0x00,0x18,0xe3,0x00,0x18,0xe3,0x00,0x18,0xe3,0x00,0x18,0xe3,0x00,0x18,
  0xe3,0x00,0x18,0xe4,0x00,0x19,0x04,0x00,0x21,0x04,0x00,0x21,0x04,0x00,0x21,0x04,
  0x00,0x21,0x24,0x00,0x21,0x24,0x00,0x21,0x44,0x00,0x10,0xa2,0x00,0x08,0x20,0xff,
  0x39,0x22,0xff,0x7a,0xc6,0xff,0x82,0xc6,0xff,0x7a,0x85,0xff,0x6a,0x04,0xff,0x6a,
  0x24,0xff,0x6a,0x24,0xff,0x62,0x04,0xff,0x62,0x04,0xff,0x51,0xa3,0xff,0x51,0xa3,
  0xff,0x49,0x63,0xff,0x49,0x83,0xff,0x49,0x63,0xff,0x59,0xe4,0xff,0x59,0xe4,0xff,
  0x72,0x65,0xff,0x72,0x65,0xff,0x62,0x24,0xff,0x72,0xa6,0xff,0x62,0x05,0xff,0x59,
  0xe4,0xff,0x6a,0x66,0xff,0x8b,0x07,0xff,0x8b,0x07,0xff,0x8b,0x07,0xff,0x93,0x47,
  0xff,0x8b,0x06,0xff,0x93,0x27,0xff,0x8a,0xe6,0xff,0x82,0xc6,0xff,0x82,0xa5,0xff,
  0x7a,0xa6,0xff,0x59,0xc4,0xff,0x59,0xc4,0xff,0x41,0x43,0xff,0x39,0x02,0xff,0x39,
  0x22,0xff,0x39,0x02,0xff,0x49,0x83,0xff,0x51,0xa4,0xff,0x61,0xe4,0xff,0x6a,0x45,
  0xff,0x72,0x85,0xff,0x72,0x85,0xff,0x72,0x65,0xff,0x6a,0x45,0xff,0x62,0x04,0xff,
  0x59,0xc4,0xff,0x62,0x04,0xff,0x6a,0x45,0xff,0x5a,0x04,0xff,0x49,0x84,0xff,0x39,
  0x02,0xff,0x39,0x02,0xff,0x39,0x23,0xff,0x49,0xa4,0xff,0x51,0xa3,0xff,0x62,0x24,
  0xff,0x5a,0x24,0xff,0x28,0xc1,0xff,0x20,0xc2,0xff,0x28,0xe2,0xff,0x31,0x01,0xff,
  0x31,0x01,0xff,0x72,0xe7,0xff,0xcd,0xf4,0xff,0xff,0x9b,0xff,0xc4,0xee,0xff,0xab,
  0x46,0xff,0xd4,0x8a,0xff,0xbc,0x07,0xff,0xc4,0xcb,0xff,0xc4,0xcb,0xff,0xcc,0x6b,
  0xff,0xf5,0xed,0xff,0xe5,0x4b,0xff,0x41,0x23,0xff,0x31,0x03,0xff,0x5a,0x04,0xff,
  0x08,0x61,0xff,0x10,0xa2,0x00,0x21,0x03,0x00,0x21,0x03,0x00,0x18,0xc2,0x00,0x18,
  0xc3,0x00,0x18,0xe3,0x00,0x18,0xe3,0x00,0x18,0xe3,0x00,0x10,0xc3,0x00,0x10,0xe3,
  0x00,0x10,0xe4,0x00,0x10,0xe4,0x00,0x10,0xe4,0x00,0x10,0xe4,0x00,0x18,0xe3,0x00,
  0x19,0x04,0x00,0x19,0x04,0x00,0x19,0x04,0x00,0x19,0x04,0x00,0x19,0x04,0x00,0x19,
  0x04,0x00,0x19,0x04,0x00,0x21,0x04,0x00,0x21,0x04,0x00,0x21,0x04,0x00,0x21,0x04,
  0x00,0x21,0x04,0x00,0x21,0x04,0x00,0x21,0x04,0x00,0x21,0x04,0x00,0x21,0x04,0x00,
  0x21,0x04,0x00,0x21,0x04,0x00,0x19,0x04,0x00,0x19,0x04,0x00,0x21,0x04,0x00,0x21,
  0x04,0x00,0x19,0x04,0x00,0x21,0x04,0x00,0x21,0x04,0x00,0x21,0x04,0x00,0x21,0x04,
  0x00,0x21,0x04,0x00,0x21,0x04,0x00,0x21,0x04,0x00,0x21,0x04,0x00,0x21,0x04,0x00,
  0x19,0x04,0x00,0x19,0x04,0x00,0x21,0x04,0x00,0x21,0x04,0x00,0x21,0x04,0x00,0x19,
  0x04,0x00,0x21,0x04,0x00,0x19,0x04,0x00,0x19,0x04,0x00,0x21,0x04,0x00,0x21,0x04,
  0x00,0x19,0x04,0x00,0x21,0x04,0x00,0x21,0x04,0x00,0x21,0x04,0x00,0x21,0x04,0x00,
  0x21,0x04,0x00,0x21,0x04,0x00,0x21,0x04,0x00,0x21,0x04,0x00,0x21,0x04,0x00,0x21,
  0x04,0x00,0x21,0x04,0x00,0x19,0x04,0x00,0x18,0xe4,0x00,0x18,0xe3,0x00,0x18,0xe3,
  0x00,0x18,0xe3,0x00,0x18,0xe3,0x00,0x10,0xc3,0x00,0x10,0xc3,0x00,0x10,0xc3,0x00,
  0x10,0xc3,0x00,0x10,0xc3,0x00,0x18,0xe3,0x00,0x18,0xe3,0x00,0x18,0xe3,0x00,0x18,
  0xe4,0x00,0x21,0x04,0x00,0x21,0x04,0x00,0x21,0x24,0x00,0x19,0x04,0x00,0x19,0x04,
  0x00,0x10,0xa2,0x00,0x00,0x20,0xff,0x08,0x20,0xff,0x51,0x63,0xff,0x6a,0x44,0xff,
  0x59,0x82,0xff,0x62,0x04,0xff,0x51,0xa3,0xff,0x49,0xa3,0xff,0x49,0xa3,0xff,0x49,
  0x62,0xff,0x51,0x83,0xff,0x51,0xa3,0xff,0x51,0xa3,0xff,0x62,0x04,0xff,0x7a,0xa6,
  0xff,0x6a,0x05,0xff,0x72,0x45,0xff,0x72,0x45,0xff,0x93,0x27,0xff,0x8a,0xe6,0xff,
  0xa3,0xa8,0xff,0x9b,0x88,0xff,0x62,0x04,0xff,0x59,0xa3,0xff,0x8a,0xe7,0xff,0xa3,
  0x88,0xff,0x9b,0x47,0xff,0x9b,0x47,0xff,0x9b,0x27,0xff,0x92,0xe6,0xff,0x93,0x06,
  0xff,0x82,0x85,0xff,0x8a,0xc6,0xff,0x93,0x26,0xff,0x8a,0xe6,0xff,0x6a,0x24,0xff,
  0x6a,0x24,0xff,0x59,0xa4,0xff,0x62,0x04,0xff,0x6a,0x45,0xff,0x62,0x04,0xff,0x51,
  0xc4,0xff,0x31,0x22,0xff,0x39,0x23,0xff,0x41,0x83,0xff,0x51,0xe4,0xff,0x51,0xe4,
  0xff,0x59,0xe5,0xff,0x6a,0x45,0xff,0x6a,0x25,0xff,0x6a,0x25,0xff,0x62,0x04,0xff,
  0x59,0xe4,0xff,0x51,0xa3,0xff,0x59,0xe4,0xff,0x51,0xa4,0xff,0x51,0xa4,0xff,0x51,
  0xe4,0xff,0x39,0x03,0xff,0x39,0x03,0xff,0x61,0xe3,0xff,0x72,0x44,0xff,0x51,0xa3,
  0xff,0x31,0x02,0xff,0x31,0x23,0xff,0x28,0xe2,0xff,0x28,0xe2,0xff,0x10,0x40,0xff,
  0x31,0x42,0xff,0xac,0xcf,0xff,0xee,0xb5,0xff,0xab,0x88,0xff,0xbb,0x87,0xff,0xd4,
  0x8a,0xff,0xa2,0xa7,0xff,0xa2,0xa7,0xff,0xd4,0xcc,0xff,0xf6,0x4e,0xff,0xf5,0xcb,
  0xff,0xb3,0x66,0xff,0x38,0xc1,0xff,0x51,0x83,0xff,0x18,0x81,0x00,0x08,0x41,0x00,
  0x10,0x82,0x00,0x10,0x82,0x00,0x18,0xc2,0x00,0x10,0xa2,0x00,0x18,0xc3,0x00,0x18,
  0xe3,0x00,0x19,0x03,0x00,0x21,0x04,0x00,0x21,0x24,0x00,0x21,0x24,0x00,0x21,0x24,
  0x00,0x21,0x24,0x00,0x21,0x24,0x00,0x21,0x04,0x00,0x19,0x04,0x00,0x21,0x04,0x00,
  0x19,0x04,0x00,0x19,0x04,0x00,0x19,0x04,0x00,0x19,0x04,0x00,0x19,0x04,0x00,0x19,
  0x04,0x00,0x19,0x04,0x00,0x21,0x04,0x00,0x21,0x04,0x00,0x21,0x04,0x00,0x21,0x04,
  0x00,0x21,0x04,0x00,0x21,0x04,0x00,0x19,0x04,0x00,0x19,0x04,0x00,0x19,0x04,0x00,
  0x21,0x04,0x00,0x21,0x04,0x00,0x21,0x04,0x00,0x19,0x04,0x00,0x21,0x04,0x00,0x19,
  0x04,0x00,0x19,0x04,0x00,0x19,0x04,0x00,0x19,0x04,0x00,0x21,0x04,0x00,0x21,0x04,
  0x00,0x19,0x04,0x00,0x19,0x04,0x00,0x19,0x04,0x00,0x19,0x04,0x00,0x21,0x04,0x00,
  0x21,0x04,0x00,0x21,0x04,0x00,0x21,0x04,0x00,0x21,0x04,0x00,0x21,0x04,0x00,0x21,
  0x04,0x00,0x21,0x04,0x00,0x21,0x04,0x00,0x19,0x04,0x00,0x21,0x04,0x00,0x21,0x04,
  0x00,0x21,0x04,0x00,0x21,0x04,0x00,0x21,0x04,0x00,0x21,0x04,0x00,0x21,0x04,0x00,
  0x21,0x04,0x00,0x21,0x04,0x00,0x21,0x04,0x00,0x21,0x24,0x00,0x21,0x24,0x00,0x18,
  0xe4,0x00,0x20,0xe3,0x00,0x21,0x03,0x00,0x18,0xe3,0x00,0x18,0xe3,0x00,0x18,0xe3,
  0x00,0x20,0xe2,0x00,0x29,0x03,0x00,0x29,0x03,0x00,0x29,0x03,0x00,0x20,0xe2,0x00,
  0x18,0xe3,0x00,0x18,0xe3,0x00,0x18,0xe3,0x00,0x21,0x03,0x00,0x21,0x04,0x00,0x19,
  0x04,0x00,0x21,0x04,0x00,0x08,0x62,0x00,0x08,0x62,0x00,0x10,0x61,0xff,0x28,0xe1,
  0xff,0x51,0xc4,0xff,0x59,0xe4,0xff,0x62,0x44,0xff,0x5a,0x04,0xff,0x49,0xa3,0xff,
  0x41,0x42,0xff,0x49,0x83,0xff,0x49,0x83,0xff,0x41,0x62,0xff,0x51,0xa4,0xff,0x8b,
  0x06,0xff,0xa3,0xc9,0xff,0x9b,0x68,0xff,0x93,0x68,0xff,0x72,0x45,0xff,0x62,0x04,
  0xff,0x62,0x04,0xff,0x61,0xe4,0xff,0x6a,0x04,0xff,0x6a,0x44,0xff,0x6a,0x25,0xff,
  0x59,0xc4,0xff,0x59,0xe4,0xff,0x61,0xe4,0xff,0x61,0xe3,0xff,0x61,0xe3,0xff,0x61,
  0xe3,0xff,0x6a,0x04,0xff,0x6a,0x04,0xff,0x6a,0x24,0xff,0x72,0x24,0xff,0x72,0x45,
  0xff,0x7a,0x45,0xff,0x7a,0x45,0xff,0x6a,0x24,0xff,0x6a,0x24,0xff,0x72,0x25,0xff,
  0x93,0x06,0xff,0xa3,0xa8,0xff,0x9b,0x47,0xff,0x8b,0x06,0xff,0x62,0x24,0xff,0x51,
  0xe4,0xff,0x39,0x23,0xff,0x29,0x02,0xff,0x29,0x02,0xff,0x31,0x02,0xff,0x5a,0x05,
  0xff,0x72,0x65,0xff,0x7a,0xa6,0xff,0x6a,0x25,0xff,0x6a,0x25,0xff,0x59,0xc4,0xff,
  0x62,0x04,0xff,0x62,0x04,0xff,0x62,0x04,0xff,0x59,0xc3,0xff,0x51,0xa4,0xff,0x62,
  0x04,0xff,0x8b,0x06,0xff,0x82,0xc6,0xff,0x49,0x83,0xff,0x20,0x81,0xff,0x18,0x61,
  0xff,0x20,0xc1,0xff,0x20,0xc1,0xff,0x18,0x81,0xff,0x10,0x61,0xff,0x18,0x81,0xff,
  0xac,0x4d,0xff,0xed,0xef,0xff,0xab,0x66,0xff,0xd4,0x88,0xff,0xe5,0x29,0xff,0xe5,
  0x29,0xff,0xed,0x69,0xff,0xd4,0x46,0xff,0xf5,0x48,0xff,0xfd,0x89,0xff,0x71,0xe3,
  0xff,0x31,0x02,0x00,0x18,0xa2,0x00,0x08,0x61,0x00,0x10,0xa2,0x00,0x10,0xa2,0x00,
  0x18,0xe2,0x00,0x10,0xa2,0x00,0x18,0xe3,0x00,0x21,0x03,0x00,0x21,0x03,0x00,0x21,
  0x04,0x00,0x21,0x24,0x00,0x21,0x24,0x00,0x21,0x24,0x00,0x21,0x24,0x00,0x21,0x04,
  0x00,0x21,0x04,0x00,0x19,0x04,0x00,0x21,0x04,0x00,0x21,0x04,0x00,0x21,0x04,0x00,
  0x19,0x04,0x00,0x19,0x04,0x00,0x19,0x04,0x00,0x19,0x04,0x00,0x21,0x04,0x00,0x21,
  0x04,0x00,0x21,0x04,0x00,0x21,0x04,0x00,0x21,0x04,0x00,0x21,0x04,0x00,0x21,0x04,
  0x00,0x19,0x04,0x00,0x19,0x04,0x00,0x19,0x04,0x00,0x19,0x04,0x00,0x19,0x04,0x00,
  0x19,0x04,0x00,0x21,0x04,0x00,0x19,0x04,0x00,0x19,0x04,0x00,0x19,0x04,0x00,0x19,
  0x04,0x00,0x19,0x04,0x00,0x21,0x04,0x00,0x19,0x04,0x00,0x19,0x04,0x00,0x19,0x04,
  0x00,0x19,0x04,0x00,0x19,0x04,0x00,0x19,0x04,0x00,0x19,0x04,0x00,0x19,0x04,0x00,
  0x19,0x04,0x00,0x19,0x04,0x00,0x19,0x04,0x00,0x19,0x04,0x00,0x21,0x04,0x00,0x21,
  0x04,0x00,0x19,0x04,0x00,0x21,0x04,0x00,0x21,0x04,0x00,0x21,0x04,0x00,0x21,0x04,
  0x00,0x21,0x04,0x00,0x21,0x04,0x00,0x21,0x04,0x00,0x21,0x04,0x00,0x21,0x04,0x00,
  0x21,0x24,0x00,0x19,0x04,0x00,0x19,0x04,0x00,0x41,0x83,0x00,0x92,0xe5,0x00,0x93,
  0x06,0x00,0x31,0x43,0x00,0x10,0xc3,0x00,0x29,0x23,0x00,0x82,0xa5,0x00,0x92,0xa4,
  0x00,0x9a,0xc4,0x00,0x9a,0xc4,0x00,0x8a,0xa5,0x00,0x31,0x23,0x00,0x10,0xc3,0x00,
  0x18,0xe3,0x00,0x18,0xc3,0x00,0x21,0x03,0x00,0x19,0x03,0x00,0x10,0x82,0x00,0x18,
  0x60,0xff,0x18,0x60,0xff,0x39,0x02,0xff,0x72,0x65,0xff,0x6a,0x64,0xff,0x41,0x63,
  0xff,0x39,0x43,0xff,0x39,0x42,0xff,0x51,0xa3,0xff,0x8b,0x07,0xff,0xa3,0xa8,0xff,
  0xa3,0xa8,0xff,0x7a,0x65,0xff,0x69,0xe4,0xff,0x8a,0xe6,0xff,0x9b,0x67,0xff,0x7a,
  0x65,0xff,0x62,0x04,0xff,0x62,0x04,0xff,0x6a,0x25,0xff,0x6a,0x25,0xff,0x62,0x05,
  0xff,0x72,0x65,0xff,0x62,0x04,0xff,0x6a,0x25,0xff,0x6a,0x45,0xff,0x6a,0x45,0xff,
  0x6a,0x25,0xff,0x62,0x04,0xff,0x6a,0x04,0xff,0x6a,0x04,0xff,0x72,0x65,0xff,0x6a,
  0x24,0xff,0x72,0x45,0xff,0x72,0x65,0xff,0x6a,0x24,0xff,0x7a,0x85,0xff,0x7a,0x85,
  0xff,0x6a,0x04,0xff,0x6a,0x04,0xff,0x72,0x25,0xff,0x72,0x65,0xff,0x72,0x44,0xff,
  0x6a,0x04,0xff,0x6a,0x04,0xff,0x72,0x25,0xff,0x72,0x45,0xff,0x6a,0x25,0xff,0x72,
  0x65,0xff,0x72,0x65,0xff,0x62,0x04,0xff,0x51,0xc4,0xff,0x41,0x63,0xff,0x49,0xa3,
  0xff,0x41,0x43,0xff,0x51,0xa3,0xff,0x62,0x04,0xff,0x59,0xe4,0xff,0x51,0x83,0xff,
  0x51,0x83,0xff,0x59,0xc3,0xff,0x51,0x83,0xff,0x62,0x04,0xff,0x82,0xc6,0xff,0x62,
  0x04,0xff,0x28,0xe2,0xff,0x20,0xa1,0xff,0x20,0xa1,0xff,0x20,0xc1,0xff,0x20,0xc1,
  0xff,0x20,0xa1,0xff,0x10,0x81,0xff,0x10,0x40,0xff,0x8b,0x68,0xff,0xf6,0x4e,0xff,
  0xab,0x66,0xff,0x79,0xe3,0xff,0xb3,0xc7,0xff,0xb3,0xc7,0xff,0xb3,0x66,0xff,0xab,
  0x04,0xff,0xcc,0x05,0xff,0xd4,0x05,0xff,0x69,0xc3,0xff,0x18,0x61,0x00,0x18,0xa2,
  0x00,0x10,0xc2,0x00,0x10,0x82,0x00,0x10,0x82,0x00,0x10,0xc3,0x00,0x10,0xc3,0x00,
  0x18,0xe3,0x00,0x18,0xe3,0x00,0x21,0x03,0x00,0x19,0x03,0x00,0x19,0x24,0x00,0x21,
  0x24,0x00,0x21,0x24,0x00,0x21,0x24,0x00,0x21,0x24,0x00,0x21,0x04,0x00,0x21,0x04,
  0x00,0x21,0x04,0x00,0x21,0x04,0x00,0x21,0x04,0x00,0x21,0x04,0x00,0x19,0x04,0x00,
  0x19,0x04,0x00,0x19,0x04,0x00,0x21,0x04,0x00,0x21,0x04,0x00,0x21,0x04,0x00,0x21,
  0x04,0x00,0x21,0x04,0x00,0x21,0x04,0x00,0x21,0x04,0x00,0x19,0x04,0x00,0x19,0x04,
  0x00,0x19,0x04,0x00,0x19,0x04,0x00,0x19,0x04,0x00,0x19,0x04,0x00,0x21,0x04,0x00,
  0x19,0x04,0x00,0x19,0x04,0x00,0x19,0x04,0x00,0x19,0x04,0x00,0x19,0x04,0x00,0x19,
  0x04,0x00,0x19,0x04,0x00,0x19,0x04,0x00,0x19,0x04,0x00,0x21,0x04,0x00,0x21,0x04,
  0x00,0x21,0x04,0x00,0x21,0x04,0x00,0x21,0x04,0x00,0x21,0x04,0x00,0x21,0x04,0x00,
  0x21,0x04,0x00,0x21,0x04,0x00,0x21,0x04,0x00,0x21,0x04,0x00,0x19,0x04,0x00,0x21,
  0x04,0x00,0x21,0x04,0x00,0x21,0x04,0x00,0x21,0x04,0x00,0x21,0x04,0x00,0x21,0x04,
  0x00,0x21,0x04,0x00,0x21,0x04,0x00,0x21,0x04,0x00,0x21,0x24,0x00,0x19,0x03,0x00,
  0x19,0x03,0x00,0x62,0x24,0x00,0xbb,0x45,0x00,0xa3,0x25,0x00,0x41,0x43,0x00,0x10,
  0xa3,0x00,0x29,0x23,0x00,0x7a,0x84,0x00,0x8a,0x64,0x00,0x92,0x84,0x00,0x92,0x84,
  0x00,0x72,0x24,0x00,0x20,0xe3,0x00,0x10,0xc3,0x00,0x18,0xe3,0x00,0x18,0xc2,0x00,
  0x18,0xc3,0x00,0x08,0x62,0xff,0x18,0x80,0x00,0x72,0xa5,0xff,0x72,0xa5,0xff,0x6a,
  0x25,0xff,0x49,0x63,0xff,0x49,0xa3,0xff,0x39,0x22,0xff,0x41,0x43,0xff,0x39,0x22,
  0xff,0x6a,0x45,0xff,0xa3,0x88,0xff,0xa3,0x88,0xff,0xa3,0x88,0xff,0x7a,0x85,0xff,
  0x6a,0x24,0xff,0x6a,0x25,0xff,0x72,0x45,0xff,0x6a,0x45,0xff,0x6a,0x05,0xff,0x6a,
  0x45,0xff,0x72,0x65,0xff,0x72,0x65,0xff,0x72,0x45,0xff,0x6a,0x45,0xff,0x6a,0x45,
  0xff,0x6a,0x25,0xff,0x6a,0x45,0xff,0x72,0x45,0xff,0x6a,0x45,0xff,0x6a,0x45,0xff,
  0x6a,0x45,0xff,0x6a,0x45,0xff,0x72,0x65,0xff,0x72,0x45,0xff,0x6a,0x45,0xff,0x6a,
  0x24,0xff,0x72,0x45,0xff,0x7a,0x85,0xff,0x7a,0x85,0xff,0x6a,0x24,0xff,0x6a,0x24,
  0xff,0x6a,0x45,0xff,0x61,0xe4,0xff,0x62,0x04,0xff,0x61,0xe4,0xff,0x61,0xe4,0xff,
  0x61,0xe4,0xff,0x72,0x65,0xff,0x93,0x47,0xff,0xbc,0x4a,0xff,0xbc,0x4a,0xff,0x9b,
  0x47,0xff,0x61,0xe4,0xff,0x30,0xe2,0xff,0x39,0x43,0xff,0x28,0xc2,0xff,0x31,0x22,
  0xff,0x39,0x22,0xff,0x41,0x83,0xff,0x49,0xa3,0xff,0x49,0xa3,0xff,0x51,0xc3,0xff,
  0x39,0x22,0xff,0x41,0x63,0xff,0x49,0x63,0xff,0x41,0x63,0xff,0x39,0x22,0xff,0x39,
  0x43,0xff,0x41,0x83,0xff,0x39,0x63,0xff,0x39,0x63,0xff,0x20,0x81,0xff,0x28,0xe2,
  0xff,0x29,0x02,0xff,0x51,0xc4,0xff,0x7a,0x64,0xff,0x82,0x44,0xff,0x61,0xa4,0xff,
  0x59,0xa4,0xff,0x59,0xa4,0xff,0x51,0x43,0xff,0x6a,0x24,0xff,0x59,0x63,0xff,0x59,
  0x83,0xff,0x49,0x42,0xff,0x28,0xe2,0x00,0x21,0x03,0x00,0x21,0x23,0x00,0x10,0x82,
  0x00,0x10,0x82,0x00,0x08,0x62,0x00,0x08,0x62,0xff,0x18,0xa2,0x00,0x18,0xe3,0x00,
  0x18,0xe3,0x00,0x18,0xc3,0x00,0x10,0xe3,0x00,0x10,0xe3,0x00,0x19,0x04,0x00,0x19,
  0x04,0x00,0x19,0x24,0x00,0x21,0x04,0x00,0x21,0x04,0x00,0x21,0x04,0x00,0x21,0x04,
  0x00,0x21,0x04,0x00,0x21,0x04,0x00,0x21,0x04,0x00,0x21,0x04,0x00,0x19,0x04,0x00,
  0x21,0x04,0x00,0x21,0x04,0x00,0x21,0x04,0x00,0x21,0x04,0x00,0x21,0x04,0x00,0x21,
  0x04,0x00,0x21,0x04,0x00,0x19,0x04,0x00,0x19,0x04,0x00,0x19,0x04,0x00,0x19,0x04,
  0x00,0x21,0x04,0x00,0x21,0x04,0x00,0x21,0x04,0x00,0x19,0x04,0x00,0x19,0x04,0x00,
  0x19,0x04,0x00,0x19,0x04,0x00,0x19,0x04,0x00,0x21,0x04,0x00,0x21,0x04,0x00,0x21,
  0x04,0x00,0x21,0x04,0x00,0x19,0x04,0x00,0x21,0x04,0x00,0x19,0x04,0x00,0x19,0x04,
  0x00,0x19,0x04,0x00,0x19,0x04,0x00,0x19,0x04,0x00,0x21,0x04,0x00,0x21,0x04,0x00,
  0x21,0x04,0x00,0x21,0x04,0x00,0x19,0x04,0x00,0x21,0x04,0x00,0x21,0x04,0x00,0x21,
  0x04,0x00,0x21,0x04,0x00,0x21,0x04,0x00,0x21,0x04,0x00,0x21,0x04,0x00,0x21,0x04,
  0x00,0x21,0x04,0x00,0x21,0x24,0x00,0x19,0x03,0x00,0x19,0x03,0x00,0x62,0x24,0x00,
  0xbb,0x45,0x00,0xa3,0x25,0x00,0x41,0x43,0x00,0x10,0xa3,0x00,0x29,0x23,0x00,0x7a,
  0x84,0x00,0x8a,0x64,0x00,0x92,0x84,0x00,0x92,0x84,0x00,0x72,0x24,0x00,0x20,0xe3,
  0x00,0x10,0xc3,0x00,0x18,0xe3,0x00,0x18,0xc2,0x00,0x18,0xc3,0x00,0x08,0x62,0xff,
  0x18,0x80,0x00,0x72,0xa5,0xff,0x72,0xa5,0xff,0x6a,0x25,0xff,0x49,0x63,0xff,0x49,
  0xa3,0xff,0x39,0x22,0xff,0x41,0x43,0xff,0x39,0x22,0xff,0x6a,0x45,0xff,0xa3,0x88,
  0xff,0xa3,0x88,0xff,0xa3,0x88,0xff,0x7a,0x85,0xff,0x6a,0x24,0xff,0x6a,0x25,0xff,
  0x72,0x45,0xff,0x6a,0x45,0xff,0x6a,0x05,0xff,0x6a,0x45,0xff,0x72,0x65,0xff,0x72,
  0x65,0xff,0x72,0x45,0xff,0x6a,0x45,0xff,0x6a,0x45,0xff,0x6a,0x25,0xff,0x6a,0x45,
  0xff,0x72,0x45,0xff,0x6a,0x45,0xff,0x6a,0x45,0xff,0x6a,0x45,0xff,0x6a,0x45,0xff,
  0x72,0x65,0xff,0x72,0x45,0xff,0x6a,0x45,0xff,0x6a,0x24,0xff,0x72,0x45,0xff,0x7a,
  0x85,0xff,0x7a,0x85,0xff,0x6a,0x24,0xff,0x6a,0x24,0xff,0x6a,0x45,0xff,0x61,0xe4,
  0xff,0x62,0x04,0xff,0x61,0xe4,0xff,0x61,0xe4,0xff,0x61,0xe4,0xff,0x72,0x65,0xff,
  0x93,0x47,0xff,0xbc,0x4a,0xff,0xbc,0x4a,0xff,0x9b,0x47,0xff,0x61,0xe4,0xff,0x30,
  0xe2,0xff,0x39,0x43,0xff,0x28,0xc2,0xff,0x31,0x22,0xff,0x39,0x22,0xff,0x41,0x83,
  0xff,0x49,0xa3,0xff,0x49,0xa3,0xff,0x51,0xc3,0xff,0x39,0x22,0xff,0x41,0x63,0xff,
  0x49,0x63,0xff,0x41,0x63,0xff,0x39,0x22,0xff,0x39,0x43,0xff,0x41,0x83,0xff,0x39,
  0x63,0xff,0x39,0x63,0xff,0x20,0x81,0xff,0x28,0xe2,0xff,0x29,0x02,0xff,0x51,0xc4,
  0xff,0x7a,0x64,0xff,0x82,0x44,0xff,0x61,0xa4,0xff,0x59,0xa4,0xff,0x59,0xa4,0xff,
  0x51,0x43,0xff,0x6a,0x24,0xff,0x59,0x63,0xff,0x59,0x83,0xff,0x49,0x42,0xff,0x28,
  0xe2,0x00,0x21,0x03,0x00,0x21,0x23,0x00,0x10,0x82,0x00,0x10,0x82,0x00,0x08,0x62,
  0x00,0x08,0x62,0xff,0x18,0xa2,0x00,0x18,0xe3,0x00,0x18,0xe3,0x00,0x18,0xc3,0x00,
  0x10,0xe3,0x00,0x10,0xe3,0x00,0x19,0x04,0x00,0x19,0x04,0x00,0x19,0x24,0x00,0x21,
  0x04,0x00,0x21,0x04,0x00,0x21,0x04,0x00,0x21,0x04,0x00,0x21,0x04,0x00,0x21,0x04,
  0x00,0x21,0x04,0x00,0x21,0x04,0x00,0x19,0x04,0x00,0x21,0x04,0x00,0x21,0x04,0x00,
  0x21,0x04,0x00,0x21,0x04,0x00,0x21,0x04,0x00,0x21,0x04,0x00,0x21,0x04,0x00,0x19,
  0x04,0x00,0x19,0x04,0x00,0x19,0x04,0x00,0x19,0x04,0x00,0x21,0x04,0x00,0x21,0x04,
  0x00,0x21,0x04,0x00,0x19,0x04,0x00,0x19,0x04,0x00,0x19,0x04,0x00,0x19,0x04,0x00,
  0x19,0x04,0x00,0x21,0x04,0x00,0x21,0x04,0x00,0x21,0x04,0x00,0x21,0x04,0x00,0x19,
  0x04,0x00,0x21,0x04,0x00,0x19,0x04,0x00,0x19,0x04,0x00,0x19,0x04,0x00,0x19,0x04,
  0x00,0x19,0x04,0x00,0x21,0x04,0x00,0x21,0x04,0x00,0x21,0x04,0x00,0x21,0x04,0x00,
  0x21,0x04,0x00,0x21,0x04,0x00,0x21,0x04,0x00,0x21,0x04,0x00,0x21,0x04,0x00,0x21,
  0x04,0x00,0x21,0x04,0x00,0x21,0x04,0x00,0x21,0x04,0x00,0x21,0x04,0x00,0x21,0x24,
  0x00,0x21,0x04,0x00,0x21,0x04,0x00,0x31,0x44,0x00,0x49,0x84,0x00,0x49,0xa4,0x00,
  0x29,0x03,0x00,0x18,0xe3,0x00,0x18,0xe3,0x00,0x21,0x03,0x00,0x29,0x23,0x00,0x29,
  0x23,0x00,0x29,0x23,0x00,0x20,0xe3,0x00,0x10,0xa3,0x00,0x10,0xa3,0x00,0x18,0xa2,
  0x00,0x18,0xc2,0x00,0x10,0xa2,0x00,0x00,0x00,0xff,0x31,0x22,0x00,0x9b,0x88,0xff,
  0x9b,0x88,0xff,0x49,0x83,0xff,0x49,0x63,0xff,0x62,0x24,0xff,0x82,0xc6,0xff,0x93,
  0x27,0xff,0x72,0x65,0xff,0x72,0x25,0xff,0x6a,0x04,0xff,0x6a,0x04,0xff,0x6a,0x04,
  0xff,0x6a,0x24,0xff,0x6a,0x24,0xff,0x6a,0x25,0xff,0x72,0x65,0xff,0x72,0x45,0xff,
  0x72,0x65,0xff,0x6a,0x45,0xff,0x6a,0x45,0xff,0x6a,0x45,0xff,0x72,0x45,0xff,0x6a,
  0x25,0xff,0x6a,0x24,0xff,0x6a,0x45,0xff,0x6a,0x04,0xff,0x6a,0x25,0xff,0x6a,0x45,
  0xff,0x72,0x45,0xff,0x6a,0x44,0xff,0x6a,0x44,0xff,0x6a,0x24,0xff,0x72,0x45,0xff,
  0x6a,0x24,0xff,0x62,0x04,0xff,0x72,0x65,0xff,0x7a,0x65,0xff,0x6a,0x04,0xff,0x6a,
  0x24,0xff,0x6a,0x24,0xff,0x62,0x04,0xff,0x59,0xc4,0xff,0x59,0xc4,0xff,0x59,0xc4,
  0xff,0x62,0x45,0xff,0x62,0x04,0xff,0x62,0x25,0xff,0x62,0x04,0xff,0x62,0x04,0xff,
  0x62,0x04,0xff,0x61,0xc4,0xff,0x6a,0x04,0xff,0x8a,0xe6,0xff,0x93,0x47,0xff,0x51,
  0xa3,0xff,0x28,0xe2,0xff,0x20,0x81,0xff,0x29,0x22,0xff,0x20,0xc1,0xff,0x20,0xc1,
  0xff,0x39,0x22,0xff,0x49,0x83,0xff,0x49,0x83,0xff,0x41,0x22,0xff,0x49,0x83,0xff,
  0x49,0xa3,0xff,0x59,0xe4,0xff,0x51,0xa3,0xff,0x51,0xa3,0xff,0x51,0xa3,0xff,0x41,
  0x22,0xff,0x39,0x02,0xff,0x41,0x63,0xff,0x41,0x43,0xff,0x38,0xa1,0xff,0x92,0xe7,
  0xff,0xc4,0xed,0xff,0x7a,0xe7,0xff,0x7a,0xe7,0xff,0x41,0x23,0xff,0x51,0x83,0xff,
  0x59,0xe4,0xff,0x62,0x04,0xff,0x41,0x43,0xff,0x41,0xa4,0xff,0x28,0xe3,0x00,0x20,
  0xc2,0x00,0x20,0xa2,0x00,0x20,0xa2,0x00,0x49,0x83,0xff,0x8b,0x27,0xff,0x83,0x06,
  0xff,0x18,0xc2,0x00,0x41,0xa5,0x00,0x82,0xe6,0x00,0x92,0xc5,0x00,0x7a,0x64,0x00,
  0x49,0xc4,0x00,0x49,0xc4,0x00,0x19,0x03,0x00,0x19,0x04,0x00,0x19,0x04,0x00,0x21,
  0x04,0x00,0x21,0x04,0x00,0x21,0x04,0x00,0x21,0x04,0x00,0x21,0x04,0x00,0x21,0x04,
  0x00,0x21,0x04,0x00,0x21,0x04,0x00,0x21,0x04,0x00,0x21,0x04,0x00,0x21,0x04,0x00,
  0x21,0x04,0x00,0x21,0x04,0x00,0x21,0x04,0x00,0x19,0x04,0x00,0x19,0x04,0x00,0x19,
  0x04,0x00,0x21,0x04,0x00,0x21,0x04,0x00,0x21,0x04,0x00,0x21,0x04,0x00,0x19,0x04,
  0x00,0x19,0x04,0x00,0x19,0x04,0x00,0x19,0x04,0x00,0x19,0x04,0x00,0x21,0x04,0x00,
  0x21,0x04,0x00,0x21,0x04,0x00,0x21,0x04,0x00,0x19,0x04,0x00,0x19,0x04,0x00,0x19,
  0x04,0x00,0x21,0x04,0x00,0x21,0x04,0x00,0x21,0x04,0x00,0x19,0x04,0x00,0x19,0x04,
  0x00,0x19,0x04,0x00,0x21,0x04,0x00,0x21,0x04,0x00,0x21,0x04,0x00,0x21,0x04,0x00,
  0x21,0x04,0x00,0x21,0x04,0x00,0x21,0x04,0x00,0x21,0x04,0x00,0x21,0x04,0x00,0x21,
  0x04,0x00,0x21,0x04,0x00,0x21,0x04,0x00,0x21,0x24,0x00,0x21,0x24,0x00,0x21,0x24,
  0x00,0x19,0x04,0x00,0x18,0xe4,0x00,0x18,0xc3,0x00,0x18,0xc3,0x00,0x18,0xe3,0x00,
  0x18,0xe3,0x00,0x10,0xc3,0x00,0x10,0xa3,0x00,0x08,0xa3,0x00,0x08,0xa3,0x00,0x10,
  0xa3,0x00,0x10,0xc3,0x00,0x10,0xc3,0x00,0x10,0xa2,0x00,0x10,0xa2,0x00,0x08,0x62,
  0xff,0x00,0x00,0xff,0x31,0x23,0x00,0x49,0xa4,0xff,0x49,0xa4,0xff,0x49,0x63,0xff,
  0x93,0x27,0xff,0x9b,0x47,0xff,0x9b,0x27,0xff,0x93,0x47,0xff,0x7a,0x65,0xff,0x6a,
  0x04,0xff,0x6a,0x04,0xff,0x6a,0x05,0xff,0x6a,0x05,0xff,0x62,0x04,0xff,0x6a,0x24,
  0xff,0x6a,0x65,0xff,0x6a,0x25,0xff,0x6a,0x25,0xff,0x72,0x85,0xff,0x72,0x45,0xff,
  0x72,0x65,0xff,0x72,0x65,0xff,0x6a,0x45,0xff,0x6a,0x24,0xff,0x6a,0x45,0xff,0x6a,
  0x45,0xff,0x6a,0x25,0xff,0x6a,0x45,0xff,0x72,0x45,0xff,0x72,0x45,0xff,0x6a,0x45,
  0xff,0x6a,0x45,0xff,0x6a,0x24,0xff,0x6a,0x25,0xff,0x6a,0x25,0xff,0x6a,0x24,0xff,
  0x7a,0x86,0xff,0x72,0x65,0xff,0x59,0xe4,0xff,0x61,0xe4,0xff,0x61,0xe4,0xff,0x6a,
  0x25,0xff,0x6a,0x25,0xff,0x62,0x04,0xff,0x62,0x04,0xff,0x62,0x24,0xff,0x59,0xe4,
  0xff,0x62,0x04,0xff,0x59,0xc4,0xff,0x59,0xc4,0xff,0x59,0xc4,0xff,0x59,0xa3,0xff,
  0x62,0x04,0xff,0x82,0xa5,0xff,0x82,0xc5,0xff,0x59,0xe4,0xff,0x41,0x63,0xff,0x39,
  0x23,0xff,0x39,0x43,0xff,0x20,0xa1,0xff,0x20,0xa1,0xff,0x31,0x43,0xff,0x49,0x83,
  0xff,0x62,0x23,0xff,0x62,0x03,0xff,0x59,0xe4,0xff,0x49,0x62,0xff,0x51,0x63,0xff,
  0x62,0x04,0xff,0x6a,0x64,0xff,0x6a,0x64,0xff,0x6a,0x44,0xff,0x62,0x45,0xff,0x59,
  0xe4,0xff,0x49,0xa4,0xff,0x59,0x83,0xff,0xb4,0x2c,0xff,0xff,0x55,0xff,0xe6,0x52,
  0xff,0xe6,0x52,0xff,0x82,0xe7,0xff,0x59,0xc4,0xff,0x62,0x04,0xff,0x72,0x04,0xff,
  0x61,0xe4,0xff,0x6a,0x65,0xff,0x6a,0x25,0xff,0x6a,0x24,0xff,0x7a,0x24,0xff,0x7a,
  0x24,0xff,0xb3,0xc7,0xff,0xdc,0xc9,0xff,0xa3,0x67,0xff,0x28,0xc2,0x00,0x82,0x85,
  0x00,0xd3,0xc5,0x00,0xab,0x04,0x00,0x92,0x84,0x00,0x69,0xe3,0x00,0x69,0xe3,0x00,
  0x31,0x03,0x00,0x21,0x04,0x00,0x18,0xe4,0x00,0x19,0x04,0x00,0x19,0x04,0x00,0x21,
  0x04,0x00,0x21,0x04,0x00,0x21,0x04,0x00,0x21,0x04,0x00,0x21,0x04,0x00,0x21,0x04,
  0x00,0x21,0x04,0x00,0x21,0x04,0x00,0x21,0x04,0x00,0x21,0x04,0x00,0x21,0x04,0x00,
  0x21,0x04,0x00,0x21,0x04,0x00,0x21,0x04,0x00,0x19,0x04,0x00,0x21,0x04,0x00,0x21,
  0x04,0x00,0x21,0x04,0x00,0x21,0x04,0x00,0x21,0x04,0x00,0x19,0x04,0x00,0x19,0x04,
  0x00,0x19,0x04,0x00,0x19,0x04,0x00,0x21,0x04,0x00,0x21,0x04,0x00,0x19,0x04,0x00,
  0x19,0x04,0x00,0x21,0x04,0x00,0x21,0x04,0x00,0x21,0x04,0x00,0x21,0x04,0x00,0x21,
  0x04,0x00,0x21,0x04,0x00,0x21,0x04,0x00,0x19,0x04,0x00,0x19,0x04,0x00,0x21,0x04,
  0x00,0x21,0x04,0x00,0x19,0x04,0x00,0x21,0x04,0x00,0x21,0x04,0x00,0x21,0x04,0x00,
  0x21,0x04,0x00,0x21,0x04,0x00,0x21,0x04,0x00,0x21,0x24,0x00,0x21,0x24,0x00,0x21,
  0x24,0x00,0x21,0x24,0x00,0x21,0x24,0x00,0x21,0x24,0x00,0x21,0x24,0x00,0x21,0x04,
  0x00,0x21,0x04,0x00,0x19,0x03,0x00,0x18,0xe3,0x00,0x18,0xe3,0x00,0x18,0xe3,0x00,
  0x18,0xe3,0x00,0x18,0xe3,0x00,0x18,0xe3,0x00,0x18,0xc3,0x00,0x18,0xc3,0x00,0x10,
  0xa2,0x00,0x10,0xc3,0x00,0x08,0x41,0xff,0x08,0x40,0xff,0x20,0xe2,0x00,0x18,0xa2,
  0x00,0x28,0xc2,0x00,0x28,0xc2,0x00,0x6a,0x65,0xff,0x93,0x26,0xff,0x8b,0x06,0xff,
  0x7a,0x65,0xff,0x7a,0x65,0xff,0x6a,0x44,0xff,0x6a,0x24,0xff,0x6a,0x24,0xff,0x6a,
  0x24,0xff,0x6a,0x24,0xff,0x61,0xe4,0xff,0x62,0x04,0xff,0x62,0x04,0xff,0x6a,0x25,
  0xff,0x62,0x25,0xff,0x6a,0x45,0xff,0x72,0x65,0xff,0x72,0x45,0xff,0x72,0x45,0xff,
  0x6a,0x25,0xff,0x6a,0x45,0xff,0x6a,0x24,0xff,0x6a,0x25,0xff,0x6a,0x45,0xff,0x6a,
  0x45,0xff,0x6a,0x25,0xff,0x6a,0x45,0xff,0x6a,0x24,0xff,0x6a,0x24,0xff,0x6a,0x44,
  0xff,0x6a,0x04,0xff,0x62,0x04,0xff,0x6a,0x45,0xff,0x72,0x86,0xff,0x62,0x04,0xff,
  0x51,0xa3,0xff,0x59,0xe4,0xff,0x59,0xe4,0xff,0x6a,0x24,0xff,0x61,0xe4,0xff,0x6a,
  0x24,0xff,0x61,0xe4,0xff,0x61,0xe4,0xff,0x62,0x04,0xff,0x62,0x04,0xff,0x6a,0x24,
  0xff,0x6a,0x65,0xff,0x6a,0x65,0xff,0x62,0x04,0xff,0x59,0xc4,0xff,0x59,0xe4,0xff,
  0x59,0xc4,0xff,0x59,0xc4,0xff,0x6a,0x25,0xff,0x6a,0x25,0xff,0x82,0xc6,0xff,0x8b,
  0x27,0xff,0x8b,0x27,0xff,0x41,0x62,0xff,0x30,0xe2,0xff,0x5a,0x24,0xff,0x61,0xe4,
  0xff,0x62,0x04,0xff,0x61,0xe3,0xff,0x72,0x65,0xff,0x6a,0x24,0xff,0x72,0x44,0xff,
  0x72,0x44,0xff,0x72,0x85,0xff,0x72,0x65,0xff,0x49,0x63,0xff,0x30,0xe1,0xff,0x93,
  0x68,0xff,0xfe,0xb3,0xff,0xee,0x31,0xff,0xf6,0x31,0xff,0xf6,0x31,0xff,0xf6,0x31,
  0xff,0xc4,0xec,0xff,0xa3,0x27,0xff,0xbb,0xc7,0xff,0xcc,0x68,0xff,0xc3,0xe8,0xff,
  0xab,0x46,0xff,0xd4,0xaa,0xff,0x92,0xe6,0xff,0x92,0xe6,0xff,0x31,0x43,0x00,0x28,
  0xe3,0x00,0x31,0x44,0x00,0x31,0x64,0x00,0x41,0x84,0x00,0x41,0x63,0x00,0x39,0x43,
  0x00,0x39,0x03,0x00,0x51,0x83,0x00,0x51,0x83,0x00,0x61,0xe4,0x00,0x6a,0x04,0x00,
  0x59,0xe4,0x00,0x39,0x63,0x00,0x18,0xe4,0x00,0x21,0x04,0x00,0x21,0x04,0x00,0x21,
  0x04,0x00,0x21,0x04,0x00,0x21,0x04,0x00,0x21,0x04,0x00,0x21,0x04,0x00,0x21,0x04,
  0x00,0x21,0x04,0x00,0x21,0x04,0x00,0x21,0x04,0x00,0x21,0x04,0x00,0x19,0x04,0x00,
  0x19,0x04,0x00,0x19,0x04,0x00,0x19,0x04,0x00,0x19,0x04,0x00,0x19,0x04,0x00,0x19,
  0x04,0x00,0x19,0x04,0x00,0x19,0x04,0x00,0x21,0x04,0x00,0x21,0x04,0x00,0x21,0x04,
  0x00,0x21,0x04,0x00,0x21,0x04,0x00,0x19,0x04,0x00,0x21,0x04,0x00,0x21,0x04,0x00,
  0x21,0x04,0x00,0x21,0x04,0x00,0x21,0x04,0x00,0x21,0x04,0x00,0x19,0x04,0x00,0x21,
  0x04,0x00,0x21,0x04,0x00,0x21,0x04,0x00,0x21,0x04,0x00,0x21,0x04,0x00,0x19,0x04,
  0x00,0x21,0x04,0x00,0x21,0x04,0x00,0x21,0x04,0x00,0x21,0x04,0x00,0x21,0x04,0x00,
  0x21,0x04,0x00,0x21,0x24,0x00,0x21,0x24,0x00,0x21,0x24,0x00,0x21,0x24,0x00,0x21,
  0x24,0x00,0x21,0x24,0x00,0x21,0x24,0x00,0x18,0xe3,0x00,0x18,0xe3,0x00,0x18,0xe3,
  0x00,0x18,0xc3,0x00,0x18,0xc3,0x00,0x21,0x03,0x00,0x18,0xe3,0x00,0x18,0xe3,0x00,
  0x18,0xe3,0x00,0x18,0xe3,0x00,0x18,0xc3,0x00,0x10,0xa3,0x00,0x10,0x82,0x00,0x10,
  0x81,0x00,0x62,0x24,0xff,0x7a,0xc6,0xff,0x49,0x63,0xff,0x62,0x25,0xff,0x62,0x25,
  0xff,0x82,0xc6,0xff,0x7a,0x65,0xff,0x82,0xc6,0xff,0x7a,0x86,0xff,0x6a,0x25,0xff,
  0x62,0x04,0xff,0x72,0x65,0xff,0x72,0x45,0xff,0x72,0x65,0xff,0x72,0x65,0xff,0x62,
  0x04,0xff,0x62,0x04,0xff,0x62,0x04,0xff,0x6a,0x65,0xff,0x62,0x25,0xff,0x51,0xa3,
  0xff,0x59,0xe4,0xff,0x72,0x45,0xff,0x72,0x45,0xff,0x72,0x65,0xff,0x72,0x45,0xff,
  0x6a,0x24,0xff,0x6a,0x45,0xff,0x6a,0x45,0xff,0x72,0x45,0xff,0x72,0x45,0xff,0x6a,
  0x25,0xff,0x6a,0x24,0xff,0x6a,0x24,0xff,0x72,0x45,0xff,0x6a,0x04,0xff,0x62,0x24,
  0xff,0x72,0x65,0xff,0x7a,0xa6,0xff,0x62,0x04,0xff,0x59,0xe4,0xff,0x62,0x04,0xff,
  0x62,0x04,0xff,0x6a,0x45,0xff,0x62,0x24,0xff,0x6a,0x44,0xff,0x6a,0x25,0xff,0x6a,
  0x04,0xff,0x7a,0x85,0xff,0x72,0x85,0xff,0x6a,0x45,0xff,0x72,0x65,0xff,0x72,0x65,
  0xff,0x6a,0x24,0xff,0x62,0x24,0xff,0x62,0x04,0xff,0x59,0xe4,0xff,0x61,0xe4,0xff,
  0x6a,0x65,0xff,0x61,0xe4,0xff,0x72,0x65,0xff,0xa3,0xc8,0xff,0xa3,0xc8,0xff,0x72,
  0x85,0xff,0x28,0xe2,0xff,0x31,0x02,0xff,0x49,0x83,0xff,0x72,0x65,0xff,0x6a,0x45,
  0xff,0x7a,0xc6,0xff,0x72,0x45,0xff,0x6a,0x65,0xff,0x6a,0x65,0xff,0x62,0x24,0xff,
  0x6a,0x44,0xff,0x51,0xe4,0xff,0x28,0xc2,0xff,0x5a,0x04,0xff,0x9b,0xea,0xff,0x8b,
  0x07,0xff,0xb4,0x09,0xff,0xb4,0x09,0xff,0xee,0x11,0xff,0xee,0x30,0xff,0xd4,0xaa,
  0xff,0xcc,0x08,0xff,0xcb,0xe8,0xff,0xd4,0x48,0xff,0xcc,0x28,0xff,0xd4,0x49,0xff,
  0x49,0xa4,0xff,0x49,0xa4,0xff,0x00,0x62,0xff,0x10,0xc4,0x00,0x29,0x24,0x00,0x29,
  0x65,0x00,0x21,0x24,0x00,0x18,0xe4,0x00,0x21,0x24,0x00,0x21,0x04,0x00,0x31,0x44,
  0x00,0x31,0x44,0x00,0x41,0x83,0x00,0x62,0x04,0x00,0x62,0x04,0x00,0x39,0x63,0x00,
  0x18,0xe3,0x00,0x21,0x04,0x00,0x21,0x04,0x00,0x21,0x04,0x00,0x21,0x04,0x00,0x21,
  0x04,0x00,0x21,0x04,0x00,0x21,0x04,0x00,0x21,0x04,0x00,0x21,0x04,0x00,0x21,0x04,
  0x00,0x21,0x04,0x00,0x21,0x04,0x00,0x19,0x04,0x00,0x19,0x04,0x00,0x19,0x04,0x00,
  0x21,0x04,0x00,0x19,0x04,0x00,0x19,0x04,0x00,0x19,0x04,0x00,0x21,0x04,0x00,0x21,
  0x04,0x00,0x21,0x04,0x00,0x19,0x04,0x00,0x19,0x04,0x00,0x19,0x04,0x00,0x19,0x04,
  0x00,0x19,0x04,0x00,0x21,0x04,0x00,0x19,0x04,0x00,0x19,0x04,0x00,0x19,0x04,0x00,
  0x19,0x04,0x00,0x19,0x04,0x00,0x19,0x04,0x00,0x19,0x04,0x00,0x21,0x04,0x00,0x21,
  0x04,0x00,0x21,0x04,0x00,0x21,0x04,0x00,0x21,0x04,0x00,0x21,0x04,0x00,0x21,0x04,
  0x00,0x21,0x04,0x00,0x21,0x04,0x00,0x21,0x04,0x00,0x21,0x24,0x00,0x21,0x24,0x00,
  0x21,0x24,0x00,0x21,0x24,0x00,0x21,0x24,0x00,0x21,0x24,0x00,0x21,0x24,0x00,0x21,
  0x04,0x00,0x29,0x23,0x00,0x39,0x43,0x00,0x39,0x64,0x00,0x39,0x64,0x00,0x29,0x03,
  0x00,0x18,0xe3,0x00,0x18,0xe3,0x00,0x18,0xe3,0x00,0x18,0xe3,0x00,0x18,0xe3,0x00,
  0x18,0xc3,0x00,0x10,0xa2,0x00,0x08,0x41,0xff,0x20,0xc2,0x00,0x82,0xc6,0xff,0x61,
  0xa3,0xff,0x72,0x65,0xff,0x7a,0x85,0xff,0x7a,0x85,0xff,0x72,0x65,0xff,0x6a,0x04,
  0xff,0x72,0x65,0xff,0x72,0x44,0xff,0x59,0xa4,0xff,0x62,0x05,0xff,0x72,0x65,0xff,
  0x72,0x25,0xff,0x62,0x25,0xff,0x62,0x25,0xff,0x59,0xe4,0xff,0x61,0xe4,0xff,0x62,
  0x25,0xff,0x6a,0x45,0xff,0x6a,0x25,0xff,0x49,0x83,0xff,0x51,0xa4,0xff,0x6a,0x25,
  0xff,0x6a,0x25,0xff,0x6a,0x45,0xff,0x6a,0x25,0xff,0x72,0x45,0xff,0x72,0x65,0xff,
  0x6a,0x45,0xff,0x6a,0x45,0xff,0x6a,0x25,0xff,0x6a,0x24,0xff,0x6a,0x25,0xff,0x6a,
  0x25,0xff,0x6a,0x24,0xff,0x6a,0x25,0xff,0x62,0x04,0xff,0x72,0x66,0xff,0x6a,0x45,
  0xff,0x62,0x04,0xff,0x6a,0x45,0xff,0x62,0x04,0xff,0x62,0x04,0xff,0x59,0xe4,0xff,
  0x62,0x25,0xff,0x61,0xe4,0xff,0x61,0xe4,0xff,0x72,0x44,0xff,0x72,0x44,0xff,0x72,
  0x65,0xff,0x6a,0x25,0xff,0x62,0x04,0xff,0x62,0x04,0xff,0x6a,0x25,0xff,0x62,0x24,
  0xff,0x59,0xc4,0xff,0x62,0x45,0xff,0x62,0x04,0xff,0x62,0x05,0xff,0x59,0xe4,0xff,
  0x59,0xe4,0xff,0x62,0x04,0xff,0x62,0x04,0xff,0x6a,0x25,0xff,0x59,0xa4,0xff,0x51,
  0xa3,0xff,0x51,0xa3,0xff,0x51,0xe4,0xff,0x49,0xa4,0xff,0x51,0xc4,0xff,0x6a,0x45,
  0xff,0x62,0x04,0xff,0x62,0x04,0xff,0x51,0xa3,0xff,0x59,0xe3,0xff,0x39,0x22,0xff,
  0x20,0xa2,0xff,0x10,0x81,0xff,0x10,0x81,0xff,0x18,0x61,0xff,0x61,0xe4,0xff,0x61,
  0xe4,0xff,0xe5,0x8f,0xff,0xed,0xae,0xff,0xd4,0xeb,0xff,0xb4,0x08,0xff,0x8a,0x86,
  0xff,0x9b,0x06,0xff,0xb3,0xa7,0xff,0xa3,0x67,0xff,0x49,0xa5,0xff,0x49,0xa5,0xff,
  0x10,0x83,0x00,0x19,0x04,0x00,0x29,0x65,0x00,0x21,0x24,0x00,0x21,0x44,0x00,0x21,
  0x04,0x00,0x21,0x03,0x00,0x18,0xe3,0x00,0x18,0xe3,0x00,0x18,0xe3,0x00,0x10,0xc3,
  0x00,0x18,0xe3,0x00,0x18,0xc3,0x00,0x18,0xc3,0x00,0x18,0xe4,0x00,0x21,0x04,0x00,
  0x21,0x04,0x00,0x21,0x04,0x00,0x21,0x04,0x00,0x21,0x04,0x00,0x21,0x04,0x00,0x21,
  0x04,0x00,0x21,0x04,0x00,0x21,0x04,0x00,0x21,0x04,0x00,0x21,0x04,0x00,0x21,0x04,
  0x00,0x19,0x04,0x00,0x19,0x04,0x00,0x19,0x04,0x00,0x21,0x04,0x00,0x19,0x04,0x00,
  0x21,0x04,0x00,0x21,0x04,0x00,0x21,0x04,0x00,0x21,0x04,0x00,0x21,0x04,0x00,0x19,
  0x04,0x00,0x19,0x04,0x00,0x19,0x04,0x00,0x19,0x04,0x00,0x21,0x04,0x00,0x21,0x04,
  0x00,0x19,0x04,0x00,0x19,0x04,0x00,0x19,0x04,0x00,0x19,0x04,0x00,0x19,0x04,0x00,
  0x19,0x04,0x00,0x19,0x04,0x00,0x21,0x04,0x00,0x19,0x04,0x00,0x21,0x04,0x00,0x21,
  0x04,0x00,0x21,0x04,0x00,0x21,0x04,0x00,0x21,0x04,0x00,0x21,0x04,0x00,0x21,0x04,
  0x00,0x21,0x04,0x00,0x21,0x24,0x00,0x21,0x24,0x00,0x21,0x24,0x00,0x21,0x24,0x00,
  0x21,0x24,0x00,0x21,0x24,0x00,0x21,0x24,0x00,0x21,0x04,0x00,0x5a,0x04,0x00,0x8a,
  0xa5,0x00,0x7a,0x64,0x00,0x62,0x25,0x00,0x39,0x64,0x00,0x21,0x03,0x00,0x21,0x03,
  0x00,0x21,0x03,0x00,0x21,0x03,0x00,0x18,0xe3,0x00,0x18,0xe3,0x00,0x18,0xc2,0x00,
  0x08,0x82,0xff,0x18,0x61,0x00,0x51,0x83,0xff,0x61,0xe4,0xff,0x72,0x65,0xff,0x72,
  0x65,0xff,0x72,0x65,0xff,0x7a,0x85,0xff,0x72,0x45,0xff,0x7a,0xa5,0xff,0x72,0x65,
  0xff,0x59,0xe4,0xff,0x6a,0x45,0xff,0x82,0xc6,0xff,0x7a,0x85,0xff,0x59,0xc4,0xff,
  0x59,0xc4,0xff,0x49,0x83,0xff,0x59,0xc4,0xff,0x6a,0x45,0xff,0x6a,0x45,0xff,0x72,
  0x65,0xff,0x62,0x25,0xff,0x62,0x24,0xff,0x6a,0x45,0xff,0x6a,0x45,0xff,0x6a,0x45,
  0xff,0x6a,0x45,0xff,0x6a,0x45,0xff,0x72,0x65,0xff,0x6a,0x45,0xff,0x72,0x65,0xff,
  0x6a,0x25,0xff,0x72,0x65,0xff,0x6a,0x24,0xff,0x6a,0x24,0xff,0x6a,0x45,0xff,0x6a,
  0x45,0xff,0x6a,0x24,0xff,0x72,0x66,0xff,0x6a,0x25,0xff,0x62,0x04,0xff,0x7a,0xa5,
  0xff,0x6a,0x45,0xff,0x6a,0x45,0xff,0x6a,0x45,0xff,0x6a,0x45,0xff,0x59,0xc4,0xff,
  0x6a,0x45,0xff,0xbc,0x8a,0xff,0x7a,0x85,0xff,0x59,0xe4,0xff,0x6a,0x45,0xff,0x6a,
  0x45,0xff,0x6a,0x45,0xff,0x62,0x24,0xff,0x6a,0x45,0xff,0x62,0x25,0xff,0x62,0x24,
  0xff,0x62,0x04,0xff,0x62,0x04,0xff,0x62,0x25,0xff,0x62,0x25,0xff,0x51,0xc4,0xff,
  0x51,0xc4,0xff,0x59,0xe4,0xff,0x82,0xc6,0xff,0xbc,0x6a,0xff,0x72,0x85,0xff,0x28,
  0xc2,0xff,0x28,0xc2,0xff,0x31,0x22,0xff,0x41,0x43,0xff,0x49,0x63,0xff,0x49,0x63,
  0xff,0x51,0xc3,0xff,0x5a,0x24,0xff,0x41,0x63,0xff,0x28,0xe2,0xff,0x10,0x81,0xff,
  0x10,0x81,0xff,0x20,0xa1,0xff,0x7a,0xa6,0xff,0x7a,0xa6,0xff,0xed,0xce,0xff,0xdd,
  0x0a,0xff,0x92,0xa5,0xff,0x59,0xc3,0xff,0x39,0x43,0xff,0x41,0x43,0xff,0x38,0xc2,
  0xff,0x51,0x23,0xff,0x62,0x04,0xff,0x62,0x04,0xff,0x31,0x64,0x00,0x10,0xa3,0x00,
  0x21,0x04,0x00,0x21,0x04,0x00,0x21,0x04,0x00,0x21,0x03,0x00,0x21,0x24,0x00,0x18,
  0xe3,0x00,0x18,0xe3,0x00,0x18,0xe3,0x00,0x18,0xe3,0x00,0x18,0xe3,0x00,0x18,0xe3,
  0x00,0x18,0xe3,0x00,0x18,0xe4,0x00,0x21,0x04,0x00,0x21,0x04,0x00,0x21,0x04,0x00,
  0x21,0x04,0x00,0x21,0x04,0x00,0x21,0x04,0x00,0x21,0x04,0x00,0x21,0x04,0x00,0x21,
  0x04,0x00,0x21,0x04,0x00,0x21,0x04,0x00,0x21,0x04,0x00,0x19,0x04,0x00,0x19,0x04,
  0x00,0x19,0x04,0x00,0x19,0x04,0x00,0x21,0x04,0x00,0x21,0x04,0x00,0x21,0x04,0x00,
  0x21,0x04,0x00,0x21,0x04,0x00,0x19,0x04,0x00,0x19,0x04,0x00,0x19,0x04,0x00,0x19,
  0x04,0x00,0x19,0x04,0x00,0x21,0x04,0x00,0x21,0x04,0x00,0x21,0x04,0x00,0x21,0x04,
  0x00,0x21,0x04,0x00,0x21,0x04,0x00,0x21,0x04,0x00,0x21,0x04,0x00,0x19,0x04,0x00,
  0x19,0x04,0x00,0x19,0x04,0x00,0x21,0x04,0x00,0x21,0x04,0x00,0x21,0x04,0x00,0x21,
  0x04,0x00,0x21,0x04,0x00,0x21,0x04,0x00,0x21,0x04,0x00,0x21,0x04,0x00,0x21,0x24,
  0x00,0x21,0x24,0x00,0x21,0x24,0x00,0x21,0x24,0x00,0x21,0x44,0x00,0x21,0x24,0x00,
  0x21,0x24,0x00,0x19,0x04,0x00,0x41,0x64,0x00,0x6a,0x24,0x00,0x51,0xc4,0x00,0x31,
  0x23,0x00,0x29,0x03,0x00,0x21,0x24,0x00,0x18,0xe3,0x00,0x21,0x03,0x00,0x21,0x03,
  0x00,0x18,0xe3,0x00,0x18,0xc3,0x00,0x10,0xc3,0x00,0x08,0x61,0xff,0x28,0xc2,0x00,
  0x61,0xe4,0xff,0x6a,0x45,0xff,0x62,0x45,0xff,0x51,0xc4,0xff,0x51,0xc4,0xff,0x62,
  0x05,0xff,0x72,0x65,0xff,0x72,0x45,0xff,0x72,0x45,0xff,0x62,0x05,0xff,0x6a,0x25,
  0xff,0x72,0x65,0xff,0x72,0x65,0xff,0x59,0xc4,0xff,0x59,0xc4,0xff,0x49,0x63,0xff,
  0x59,0xe4,0xff,0x62,0x04,0xff,0x6a,0x24,0xff,0x61,0xe4,0xff,0x6a,0x45,0xff,0x6a,
  0x45,0xff,0x72,0x65,0xff,0x72,0x65,0xff,0x6a,0x04,0xff,0x6a,0x45,0xff,0x59,0xe4,
  0xff,0x51,0xa3,0xff,0x51,0xa3,0xff,0x62,0x04,0xff,0x6a,0x45,0xff,0x72,0x45,0xff,
  0x6a,0x45,0xff,0x6a,0x45,0xff,0x6a,0x45,0xff,0x62,0x04,0xff,0x6a,0x45,0xff,0x6a,
  0x66,0xff,0x61,0xe4,0xff,0x59,0xe4,0xff,0x72,0x45,0xff,0x7a,0x85,0xff,0x7a,0x85,
  0xff,0x7a,0xa6,0xff,0x6a,0x45,0xff,0x6a,0x25,0xff,0x6a,0x24,0xff,0xa3,0xc9,0xff,
  0x7a,0x64,0xff,0x59,0xc4,0xff,0x62,0x05,0xff,0x62,0x25,0xff,0x62,0x25,0xff,0x59,
  0xe4,0xff,0x62,0x04,0xff,0x62,0x04,0xff,0x59,0xc4,0xff,0x62,0x05,0xff,0x6a,0x45,
  0xff,0x62,0x04,0xff,0x62,0x25,0xff,0x59,0xe4,0xff,0x59,0xe4,0xff,0x51,0xc4,0xff,
  0x7a,0x85,0xff,0x93,0x47,0xff,0x62,0x04,0xff,0x39,0x02,0xff,0x31,0x23,0xff,0x31,
  0x02,0xff,0x28,0xe2,0xff,0x41,0x83,0xff,0x41,0x83,0xff,0x41,0x62,0xff,0x41,0x22,
  0xff,0x51,0xa3,0xff,0x49,0xa3,0xff,0x20,0xe2,0xff,0x20,0xe2,0xff,0x49,0xe4,0xff,
  0x5a,0x24,0xff,0x5a,0x24,0xff,0x61,0xe3,0xff,0x92,0xa4,0xff,0x71,0xc3,0xff,0x30,
  0xc1,0xff,0x29,0x02,0xff,0x39,0x84,0xff,0x28,0xa2,0xff,0x41,0x23,0xff,0x72,0x65,
  0xff,0x72,0x65,0xff,0x39,0x84,0xff,0x08,0x62,0x00,0x10,0xa3,0x00,0x19,0x03,0x00,
  0x21,0x24,0x00,0x18,0xc3,0x00,0x18,0xe3,0x00,0x18,0xe3,0x00,0x19,0x03,0x00,0x19,
  0x03,0x00,0x18,0xe3,0x00,0x18,0xe3,0x00,0x19,0x03,0x00,0x18,0xe3,0x00,0x18,0xe3,
  0x00,0x21,0x04,0x00,0x21,0x04,0x00,0x21,0x24,0x00,0x21,0x24,0x00,0x21,0x04,0x00,
  0x21,0x24,0x00,0x21,0x04,0x00,0x21,0x24,0x00,0x21,0x04,0x00,0x21,0x04,0x00,0x19,
  0x04,0x00,0x19,0x04,0x00,0x19,0x04,0x00,0x19,0x04,0x00,0x19,0x04,0x00,0x19,0x04,
  0x00,0x19,0x04,0x00,0x19,0x04,0x00,0x19,0x04,0x00,0x19,0x04,0x00,0x19,0x04,0x00,
  0x19,0x04,0x00,0x19,0x04,0x00,0x19,0x04,0x00,0x19,0x04,0x00,0x19,0x04,0x00,0x21,
  0x04,0x00,0x21,0x04,0x00,0x19,0x04,0x00,0x21,0x04,0x00,0x21,0x04,0x00,0x21,0x04,
  0x00,0x21,0x04,0x00,0x19,0x04,0x00,0x21,0x04,0x00,0x19,0x04,0x00,0x19,0x04,0x00,
  0x19,0x04,0x00,0x19,0x03,0x00,0x19,0x03,0x00,0x19,0x04,0x00,0x19,0x03,0x00,0x19,
  0x03,0x00,0x21,0x04,0x00,0x21,0x04,0x00,0x21,0x24,0x00,0x21,0x24,0x00,0x21,0x24,
  0x00,0x21,0x04,0x00,0x21,0x24,0x00,0x21,0x24,0x00,0x21,0x24,0x00,0x21,0x24,0x00,
  0x20,0xe3,0x00,0x29,0x44,0x00,0x29,0x24,0x00,0x29,0x24,0x00,0x29,0x24,0x00,0x29,
  0x64,0x00,0x21,0x04,0x00,0x21,0x24,0x00,0x21,0x24,0x00,0x19,0x03,0x00,0x18,0xe3,
  0x00,0x08,0x82,0x00,0x08,0x61,0xff,0x5a,0x24,0xff,0x72,0x86,0xff,0x41,0x43,0xff,
  0x41,0x63,0xff,0x39,0x43,0xff,0x39,0x43,0xff,0x5a,0x05,0xff,0x6a,0x45,0xff,0x7a,
  0x85,0xff,0x7a,0x86,0xff,0x6a,0x45,0xff,0x6a,0x45,0xff,0x7a,0x85,0xff,0x7a,0x85,
  0xff,0x72,0x45,0xff,0x72,0x45,0xff,0x62,0x25,0xff,0x6a,0x45,0xff,0x59,0xc4,0xff,
  0x6a,0x45,0xff,0x62,0x04,0xff,0x62,0x04,0xff,0x62,0x04,0xff,0x72,0x45,0xff,0x72,
  0x45,0xff,0x72,0x85,0xff,0x7a,0xa6,0xff,0x62,0x25,0xff,0x62,0x05,0xff,0x62,0x05,
  0xff,0x6a,0x65,0xff,0x6a,0x45,0xff,0x72,0x85,0xff,0x72,0x85,0xff,0x72,0x85,0xff,
  0x6a,0x45,0xff,0x6a,0x25,0xff,0x6a,0x45,0xff,0x72,0x86,0xff,0x62,0x04,0xff,0x62,
  0x04,0xff,0x6a,0x45,0xff,0x6a,0x25,0xff,0x6a,0x25,0xff,0x6a,0x25,0xff,0x72,0x45,
  0xff,0x7a,0xc6,0xff,0x61,0xe4,0xff,0x62,0x04,0xff,0x72,0x45,0xff,0x7a,0x85,0xff,
  0x7a,0xa6,0xff,0x6a,0x45,0xff,0x6a,0x45,0xff,0x59,0xe4,0xff,0x59,0xe4,0xff,0x62,
  0x05,0xff,0x62,0x25,0xff,0x62,0x05,0xff,0x62,0x25,0xff,0x62,0x45,0xff,0x62,0x45,
  0xff,0x62,0x25,0xff,0x62,0x25,0xff,0x62,0x24,0xff,0x59,0xc4,0xff,0x49,0x83,0xff,
  0x49,0x63,0xff,0x62,0x04,0xff,0x62,0x45,0xff,0x41,0x83,0xff,0x29,0x02,0xff,0x39,
  0x42,0xff,0x39,0x42,0xff,0x41,0x63,0xff,0x41,0x83,0xff,0x49,0x83,0xff,0x49,0xa3,
  0xff,0x39,0x42,0xff,0x28,0xe2,0xff,0x31,0x43,0xff,0x18,0xc1,0xff,0x18,0xc1,0xff,
  0x08,0x20,0xff,0x49,0x42,0xff,0x7a,0x44,0xff,0x49,0x62,0xff,0x18,0x81,0xff,0x20,
  0xc2,0xff,0x31,0x23,0xff,0x39,0x23,0xff,0x39,0x02,0xff,0x39,0x02,0xff,0x29,0x03,
  0x00,0x10,0xc3,0x00,0x10,0xc3,0x00,0x18,0xe3,0x00,0x19,0x03,0x00,0x21,0x03,0x00,
  0x21,0x03,0x00,0x10,0xc3,0x00,0x10,0xa3,0x00,0x10,0xa3,0x00,0x10,0xa3,0x00,0x10,
  0xc3,0x00,0x10,0xc3,0x00,0x18,0xe3,0x00,0x18,0xe3,0x00,0x21,0x04,0x00,0x19,0x04,
  0x00,0x10,0xe4,0x00,0x10,0xe4,0x00,0x18,0xe4,0x00,0x19,0x24,0x00,0x19,0x24,0x00,
  0x18,0xe3,0x00,0x10,0xc3,0x00,0x18,0xe4,0x00,0x19,0x04,0x00,0x19,0x04,0x00,0x19,
  0x04,0x00,0x19,0x04,0x00,0x19,0x04,0x00,0x19,0x04,0x00,0x19,0x04,0x00,0x21,0x04,
  0x00,0x21,0x04,0x00,0x19,0x04,0x00,0x19,0x04,0x00,0x21,0x04,0x00,0x19,0x04,0x00,
  0x19,0x04,0x00,0x19,0x04,0x00,0x19,0x04,0x00,0x21,0x04,0x00,0x21,0x04,0x00,0x21,
  0x04,0x00,0x21,0x04,0x00,0x21,0x04,0x00,0x21,0x04,0x00,0x21,0x04,0x00,0x21,0x04,
  0x00,0x19,0x04,0x00,0x19,0x04,0x00,0x21,0x04,0x00,0x29,0x23,0x00,0x29,0x23,0x00,
  0x21,0x03,0x00,0x21,0x03,0x00,0x21,0x03,0x00,0x21,0x03,0x00,0x21,0x03,0x00,0x21,
  0x24,0x00,0x21,0x04,0x00,0x21,0x23,0x00,0x29,0x43,0x00,0x29,0x44,0x00,0x31,0x64,
  0x00,0x29,0x23,0x00,0x29,0x23,0x00,0x21,0x23,0x00,0x21,0x24,0x00,0x21,0x03,0x00,
  0x29,0x03,0x00,0x31,0x23,0x00,0x29,0x23,0x00,0x29,0x24,0x00,0x21,0x24,0x00,0x21,
  0x24,0x00,0x21,0x24,0x00,0x21,0x03,0x00,0x18,0xc2,0x00,0x00,0x00,0xff,0x30,0xe2,
  0xff,0x62,0x04,0xff,0x49,0xa3,0xff,0x31,0x02,0xff,0x31,0x23,0xff,0x31,0x02,0xff,
  0x31,0x02,0xff,0x49,0x84,0xff,0x51,0xa4,0xff,0x72,0x65,0xff,0x82,0xc6,0xff,0x62,
  0x05,0xff,0x59,0xe4,0xff,0x7a,0xa5,0xff,0x6a,0x04,0xff,0x72,0x45,0xff,0x72,0x45,
  0xff,0x72,0x45,0xff,0x6a,0x45,0xff,0x62,0x04,0xff,0x6a,0x44,0xff,0x6a,0x24,0xff,
  0x59,0xe4,0xff,0x51,0xa3,0xff,0x62,0x04,0xff,0x62,0x04,0xff,0x7a,0x65,0xff,0x7a,
  0x65,0xff,0x82,0xc6,0xff,0x8a,0xe7,0xff,0x82,0xc6,0xff,0x82,0xc6,0xff,0x72,0x65,
  0xff,0x72,0x65,0xff,0x6a,0x24,0xff,0x6a,0x24,0xff,0x72,0x65,0xff,0x72,0x65,0xff,
  0x6a,0x65,0xff,0x72,0x66,0xff,0x59,0xc4,0xff,0x59,0xe4,0xff,0x6a,0x45,0xff,0x61,
  0xe4,0xff,0x61,0xe4,0xff,0x59,0xe4,0xff,0x62,0x04,0xff,0x6a,0x24,0xff,0x7a,0x85,
  0xff,0x6a,0x65,0xff,0x59,0xc4,0xff,0x6a,0x65,0xff,0x72,0x85,0xff,0x6a,0x65,0xff,
  0x6a,0x65,0xff,0x62,0x04,0xff,0x62,0x05,0xff,0x6a,0x45,0xff,0x6a,0x25,0xff,0x61,
  0xe4,0xff,0x61,0xe4,0xff,0x62,0x25,0xff,0x5a,0x05,0xff,0x59,0xc4,0xff,0x59,0xc4,
  0xff,0x62,0x24,0xff,0x59,0xe4,0xff,0x59,0xc4,0xff,0x59,0xe4,0xff,0x72,0x85,0xff,
  0x72,0x65,0xff,0x51,0xc4,0xff,0x39,0x43,0xff,0x28,0xe2,0xff,0x28,0xe2,0xff,0x29,
  0x02,0xff,0x41,0x83,0xff,0x41,0x43,0xff,0x39,0x22,0xff,0x31,0x22,0xff,0x28,0xe2,
  0xff,0x18,0x81,0xff,0x08,0x61,0xff,0x08,0x61,0xff,0x00,0x20,0xff,0x20,0xa2,0xff,
  0x6a,0x65,0xff,0x59,0xe3,0xff,0x28,0xe2,0xff,0x28,0xe2,0xff,0x31,0x23,0xff,0x39,
  0x43,0xff,0x29,0x03,0x00,0x29,0x03,0x00,0x18,0xe3,0x00,0x10,0xa2,0x00,0x10,0xc3,
  0x00,0x10,0xa2,0x00,0x10,0xc3,0x00,0x18,0xe3,0x00,0x21,0x03,0x00,0x20,0xe3,0x00,
  0x41,0x63,0x00,0x41,0x63,0x00,0x59,0xa3,0x00,0x59,0xc3,0x00,0x49,0xa4,0x00,0x20,
  0xe3,0x00,0x19,0x04,0x00,0x19,0x03,0x00,0x41,0xa4,0x00,0x6a,0x25,0x00,0x6a,0x25,
  0x00,0x72,0x66,0x00,0x31,0x64,0x00,0x19,0x04,0x00,0x59,0xe4,0x00,0x7a,0x85,0x00,
  0x59,0xe5,0x00,0x18,0xe3,0x00,0x19,0x04,0x00,0x21,0x04,0x00,0x21,0x04,0x00,0x19,
  0x04,0x00,0x19,0x04,0x00,0x21,0x04,0x00,0x21,0x04,0x00,0x21,0x04,0x00,0x21,0x04,
  0x00,0x19,0x04,0x00,0x21,0x04,0x00,0x21,0x04,0x00,0x21,0x04,0x00,0x21,0x04,0x00,
  0x19,0x04,0x00,0x19,0x04,0x00,0x21,0x04,0x00,0x19,0x04,0x00,0x21,0x04,0x00,0x19,
  0x04,0x00,0x21,0x04,0x00,0x21,0x04,0x00,0x21,0x04,0x00,0x21,0x04,0x00,0x21,0x04,
  0x00,0x21,0x04,0x00,0x29,0x23,0x00,0x29,0x23,0x00,0x21,0x03,0x00,0x21,0x03,0x00,
  0x21,0x03,0x00,0x21,0x03,0x00,0x21,0x03,0x00,0x21,0x24,0x00,0x21,0x04,0x00,0x21,
  0x23,0x00,0x29,0x43,0x00,0x29,0x44,0x00,0x31,0x64,0x00,0x29,0x23,0x00,0x29,0x23,
  0x00,0x21,0x23,0x00,0x21,0x24,0x00,0x21,0x03,0x00,0x29,0x03,0x00,0x31,0x23,0x00,
  0x29,0x23,0x00,0x29,0x24,0x00,0x21,0x24,0x00,0x21,0x24,0x00,0x21,0x24,0x00,0x21,
  0x03,0x00,0x18,0xc2,0x00,0x00,0x00,0xff,0x30,0xe2,0xff,0x62,0x04,0xff,0x49,0xa3,
  0xff,0x31,0x02,0xff,0x31,0x23,0xff,0x31,0x02,0xff,0x31,0x02,0xff,0x49,0x84,0xff,
  0x51,0xa4,0xff,0x72,0x65,0xff,0x82,0xc6,0xff,0x62,0x05,0xff,0x59,0xe4,0xff,0x7a,
  0xa5,0xff,0x6a,0x04,0xff,0x72,0x45,0xff,0x72,0x45,0xff,0x72,0x45,0xff,0x6a,0x45,
  0xff,0x62,0x04,0xff,0x6a,0x44,0xff,0x6a,0x24,0xff,0x59,0xe4,0xff,0x51,0xa3,0xff,
  0x62,0x04,0xff,0x62,0x04,0xff,0x7a,0x65,0xff,0x7a,0x65,0xff,0x82,0xc6,0xff,0x8a,
  0xe7,0xff,0x82,0xc6,0xff,0x82,0xc6,0xff,0x72,0x65,0xff,0x72,0x65,0xff,0x6a,0x24,
  0xff,0x6a,0x24,0xff,0x72,0x65,0xff,0x72,0x65,0xff,0x6a,0x65,0xff,0x72,0x66,0xff,
  0x59,0xc4,0xff,0x59,0xe4,0xff,0x6a,0x45,0xff,0x61,0xe4,0xff,0x61,0xe4,0xff,0x59,
  0xe4,0xff,0x62,0x04,0xff,0x6a,0x24,0xff,0x7a,0x85,0xff,0x6a,0x65,0xff,0x59,0xc4,
  0xff,0x6a,0x65,0xff,0x72,0x85,0xff,0x6a,0x65,0xff,0x6a,0x65,0xff,0x62,0x04,0xff,
  0x62,0x05,0xff,0x6a,0x45,0xff,0x6a,0x25,0xff,0x61,0xe4,0xff,0x61,0xe4,0xff,0x62,
  0x25,0xff,0x5a,0x05,0xff,0x59,0xc4,0xff,0x59,0xc4,0xff,0x62,0x24,0xff,0x59,0xe4,
  0xff,0x59,0xc4,0xff,0x59,0xe4,0xff,0x72,0x85,0xff,0x72,0x65,0xff,0x51,0xc4,0xff,
  0x39,0x43,0xff,0x28,0xe2,0xff,0x28,0xe2,0xff,0x29,0x02,0xff,0x41,0x83,0xff,0x41,
  0x43,0xff,0x39,0x22,0xff,0x31,0x22,0xff,0x28,0xe2,0xff,0x18,0x81,0xff,0x08,0x61,
  0xff,0x08,0x61,0xff,0x00,0x20,0xff,0x20,0xa2,0xff,0x6a,0x65,0xff,0x59,0xe3,0xff,
  0x28,0xe2,0xff,0x28,0xe2,0xff,0x31,0x23,0xff,0x39,0x43,0xff,0x29,0x03,0x00,0x29,
  0x03,0x00,0x18,0xe3,0x00,0x10,0xa2,0x00,0x10,0xc3,0x00,0x10,0xa2,0x00,0x10,0xc3,
  0x00,0x18,0xe3,0x00,0x21,0x03,0x00,0x20,0xe3,0x00,0x41,0x63,0x00,0x41,0x63,0x00,
  0x59,0xa3,0x00,0x59,0xc3,0x00,0x49,0xa4,0x00,0x20,0xe3,0x00,0x19,0x04,0x00,0x19,
  0x03,0x00,0x41,0xa4,0x00,0x6a,0x25,0x00,0x6a,0x25,0x00,0x72,0x66,0x00,0x31,0x64,
  0x00,0x19,0x04,0x00,0x59,0xe4,0x00,0x7a,0x85,0x00,0x59,0xe5,0x00,0x18,0xe3,0x00,
  0x19,0x04,0x00,0x21,0x04,0x00,0x21,0x04,0x00,0x19,0x04,0x00,0x19,0x04,0x00,0x21,
  0x04,0x00,0x21,0x04,0x00,0x21,0x04,0x00,0x21,0x04,0x00,0x19,0x04,0x00,0x21,0x04,
  0x00,0x21,0x04,0x00,0x21,0x04,0x00,0x21,0x04,0x00,0x19,0x04,0x00,0x19,0x04,0x00,
  0x21,0x04,0x00,0x19,0x04,0x00,0x21,0x04,0x00,0x19,0x04,0x00,0x21,0x04,0x00,0x21,
  0x04,0x00,0x21,0x04,0x00,0x21,0x04,0x00,0x21,0x04,0x00,0x21,0x04,0x00,0x82,0xa4,
  0x00,0xd3,0xe6,0x00,0xc3,0x85,0x00,0xbb,0x85,0x00,0xbb,0xa5,0x00,0xbb,0xa5,0x00,
  0x51,0xc4,0x00,0x18,0xe3,0x00,0x29,0x23,0x00,0x82,0xa5,0x00,0xa3,0x05,0x00,0xa2,
  0xc5,0x00,0x9b,0x05,0x00,0x93,0x05,0x00,0x93,0x05,0x00,0x59,0xe5,0x00,0x20,0xc3,
  0x00,0x49,0xa4,0x00,0x92,0xe5,0x00,0x93,0x06,0x00,0x39,0x43,0x00,0x21,0x04,0x00,
  0x29,0x44,0x00,0x21,0x04,0x00,0x21,0x04,0x00,0x18,0xc3,0x00,0x29,0x22,0x00,0x49,
  0x83,0xff,0x6a,0x45,0xff,0x41,0x22,0xff,0x39,0x02,0xff,0x39,0x23,0xff,0x49,0xa4,
  0xff,0x49,0xa4,0xff,0x49,0xa4,0xff,0x49,0xa4,0xff,0x51,0xa4,0xff,0x72,0x85,0xff,
  0x72,0x86,0xff,0x39,0x23,0xff,0x30,0xe2,0xff,0x62,0x25,0xff,0x72,0x65,0xff,0x6a,
  0x45,0xff,0x6a,0x45,0xff,0x61,0xe4,0xff,0x6a,0x25,0xff,0x62,0x04,0xff,0x59,0xc4,
  0xff,0x61,0xe4,0xff,0x62,0x04,0xff,0x59,0xe4,0xff,0x62,0x04,0xff,0x62,0x04,0xff,
  0x6a,0x25,0xff,0x7a,0x65,0xff,0x7a,0x85,0xff,0x7a,0xa6,0xff,0x7a,0x86,0xff,0x7a,
  0xa6,0xff,0x82,0xa6,0xff,0x7a,0xa6,0xff,0x7a,0x85,0xff,0x7a,0x85,0xff,0x7a,0xa6,
  0xff,0x7a,0x86,0xff,0x7a,0xc6,0xff,0x72,0x86,0xff,0x59,0xe4,0xff,0x59,0xe4,0xff,
  0x6a,0x45,0xff,0x62,0x04,0xff,0x62,0x04,0xff,0x62,0x25,0xff,0x59,0xe4,0xff,0x6a,
  0x45,0xff,0x7a,0x85,0xff,0x6a,0x45,0xff,0x51,0xa4,0xff,0x51,0xa4,0xff,0x51,0xa4,
  0xff,0x59,0xe4,0xff,0x59,0xe4,0xff,0x62,0x25,0xff,0x62,0x25,0xff,0x62,0x25,0xff,
  0x6a,0x25,0xff,0x6a,0x25,0xff,0x62,0x25,0xff,0x59,0xc4,0xff,0x62,0x25,0xff,0x62,
  0x25,0xff,0x62,0x25,0xff,0x62,0x24,0xff,0x62,0x24,0xff,0x6a,0x45,0xff,0x61,0xe4,
  0xff,0x62,0x04,0xff,0x61,0xe4,0xff,0x6a,0x45,0xff,0x51,0xc4,0xff,0x39,0x42,0xff,
  0x39,0x42,0xff,0x31,0x22,0xff,0x39,0x42,0xff,0x41,0x63,0xff,0x41,0x43,0xff,0x41,
  0x83,0xff,0x41,0x83,0xff,0x18,0x81,0xff,0x08,0x40,0xff,0x08,0x40,0xff,0x08,0x61,
  0xff,0x00,0x41,0xff,0x10,0x61,0xff,0x10,0x40,0xff,0x00,0x00,0xff,0x08,0x20,0xff,
  0x00,0x00,0xff,0x08,0x41,0xff,0x00,0x21,0xff,0x00,0x21,0xff,0x00,0x21,0xff,0x00,
  0x21,0xff,0x08,0x62,0xff,0x10,0xc3,0x00,0x19,0x03,0x00,0x18,0xe3,0x00,0x18,0xc3,
  0x00,0x31,0x43,0x00,0x9b,0x05,0x00,0x9b,0x05,0x00,0xbb,0x25,0x00,0xb3,0x44,0x00,
  0xbb,0x84,0x00,0x41,0x43,0x00,0x10,0xc3,0x00,0x20,0xe3,0x00,0xa3,0x06,0x00,0xd3,
  0xa6,0x00,0xd3,0xa6,0x00,0xcb,0x86,0x00,0x41,0x84,0x00,0x19,0x04,0x00,0xb3,0x66,
  0x00,0xd3,0xe7,0x00,0xa3,0x47,0x00,0x20,0xc3,0x00,0x19,0x04,0x00,0x21,0x04,0x00,
  0x21,0x04,0x00,0x19,0x04,0x00,0x19,0x04,0x00,0x19,0x04,0x00,0x21,0x04,0x00,0x21,
  0x04,0x00,0x21,0x04,0x00,0x19,0x04,0x00,0x19,0x04,0x00,0x19,0x04,0x00,0x19,0x04,
  0x00,0x21,0x04,0x00,0x21,0x04,0x00,0x19,0x04,0x00,0x21,0x04,0x00,0x19,0x04,0x00,
  0x19,0x04,0x00,0x19,0x04,0x00,0x19,0x04,0x00,0x19,0x04,0x00,0x19,0x04,0x00,0x21,
  0x04,0x00,0x21,0x04,0x00,0x21,0x04,0x00,0x82,0xc5,0x00,0xe4,0x67,0x00,0xdb,0xe5,
  0x00,0xd3,0xe5,0x00,0xe4,0x46,0x00,0xe4,0x46,0x00,0x62,0x04,0x00,0x10,0xc3,0x00,
  0x29,0x44,0x00,0xa3,0x45,0x00,0xab,0x25,0x00,0xa2,0xe4,0x00,0x9b,0x05,0x00,0x9b,
  0x05,0x00,0x9b,0x05,0x00,0x61,0xe4,0x00,0x39,0x23,0x00,0x62,0x05,0x00,0x92,0xe5,
  0x00,0x92,0xe6,0x00,0x39,0x43,0x00,0x21,0x04,0x00,0x29,0x44,0x00,0x18,0xe3,0x00,
  0x18,0xe3,0x00,0x10,0x82,0x00,0x62,0x25,0xff,0x93,0x06,0xff,0x5a,0x03,0xff,0x41,
  0x62,0xff,0x49,0x83,0xff,0x59,0xe4,0xff,0x62,0x45,0xff,0x51,0xc4,0xff,0x51,0xc4,
  0xff,0x51,0xc4,0xff,0x51,0xa4,0xff,0x62,0x04,0xff,0x6a,0x45,0xff,0x41,0x43,0xff,
  0x31,0x02,0xff,0x59,0xe4,0xff,0x6a,0x24,0xff,0x62,0x04,0xff,0x62,0x04,0xff,0x61,
  0xe4,0xff,0x61,0xe4,0xff,0x61,0xe4,0xff,0x6a,0x45,0xff,0x62,0x04,0xff,0x6a,0x45,
  0xff,0x6a,0x25,0xff,0x6a,0x25,0xff,0x6a,0x25,0xff,0x6a,0x45,0xff,0x72,0x86,0xff,
  0x6a,0x65,0xff,0x72,0x86,0xff,0x72,0x86,0xff,0x72,0x86,0xff,0x6a,0x65,0xff,0x6a,
  0x45,0xff,0x6a,0x45,0xff,0x6a,0x45,0xff,0x62,0x45,0xff,0x62,0x04,0xff,0x6a,0x25,
  0xff,0x6a,0x25,0xff,0x62,0x04,0xff,0x59,0xc4,0xff,0x59,0xe4,0xff,0x62,0x04,0xff,
  0x62,0x04,0xff,0x6a,0x45,0xff,0x61,0xe4,0xff,0x59,0xe4,0xff,0x6a,0x04,0xff,0x72,
  0x45,0xff,0x6a,0x24,0xff,0x51,0xa4,0xff,0x49,0xa4,0xff,0x62,0x25,0xff,0x62,0x25,
  0xff,0x59,0xc4,0xff,0x5a,0x04,0xff,0x51,0xc4,0xff,0x59,0xe4,0xff,0x62,0x05,0xff,
  0x62,0x05,0xff,0x62,0x04,0xff,0x62,0x25,0xff,0x5a,0x04,0xff,0x5a,0x04,0xff,0x62,
  0x25,0xff,0x49,0x83,0xff,0x5a,0x04,0xff,0x59,0xc4,0xff,0x51,0xa4,0xff,0x59,0xc4,
  0xff,0x59,0xc3,0xff,0x59,0xc3,0xff,0x5a,0x24,0xff,0x5a,0x24,0xff,0x41,0x83,0xff,
  0x31,0x02,0xff,0x28,0xe2,0xff,0x39,0x22,0xff,0x49,0xa3,0xff,0x39,0x22,0xff,0x10,
  0x40,0xff,0x00,0x00,0xff,0x00,0x00,0xff,0x00,0x20,0xff,0x00,0x20,0xff,0x08,0x40,
  0xff,0x31,0x02,0xff,0x41,0x83,0xff,0x49,0xc4,0xff,0x41,0x64,0xff,0x52,0x05,0xff,
  0x41,0x84,0xff,0x41,0x84,0xff,0x41,0xc4,0xff,0x49,0xe5,0xff,0x29,0x03,0x00,0x08,
  0xa2,0x00,0x18,0xc3,0x00,0x10,0xa2,0x00,0x10,0xc3,0x00,0x20,0xe3,0x00,0x59,0xe4,
  0x00,0x59,0xe4,0x00,0x6a,0x04,0x00,0x6a,0x04,0x00,0x61,0xe3,0x00,0x31,0x03,0x00,
  0x18,0xe4,0x00,0x18,0xe3,0x00,0x59,0xe4,0x00,0x72,0x24,0x00,0x72,0x24,0x00,0x7a,
  0x65,0x00,0x41,0x64,0x00,0x18,0xe4,0x00,0x6a,0x44,0x00,0x8a,0xa5,0x00,0x7a,0x64,
  0x00,0x20,0xe3,0x00,0x19,0x04,0x00,0x21,0x04,0x00,0x21,0x04,0x00,0x19,0x04,0x00,
  0x19,0x04,0x00,0x19,0x04,0x00,0x21,0x04,0x00,0x21,0x04,0x00,0x21,0x04,0x00,0x19,
  0x04,0x00,0x19,0x04,0x00,0x19,0x04,0x00,0x19,0x04,0x00,0x21,0x04,0x00,0x21,0x04,
  0x00,0x19,0x04,0x00,0x21,0x04,0x00,0x19,0x04,0x00,0x19,0x04,0x00,0x19,0x04,0x00,
  0x19,0x04,0x00,0x19,0x04,0x00,0x21,0x04,0x00,0x21,0x04,0x00,0x21,0x04,0x00,0x21,
  0x04,0x00,0x39,0x84,0x00,0x51,0xc4,0x00,0x51,0xc4,0x00,0x51,0xc4,0x00,0x51,0xe4,
  0x00,0x51,0xe4,0x00,0x31,0x44,0x00,0x18,0xe3,0x00,0x20,0xe4,0x00,0x39,0x43,0x00,
  0x39,0x63,0x00,0x39,0x43,0x00,0x39,0x64,0x00,0x31,0x23,0x00,0x31,0x23,0x00,0x31,
  0x44,0x00,0x31,0x64,0x00,0x29,0x44,0x00,0x29,0x24,0x00,0x31,0x23,0x00,0x29,0x03,
  0x00,0x29,0x44,0x00,0x29,0x24,0x00,0x21,0x03,0x00,0x21,0x03,0x00,0x08,0x61,0xff,
  0x51,0xa4,0xff,0x6a,0x24,0xff,0x49,0x62,0xff,0x51,0xc4,0xff,0x62,0x04,0xff,0x61,
  0xe4,0xff,0x62,0x25,0xff,0x62,0x25,0xff,0x62,0x25,0xff,0x62,0x25,0xff,0x62,0x25,
  0xff,0x6a,0x65,0xff,0x6a,0x65,0xff,0x6a,0x65,0xff,0x6a,0x45,0xff,0x72,0x85,0xff,
  0x6a,0x45,0xff,0x6a,0x24,0xff,0x6a,0x24,0xff,0x6a,0x65,0xff,0x6a,0x65,0xff,0x62,
  0x04,0xff,0x62,0x45,0xff,0x51,0xc4,0xff,0x49,0xc4,0xff,0x39,0x43,0xff,0x28,0xe2,
  0xff,0x28,0xe2,0xff,0x28,0xe2,0xff,0x28,0xe2,0xff,0x29,0x02,0xff,0x31,0x03,0xff,
  0x29,0x02,0xff,0x31,0x03,0xff,0x29,0x02,0xff,0x31,0x23,0xff,0x31,0x23,0xff,0x31,
  0x23,0xff,0x29,0x02,0xff,0x28,0xe2,0xff,0x49,0x84,0xff,0x6a,0x66,0xff,0x6a,0x45,
  0xff,0x59,0xe4,0xff,0x62,0x04,0xff,0x6a,0x24,0xff,0x6a,0x24,0xff,0x6a,0x24,0xff,
  0x62,0x24,0xff,0x62,0x04,0xff,0x6a,0x25,0xff,0x72,0x65,0xff,0x6a,0x45,0xff,0x59,
  0xe4,0xff,0x5a,0x05,0xff,0x6a,0x45,0xff,0x6a,0x45,0xff,0x62,0x04,0xff,0x62,0x25,
  0xff,0x51,0xc4,0xff,0x59,0xc4,0xff,0x62,0x25,0xff,0x6a,0x65,0xff,0x62,0x25,0xff,
  0x51,0xc4,0xff,0x41,0x22,0xff,0x41,0x22,0xff,0x41,0x63,0xff,0x41,0x43,0xff,0x59,
  0xc4,0xff,0x6a,0x65,0xff,0x62,0x25,0xff,0x59,0xe4,0xff,0x61,0xe4,0xff,0x59,0xe3,
  0xff,0x62,0x25,0xff,0x62,0x25,0xff,0x51,0xe4,0xff,0x41,0x83,0xff,0x31,0x02,0xff,
  0x31,0x22,0xff,0x41,0xa3,0xff,0x39,0x42,0xff,0x18,0xa1,0xff,0x08,0x40,0xff,0x08,
  0x40,0xff,0x00,0x00,0xff,0x00,0x00,0xff,0x72,0x45,0xff,0xee,0x10,0xff,0xf6,0xf6,
  0xff,0xf6,0xf6,0xff,0xf6,0x93,0xff,0xfe,0xd2,0xff,0xf5,0xd0,0xff,0xf5,0xd0,0xff,
  0xee,0x10,0xff,0xf6,0xf3,0xff,0xb4,0xad,0xff,0x08,0x61,0xff,0x10,0x82,0x00,0x18,
  0xc3,0x00,0x21,0x03,0x00,0x10,0xc3,0x00,0x18,0xe3,0x00,0x18,0xe3,0x00,0x18,0xc3,
  0x00,0x10,0xc4,0x00,0x10,0xc3,0x00,0x18,0xe3,0x00,0x19,0x03,0x00,0x19,0x04,0x00,
  0x18,0xe4,0x00,0x10,0xc4,0x00,0x10,0xc4,0x00,0x18,0xe4,0x00,0x21,0x04,0x00,0x19,
  0x24,0x00,0x18,0xe4,0x00,0x18,0xc4,0x00,0x18,0xe3,0x00,0x18,0xe4,0x00,0x19,0x04,
  0x00,0x21,0x04,0x00,0x21,0x04,0x00,0x19,0x04,0x00,0x19,0x04,0x00,0x21,0x04,0x00,
  0x21,0x04,0x00,0x21,0x04,0x00,0x19,0x04,0x00,0x19,0x04,0x00,0x19,0x04,0x00,0x19,
  0x04,0x00,0x19,0x04,0x00,0x19,0x04,0x00,0x21,0x04,0x00,0x21,0x04,0x00,0x21,0x04,
  0x00,0x19,0x04,0x00,0x19,0x04,0x00,0x19,0x04,0x00,0x19,0x04,0x00,0x19,0x04,0x00,
  0x21,0x04,0x00,0x21,0x04,0x00,0x21,0x04,0x00,0x21,0x04,0x00,0x18,0xe4,0x00,0x10,
  0xc3,0x00,0x10,0xc4,0x00,0x10,0xe4,0x00,0x18,0xc4,0x00,0x18,0xc4,0x00,0x18,0xe4,
  0x00,0x18,0xe3,0x00,0x18,0xe3,0x00,0x10,0xc3,0x00,0x10,0xc3,0x00,0x10,0xe3,0x00,
  0x19,0x04,0x00,0x18,0xe3,0x00,0x18,0xe3,0x00,0x19,0x04,0x00,0x18,0xc3,0x00,0x19,
  0x04,0x00,0x18,0xe4,0x00,0x21,0x24,0x00,0x29,0x44,0x00,0x29,0x24,0x00,0x18,0xc3,
  0x00,0x18,0xe3,0x00,0x18,0xe3,0x00,0x08,0x61,0xff,0x41,0x23,0xff,0x61,0xe4,0xff,
  0x51,0xa3,0xff,0x51,0xa4,0xff,0x5a,0x04,0xff,0x59,0xa4,0xff,0x59,0xc4,0xff,0x59,
  0xe4,0xff,0x59,0xe4,0xff,0x6a,0x45,0xff,0x6a,0x25,0xff,0x61,0xe4,0xff,0x72,0x65,
  0xff,0x82,0xc6,0xff,0x7a,0xa6,0xff,0x7a,0xc6,0xff,0x72,0x65,0xff,0x6a,0x65,0xff,
  0x6a,0x65,0xff,0x5a,0x05,0xff,0x49,0xc4,0xff,0x31,0x43,0xff,0x28,0xe2,0xff,0x28,
  0xe2,0xff,0x28,0xe2,0xff,0x28,0xe2,0xff,0x29,0x02,0xff,0x29,0x02,0xff,0x18,0xa1,
  0xff,0x18,0xa1,0xff,0x20,0xc2,0xff,0x20,0xe2,0xff,0x20,0xc2,0xff,0x20,0xc2,0xff,
  0x20,0xc2,0xff,0x28,0xe2,0xff,0x20,0xc2,0xff,0x20,0xc2,0xff,0x20,0xe2,0xff,0x18,
  0xa2,0xff,0x28,0xe3,0xff,0x49,0xa4,0xff,0x49,0xa3,0xff,0x41,0x63,0xff,0x51,0xc4,
  0xff,0x62,0x04,0xff,0x62,0x04,0xff,0x62,0x04,0xff,0x61,0xe4,0xff,0x6a,0x24,0xff,
  0x6a,0x25,0xff,0x61,0xe4,0xff,0x61,0xe4,0xff,0x6a,0x45,0xff,0x59,0xe4,0xff,0x59,
  0xc4,0xff,0x59,0xc4,0xff,0x62,0x25,0xff,0x59,0xe4,0xff,0x59,0xe4,0xff,0x62,0x05,
  0xff,0x61,0xe5,0xff,0x62,0x05,0xff,0x51,0xc3,0xff,0x51,0xc4,0xff,0x51,0xa4,0xff,
  0x51,0xa4,0xff,0x59,0xe4,0xff,0x72,0x65,0xff,0x7a,0x85,0xff,0x7a,0x85,0xff,0x72,
  0x65,0xff,0x51,0xa3,0xff,0x51,0xa3,0xff,0x61,0xe4,0xff,0x51,0x83,0xff,0x51,0x83,
  0xff,0x59,0xe4,0xff,0x5a,0x24,0xff,0x41,0x63,0xff,0x28,0xe2,0xff,0x20,0xc1,0xff,
  0x30,0xe2,0xff,0x18,0x61,0xff,0x00,0x00,0xff,0x00,0x00,0xff,0x08,0x40,0xff,0x72,
  0x66,0xff,0xc4,0x09,0xff,0xed,0x8e,0xff,0xf6,0x94,0xff,0xee,0x53,0xff,0xe5,0x8e,
  0xff,0xd4,0xab,0xff,0xc4,0x09,0xff,0xc4,0x09,0xff,0xbb,0xe8,0xff,0xe5,0x2c,0xff,
  0xbb,0xe9,0xff,0x10,0x40,0xff,0x08,0x61,0xff,0x10,0xa2,0x00,0x18,0xe3,0x00,0x20,
  0xe3,0x00,0x21,0x24,0x00,0x21,0x24,0x00,0x18,0xe4,0x00,0x21,0x24,0x00,0x19,0x04,
  0x00,0x19,0x04,0x00,0x19,0x04,0x00,0x21,0x24,0x00,0x21,0x24,0x00,0x21,0x24,0x00,
  0x21,0x24,0x00,0x21,0x24,0x00,0x21,0x24,0x00,0x21,0x24,0x00,0x21,0x24,0x00,0x21,
  0x04,0x00,0x21,0x04,0x00,0x19,0x03,0x00,0x19,0x04,0x00,0x19,0x04,0x00,0x19,0x04,
  0x00,0x19,0x04,0x00,0x19,0x04,0x00,0x19,0x04,0x00,0x19,0x04,0x00,0x21,0x04,0x00,
  0x19,0x04,0x00,0x19,0x04,0x00,0x19,0x04,0x00,0x19,0x04,0x00,0x19,0x04,0x00,0x21,
  0x04,0x00,0x21,0x04,0x00,0x21,0x04,0x00,0x21,0x04,0x00,0x19,0x04,0x00,0x19,0x04,
  0x00,0x19,0x04,0x00,0x19,0x04,0x00,0x19,0x04,0x00,0x21,0x04,0x00,0x21,0x04,0x00,
  0x19,0x04,0x00,0x21,0x04,0x00,0x21,0x04,0x00,0x21,0x04,0x00,0x21,0x04,0x00,0x21,
  0x04,0x00,0x21,0x04,0x00,0x21,0x04,0x00,0x21,0x04,0x00,0x21,0x03,0x00,0x18,0xe3,
  0x00,0x18,0xe3,0x00,0x18,0xe4,0x00,0x10,0xa3,0x00,0x08,0xa3,0x00,0x08,0xa3,0x00,
  0x08,0xa3,0x00,0x11,0x04,0x00,0x21,0x24,0x00,0x39,0xa4,0x00,0x31,0x43,0x00,0x29,
  0x23,0x00,0x18,0xc3,0x00,0x29,0x44,0x00,0x21,0x04,0x00,0x10,0xc3,0x00,0x10,0xc3,
  0x00,0x18,0xe2,0x00,0x51,0xa4,0xff,0x59,0xc4,0xff,0x59,0xc4,0xff,0x51,0xc4,0xff,
  0x5a,0x04,0xff,0x59,0xe4,0xff,0x62,0x04,0xff,0x62,0x05,0xff,0x62,0x05,0xff,0x62,
  0x25,0xff,0x62,0x05,0xff,0x72,0x66,0xff,0x82,0xe6,0xff,0x72,0x65,0xff,0x51,0xc4,
  0xff,0x41,0x83,0xff,0x49,0xa4,0xff,0x52,0x05,0xff,0x52,0x05,0xff,0x31,0x23,0xff,
  0x20,0xc2,0xff,0x18,0x81,0xff,0x18,0xa2,0xff,0x31,0x43,0xff,0x39,0x43,0xff,0x39,
  0x43,0xff,0x39,0x84,0xff,0x39,0x84,0xff,0x31,0x23,0xff,0x31,0x43,0xff,0x29,0x23,
  0xff,0x31,0x23,0xff,0x31,0x23,0xff,0x41,0x84,0xff,0x41,0xa4,0xff,0x49,0xe4,0xff,
  0x39,0x43,0xff,0x39,0x43,0xff,0x31,0x23,0xff,0x28,0xe2,0xff,0x28,0xe2,0xff,0x18,
  0x81,0xff,0x10,0x61,0xff,0x08,0x40,0xff,0x18,0xa1,0xff,0x20,0xa1,0xff,0x20,0xa1,
  0xff,0x31,0x02,0xff,0x41,0x43,0xff,0x51,0xc3,0xff,0x59,0xe4,0xff,0x6a,0x24,0xff,
  0x62,0x04,0xff,0x6a,0x24,0xff,0x62,0x04,0xff,0x6a,0x25,0xff,0x6a,0x25,0xff,0x59,
  0xe4,0xff,0x61,0xe4,0xff,0x62,0x25,0xff,0x62,0x45,0xff,0x51,0xc4,0xff,0x41,0x63,
  0xff,0x41,0x63,0xff,0x59,0xe4,0xff,0x62,0x25,0xff,0x62,0x25,0xff,0x62,0x04,0xff,
  0x8b,0x06,0xff,0x8b,0x06,0xff,0x72,0x25,0xff,0x72,0x86,0xff,0x59,0xe4,0xff,0x51,
  0xa4,0xff,0x5a,0x04,0xff,0x51,0xc4,0xff,0x51,0xc4,0xff,0x51,0xa3,0xff,0x59,0xe4,
  0xff,0x49,0x63,0xff,0x31,0x22,0xff,0x10,0x81,0xff,0x20,0xc1,0xff,0x18,0xa1,0xff,
  0x00,0x00,0xff,0x00,0x00,0xff,0x18,0xc2,0xff,0xe5,0x4d,0xff,0xab,0x67,0xff,0x92,
  0xc4,0xff,0xee,0x32,0xff,0xe5,0xf1,0xff,0xbb,0xc8,0xff,0xab,0x06,0xff,0xb3,0x87,
  0xff,0xb3,0x87,0xff,0xbb,0xc8,0xff,0xc4,0x09,0xff,0xc4,0x29,0xff,0x93,0x28,0xff,
  0x52,0x05,0xff,0x08,0x61,0xff,0x18,0xe3,0x00,0x21,0x24,0x00,0x29,0x24,0x00,0x29,
  0x24,0x00,0x18,0xc3,0x00,0x18,0xe4,0x00,0x18,0xc3,0x00,0x19,0x04,0x00,0x21,0x04,
  0x00,0x21,0x04,0x00,0x21,0x24,0x00,0x21,0x24,0x00,0x21,0x24,0x00,0x21,0x04,0x00,
  0x21,0x24,0x00,0x21,0x04,0x00,0x21,0x04,0x00,0x21,0x04,0x00,0x21,0x04,0x00,0x21,
  0x04,0x00,0x19,0x04,0x00,0x19,0x04,0x00,0x19,0x04,0x00,0x19,0x04,0x00,0x19,0x04,
  0x00,0x19,0x04,0x00,0x19,0x04,0x00,0x19,0x04,0x00,0x19,0x04,0x00,0x19,0x04,0x00,
  0x19,0x04,0x00,0x19,0x04,0x00,0x19,0x04,0x00,0x21,0x04,0x00,0x19,0x04,0x00,0x21,
  0x04,0x00,0x21,0x04,0x00,0x19,0x04,0x00,0x19,0x04,0x00,0x19,0x04,0x00,0x19,0x04,
  0x00,0x19,0x04,0x00,0x19,0x04,0x00,0x21,0x04,0x00,0x19,0x04,0x00,0x21,0x04,0x00,
  0x21,0x04,0x00,0x21,0x04,0x00,0x21,0x04,0x00,0x21,0x04,0x00,0x21,0x04,0x00,0x21,
  0x04,0x00,0x21,0x04,0x00,0x21,0x04,0x00,0x18,0xe3,0x00,0x18,0xe3,0x00,0x10,0xc3,
  0x00,0x29,0x02,0x00,0x41,0xa3,0x00,0x41,0x63,0x00,0x41,0x63,0x00,0x51,0xe4,0x00,
  0x7a,0x64,0x00,0x9b,0x04,0x00,0xab,0x86,0x00,0x6a,0x65,0x00,0x18,0xc3,0x00,0x18,
  0xe3,0x00,0x18,0xa3,0x00,0x08,0x62,0x00,0x08,0x62,0x00,0x29,0x03,0x00,0x59,0xe4,
  0xff,0x49,0x63,0xff,0x51,0xa3,0xff,0x51,0xa3,0xff,0x59,0xc4,0xff,0x62,0x04,0xff,
  0x62,0x25,0xff,0x51,0xa4,0xff,0x51,0xa4,0xff,0x51,0xc4,0xff,0x51,0xa4,0xff,0x62,
  0x25,0xff,0x7a,0xa6,0xff,0x61,0xe4,0xff,0x41,0x43,0xff,0x31,0x23,0xff,0x28,0xe3,
  0xff,0x31,0x43,0xff,0x31,0x43,0xff,0x39,0x43,0xff,0x39,0x64,0xff,0x31,0x03,0xff,
  0x31,0x23,0xff,0x39,0x64,0xff,0x39,0x64,0xff,0x31,0x02,0xff,0x39,0x43,0xff,0x39,
  0x43,0xff,0x41,0x84,0xff,0x39,0x43,0xff,0x31,0x02,0xff,0x49,0xc4,0xff,0x5a,0x05,
  0xff,0x5a,0x25,0xff,0x59,0xe4,0xff,0x51,0xa4,0xff,0x5a,0x05,0xff,0x5a,0x05,0xff,
  0x52,0x04,0xff,0x41,0x83,0xff,0x39,0x63,0xff,0x28,0xe2,0xff,0x28,0xe2,0xff,0x20,
  0xc2,0xff,0x20,0xe2,0xff,0x20,0xc2,0xff,0x20,0xc2,0xff,0x29,0x03,0xff,0x18,0xa2,
  0xff,0x20,0xe2,0xff,0x31,0x23,0xff,0x49,0xc4,0xff,0x51,0xa3,0xff,0x59,0xc4,0xff,
  0x62,0x25,0xff,0x62,0x04,0xff,0x62,0x04,0xff,0x59,0xe4,0xff,0x62,0x04,0xff,0x59,
  0xc4,0xff,0x59,0xc4,0xff,0x49,0x83,0xff,0x41,0x43,0xff,0x41,0x63,0xff,0x5a,0x04,
  0xff,0x49,0xa4,0xff,0x49,0xa4,0xff,0x49,0x83,0xff,0x62,0x04,0xff,0x6a,0x24,0xff,
  0x72,0x45,0xff,0x6a,0x04,0xff,0x61,0xe4,0xff,0x59,0xe4,0xff,0x51,0xa3,0xff,0x49,
  0xa4,0xff,0x49,0xa4,0xff,0x41,0x63,0xff,0x49,0x63,0xff,0x51,0xa4,0xff,0x49,0xa3,
  0xff,0x18,0x81,0xff,0x10,0x40,0xff,0x18,0x81,0xff,0x00,0x20,0xff,0x00,0x20,0xff,
  0x08,0x20,0xff,0xab,0xea,0xff,0xab,0x67,0xff,0x79,0xe3,0xff,0xe5,0xd2,0xff,0xf6,
  0x74,0xff,0xcc,0x8b,0xff,0xb3,0x68,0xff,0xbb,0xe8,0xff,0xbb,0xe8,0xff,0xcc,0x8a,
  0xff,0xb3,0x67,0xff,0xbb,0xc8,0xff,0xdc,0xca,0xff,0x93,0x88,0xff,0x00,0x20,0xff,
  0x10,0x82,0x00,0x18,0xe3,0x00,0x20,0xe3,0x00,0x20,0xe3,0x00,0x39,0x64,0x00,0x49,
  0xa4,0x00,0x39,0x64,0x00,0x20,0xe3,0x00,0x21,0x04,0x00,0x21,0x24,0x00,0x21,0x04,
  0x00,0x21,0x04,0x00,0x21,0x04,0x00,0x21,0x04,0x00,0x21,0x04,0x00,0x21,0x04,0x00,
  0x21,0x04,0x00,0x21,0x04,0x00,0x21,0x04,0x00,0x21,0x04,0x00,0x19,0x04,0x00,0x21,
  0x04,0x00,0x21,0x04,0x00,0x19,0x04,0x00,0x21,0x04,0x00,0x21,0x04,0x00,0x21,0x04,
  0x00,0x21,0x04,0x00,0x21,0x04,0x00,0x19,0x04,0x00,0x19,0x04,0x00,0x21,0x04,0x00,
  0x21,0x04,0x00,0x19,0x04,0x00,0x21,0x04,0x00,0x21,0x04,0x00,0x21,0x04,0x00,0x19,
  0x04,0x00,0x21,0x04,0x00,0x21,0x04,0x00,0x21,0x04,0x00,0x21,0x04,0x00,0x19,0x04,
  0x00,0x19,0x04,0x00,0x21,0x04,0x00,0x21,0x04,0x00,0x21,0x04,0x00,0x21,0x04,0x00,
  0x21,0x04,0x00,0x21,0x04,0x00,0x21,0x04,0x00,0x21,0x04,0x00,0x21,0x04,0x00,0x19,
  0x04,0x00,0x18,0xe3,0x00,0x18,0xe3,0x00,0x10,0xa3,0x00,0x41,0x83,0x00,0x82,0xc4,
  0x00,0x82,0x83,0x00,0x82,0x83,0x00,0x8a,0xa4,0x00,0x82,0x44,0x00,0x82,0x63,0x00,
  0x8a,0xe5,0x00,0x51,0xe4,0x00,0x18,0xe3,0x00,0x21,0x03,0x00,0x18,0xc3,0x00,0x10,
  0x61,0x00,0x10,0x61,0x00,0x49,0x84,0xff,0x62,0x24,0xff,0x51,0xa3,0xff,0x51,0xa4,
  0xff,0x51,0xc4,0xff,0x59,0xe4,0xff,0x51,0xc4,0xff,0x62,0x25,0xff,0x62,0x45,0xff,
  0x62,0x45,0xff,0x5a,0x25,0xff,0x39,0x43,0xff,0x31,0x23,0xff,0x39,0x63,0xff,0x51,
  0xa4,0xff,0x62,0x25,0xff,0x62,0x66,0xff,0x29,0x23,0xff,0x29,0x03,0xff,0x29,0x03,
  0xff,0x41,0xa4,0xff,0x49,0xc4,0xff,0x39,0x63,0xff,0x39,0x63,0xff,0x29,0x03,0xff,
  0x31,0x43,0xff,0x31,0x23,0xff,0x39,0x43,0xff,0x39,0x43,0xff,0x39,0x63,0xff,0x39,
  0x43,0xff,0x31,0x43,0xff,0x41,0x84,0xff,0x5a,0x05,0xff,0x62,0x25,0xff,0x5a,0x05,
  0xff,0x5a,0x05,0xff,0x51,0xe4,0xff,0x51,0xe4,0xff,0x52,0x05,0xff,0x39,0x43,0xff,
  0x39,0x23,0xff,0x39,0x63,0xff,0x49,0xe4,0xff,0x49,0x84,0xff,0x51,0xc4,0xff,0x5a,
  0x05,0xff,0x5a,0x05,0xff,0x62,0x46,0xff,0x41,0x84,0xff,0x20,0xe2,0xff,0x18,0xa2,
  0xff,0x20,0xc2,0xff,0x20,0xc2,0xff,0x39,0x43,0xff,0x41,0x63,0xff,0x61,0xe4,0xff,
  0x61,0xe4,0xff,0x62,0x24,0xff,0x62,0x25,0xff,0x59,0xc4,0xff,0x51,0xa4,0xff,0x49,
  0x83,0xff,0x5a,0x04,0xff,0x51,0xc3,0xff,0x51,0xe4,0xff,0x51,0xa4,0xff,0x51,0xa4,
  0xff,0x51,0xa3,0xff,0x51,0x83,0xff,0x61,0xe4,0xff,0x72,0x65,0xff,0x72,0x65,0xff,
  0x62,0x04,0xff,0x5a,0x04,0xff,0x41,0x63,0xff,0x41,0x63,0xff,0x41,0x63,0xff,0x41,
  0x63,0xff,0x49,0xa3,0xff,0x49,0x83,0xff,0x51,0xc4,0xff,0x39,0x42,0xff,0x28,0xe2,
  0xff,0x18,0x81,0xff,0x10,0x81,0xff,0x10,0x81,0xff,0x00,0x00,0xff,0x5a,0x05,0xff,
  0xb3,0xc8,0xff,0x7a,0x43,0xff,0xde,0x11,0xff,0xf6,0xf6,0xff,0xe5,0xf0,0xff,0xd4,
  0xeb,0xff,0xab,0x88,0xff,0xab,0x88,0xff,0xbc,0x09,0xff,0xbb,0xc8,0xff,0xab,0x87,
  0xff,0xc3,0xe7,0xff,0x8b,0x07,0xff,0x00,0x41,0xff,0x10,0xc3,0x00,0x10,0xc3,0x00,
  0x10,0xc3,0x00,0x10,0xc3,0x00,0x31,0x44,0x00,0x62,0x25,0x00,0x59,0xe4,0x00,0x29,
  0x03,0x00,0x21,0x04,0x00,0x21,0x24,0x00,0x21,0x04,0x00,0x21,0x04,0x00,0x21,0x04,
  0x00,0x21,0x04,0x00,0x21,0x04,0x00,0x21,0x04,0x00,0x21,0x04,0x00,0x21,0x04,0x00,
  0x21,0x04,0x00,0x21,0x04,0x00,0x21,0x04,0x00,0x21,0x04,0x00,0x21,0x04,0x00,0x21,
  0x04,0x00,0x21,0x04,0x00,0x21,0x04,0x00,0x21,0x04,0x00,0x21,0x04,0x00,0x21,0x04,
  0x00,0x19,0x04,0x00,0x21,0x04,0x00,0x21,0x04,0x00,0x21,0x04,0x00,0x19,0x04,0x00,
  0x19,0x04,0x00,0x19,0x04,0x00,0x21,0x04,0x00,0x19,0x04,0x00,0x21,0x04,0x00,0x21,
  0x04,0x00,0x21,0x04,0x00,0x21,0x04,0x00,0x19,0x04,0x00,0x21,0x04,0x00,0x21,0x04,
  0x00,0x19,0x04,0x00,0x19,0x04,0x00,0x21,0x04,0x00,0x21,0x04,0x00,0x21,0x04,0x00,
  0x21,0x04,0x00,0x21,0x04,0x00,0x21,0x04,0x00,0x19,0x04,0x00,0x18,0xe3,0x00,0x18,
  0xe3,0x00,0x10,0xc3,0x00,0x18,0xe3,0x00,0x21,0x03,0x00,0x29,0x03,0x00,0x29,0x03,
  0x00,0x29,0x44,0x00,0x31,0x44,0x00,0x31,0x44,0x00,0x31,0x44,0x00,0x21,0x04,0x00,
  0x18,0xc3,0x00,0x10,0xa2,0x00,0x20,0xe2,0x00,0x49,0x83,0xff,0x49,0x83,0xff,0x59,
  0xa3,0xff,0x59,0xc3,0xff,0x59,0xc4,0xff,0x62,0x04,0xff,0x59,0xc4,0xff,0x51,0xa4,
  0xff,0x49,0x63,0xff,0x5a,0x04,0xff,0x6a,0x45,0xff,0x6a,0x45,0xff,0x5a,0x25,0xff,
  0x29,0x02,0xff,0x20,0xe2,0xff,0x20,0xa2,0xff,0x41,0x63,0xff,0x5a,0x04,0xff,0x6a,
  0x65,0xff,0x31,0x23,0xff,0x20,0xe3,0xff,0x20,0xe3,0xff,0x41,0xa4,0xff,0x41,0x84,
  0xff,0x39,0x43,0xff,0x39,0x63,0xff,0x31,0x23,0xff,0x31,0x23,0xff,0x39,0x43,0xff,
  0x31,0x23,0xff,0x31,0x23,0xff,0x39,0x63,0xff,0x39,0x64,0xff,0x28,0xe2,0xff,0x28,
  0xe2,0xff,0x41,0x84,0xff,0x49,0xc4,0xff,0x39,0x43,0xff,0x49,0xa4,0xff,0x49,0x84,
  0xff,0x49,0x84,0xff,0x39,0x43,0xff,0x31,0x02,0xff,0x31,0x23,0xff,0x39,0x43,0xff,
  0x41,0x84,0xff,0x41,0x63,0xff,0x49,0xa4,0xff,0x49,0xa4,0xff,0x49,0xa4,0xff,0x5a,
  0x05,0xff,0x51,0xe5,0xff,0x31,0x03,0xff,0x18,0x81,0xff,0x18,0x82,0xff,0x18,0x81,
  0xff,0x20,0xc2,0xff,0x20,0xa2,0xff,0x39,0x63,0xff,0x39,0x63,0xff,0x41,0x63,0xff,
  0x51,0xa4,0xff,0x59,0xc4,0xff,0x62,0x05,0xff,0x59,0xc4,0xff,0x59,0xc4,0xff,0x59,
  0xc4,0xff,0x62,0x05,0xff,0x72,0x65,0xff,0x72,0x65,0xff,0x72,0x85,0xff,0x6a,0x25,
  0xff,0x72,0x86,0xff,0x6a,0x04,0xff,0x62,0x04,0xff,0x59,0xe4,0xff,0x49,0x83,0xff,
  0x51,0xa4,0xff,0x49,0xa4,0xff,0x49,0xa4,0xff,0x41,0x83,0xff,0x49,0xc4,0xff,0x39,
  0x22,0xff,0x41,0x43,0xff,0x49,0xa3,0xff,0x41,0x63,0xff,0x18,0x61,0xff,0x08,0x40,
  0xff,0x08,0x40,0xff,0x00,0x00,0xff,0x10,0x61,0xff,0x7a,0x45,0xff,0x71,0xe3,0xff,
  0xbc,0xad,0xff,0xe6,0x14,0xff,0xd5,0x91,0xff,0xd5,0x0c,0xff,0xa3,0x48,0xff,0xa3,
  0x48,0xff,0xab,0xa9,0xff,0xab,0x67,0xff,0x92,0xc6,0xff,0xc4,0x08,0xff,0x8a,0xc6,
  0xff,0x00,0x21,0xff,0x10,0xc3,0x00,0x10,0xc3,0x00,0x21,0x04,0x00,0x21,0x04,0x00,
  0x18,0xe4,0x00,0x18,0xe4,0x00,0x20,0xe3,0x00,0x21,0x04,0x00,0x21,0x04,0x00,0x21,
  0x04,0x00,0x21,0x04,0x00,0x21,0x04,0x00,0x21,0x04,0x00,0x21,0x04,0x00,0x21,0x04,
  0x00,0x21,0x04,0x00,0x21,0x04,0x00,0x21,0x04,0x00,0x21,0x04,0x00,0x21,0x04,0x00,
  0x21,0x04,0x00,0x21,0x04,0x00,0x21,0x04,0x00,0x21,0x04,0x00,0x21,0x04,0x00,0x21,
  0x04,0x00,0x19,0x04,0x00,0x19,0x04,0x00,0x21,0x04,0x00,0x19,0x04,0x00,0x21,0x04,
  0x00,0x21,0x04,0x00,0x21,0x04,0x00,0x19,0x04,0x00,0x19,0x04,0x00,0x19,0x04,0x00,
  0x19,0x04,0x00,0x21,0x04,0x00,0x21,0x04,0x00,0x21,0x04,0x00,0x21,0x04,0x00,0x21,
  0x04,0x00,0x19,0x04,0x00,0x21,0x04,0x00,0x21,0x04,0x00,0x19,0x04,0x00,0x21,0x04,
  0x00,0x21,0x04,0x00,0x21,0x04,0x00,0x21,0x04,0x00,0x21,0x04,0x00,0x21,0x04,0x00,
  0x19,0x04,0x00,0x18,0xe4,0x00,0x18,0xe3,0x00,0x18,0xe3,0x00,0x18,0xe3,0x00,0x18,
  0xe3,0x00,0x18,0xe3,0x00,0x18,0xe3,0x00,0x18,0xe3,0x00,0x18,0xe3,0x00,0x18,0xe3,
  0x00,0x21,0x03,0x00,0x21,0x04,0x00,0x21,0x24,0x00,0x18,0xe3,0x00,0x08,0x82,0x00,
  0x39,0x63,0xff,0x8b,0x07,0xff,0x8b,0x07,0xff,0x59,0xc3,0xff,0x59,0xe4,0xff,0x59,
  0xe4,0xff,0x59,0xe4,0xff,0x59,0xa4,0xff,0x62,0x25,0xff,0x7a,0xa6,0xff,0x7a,0xc6,
  0xff,0x49,0x63,0xff,0x49,0x63,0xff,0x39,0x43,0xff,0x29,0x02,0xff,0x39,0x63,0xff,
  0x31,0x23,0xff,0x41,0xa4,0xff,0x41,0x43,0xff,0x51,0xc4,0xff,0x39,0x43,0xff,0x31,
  0x23,0xff,0x31,0x23,0xff,0x41,0xc4,0xff,0x41,0xa4,0xff,0x39,0x43,0xff,0x31,0x23,
  0xff,0x31,0x43,0xff,0x31,0x23,0xff,0x31,0x02,0xff,0x31,0x02,0xff,0x31,0x02,0xff,
  0x31,0x02,0xff,0x31,0x23,0xff,0x28,0xe2,0xff,0x28,0xe2,0xff,0x20,0xc2,0xff,0x20,
  0xe2,0xff,0x31,0x02,0xff,0x49,0xa4,0xff,0x51,0xe5,0xff,0x51,0xe5,0xff,0x41,0x63,
  0xff,0x31,0x22,0xff,0x41,0x84,0xff,0x41,0x84,0xff,0x39,0x64,0xff,0x39,0x64,0xff,
  0x41,0x64,0xff,0x39,0x23,0xff,0x39,0x23,0xff,0x41,0x84,0xff,0x41,0x84,0xff,0x41,
  0x84,0xff,0x41,0x84,0xff,0x49,0xa5,0xff,0x49,0xc5,0xff,0x52,0x05,0xff,0x31,0x23,
  0xff,0x10,0x61,0xff,0x10,0x61,0xff,0x08,0x41,0xff,0x20,0xa1,0xff,0x51,0xa4,0xff,
  0x72,0x85,0xff,0x6a,0x65,0xff,0x6a,0x65,0xff,0x62,0x04,0xff,0x62,0x04,0xff,0x72,
  0x65,0xff,0x72,0x65,0xff,0x7a,0x85,0xff,0x72,0x45,0xff,0x72,0x65,0xff,0x6a,0x45,
  0xff,0x6a,0x45,0xff,0x51,0xa4,0xff,0x51,0x83,0xff,0x51,0xa3,0xff,0x51,0xc4,0xff,
  0x51,0xc4,0xff,0x39,0x43,0xff,0x41,0x63,0xff,0x49,0xa4,0xff,0x49,0xa3,0xff,0x39,
  0x42,0xff,0x30,0xe2,0xff,0x10,0x40,0xff,0x18,0xc1,0xff,0x18,0xc1,0xff,0x08,0x40,
  0xff,0x08,0x40,0xff,0x69,0xe4,0xff,0x7a,0x03,0xff,0xab,0x89,0xff,0xee,0x73,0xff,
  0xee,0x31,0xff,0xdd,0x0b,0xff,0xc4,0x29,0xff,0xc4,0x29,0xff,0xbc,0x29,0xff,0xab,
  0x67,0xff,0x9b,0x06,0xff,0xbb,0xe7,0xff,0x9b,0x46,0xff,0x10,0x82,0x00,0x10,0xa3,
  0x00,0x21,0x04,0x00,0x29,0x44,0x00,0x29,0x44,0x00,0x21,0x04,0x00,0x21,0x04,0x00,
  0x21,0x04,0x00,0x21,0x24,0x00,0x21,0x04,0x00,0x21,0x04,0x00,0x21,0x04,0x00,0x21,
  0x04,0x00,0x21,0x04,0x00,0x21,0x04,0x00,0x21,0x04,0x00,0x21,0x04,0x00,0x21,0x04,
  0x00,0x21,0x04,0x00,0x21,0x04,0x00,0x21,0x04,0x00,0x21,0x04,0x00,0x21,0x04,0x00,
  0x21,0x04,0x00,0x21,0x04,0x00,0x21,0x04,0x00,0x21,0x04,0x00,0x19,0x04,0x00,0x19,
  0x04,0x00,0x21,0x04,0x00,0x19,0x04,0x00,0x21,0x04,0x00,0x21,0x04,0x00,0x21,0x04,
  0x00,0x19,0x04,0x00,0x21,0x04,0x00,0x21,0x04,0x00,0x21,0x04,0x00,0x19,0x04,0x00,
  0x19,0x04,0x00,0x21,0x04,0x00,0x21,0x04,0x00,0x21,0x04,0x00,0x19,0x04,0x00,0x21,
  0x04,0x00,0x19,0x04,0x00,0x19,0x04,0x00,0x21,0x04,0x00,0x21,0x04,0x00,0x21,0x04,
  0x00,0x21,0x04,0x00,0x21,0x04,0x00,0x21,0x04,0x00,0x19,0x04,0x00,0x18,0xe4,0x00,
  0x18,0xe3,0x00,0x18,0xe3,0x00,0x18,0xe3,0x00,0x18,0xe3,0x00,0x18,0xe3,0x00,0x18,
  0xe3,0x00,0x18,0xe3,0x00,0x18,0xe3,0x00,0x18,0xe3,0x00,0x21,0x03,0x00,0x21,0x04,
  0x00,0x21,0x24,0x00,0x18,0xe3,0x00,0x08,0x82,0x00,0x39,0x63,0xff,0x8b,0x07,0xff,
  0x8b,0x07,0xff,0x59,0xc3,0xff,0x59,0xe4,0xff,0x59,0xe4,0xff,0x59,0xe4,0xff,0x59,
  0xa4,0xff,0x62,0x25,0xff,0x7a,0xa6,0xff,0x7a,0xc6,0xff,0x49,0x63,0xff,0x49,0x63,
  0xff,0x39,0x43,0xff,0x29,0x02,0xff,0x39,0x63,0xff,0x31,0x23,0xff,0x41,0xa4,0xff,
  0x41,0x43,0xff,0x51,0xc4,0xff,0x39,0x43,0xff,0x31,0x23,0xff,0x31,0x23,0xff,0x41,
  0xc4,0xff,0x41,0xa4,0xff,0x39,0x43,0xff,0x31,0x23,0xff,0x31,0x43,0xff,0x31,0x23,
  0xff,0x31,0x02,0xff,0x31,0x02,0xff,0x31,0x02,0xff,0x31,0x02,0xff,0x31,0x23,0xff,
  0x28,0xe2,0xff,0x28,0xe2,0xff,0x20,0xc2,0xff,0x20,0xe2,0xff,0x31,0x02,0xff,0x49,
  0xa4,0xff,0x51,0xe5,0xff,0x51,0xe5,0xff,0x41,0x63,0xff,0x31,0x22,0xff,0x41,0x84,
  0xff,0x41,0x84,0xff,0x39,0x64,0xff,0x39,0x64,0xff,0x41,0x64,0xff,0x39,0x23,0xff,
  0x39,0x23,0xff,0x41,0x84,0xff,0x41,0x84,0xff,0x41,0x84,0xff,0x41,0x84,0xff,0x49,
  0xa5,0xff,0x49,0xc5,0xff,0x52,0x05,0xff,0x31,0x23,0xff,0x10,0x61,0xff,0x10,0x61,
  0xff,0x08,0x41,0xff,0x20,0xa1,0xff,0x51,0xa4,0xff,0x72,0x85,0xff,0x6a,0x65,0xff,
  0x6a,0x65,0xff,0x62,0x04,0xff,0x62,0x04,0xff,0x72,0x65,0xff,0x72,0x65,0xff,0x7a,
  0x85,0xff,0x72,0x45,0xff,0x72,0x65,0xff,0x6a,0x45,0xff,0x6a,0x45,0xff,0x51,0xa4,
  0xff,0x51,0x83,0xff,0x51,0xa3,0xff,0x51,0xc4,0xff,0x51,0xc4,0xff,0x39,0x43,0xff,
  0x41,0x63,0xff,0x49,0xa4,0xff,0x49,0xa3,0xff,0x39,0x42,0xff,0x30,0xe2,0xff,0x10,
  0x40,0xff,0x18,0xc1,0xff,0x18,0xc1,0xff,0x08,0x40,0xff,0x08,0x40,0xff,0x69,0xe4,
  0xff,0x7a,0x03,0xff,0xab,0x89,0xff,0xee,0x73,0xff,0xee,0x31,0xff,0xdd,0x0b,0xff,
  0xc4,0x29,0xff,0xc4,0x29,0xff,0xbc,0x29,0xff,0xab,0x67,0xff,0x9b,0x06,0xff,0xbb,
  0xe7,0xff,0x9b,0x46,0xff,0x10,0x82,0x00,0x10,0xa3,0x00,0x21,0x04,0x00,0x29,0x44,
  0x00,0x29,0x44,0x00,0x21,0x04,0x00,0x21,0x04,0x00,0x21,0x04,0x00,0x21,0x24,0x00,
  0x21,0x04,0x00,0x21,0x04,0x00,0x21,0x04,0x00,0x21,0x04,0x00,0x21,0x04,0x00,0x21,
  0x04,0x00,0x21,0x04,0x00,0x21,0x04,0x00,0x21,0x04,0x00,0x21,0x04,0x00,0x21,0x04,
  0x00,0x21,0x04,0x00,0x21,0x04,0x00,0x21,0x04,0x00,0x21,0x04,0x00,0x21,0x04,0x00,
  0x21,0x04,0x00,0x21,0x04,0x00,0x19,0x04,0x00,0x19,0x04,0x00,0x21,0x04,0x00,0x19,
  0x04,0x00,0x21,0x04,0x00,0x21,0x04,0x00,0x21,0x04,0x00,0x19,0x04,0x00,0x21,0x04,
  0x00,0x21,0x04,0x00,0x21,0x04,0x00,0x19,0x04,0x00,0x19,0x04,0x00,0x21,0x04,0x00,
  0x21,0x04,0x00,0x21,0x04,0x00,0x19,0x04,0x00,0x21,0x04,0x00,0x19,0x04,0x00,0x19,
  0x04,0x00,0x21,0x04,0x00,0x21,0x04,0x00,0x21,0x04,0x00,0x21,0x04,0x00,0x21,0x04,
  0x00,0x21,0x04,0x00,0x19,0x04,0x00,0x18,0xe4,0x00,0x18,0xe3,0x00,0x18,0xc3,0x00,
  0x18,0xc3,0x00,0x18,0xe3,0x00,0x18,0xe3,0x00,0x18,0xe3,0x00,0x18,0xe3,0x00,0x18,
  0xe3,0x00,0x18,0xe3,0x00,0x21,0x03,0x00,0x21,0x24,0x00,0x21,0x24,0x00,0x10,0xa2,
  0x00,0x08,0x62,0x00,0x20,0xc2,0x00,0x82,0xa5,0xff,0x82,0xa5,0xff,0x59,0xa3,0xff,
  0x51,0xc4,0xff,0x51,0xa4,0xff,0x51,0xc4,0xff,0x59,0xa4,0xff,0x8b,0x07,0xff,0xa3,
  0xa8,0xff,0x8a,0xe6,0xff,0x51,0x83,0xff,0x51,0x83,0xff,0x39,0x03,0xff,0x41,0x84,
  0xff,0x49,0xe4,0xff,0x41,0x63,0xff,0x39,0x43,0xff,0x41,0x63,0xff,0x39,0x43,0xff,
  0x28,0xe2,0xff,0x29,0x03,0xff,0x29,0x03,0xff,0x39,0x64,0xff,0x41,0x64,0xff,0x39,
  0x43,0xff,0x39,0x63,0xff,0x31,0x43,0xff,0x39,0x64,0xff,0x31,0x23,0xff,0x31,0x43,
  0xff,0x31,0x43,0xff,0x29,0x03,0xff,0x31,0x03,0xff,0x31,0x23,0xff,0x31,0x23,0xff,
  0x29,0x03,0xff,0x31,0x23,0xff,0x31,0x43,0xff,0x41,0x84,0xff,0x39,0x43,0xff,0x39,
  0x43,0xff,0x28,0xe2,0xff,0x39,0x43,0xff,0x39,0x63,0xff,0x31,0x23,0xff,0x31,0x23,
  0xff,0x29,0x03,0xff,0x31,0x03,0xff,0x41,0x84,0xff,0x41,0x84,0xff,0x49,0xc4,0xff,
  0x41,0x64,0xff,0x51,0xe5,0xff,0x52,0x05,0xff,0x5a,0x46,0xff,0x5a,0x05,0xff,0x5a,
  0x05,0xff,0x39,0x43,0xff,0x10,0x61,0xff,0x10,0x61,0xff,0x08,0x41,0xff,0x18,0x81,
  0xff,0x39,0x43,0xff,0x5a,0x25,0xff,0x5a,0x04,0xff,0x62,0x05,0xff,0x6a,0x25,0xff,
  0x72,0x65,0xff,0x61,0xe4,0xff,0x61,0xe4,0xff,0x62,0x04,0xff,0x6a,0x24,0xff,0x62,
  0x04,0xff,0x6a,0x45,0xff,0x62,0x04,0xff,0x49,0x83,0xff,0x49,0x63,0xff,0x49,0x83,
  0xff,0x41,0x83,0xff,0x41,0x83,0xff,0x41,0x63,0xff,0x49,0x83,0xff,0x51,0xa3,0xff,
  0x51,0xe4,0xff,0x39,0x42,0xff,0x31,0x02,0xff,0x18,0x81,0xff,0x10,0x40,0xff,0x10,
  0x40,0xff,0x00,0x00,0xff,0x10,0x61,0xff,0xa3,0x67,0xff,0xb3,0x87,0xff,0xb3,0xa8,
  0xff,0xf6,0x4f,0xff,0xf6,0x2e,0xff,0xcc,0x69,0xff,0xa3,0x47,0xff,0xa3,0x47,0xff,
  0xcc,0x49,0xff,0xc4,0x49,0xff,0xab,0x26,0xff,0xb3,0x45,0xff,0x9b,0x26,0xff,0x08,
  0x41,0xff,0x08,0x82,0x00,0x21,0x04,0x00,0x21,0x04,0x00,0x21,0x04,0x00,0x29,0x24,
  0x00,0x41,0x84,0x00,0x61,0xe4,0x00,0x49,0x83,0x00,0x21,0x04,0x00,0x21,0x04,0x00,
  0x21,0x04,0x00,0x21,0x04,0x00,0x21,0x04,0x00,0x21,0x04,0x00,0x21,0x04,0x00,0x21,
  0x04,0x00,0x21,0x04,0x00,0x21,0x04,0x00,0x21,0x04,0x00,0x21,0x04,0x00,0x21,0x04,
  0x00,0x21,0x04,0x00,0x21,0x04,0x00,0x21,0x04,0x00,0x21,0x04,0x00,0x21,0x04,0x00,
  0x19,0x04,0x00,0x19,0x04,0x00,0x21,0x04,0x00,0x19,0x04,0x00,0x21,0x04,0x00,0x21,
  0x04,0x00,0x21,0x04,0x00,0x21,0x04,0x00,0x21,0x04,0x00,0x21,0x04,0x00,0x21,0x04,
  0x00,0x19,0x04,0x00,0x19,0x04,0x00,0x21,0x04,0x00,0x21,0x04,0x00,0x21,0x04,0x00,
  0x19,0x04,0x00,0x19,0x04,0x00,0x19,0x04,0x00,0x19,0x04,0x00,0x21,0x04,0x00,0x21,
  0x04,0x00,0x21,0x04,0x00,0x21,0x04,0x00,0x21,0x04,0x00,0x21,0x04,0x00,0x19,0x04,
  0x00,0x18,0xe3,0x00,0x18,0xe3,0x00,0x18,0xc3,0x00,0x18,0xc3,0x00,0x18,0xc3,0x00,
  0x18,0xc3,0x00,0x18,0xe3,0x00,0x18,0xe3,0x00,0x18,0xe3,0x00,0x18,0xe3,0x00,0x21,
  0x03,0x00,0x21,0x03,0x00,0x21,0x24,0x00,0x18,0xe3,0x00,0x08,0xa2,0x00,0x18,0xc2,
  0x00,0x8a,0xc6,0xff,0x8a,0xc6,0xff,0x6a,0x24,0xff,0x49,0x43,0xff,0x59,0xe4,0xff,
  0x72,0x85,0xff,0x61,0xe5,0xff,0x41,0x43,0xff,0x39,0x02,0xff,0x41,0x42,0xff,0x41,
  0x63,0xff,0x41,0x63,0xff,0x41,0x63,0xff,0x41,0x63,0xff,0x41,0x83,0xff,0x39,0x63,
  0xff,0x39,0x43,0xff,0x39,0x43,0xff,0x39,0x22,0xff,0x31,0x02,0xff,0x29,0x23,0xff,
  0x29,0x23,0xff,0x29,0x03,0xff,0x39,0x64,0xff,0x31,0x02,0xff,0x29,0x02,0xff,0x20,
  0xe2,0xff,0x20,0xe2,0xff,0x18,0xc2,0xff,0x18,0x81,0xff,0x18,0x81,0xff,0x10,0x61,
  0xff,0x10,0x61,0xff,0x08,0x61,0xff,0x10,0x61,0xff,0x10,0x61,0xff,0x10,0x61,0xff,
  0x10,0x81,0xff,0x10,0x81,0xff,0x10,0x61,0xff,0x10,0x61,0xff,0x18,0x81,0xff,0x18,
  0xa2,0xff,0x28,0xe2,0xff,0x29,0x03,0xff,0x39,0x63,0xff,0x31,0x03,0xff,0x28,0xe2,
  0xff,0x31,0x23,0xff,0x31,0x23,0xff,0x39,0x43,0xff,0x39,0x63,0xff,0x41,0xa4,0xff,
  0x39,0x64,0xff,0x41,0x84,0xff,0x31,0x03,0xff,0x31,0x23,0xff,0x31,0x03,0xff,0x31,
  0x43,0xff,0x31,0x43,0xff,0x31,0x23,0xff,0x39,0x63,0xff,0x29,0x02,0xff,0x28,0xe2,
  0xff,0x18,0xa1,0xff,0x29,0x02,0xff,0x62,0x25,0xff,0x72,0x86,0xff,0x61,0xe4,0xff,
  0x61,0xe4,0xff,0x6a,0x45,0xff,0x6a,0x65,0xff,0x6a,0x45,0xff,0x59,0xe4,0xff,0x51,
  0xc4,0xff,0x49,0xa4,0xff,0x49,0xa4,0xff,0x39,0x23,0xff,0x41,0x63,0xff,0x41,0x63,
  0xff,0x5a,0x04,0xff,0x72,0x86,0xff,0x51,0xc4,0xff,0x41,0x43,0xff,0x41,0x43,0xff,
  0x49,0xc3,0xff,0x39,0x42,0xff,0x18,0xa1,0xff,0x18,0xa1,0xff,0x08,0x20,0xff,0x10,
  0x61,0xff,0x62,0x24,0xff,0x6a,0x65,0xff,0x51,0x83,0xff,0x72,0x86,0xff,0x62,0x24,
  0xff,0x49,0xa3,0xff,0x28,0xc2,0xff,0x28,0xc2,0xff,0x5a,0x24,0xff,0x6a,0x25,0xff,
  0x7a,0x44,0xff,0xbb,0xc7,0xff,0x9b,0x46,0xff,0x08,0x61,0xff,0x10,0xa3,0x00,0x21,
  0x04,0x00,0x21,0x24,0x00,0x21,0x24,0x00,0x29,0x24,0x00,0x39,0x64,0x00,0x6a,0x04,
  0x00,0x51,0xa3,0x00,0x19,0x04,0x00,0x21,0x04,0x00,0x21,0x04,0x00,0x21,0x04,0x00,
  0x21,0x04,0x00,0x21,0x04,0x00,0x21,0x04,0x00,0x21,0x04,0x00,0x21,0x04,0x00,0x21,
  0x04,0x00,0x21,0x04,0x00,0x21,0x04,0x00,0x21,0x04,0x00,0x21,0x04,0x00,0x21,0x04,
  0x00,0x21,0x04,0x00,0x21,0x04,0x00,0x21,0x04,0x00,0x19,0x04,0x00,0x19,0x04,0x00,
  0x21,0x04,0x00,0x19,0x04,0x00,0x19,0x04,0x00,0x19,0x04,0x00,0x19,0x04,0x00,0x19,
  0x04,0x00,0x19,0x04,0x00,0x19,0x04,0x00,0x21,0x04,0x00,0x19,0x04,0x00,0x19,0x04,
  0x00,0x21,0x04,0x00,0x21,0x04,0x00,0x21,0x04,0x00,0x19,0x04,0x00,0x19,0x04,0x00,
  0x19,0x04,0x00,0x19,0x04,0x00,0x21,0x04,0x00,0x21,0x04,0x00,0x21,0x04,0x00,0x21,
  0x04,0x00,0x19,0x04,0x00,0x19,0x04,0x00,0x18,0xe4,0x00,0x18,0xe3,0x00,0x18,0xe3,
  0x00,0x18,0xc3,0x00,0x18,0xc3,0x00,0x18,0xc3,0x00,0x18,0xe3,0x00,0x18,0xc3,0x00,
  0x18,0xc3,0x00,0x18,0xe3,0x00,0x18,0xc3,0x00,0x18,0xe3,0x00,0x21,0x03,0x00,0x21,
  0x24,0x00,0x10,0xa2,0x00,0x00,0x41,0x00,0x20,0xe2,0x00,0x82,0xa6,0xff,0x82,0xa6,
  0xff,0x61,0xa3,0xff,0x51,0x63,0xff,0x72,0x65,0xff,0x82,0xc6,0xff,0x49,0x83,0xff,
  0x20,0x82,0xff,0x28,0xc2,0xff,0x31,0x23,0xff,0x31,0x22,0xff,0x31,0x22,0xff,0x39,
  0x43,0xff,0x31,0x02,0xff,0x31,0x02,0xff,0x31,0x23,0xff,0x31,0x22,0xff,0x20,0xc1,
  0xff,0x31,0x02,0xff,0x28,0xe2,0xff,0x18,0xa2,0xff,0x18,0xa2,0xff,0x10,0x81,0xff,
  0x10,0x81,0xff,0x10,0x61,0xff,0x08,0x40,0xff,0x00,0x00,0xff,0x00,0x00,0xff,0x00,
  0x00,0xff,0x00,0x00,0xff,0x00,0x00,0xff,0x00,0x00,0xff,0x00,0x00,0xff,0x00,0x00,
  0xff,0x00,0x00,0xff,0x00,0x00,0xff,0x00,0x00,0xff,0x00,0x00,0xff,0x00,0x20,0xff,
  0x08,0x20,0xff,0x08,0x20,0xff,0x10,0x61,0xff,0x10,0x40,0xff,0x18,0x81,0xff,0x20,
  0xa1,0xff,0x28,0xe2,0xff,0x20,0xe2,0xff,0x31,0x23,0xff,0x31,0x23,0xff,0x31,0x23,
  0xff,0x39,0x64,0xff,0x41,0xa4,0xff,0x39,0x43,0xff,0x28,0xe2,0xff,0x28,0xe2,0xff,
  0x31,0x03,0xff,0x39,0x43,0xff,0x39,0x23,0xff,0x41,0x64,0xff,0x41,0x64,0xff,0x39,
  0x63,0xff,0x39,0x63,0xff,0x31,0x02,0xff,0x20,0xc2,0xff,0x10,0x81,0xff,0x10,0x81,
  0xff,0x31,0x23,0xff,0x59,0xe5,0xff,0x6a,0x25,0xff,0x6a,0x25,0xff,0x6a,0x24,0xff,
  0x62,0x04,0xff,0x62,0x25,0xff,0x51,0xa4,0xff,0x49,0x83,0xff,0x41,0x63,0xff,0x49,
  0xa3,0xff,0x39,0x43,0xff,0x41,0x84,0xff,0x41,0x84,0xff,0x62,0x46,0xff,0x62,0x25,
  0xff,0x49,0x63,0xff,0x49,0x63,0xff,0x41,0x63,0xff,0x41,0x63,0xff,0x39,0x22,0xff,
  0x31,0x02,0xff,0x31,0x02,0xff,0x20,0xa2,0xff,0x08,0x41,0xff,0x00,0x00,0xff,0x00,
  0x00,0xff,0x00,0x00,0xff,0x00,0x00,0xff,0x00,0x00,0xff,0x08,0x41,0xff,0x00,0x00,
  0xff,0x00,0x00,0xff,0x08,0x61,0xff,0x08,0x21,0xff,0x18,0x81,0xff,0x49,0xc3,0xff,
  0x49,0xa3,0xff,0x08,0x61,0xff,0x10,0x82,0x00,0x21,0x04,0x00,0x29,0x24,0x00,0x29,
  0x24,0x00,0x21,0x03,0x00,0x29,0x24,0x00,0x39,0x44,0x00,0x31,0x23,0x00,0x19,0x04,
  0x00,0x21,0x04,0x00,0x21,0x04,0x00,0x21,0x04,0x00,0x21,0x04,0x00,0x21,0x04,0x00,
  0x21,0x04,0x00,0x21,0x04,0x00,0x21,0x04,0x00,0x21,0x04,0x00,0x21,0x04,0x00,0x21,
  0x04,0x00,0x21,0x04,0x00,0x21,0x04,0x00,0x21,0x04,0x00,0x21,0x04,0x00,0x19,0x04,
  0x00,0x19,0x04,0x00,0x21,0x04,0x00,0x19,0x04,0x00,0x21,0x04,0x00,0x19,0x04,0x00,
  0x21,0x04,0x00,0x19,0x04,0x00,0x19,0x04,0x00,0x19,0x04,0x00,0x21,0x04,0x00,0x19,
  0x04,0x00,0x21,0x04,0x00,0x19,0x04,0x00,0x19,0x04,0x00,0x21,0x04,0x00,0x21,0x04,
  0x00,0x21,0x04,0x00,0x19,0x04,0x00,0x19,0x04,0x00,0x19,0x04,0x00,0x19,0x04,0x00,
  0x21,0x04,0x00,0x21,0x04,0x00,0x21,0x04,0x00,0x21,0x04,0x00,0x19,0x04,0x00,0x19,
  0x04,0x00,0x18,0xe3,0x00,0x18,0xe3,0x00,0x18,0xe3,0x00,0x18,0xe3,0x00,0x10,0xa3,
  0x00,0x10,0xa2,0x00,0x08,0x82,0x00,0x08,0x82,0x00,0x08,0x82,0x00,0x10,0xa2,0x00,
  0x10,0xa2,0x00,0x18,0xe3,0x00,0x10,0xa2,0x00,0x21,0x03,0x00,0x18,0xc2,0x00,0x18,
  0xa1,0x00,0x51,0xc4,0xff,0x93,0x06,0xff,0x93,0x06,0xff,0x6a,0x24,0xff,0x8b,0x06,
  0xff,0x82,0xa6,0xff,0x49,0x63,0xff,0x39,0x43,0xff,0x39,0x63,0xff,0x39,0x63,0xff,
  0x39,0x63,0xff,0x29,0x02,0xff,0x29,0x02,0xff,0x31,0x22,0xff,0x29,0x02,0xff,0x29,
  0x02,0xff,0x29,0x02,0xff,0x29,0x02,0xff,0x20,0xc1,0xff,0x20,0xc2,0xff,0x18,0x81,
  0xff,0x10,0x61,0xff,0x10,0x61,0xff,0x08,0x40,0xff,0x08,0x20,0xff,0x18,0xa1,0xff,
  0x41,0x83,0xff,0x49,0x83,0xff,0x49,0x83,0xff,0x39,0x42,0xff,0x41,0x63,0xff,0x41,
  0x63,0xff,0x39,0x42,0xff,0x41,0x63,0xff,0x41,0x63,0xff,0x41,0xa3,0xff,0x41,0x63,
  0xff,0x41,0x63,0xff,0x39,0x42,0xff,0x31,0x42,0xff,0x29,0x02,0xff,0x29,0x02,0xff,
  0x31,0x22,0xff,0x31,0x22,0xff,0x39,0x63,0xff,0x39,0x43,0xff,0x29,0x22,0xff,0x10,
  0x81,0xff,0x18,0xa1,0xff,0x18,0x81,0xff,0x18,0x81,0xff,0x29,0x03,0xff,0x31,0x43,
  0xff,0x31,0x23,0xff,0x31,0x23,0xff,0x39,0x63,0xff,0x39,0x63,0xff,0x41,0x83,0xff,
  0x39,0x43,0xff,0x39,0x63,0xff,0x39,0x63,0xff,0x31,0x23,0xff,0x31,0x23,0xff,0x39,
  0x43,0xff,0x39,0x63,0xff,0x31,0x23,0xff,0x31,0x43,0xff,0x18,0xc2,0xff,0x49,0xa4,
  0xff,0x7a,0xc6,0xff,0x7a,0xc6,0xff,0x72,0x65,0xff,0x51,0xa4,0xff,0x49,0x63,0xff,
  0x41,0x63,0xff,0x51,0xc4,0xff,0x49,0x83,0xff,0x49,0xa3,0xff,0x41,0x83,0xff,0x41,
  0x63,0xff,0x41,0x63,0xff,0x39,0x23,0xff,0x31,0x02,0xff,0x31,0x02,0xff,0x51,0xa3,
  0xff,0x51,0xe4,0xff,0x41,0x43,0xff,0x39,0x22,0xff,0x49,0xa3,0xff,0x49,0xa3,0xff,
  0x31,0x43,0xff,0x10,0x81,0xff,0x00,0x00,0xff,0x00,0x00,0xff,0x00,0x20,0xff,0x00,
  0x41,0xff,0x00,0x21,0xff,0x08,0x41,0xff,0x08,0x41,0xff,0x08,0x41,0xff,0x08,0x41,
  0xff,0x08,0x41,0xff,0x08,0x41,0xff,0x08,0x41,0xff,0x10,0x61,0xff,0x08,0x41,0xff,
  0x18,0xc3,0x00,0x29,0x44,0x00,0x21,0x24,0x00,0x21,0x24,0x00,0x21,0x24,0x00,0x21,
  0x24,0x00,0x21,0x04,0x00,0x21,0x04,0x00,0x21,0x04,0x00,0x21,0x04,0x00,0x21,0x04,
  0x00,0x21,0x04,0x00,0x21,0x04,0x00,0x21,0x04,0x00,0x21,0x04,0x00,0x21,0x04,0x00,
  0x21,0x04,0x00,0x21,0x04,0x00,0x21,0x04,0x00,0x21,0x04,0x00,0x21,0x04,0x00,0x21,
  0x04,0x00,0x21,0x04,0x00,0x21,0x04,0x00,0x19,0x04,0x00,0x19,0x04,0x00,0x21,0x04,
  0x00,0x21,0x04,0x00,0x21,0x04,0x00,0x19,0x04,0x00,0x21,0x04,0x00,0x21,0x04,0x00,
  0x21,0x04,0x00,0x19,0x04,0x00,0x21,0x04,0x00,0x19,0x04,0x00,0x21,0x04,0x00,0x19,
  0x04,0x00,0x21,0x04,0x00,0x21,0x04,0x00,0x21,0x04,0x00,0x21,0x04,0x00,0x19,0x04,
  0x00,0x19,0x04,0x00,0x19,0x04,0x00,0x19,0x04,0x00,0x21,0x04,0x00,0x21,0x04,0x00,
  0x21,0x04,0x00,0x19,0x04,0x00,0x19,0x04,0x00,0x19,0x04,0x00,0x18,0xe3,0x00,0x18,
  0xe3,0x00,0x18,0xe3,0x00,0x10,0xc3,0x00,0x29,0x03,0x00,0x39,0x43,0x00,0x39,0x42,
  0x00,0x8b,0x26,0x00,0x8b,0x26,0x00,0xa3,0x86,0x00,0x9b,0x47,0x00,0x62,0x25,0x00,
  0x18,0xa2,0x00,0x18,0xa3,0x00,0x28,0xe2,0x00,0xa3,0x87,0xff,0xa3,0x46,0xff,0x7a,
  0x44,0xff,0x7a,0x44,0xff,0x72,0x04,0xff,0x8b,0x27,0xff,0x59,0xc4,0xff,0x41,0x43,
  0xff,0x41,0x63,0xff,0x49,0xa4,0xff,0x39,0x43,0xff,0x31,0x22,0xff,0x28,0xe2,0xff,
  0x28,0xe2,0xff,0x28,0xc2,0xff,0x28,0xe2,0xff,0x28,0xe2,0xff,0x18,0x81,0xff,0x10,
  0x61,0xff,0x10,0x81,0xff,0x10,0x60,0xff,0x18,0x81,0xff,0x20,0xa1,0xff,0x20,0xa1,
  0xff,0x10,0x40,0xff,0x10,0x40,0xff,0x30,0xe2,0xff,0x6a,0x44,0xff,0x72,0x44,0xff,
  0x72,0x24,0xff,0x61,0xc3,0xff,0x61,0xc3,0xff,0x61,0xc3,0xff,0x61,0xe3,0xff,0x6a,
  0x04,0xff,0x69,0xe3,0xff,0x6a,0x24,0xff,0x72,0x24,0xff,0x72,0x24,0xff,0x61,0xc3,
  0xff,0x59,0xc3,0xff,0x59,0xa3,0xff,0x59,0xa3,0xff,0x62,0x24,0xff,0x72,0x85,0xff,
  0x72,0xa6,0xff,0x49,0x83,0xff,0x30,0xe1,0xff,0x18,0x41,0xff,0x10,0x61,0xff,0x08,
  0x20,0xff,0x08,0x20,0xff,0x10,0x81,0xff,0x08,0x40,0xff,0x10,0x41,0xff,0x20,0xe2,
  0xff,0x31,0x23,0xff,0x29,0x02,0xff,0x31,0x23,0xff,0x31,0x23,0xff,0x28,0xe2,0xff,
  0x28,0xe2,0xff,0x39,0x43,0xff,0x39,0x63,0xff,0x39,0x03,0xff,0x41,0x84,0xff,0x49,
  0xc4,0xff,0x41,0x84,0xff,0x28,0xe2,0xff,0x39,0x43,0xff,0x51,0xc4,0xff,0x51,0xc4,
  0xff,0x61,0xe4,0xff,0x49,0x63,0xff,0x49,0x63,0xff,0x41,0x43,0xff,0x41,0x83,0xff,
  0x41,0x83,0xff,0x39,0x22,0xff,0x39,0x42,0xff,0x39,0x43,0xff,0x39,0x43,0xff,0x28,
  0xc2,0xff,0x20,0xa1,0xff,0x28,0xe2,0xff,0x31,0x23,0xff,0x41,0x63,0xff,0x41,0x43,
  0xff,0x31,0x02,0xff,0x39,0x22,0xff,0x39,0x22,0xff,0x28,0xc1,0xff,0x08,0x20,0xff,
  0x00,0x00,0xff,0x00,0x00,0xff,0x00,0x00,0xff,0x00,0x00,0xff,0x10,0x81,0xff,0x5a,
  0x24,0xff,0x39,0x63,0xff,0x39,0x63,0xff,0x08,0x41,0xff,0x08,0x61,0xff,0x10,0x61,
  0xff,0x20,0xa2,0xff,0x18,0x81,0xff,0x08,0x61,0xff,0x18,0xc3,0x00,0x21,0x24,0x00,
  0x21,0x24,0x00,0x21,0x24,0x00,0x21,0x04,0x00,0x21,0x04,0x00,0x21,0x04,0x00,0x21,
  0x04,0x00,0x21,0x04,0x00,0x21,0x04,0x00,0x21,0x04,0x00,0x21,0x04,0x00,0x21,0x04,
  0x00,0x21,0x04,0x00,0x21,0x04,0x00,0x21,0x04,0x00,0x21,0x04,0x00,0x21,0x04,0x00,
  0x21,0x04,0x00,0x21,0x04,0x00,0x21,0x04,0x00,0x21,0x04,0x00,0x21,0x04,0x00,0x21,
  0x04,0x00,0x19,0x04,0x00,0x19,0x04,0x00,0x21,0x04,0x00,0x19,0x04,0x00,0x21,0x04,
  0x00,0x19,0x04,0x00,0x21,0x04,0x00,0x19,0x04,0x00,0x19,0x04,0x00,0x19,0x04,0x00,
  0x21,0x04,0x00,0x19,0x04,0x00,0x21,0x04,0x00,0x19,0x04,0x00,0x21,0x04,0x00,0x21,
  0x04,0x00,0x21,0x04,0x00,0x21,0x04,0x00,0x21,0x04,0x00,0x19,0x04,0x00,0x19,0x04,
  0x00,0x19,0x04,0x00,0x21,0x04,0x00,0x21,0x04,0x00,0x21,0x04,0x00,0x19,0x04,0x00,
  0x18,0xe3,0x00,0x18,0xe3,0x00,0x18,0xe3,0x00,0x18,0xe3,0x00,0x18,0xc3,0x00,0x10,
  0x82,0x00,0x62,0x24,0x00,0x92,0xe5,0x00,0x72,0x03,0x00,0x82,0xe5,0x00,0x82,0xe5,
  0x00,0x72,0x44,0x00,0x59,0x83,0x00,0x8a,0xc5,0x00,0x41,0x83,0x00,0x08,0x83,0x00,
  0x18,0x82,0x00,0x9b,0x26,0xff,0x9a,0xe4,0xff,0x8a,0xc5,0xff,0x8a,0xc5,0xff,0x72,
  0x44,0xff,0x51,0xa4,0xff,0x41,0x63,0xff,0x49,0xc4,0xff,0x41,0x83,0xff,0x41,0x83,
  0xff,0x39,0x23,0xff,0x31,0x22,0xff,0x31,0x22,0xff,0x31,0x22,0xff,0x28,0xe2,0xff,
  0x20,0xc1,0xff,0x18,0xa1,0xff,0x10,0x60,0xff,0x08,0x20,0xff,0x00,0x00,0xff,0x10,
  0x61,0xff,0x49,0xa3,0xff,0x6a,0x64,0xff,0x6a,0x64,0xff,0x59,0xe3,0xff,0x62,0x04,
  0xff,0x62,0x24,0xff,0x6a,0x44,0xff,0x72,0x04,0xff,0x7a,0x65,0xff,0x7a,0x65,0xff,
  0x82,0xa5,0xff,0x82,0xa5,0xff,0x93,0x07,0xff,0xab,0xc9,0xff,0xab,0xa8,0xff,0xa3,
  0xa8,0xff,0x93,0x07,0xff,0x9b,0x07,0xff,0x9b,0x47,0xff,0xab,0xa8,0xff,0x9b,0x67,
  0xff,0x9b,0x67,0xff,0x82,0xc6,0xff,0x6a,0x24,0xff,0x72,0x24,0xff,0x69,0xe4,0xff,
  0x6a,0x24,0xff,0x59,0xe5,0xff,0x49,0xa4,0xff,0x39,0x43,0xff,0x39,0x43,0xff,0x41,
  0xa4,0xff,0x18,0x81,0xff,0x08,0x40,0xff,0x00,0x20,0xff,0x08,0x40,0xff,0x10,0x41,
  0xff,0x18,0xc2,0xff,0x20,0xc2,0xff,0x29,0x02,0xff,0x29,0x02,0xff,0x31,0x23,0xff,
  0x31,0x23,0xff,0x39,0x64,0xff,0x41,0x84,0xff,0x41,0x63,0xff,0x51,0xc4,0xff,0x52,
  0x04,0xff,0x49,0xc4,0xff,0x28,0xe2,0xff,0x28,0xe2,0xff,0x39,0x02,0xff,0x49,0x83,
  0xff,0x59,0xe4,0xff,0x49,0x83,0xff,0x49,0xa3,0xff,0x39,0x23,0xff,0x31,0x02,0xff,
  0x41,0x83,0xff,0x41,0xa3,0xff,0x41,0xa3,0xff,0x31,0x22,0xff,0x29,0x02,0xff,0x20,
  0xe2,0xff,0x20,0xc2,0xff,0x31,0x22,0xff,0x41,0x83,0xff,0x31,0x22,0xff,0x28,0xe1,
  0xff,0x28,0xe1,0xff,0x20,0x81,0xff,0x10,0x60,0xff,0x00,0x20,0xff,0x08,0x60,0xff,
  0x00,0x00,0xff,0x00,0x00,0xff,0x29,0x02,0x00,0x7a,0xc5,0xff,0x41,0x83,0xff,0x41,
  0x83,0xff,0x08,0x41,0xff,0x18,0x82,0x00,0x41,0xa3,0xff,0x72,0xc5,0xff,0x31,0x42,
  0xff,0x08,0x61,0xff,0x18,0xe3,0x00,0x21,0x24,0x00,0x21,0x24,0x00,0x21,0x24,0x00,
  0x21,0x04,0x00,0x21,0x04,0x00,0x21,0x04,0x00,0x21,0x04,0x00,0x21,0x04,0x00,0x21,
  0x04,0x00,0x21,0x04,0x00,0x21,0x04,0x00,0x21,0x04,0x00,0x21,0x04,0x00,0x21,0x04,
  0x00,0x19,0x04,0x00,0x21,0x04,0x00,0x21,0x04,0x00,0x21,0x04,0x00,0x21,0x04,0x00,
  0x21,0x04,0x00,0x19,0x04,0x00,0x19,0x04,0x00,0x19,0x04,0x00,0x21,0x04,0x00,0x19,
  0x04,0x00,0x21,0x04,0x00,0x19,0x04,0x00,0x21,0x04,0x00,0x19,0x04,0x00,0x21,0x04,
  0x00,0x19,0x04,0x00,0x19,0x04,0x00,0x19,0x04,0x00,0x19,0x04,0x00,0x19,0x04,0x00,
  0x21,0x04,0x00,0x19,0x04,0x00,0x21,0x04,0x00,0x19,0x04,0x00,0x21,0x04,0x00,0x21,
  0x04,0x00,0x19,0x04,0x00,0x19,0x04,0x00,0x21,0x04,0x00,0x21,0x04,0x00,0x21,0x04,
  0x00,0x21,0x04,0x00,0x21,0x04,0x00,0x19,0x04,0x00,0x18,0xe3,0x00,0x18,0xe3,0x00,
  0x18,0xe3,0x00,0x18,0xe3,0x00,0x18,0xc3,0x00,0x10,0xa2,0x00,0x31,0x23,0x00,0x41,
  0x63,0x00,0x20,0xe2,0x00,0x18,0xc3,0x00,0x18,0xc3,0x00,0x18,0xa3,0x00,0x18,0x83,
  0x00,0x59,0xe4,0x00,0x31,0x02,0x00,0x08,0x62,0xff,0x08,0x62,0xff,0x69,0xe4,0xff,
  0xa3,0x06,0xff,0x72,0x24,0xff,0x72,0x24,0xff,0x59,0xe4,0xff,0x39,0x43,0xff,0x41,
  0x64,0xff,0x49,0xc3,0xff,0x39,0x43,0xff,0x31,0x02,0xff,0x39,0x22,0xff,0x31,0x22,
  0xff,0x28,0xe2,0xff,0x28,0xe2,0xff,0x20,0xc1,0xff,0x08,0x40,0xff,0x08,0x20,0xff,
  0x00,0x00,0xff,0x08,0x20,0xff,0x08,0x20,0xff,0x20,0xa1,0xff,0x59,0xe3,0xff,0x7a,
  0x64,0xff,0x7a,0x64,0xff,0x82,0xa5,0xff,0x8a,0xe6,0xff,0x8a,0xe6,0xff,0x9b,0x67,
  0xff,0xa3,0x88,0xff,0xab,0xc8,0xff,0xab,0xc9,0xff,0xc4,0x8b,0xff,0xc4,0x8b,0xff,
  0xc4,0x6c,0xff,0xc4,0xac,0xff,0xc4,0xac,0xff,0xc4,0x6b,0xff,0xb3,0xea,0xff,0xb4,
  0x0a,0xff,0xbc,0x4a,0xff,0xc4,0xab,0xff,0xbc,0x4b,0xff,0xbc,0x4b,0xff,0x9b,0x68,
  0xff,0x82,0x86,0xff,0x93,0x28,0xff,0xab,0xa8,0xff,0xab,0xc8,0xff,0x9b,0x27,0xff,
  0x92,0xe6,0xff,0x93,0x47,0xff,0x93,0x47,0xff,0x93,0x47,0xff,0x59,0xe4,0xff,0x28,
  0xc1,0xff,0x10,0x20,0xff,0x10,0x61,0xff,0x08,0x20,0xff,0x08,0x61,0xff,0x10,0x61,
  0xff,0x20,0xc2,0xff,0x20,0xc2,0xff,0x28,0xe2,0xff,0x29,0x03,0xff,0x29,0x02,0xff,
  0x39,0x63,0xff,0x39,0x43,0xff,0x49,0xc4,0xff,0x51,0xe4,0xff,0x62,0x25,0xff,0x39,
  0x44,0xff,0x39,0x44,0xff,0x31,0x23,0xff,0x28,0xc1,0xff,0x49,0xa3,0xff,0x51,0xc4,
  0xff,0x51,0xc4,0xff,0x39,0x22,0xff,0x39,0x02,0xff,0x39,0x22,0xff,0x41,0x63,0xff,
  0x41,0x63,0xff,0x41,0x63,0xff,0x31,0x43,0xff,0x20,0xa1,0xff,0x20,0xa1,0xff,0x28,
  0xe2,0xff,0x28,0xe2,0xff,0x20,0xc1,0xff,0x18,0x60,0xff,0x18,0x60,0xff,0x10,0x40,
  0xff,0x18,0xa1,0xff,0x00,0x20,0xff,0x00,0x00,0xff,0x08,0x20,0xff,0x08,0x20,0xff,
  0x18,0x81,0x00,0x28,0xe2,0x00,0x10,0x81,0x00,0x10,0x81,0x00,0x18,0xe2,0x00,0x18,
  0xc2,0x00,0x31,0x02,0x00,0x49,0xa3,0xff,0x28,0xe2,0x00,0x08,0x61,0xff,0x18,0xe3,
  0x00,0x29,0x44,0x00,0x21,0x24,0x00,0x21,0x24,0x00,0x21,0x04,0x00,0x21,0x04,0x00,
  0x21,0x04,0x00,0x21,0x04,0x00,0x21,0x04,0x00,0x21,0x04,0x00,0x21,0x04,0x00,0x21,
  0x04,0x00,0x21,0x04,0x00,0x21,0x04,0x00,0x21,0x04,0x00,0x21,0x04,0x00,0x21,0x04,
  0x00,0x21,0x04,0x00,0x21,0x04,0x00,0x21,0x04,0x00,0x21,0x04,0x00,0x19,0x04,0x00,
  0x19,0x04,0x00,0x21,0x04,0x00,0x21,0x04,0x00,0x21,0x04,0x00,0x19,0x04,0x00,0x19,
  0x04,0x00,0x21,0x04,0x00,0x19,0x04,0x00,0x21,0x04,0x00,0x19,0x04,0x00,0x19,0x04,
  0x00,0x19,0x04,0x00,0x19,0x04,0x00,0x19,0x04,0x00,0x21,0x04,0x00,0x19,0x04,0x00,
  0x19,0x04,0x00,0x19,0x04,0x00,0x19,0x04,0x00,0x19,0x04,0x00,0x19,0x04,0x00,0x19,
  0x04,0x00,0x21,0x04,0x00,0x21,0x04,0x00,0x21,0x04,0x00,0x21,0x04,0x00,0x21,0x04,
  0x00,0x21,0x04,0x00,0x18,0xe3,0x00,0x18,0xe3,0x00,0x18,0xe3,0x00,0x18,0xc3,0x00,
  0x18,0xc3,0x00,0x10,0xc2,0x00,0x10,0xa2,0x00,0x10,0xa2,0x00,0x18,0xe3,0x00,0x20,
  0xe3,0x00,0x20,0xe3,0x00,0x21,0x03,0x00,0x20,0xe3,0x00,0x29,0x03,0x00,0x18,0xa2,
  0x00,0x10,0xa2,0x00,0x10,0x81,0x00,0x6a,0x44,0xff,0x93,0x26,0xff,0x59,0xc4,0xff,
  0x59,0xc4,0xff,0x49,0xa4,0xff,0x41,0x83,0xff,0x41,0x63,0xff,0x41,0x83,0xff,0x39,
  0x43,0xff,0x39,0x43,0xff,0x39,0x22,0xff,0x31,0x42,0xff,0x10,0x81,0xff,0x10,0x81,
  0xff,0x08,0x20,0xff,0x00,0x00,0xff,0x00,0x00,0xff,0x18,0x81,0xff,0x39,0x63,0xff,
  0x41,0x63,0xff,0x51,0xc4,0xff,0x6a,0x24,0xff,0x82,0xa5,0xff,0x82,0xa5,0xff,0x82,
  0xa5,0xff,0x9b,0x27,0xff,0xab,0xe9,0xff,0xbc,0x6a,0xff,0xbc,0x29,0xff,0xbc,0x2a,
  0xff,0xbc,0x4a,0xff,0xc4,0x8b,0xff,0xc4,0x8b,0xff,0xc4,0x6c,0xff,0xbc,0x4c,0xff,
  0xb4,0x0b,0xff,0xbc,0x4b,0xff,0xbc,0x2b,0xff,0xbc,0x4b,0xff,0xb3,0xea,0xff,0xbc,
  0x4b,0xff,0xc4,0x8c,0xff,0xc4,0x8c,0xff,0xcc,0xcb,0xff,0xbc,0x4a,0xff,0xbc,0x0a,
  0xff,0xab,0x88,0xff,0xb3,0xc8,0xff,0xa3,0x67,0xff,0x9b,0x27,0xff,0x92,0xa6,0xff,
  0x92,0xa6,0xff,0x92,0xc6,0xff,0x82,0x85,0xff,0x72,0x65,0xff,0x62,0x46,0xff,0x7b,
  0x07,0xff,0x5a,0x25,0xff,0x29,0x22,0xff,0x10,0x61,0xff,0x18,0x81,0xff,0x18,0x81,
  0xff,0x20,0xe2,0xff,0x31,0x43,0xff,0x28,0xe2,0xff,0x31,0x23,0xff,0x39,0x83,0xff,
  0x39,0x43,0xff,0x31,0x03,0xff,0x49,0xc4,0xff,0x72,0xa6,0xff,0x72,0xa6,0xff,0x62,
  0x86,0xff,0x20,0xe2,0xff,0x20,0xc2,0xff,0x20,0xa1,0xff,0x39,0x63,0xff,0x41,0x83,
  0xff,0x49,0x83,0xff,0x39,0x43,0xff,0x41,0x83,0xff,0x41,0x83,0xff,0x41,0x83,0xff,
  0x39,0x43,0xff,0x28,0xe2,0xff,0x31,0x43,0xff,0x18,0xa1,0xff,0x10,0x61,0xff,0x18,
  0xa1,0xff,0x20,0xc1,0xff,0x20,0xc1,0xff,0x20,0xc1,0xff,0x20,0xe2,0xff,0x10,0xa1,
  0xff,0x08,0x41,0xff,0x10,0x61,0xff,0x21,0x02,0x00,0x18,0xa2,0x00,0x10,0x81,0x00,
  0x08,0x61,0x00,0x08,0x61,0x00,0x10,0xa1,0x00,0x08,0x61,0x00,0x10,0x82,0x00,0x10,
  0x81,0x00,0x18,0xa1,0x00,0x18,0xc2,0x00,0x21,0x24,0x00,0x29,0x44,0x00,0x21,0x24,
  0x00,0x21,0x24,0x00,0x21,0x03,0x00,0x21,0x04,0x00,0x19,0x03,0x00,0x19,0x03,0x00,
  0x19,0x04,0x00,0x21,0x04,0x00,0x21,0x04,0x00,0x21,0x04,0x00,0x21,0x04,0x00,0x21,
  0x04,0x00,0x21,0x04,0x00,0x21,0x04,0x00,0x21,0x04,0x00,0x21,0x04,0x00,0x21,0x04,
  0x00,0x21,0x04,0x00,0x21,0x04,0x00,0x19,0x04,0x00,0x19,0x04,0x00,0x21,0x04,0x00,
  0x21,0x04,0x00,0x21,0x04,0x00,0x19,0x04,0x00,0x19,0x04,0x00,0x21,0x04,0x00,0x19,
  0x04,0x00,0x21,0x04,0x00,0x19,0x04,0x00,0x19,0x04,0x00,0x21,0x04,0x00,0x19,0x04,
  0x00,0x19,0x04,0x00,0x21,0x04,0x00,0x19,0x04,0x00,0x19,0x04,0x00,0x19,0x04,0x00,
  0x19,0x04,0x00,0x19,0x04,0x00,0x19,0x04,0x00,0x19,0x04,0x00,0x21,0x04,0x00,0x21,
  0x04,0x00,0x21,0x04,0x00,0x21,0x04,0x00,0x21,0x04,0x00,0x21,0x04,0x00,0x18,0xe3,
  0x00,0x18,0xe3,0x00,0x18,0xe3,0x00,0x18,0xc3,0x00,0x18,0xc3,0x00,0x18,0xc2,0x00,
  0x18,0xc3,0x00,0x18,0xc3,0x00,0x18,0xe3,0x00,0x18,0xc3,0x00,0x18,0xc3,0x00,0x20,
  0xe3,0x00,0x18,0xc3,0x00,0x18,0xa2,0x00,0x10,0xa2,0x00,0x08,0x61,0x00,0x10,0x61,
  0x00,0x51,0xa3,0xff,0x6a,0x25,0xff,0x51,0xa4,0xff,0x51,0xa4,0xff,0x39,0x43,0xff,
  0x41,0xa4,0xff,0x31,0x23,0xff,0x31,0x03,0xff,0x39,0x22,0xff,0x41,0x63,0xff,0x28,
  0xe2,0xff,0x10,0x61,0xff,0x08,0x40,0xff,0x08,0x40,0xff,0x00,0x00,0xff,0x08,0x20,
  0xff,0x28,0xe1,0xff,0x41,0x22,0xff,0x6a,0x65,0xff,0x7a,0xa5,0xff,0x8b,0x06,0xff,
  0x8a,0xc6,0xff,0x9b,0x26,0xff,0x9b,0x26,0xff,0xab,0xa8,0xff,0xbc,0x2a,0xff,0xb4,
  0x2b,0xff,0xbc,0x4b,0xff,0xc4,0x8c,0xff,0xc4,0x6b,0xff,0xbc,0x2a,0xff,0xbc,0x0a,
  0xff,0xbc,0x0a,0xff,0xcc,0xac,0xff,0xcc,0xac,0xff,0xc4,0x2b,0xff,0xcc,0x6b,0xff,
  0xcc,0x4b,0xff,0xcc,0x8b,0xff,0xcc,0x6a,0xff,0xcc,0x8a,0xff,0xcc,0x69,0xff,0xcc,
  0x69,0xff,0xdc,0xc9,0xff,0xd4,0x48,0xff,0xcc,0x28,0xff,0xbb,0xc8,0xff,0xbb,0xc8,
  0xff,0xab,0x67,0xff,0xb3,0x87,0xff,0xb3,0x67,0xff,0xb3,0x67,0xff,0xb3,0x87,0xff,
  0x9b,0x06,0xff,0x93,0x27,0xff,0x72,0x45,0xff,0x72,0x65,0xff,0x72,0x85,0xff,0x39,
  0x22,0xff,0x18,0x61,0xff,0x20,0xe2,0xff,0x20,0xe2,0xff,0x18,0x61,0xff,0x20,0xc2,
  0xff,0x28,0xe2,0xff,0x31,0x23,0xff,0x31,0x23,0xff,0x31,0x23,0xff,0x28,0xc2,0xff,
  0x31,0x02,0xff,0x5a,0x04,0xff,0x5a,0x04,0xff,0x6a,0x66,0xff,0x41,0x84,0xff,0x28,
  0xc2,0xff,0x20,0xc2,0xff,0x18,0xa2,0xff,0x28,0xe2,0xff,0x51,0xa4,0xff,0x51,0xe4,
  0xff,0x41,0x42,0xff,0x41,0x42,0xff,0x28,0xc2,0xff,0x39,0x43,0xff,0x28,0xc1,0xff,
  0x31,0x02,0xff,0x20,0xa1,0xff,0x20,0xe2,0xff,0x10,0x41,0xff,0x10,0x61,0xff,0x10,
  0x61,0xff,0x20,0xe2,0xff,0x18,0x81,0xff,0x10,0x40,0xff,0x31,0x02,0x00,0x20,0xa1,
  0x00,0x18,0xa1,0x00,0x08,0x40,0xff,0x08,0x20,0xff,0x18,0xa1,0x00,0x18,0xa1,0x00,
  0x31,0x43,0x00,0x28,0xe2,0x00,0x20,0xe2,0x00,0x10,0x81,0x00,0x18,0xc2,0x00,0x10,
  0x81,0x00,0x21,0x04,0x00,0x21,0x24,0x00,0x21,0x24,0x00,0x21,0x24,0x00,0x21,0x03,
  0x00,0x21,0x03,0x00,0x21,0x03,0x00,0x19,0x03,0x00,0x19,0x03,0x00,0x19,0x04,0x00,
  0x21,0x04,0x00,0x21,0x04,0x00,0x21,0x04,0x00,0x21,0x04,0x00,0x21,0x04,0x00,0x21,
  0x04,0x00,0x21,0x04,0x00,0x19,0x04,0x00,0x19,0x04,0x00,0x19,0x04,0x00,0x19,0x04,
  0x00,0x21,0x04,0x00,0x21,0x04,0x00,0x21,0x04,0x00,0x21,0x04,0x00,0x21,0x04,0x00,
  0x21,0x04,0x00,0x19,0x04,0x00,0x21,0x04,0x00,0x19,0x04,0x00,0x21,0x04,0x00,0x19,
  0x04,0x00,0x19,0x04,0x00,0x21,0x04,0x00,0x19,0x04,0x00,0x21,0x04,0x00,0x21,0x04,
  0x00,0x19,0x04,0x00,0x19,0x04,0x00,0x18,0xe4,0x00,0x18,0xe4,0x00,0x18,0xe4,0x00,
  0x18,0xe4,0x00,0x19,0x04,0x00,0x21,0x04,0x00,0x21,0x04,0x00,0x21,0x04,0x00,0x21,
  0x04,0x00,0x21,0x04,0x00,0x21,0x04,0x00,0x18,0xe3,0x00,0x18,0xe3,0x00,0x18,0xe3,
  0x00,0x18,0xc3,0x00,0x18,0xc3,0x00,0x18,0xc2,0x00,0x18,0xc3,0x00,0x18,0xc3,0x00,
  0x18,0xe3,0x00,0x18,0xc3,0x00,0x18,0xc3,0x00,0x20,0xe3,0x00,0x18,0xc3,0x00,0x18,
  0xa2,0x00,0x10,0xa2,0x00,0x08,0x61,0x00,0x10,0x61,0x00,0x51,0xa3,0xff,0x6a,0x25,
  0xff,0x51,0xa4,0xff,0x51,0xa4,0xff,0x39,0x43,0xff,0x41,0xa4,0xff,0x31,0x23,0xff,
  0x31,0x03,0xff,0x39,0x22,0xff,0x41,0x63,0xff,0x28,0xe2,0xff,0x10,0x61,0xff,0x08,
  0x40,0xff,0x08,0x40,0xff,0x00,0x00,0xff,0x08,0x20,0xff,0x28,0xe1,0xff,0x41,0x22,
  0xff,0x6a,0x65,0xff,0x7a,0xa5,0xff,0x8b,0x06,0xff,0x8a,0xc6,0xff,0x9b,0x26,0xff,
  0x9b,0x26,0xff,0xab,0xa8,0xff,0xbc,0x2a,0xff,0xb4,0x2b,0xff,0xbc,0x4b,0xff,0xc4,
  0x8c,0xff,0xc4,0x6b,0xff,0xbc,0x2a,0xff,0xbc,0x0a,0xff,0xbc,0x0a,0xff,0xcc,0xac,
  0xff,0xcc,0xac,0xff,0xc4,0x2b,0xff,0xcc,0x6b,0xff,0xcc,0x4b,0xff,0xcc,0x8b,0xff,
  0xcc,0x6a,0xff,0xcc,0x8a,0xff,0xcc,0x69,0xff,0xcc,0x69,0xff,0xdc,0xc9,0xff,0xd4,
  0x48,0xff,0xcc,0x28,0xff,0xbb,0xc8,0xff,0xbb,0xc8,0xff,0xab,0x67,0xff,0xb3,0x87,
  0xff,0xb3,0x67,0xff,0xb3,0x67,0xff,0xb3,0x87,0xff,0x9b,0x06,0xff,0x93,0x27,0xff,
  0x72,0x45,0xff,0x72,0x65,0xff,0x72,0x85,0xff,0x39,0x22,0xff,0x18,0x61,0xff,0x20,
  0xe2,0xff,0x20,0xe2,0xff,0x18,0x61,0xff,0x20,0xc2,0xff,0x28,0xe2,0xff,0x31,0x23,
  0xff,0x31,0x23,0xff,0x31,0x23,0xff,0x28,0xc2,0xff,0x31,0x02,0xff,0x5a,0x04,0xff,
  0x5a,0x04,0xff,0x6a,0x66,0xff,0x41,0x84,0xff,0x28,0xc2,0xff,0x20,0xc2,0xff,0x18,
  0xa2,0xff,0x28,0xe2,0xff,0x51,0xa4,0xff,0x51,0xe4,0xff,0x41,0x42,0xff,0x41,0x42,
  0xff,0x28,0xc2,0xff,0x39,0x43,0xff,0x28,0xc1,0xff,0x31,0x02,0xff,0x20,0xa1,0xff,
  0x20,0xe2,0xff,0x10,0x41,0xff,0x10,0x61,0xff,0x10,0x61,0xff,0x20,0xe2,0xff,0x18,
  0x81,0xff,0x10,0x40,0xff,0x31,0x02,0x00,0x20,0xa1,0x00,0x18,0xa1,0x00,0x08,0x40,
  0xff,0x08,0x20,0xff,0x18,0xa1,0x00,0x18,0xa1,0x00,0x31,0x43,0x00,0x28,0xe2,0x00,
  0x20,0xe2,0x00,0x10,0x81,0x00,0x18,0xc2,0x00,0x10,0x81,0x00,0x21,0x04,0x00,0x21,
  0x24,0x00,0x21,0x24,0x00,0x21,0x24,0x00,0x21,0x03,0x00,0x21,0x03,0x00,0x21,0x03,
  0x00,0x19,0x03,0x00,0x19,0x03,0x00,0x19,0x04,0x00,0x21,0x04,0x00,0x21,0x04,0x00,
  0x21,0x04,0x00,0x21,0x04,0x00,0x21,0x04,0x00,0x21,0x04,0x00,0x21,0x04,0x00,0x19,
  0x04,0x00,0x19,0x04,0x00,0x19,0x04,0x00,0x19,0x04,0x00,0x21,0x04,0x00,0x21,0x04,
  0x00,0x21,0x04,0x00,0x21,0x04,0x00,0x21,0x04,0x00,0x21,0x04,0x00,0x19,0x04,0x00,
  0x21,0x04,0x00,0x19,0x04,0x00,0x21,0x04,0x00,0x19,0x04,0x00,0x19,0x04,0x00,0x21,
  0x04,0x00,0x19,0x04,0x00,0x21,0x04,0x00,0x21,0x04,0x00,0x19,0x04,0x00,0x19,0x04,
  0x00,0x18,0xe4,0x00,0x18,0xe4,0x00,0x18,0xe4,0x00,0x18,0xe4,0x00,0x19,0x04,0x00,
  0x21,0x04,0x00,0x21,0x04,0x00,0x21,0x24,0x00,0x21,0x04,0x00,0x21,0x04,0x00,0x21,
  0x04,0x00,0x18,0xe3,0x00,0x18,0xe3,0x00,0x18,0xe3,0x00,0x18,0xc3,0x00,0x18,0xc3,
  0x00,0x18,0xc3,0x00,0x18,0xc3,0x00,0x18,0xc3,0x00,0x18,0xe3,0x00,0x18,0xc3,0x00,
  0x18,0xc3,0x00,0x18,0xc3,0x00,0x18,0xe3,0x00,0x18,0xc2,0x00,0x08,0x82,0x00,0x10,
  0xa1,0x00,0x51,0xa3,0xff,0x61,0xe4,0xff,0x51,0xc4,0xff,0x51,0xc4,0xff,0x51,0xc4,
  0xff,0x41,0x84,0xff,0x41,0x83,0xff,0x31,0x22,0xff,0x31,0x23,0xff,0x39,0x63,0xff,
  0x29,0x02,0xff,0x10,0x61,0xff,0x00,0x20,0xff,0x08,0x20,0xff,0x08,0x20,0xff,0x18,
  0x81,0xff,0x31,0x22,0xff,0x5a,0x65,0xff,0x62,0x04,0xff,0x6a,0x45,0xff,0x82,0xc7,
  0xff,0x9b,0x47,0xff,0xab,0xa8,0xff,0xbc,0x29,0xff,0xbc,0x29,0xff,0xc4,0xab,0xff,
  0xcc,0xcc,0xff,0xcc,0xcc,0xff,0xcc,0xed,0xff,0xcc,0xed,0xff,0xcc,0xcc,0xff,0xc4,
  0x6a,0xff,0xc4,0x4a,0xff,0xc4,0x4a,0xff,0xc4,0x6b,0xff,0xc4,0x2a,0xff,0xc4,0x2a,
  0xff,0xcc,0x09,0xff,0xd4,0x08,0xff,0xd4,0x28,0xff,0xd4,0x27,0xff,0xd4,0x26,0xff,
  0xdc,0x05,0xff,0xdc,0x05,0xff,0xe4,0x65,0xff,0xec,0x85,0xff,0xec,0xa5,0xff,0xec,
  0xa5,0xff,0xec,0x86,0xff,0xe4,0x87,0xff,0xe4,0xc8,0xff,0xe4,0xa8,0xff,0xe4,0xa8,
  0xff,0xdc,0x88,0xff,0xc4,0x08,0xff,0xab,0xa8,0xff,0x93,0x07,0xff,0x93,0x06,0xff,
  0x7a,0x45,0xff,0x6a,0x04,0xff,0x51,0xa4,0xff,0x49,0x83,0xff,0x49,0x83,0xff,0x28,
  0xe1,0xff,0x20,0xe2,0xff,0x18,0xa1,0xff,0x20,0xc2,0xff,0x28,0xe2,0xff,0x31,0x43,
  0xff,0x29,0x02,0xff,0x29,0x02,0xff,0x31,0x02,0xff,0x31,0x02,0xff,0x41,0x64,0xff,
  0x41,0x43,0xff,0x62,0x25,0xff,0x72,0xa6,0xff,0x28,0xe2,0xff,0x18,0xa2,0xff,0x51,
  0xe4,0xff,0x83,0x06,0xff,0x62,0x24,0xff,0x62,0x24,0xff,0x39,0x03,0xff,0x49,0xc4,
  0xff,0x41,0x83,0xff,0x28,0xe2,0xff,0x18,0xa1,0xff,0x20,0xe2,0xff,0x10,0x40,0xff,
  0x20,0xc1,0xff,0x20,0xc1,0xff,0x31,0x23,0xff,0x41,0x42,0xff,0x8b,0x27,0xff,0xac,
  0x4b,0xff,0x20,0xc2,0x00,0x00,0x00,0xff,0x18,0x81,0xff,0x72,0x65,0xff,0xab,0xe8,
  0xff,0xab,0xe8,0xff,0xcc,0xeb,0xff,0xb4,0x29,0xff,0xa3,0xea,0xff,0x6a,0x86,0xff,
  0x41,0xa3,0xff,0x18,0xa2,0x00,0x19,0x03,0x00,0x21,0x24,0x00,0x29,0x64,0x00,0x29,
  0x64,0x00,0x21,0x04,0x00,0x21,0x04,0x00,0x21,0x04,0x00,0x21,0x04,0x00,0x20,0xe3,
  0x00,0x18,0xe3,0x00,0x19,0x04,0x00,0x19,0x04,0x00,0x19,0x04,0x00,0x21,0x04,0x00,
  0x21,0x04,0x00,0x21,0x04,0x00,0x21,0x04,0x00,0x19,0x04,0x00,0x19,0x04,0x00,0x19,
  0x04,0x00,0x19,0x04,0x00,0x21,0x04,0x00,0x21,0x04,0x00,0x21,0x04,0x00,0x21,0x04,
  0x00,0x21,0x04,0x00,0x19,0x04,0x00,0x19,0x04,0x00,0x21,0x04,0x00,0x19,0x04,0x00,
  0x21,0x04,0x00,0x19,0x04,0x00,0x19,0x04,0x00,0x21,0x04,0x00,0x21,0x04,0x00,0x21,
  0x04,0x00,0x21,0x04,0x00,0x19,0x04,0x00,0x19,0x04,0x00,0x19,0x04,0x00,0x19,0x04,
  0x00,0x19,0x04,0x00,0x19,0x04,0x00,0x19,0x04,0x00,0x21,0x04,0x00,0x21,0x04,0x00,
  0x19,0x04,0x00,0x21,0x04,0x00,0x19,0x03,0x00,0x10,0xc3,0x00,0x08,0xa3,0x00,0x08,
  0xa3,0x00,0x08,0xa3,0x00,0x08,0x82,0x00,0x08,0x82,0x00,0x00,0x62,0x00,0x08,0x62,
  0x00,0x08,0x62,0x00,0x10,0xc3,0x00,0x18,0xc3,0x00,0x18,0xc3,0x00,0x20,0xe3,0x00,
  0x18,0xc3,0x00,0x10,0xa2,0x00,0x00,0x41,0xff,0x29,0x22,0x00,0xab,0xa8,0xff,0x72,
  0x44,0xff,0x41,0x43,0xff,0x49,0xa4,0xff,0x49,0xa4,0xff,0x41,0x84,0xff,0x31,0x43,
  0xff,0x29,0x02,0xff,0x31,0x02,0xff,0x31,0x22,0xff,0x18,0x81,0xff,0x08,0x20,0xff,
  0x10,0x81,0xff,0x08,0x41,0xff,0x08,0x41,0xff,0x39,0x84,0xff,0x5a,0x05,0xff,0x62,
  0x05,0xff,0x7a,0x86,0xff,0x8a,0xc7,0xff,0x9b,0x48,0xff,0xbc,0x09,0xff,0xc4,0x09,
  0xff,0xcc,0x6a,0xff,0xcc,0x6a,0xff,0xc4,0x6b,0xff,0xcc,0xac,0xff,0xd4,0xed,0xff,
  0xd5,0x0d,0xff,0xcc,0xac,0xff,0xcc,0xab,0xff,0xcc,0x6a,0xff,0xd4,0x69,0xff,0xd4,
  0x69,0xff,0xd4,0x69,0xff,0xdc,0x89,0xff,0xdc,0x68,0xff,0xe4,0x66,0xff,0xe4,0x45,
  0xff,0xec,0x44,0xff,0xec,0x64,0xff,0xf4,0x63,0xff,0xf4,0x63,0xff,0xf4,0x63,0xff,
  0xec,0x63,0xff,0xec,0x63,0xff,0xec,0x63,0xff,0xec,0x63,0xff,0xec,0x44,0xff,0xe4,
  0x24,0xff,0xe4,0x26,0xff,0xe4,0x67,0xff,0xe4,0x67,0xff,0xdc,0x47,0xff,0xc3,0xe7,
  0xff,0xbb,0xc8,0xff,0xb3,0xc8,0xff,0xb3,0xe8,0xff,0xab,0x88,0xff,0xb4,0x08,0xff,
  0x9b,0x27,0xff,0x8a,0xe6,0xff,0x8a,0xe6,0xff,0x9b,0xa7,0xff,0x51,0xc3,0xff,0x20,
  0xa1,0xff,0x18,0x81,0xff,0x18,0x81,0xff,0x28,0xe2,0xff,0x29,0x02,0xff,0x29,0x02,
  0xff,0x28,0xc2,0xff,0x28,0xc2,0xff,0x31,0x23,0xff,0x28,0xc1,0xff,0x6a,0x44,0xff,
  0x8b,0x27,0xff,0x41,0x63,0xff,0x18,0xa2,0xff,0x39,0x23,0xff,0x6a,0x45,0xff,0x6a,
  0x45,0xff,0x6a,0x45,0xff,0x49,0x63,0xff,0x49,0x83,0xff,0x39,0x22,0xff,0x20,0xc2,
  0xff,0x10,0x81,0xff,0x10,0x20,0xff,0x30,0xe1,0xff,0x5a,0x05,0xff,0x5a,0x05,0xff,
  0x30,0x61,0xff,0x8a,0xc6,0xff,0xf6,0xb1,0xff,0x51,0xc4,0xff,0x00,0x00,0xff,0x00,
  0x21,0xff,0x82,0xe7,0xff,0xed,0xec,0xff,0xdc,0x8a,0xff,0xdc,0x8a,0xff,0xdc,0xeb,
  0xff,0xdc,0xeb,0xff,0xdd,0x0c,0xff,0xcc,0xec,0xff,0xab,0xe8,0xff,0x51,0xa4,0xff,
  0x20,0xa2,0x00,0x10,0x82,0x00,0x21,0x24,0x00,0x21,0x24,0x00,0x21,0x24,0x00,0x21,
  0x24,0x00,0x18,0xe3,0x00,0x21,0x03,0x00,0x62,0x45,0x00,0x62,0x25,0x00,0x21,0x03,
  0x00,0x18,0xe4,0x00,0x18,0xe4,0x00,0x19,0x04,0x00,0x21,0x04,0x00,0x21,0x04,0x00,
  0x21,0x04,0x00,0x21,0x04,0x00,0x19,0x04,0x00,0x19,0x04,0x00,0x19,0x04,0x00,0x21,
  0x04,0x00,0x21,0x04,0x00,0x21,0x04,0x00,0x21,0x04,0x00,0x21,0x04,0x00,0x19,0x04,
  0x00,0x19,0x04,0x00,0x21,0x04,0x00,0x19,0x04,0x00,0x19,0x04,0x00,0x19,0x04,0x00,
  0x19,0x04,0x00,0x19,0x04,0x00,0x19,0x04,0x00,0x19,0x04,0x00,0x21,0x04,0x00,0x19,
  0x04,0x00,0x19,0x04,0x00,0x19,0x04,0x00,0x19,0x04,0x00,0x19,0x04,0x00,0x19,0x04,
  0x00,0x19,0x04,0x00,0x19,0x04,0x00,0x21,0x04,0x00,0x31,0x64,0x00,0x18,0xe4,0x00,
  0x29,0x44,0x00,0x41,0xa4,0x00,0x41,0x63,0x00,0x41,0x63,0x00,0x41,0xa4,0x00,0x49,
  0xa4,0x00,0x49,0xa4,0x00,0x51,0xa3,0x00,0x51,0xa3,0x00,0x39,0x43,0x00,0x10,0xa2,
  0x00,0x18,0xc3,0x00,0x18,0xc3,0x00,0x20,0xe3,0x00,0x18,0xc3,0x00,0x18,0xc3,0x00,
  0x00,0x20,0xff,0x39,0x43,0x00,0xb3,0xe8,0xff,0x72,0x64,0xff,0x49,0xa4,0xff,0x41,
  0xa4,0xff,0x41,0xa4,0xff,0x39,0x43,0xff,0x39,0x63,0xff,0x31,0x43,0xff,0x29,0x02,
  0xff,0x18,0x81,0xff,0x10,0x61,0xff,0x18,0xa1,0xff,0x29,0x22,0xff,0x20,0xc2,0xff,
  0x20,0xc2,0xff,0x5a,0x05,0xff,0x7b,0x07,0xff,0x7a,0xc7,0xff,0x8a,0xc6,0xff,0xab,
  0x67,0xff,0xc3,0xc7,0xff,0xd4,0x48,0xff,0xd4,0x48,0xff,0xdc,0xa9,0xff,0xdc,0xa9,
  0xff,0xd4,0x8a,0xff,0xd4,0xac,0xff,0xd4,0xcc,0xff,0xdc,0xeb,0xff,0xdc,0xaa,0xff,
  0xdc,0xca,0xff,0xe4,0xa9,0xff,0xe4,0xa7,0xff,0xe4,0xa7,0xff,0xe4,0x87,0xff,0xec,
  0xa7,0xff,0xec,0xa6,0xff,0xec,0x85,0xff,0xec,0x63,0xff,0xec,0x63,0xff,0xec,0x62,
  0xff,0xf4,0x83,0xff,0xf4,0x83,0xff,0xf4,0x83,0xff,0xf4,0x83,0xff,0xf4,0x84,0xff,
  0xf4,0x84,0xff,0xec,0x44,0xff,0xec,0x65,0xff,0xec,0x86,0xff,0xdc,0x26,0xff,0xd3,
  0xe6,0xff,0xd3,0xe6,0xff,0xcb,0xa6,0xff,0xbb,0x86,0xff,0xbb,0xa7,0xff,0xab,0x87,
  0xff,0xab,0x87,0xff,0xb3,0xa8,0xff,0xb3,0xe7,0xff,0xab,0x67,0xff,0xab,0x46,0xff,
  0xab,0x46,0xff,0xbc,0x28,0xff,0x6a,0x24,0xff,0x41,0x43,0xff,0x39,0x42,0xff,0x18,
  0x81,0xff,0x20,0xa1,0xff,0x20,0xa1,0xff,0x29,0x02,0xff,0x20,0xe2,0xff,0x20,0xe2,
  0xff,0x31,0x43,0xff,0x31,0x02,0xff,0x41,0x42,0xff,0x41,0x63,0xff,0x31,0x02,0xff,
  0x29,0x23,0xff,0x39,0x63,0xff,0x39,0x43,0xff,0x62,0x04,0xff,0x62,0x04,0xff,0x72,
  0x85,0xff,0x62,0x45,0xff,0x20,0xc2,0xff,0x18,0xa2,0xff,0x20,0xa1,0xff,0x20,0x61,
  0xff,0x82,0xc6,0xff,0x8b,0x46,0xff,0x8b,0x46,0xff,0x82,0x86,0xff,0xe6,0x11,0xff,
  0x83,0x28,0xff,0x00,0x00,0xff,0x08,0x60,0xff,0x62,0x25,0xff,0xc4,0x4a,0xff,0xd4,
  0xa8,0xff,0xcc,0x68,0xff,0xcc,0x68,0xff,0xe5,0xcd,0xff,0xed,0xcd,0xff,0xdd,0x0b,
  0xff,0xb3,0xa8,0xff,0xb3,0x87,0xff,0xb3,0xc8,0xff,0xab,0xea,0xff,0x8b,0x28,0xff,
  0x29,0x22,0x00,0x29,0x22,0x00,0x18,0xe3,0x00,0x21,0x24,0x00,0x18,0xc3,0x00,0x29,
  0x24,0x00,0x6a,0x04,0x00,0x59,0xa3,0x00,0x31,0x03,0x00,0x20,0xe3,0x00,0x20,0xe3,
  0x00,0x18,0xe4,0x00,0x21,0x04,0x00,0x21,0x03,0x00,0x21,0x04,0x00,0x19,0x04,0x00,
  0x19,0x04,0x00,0x21,0x04,0x00,0x19,0x04,0x00,0x21,0x04,0x00,0x21,0x04,0x00,0x21,
  0x04,0x00,0x21,0x04,0x00,0x21,0x04,0x00,0x19,0x04,0x00,0x21,0x04,0x00,0x21,0x04,
  0x00,0x21,0x04,0x00,0x21,0x04,0x00,0x21,0x04,0x00,0x21,0x04,0x00,0x21,0x04,0x00,
  0x21,0x04,0x00,0x19,0x04,0x00,0x21,0x04,0x00,0x21,0x04,0x00,0x19,0x04,0x00,0x21,
  0x04,0x00,0x21,0x04,0x00,0x21,0x04,0x00,0x19,0x04,0x00,0x19,0x04,0x00,0x21,0x04,
  0x00,0x21,0x04,0x00,0x41,0xa4,0x00,0x08,0xa4,0x00,0x31,0x43,0x00,0xab,0x44,0x00,
  0xab,0x24,0x00,0xab,0x24,0x00,0xab,0x25,0x00,0xab,0x25,0x00,0xb3,0x45,0x00,0xab,
  0x24,0x00,0xbb,0x85,0x00,0x82,0xc6,0x00,0x18,0xa2,0x00,0x18,0xc3,0x00,0x18,0xc3,
  0x00,0x18,0xc3,0x00,0x18,0xc3,0x00,0x18,0xe3,0x00,0x00,0x20,0xff,0x31,0x22,0x00,
  0x8a,0xa5,0xff,0x51,0xa3,0xff,0x41,0x84,0xff,0x41,0xa4,0xff,0x41,0xa4,0xff,0x39,
  0x43,0xff,0x31,0x22,0xff,0x28,0xe2,0xff,0x29,0x02,0xff,0x10,0x41,0xff,0x08,0x41,
  0xff,0x28,0xe2,0xff,0x5a,0x25,0xff,0x62,0x65,0xff,0x62,0x65,0xff,0x62,0x26,0xff,
  0x7a,0xa6,0xff,0x82,0xc6,0xff,0xa3,0x06,0xff,0xcc,0x06,0xff,0xd3,0xe5,0xff,0xdc,
  0x05,0xff,0xdc,0x05,0xff,0xd4,0x26,0xff,0xd4,0x26,0xff,0xd4,0x27,0xff,0xdc,0x68,
  0xff,0xdc,0x89,0xff,0xdc,0xa9,0xff,0xe4,0x67,0xff,0xec,0xa7,0xff,0xec,0x86,0xff,
  0xec,0xa5,0xff,0xec,0xa5,0xff,0xec,0x85,0xff,0xec,0x65,0xff,0xec,0x64,0xff,0xf4,
  0x63,0xff,0xf4,0x42,0xff,0xec,0x42,0xff,0xec,0x22,0xff,0xec,0x23,0xff,0xec,0x43,
  0xff,0xec,0x43,0xff,0xec,0x43,0xff,0xec,0x44,0xff,0xec,0x44,0xff,0xe4,0x24,0xff,
  0xe4,0x25,0xff,0xdb,0xe5,0xff,0xd3,0xe6,0xff,0xd3,0xc6,0xff,0xd3,0xc6,0xff,0xcb,
  0xe7,0xff,0xbb,0xc7,0xff,0xb3,0x87,0xff,0xab,0xa8,0xff,0xab,0x88,0xff,0xab,0x67,
  0xff,0xab,0x67,0xff,0xab,0x67,0xff,0xab,0x87,0xff,0xab,0x87,0xff,0xa3,0x46,0xff,
  0x69,0xc4,0xff,0x51,0x42,0xff,0x6a,0x45,0xff,0x41,0x63,0xff,0x20,0xa1,0xff,0x10,
  0x61,0xff,0x20,0xe2,0xff,0x20,0xc2,0xff,0x20,0xc2,0xff,0x18,0xa1,0xff,0x31,0x22,
  0xff,0x31,0x02,0xff,0x28,0xe2,0xff,0x29,0x02,0xff,0x31,0x43,0xff,0x39,0x63,0xff,
  0x20,0xc2,0xff,0x39,0x43,0xff,0x39,0x43,0xff,0x7a,0xa6,0xff,0x5a,0x05,0xff,0x10,
  0x61,0xff,0x10,0x41,0xff,0x28,0xe2,0xff,0x72,0xa6,0xff,0x82,0x65,0xff,0x7a,0x44,
  0xff,0x7a,0x44,0xff,0xf6,0xd5,0xff,0xac,0xcf,0xff,0x08,0x20,0xff,0x00,0x00,0xff,
  0x49,0xa4,0xff,0xbc,0x4a,0xff,0x92,0x85,0xff,0xb3,0x46,0xff,0xf6,0xb0,0xff,0xf6,
  0xb0,0xff,0xe5,0xee,0xff,0xb3,0xa9,0xff,0xc4,0x0a,0xff,0xbb,0xc8,0xff,0xd4,0x49,
  0xff,0xcc,0x29,0xff,0xf5,0xce,0xff,0xfe,0x90,0xff,0x6a,0xc7,0xff,0x6a,0xc7,0xff,
  0x08,0x61,0xff,0x18,0xe3,0x00,0x10,0xa2,0x00,0x21,0x03,0x00,0x62,0x04,0x00,0x41,
  0x42,0x00,0x39,0x22,0x00,0x49,0x83,0x00,0x49,0x83,0x00,0x31,0x43,0x00,0x19,0x04,
  0x00,0x21,0x04,0x00,0x21,0x04,0x00,0x21,0x04,0x00,0x19,0x04,0x00,0x19,0x04,0x00,
  0x19,0x04,0x00,0x19,0x04,0x00,0x19,0x04,0x00,0x19,0x04,0x00,0x19,0x04,0x00,0x19,
  0x04,0x00,0x19,0x04,0x00,0x19,0x04,0x00,0x19,0x04,0x00,0x19,0x04,0x00,0x19,0x04,
  0x00,0x21,0x04,0x00,0x21,0x04,0x00,0x21,0x04,0x00,0x21,0x04,0x00,0x21,0x04,0x00,
  0x21,0x04,0x00,0x19,0x04,0x00,0x19,0x04,0x00,0x19,0x04,0x00,0x19,0x04,0x00,0x19,
  0x04,0x00,0x19,0x04,0x00,0x19,0x04,0x00,0x21,0x04,0x00,0x21,0x04,0x00,0x39,0x64,
  0x00,0x10,0xc4,0x00,0x31,0x23,0x00,0x6a,0x44,0x00,0x61,0xe3,0x00,0x61,0xe3,0x00,
  0x6a,0x04,0x00,0x6a,0x23,0x00,0x72,0x44,0x00,0x72,0x24,0x00,0x72,0x44,0x00,0x49,
  0x83,0x00,0x10,0xa2,0x00,0x18,0xc3,0x00,0x18,0xc3,0x00,0x18,0xe3,0x00,0x18,0xc3,
  0x00,0x19,0x03,0x00,0x00,0x21,0xff,0x31,0x22,0x00,0x6a,0x04,0xff,0x41,0x43,0xff,
  0x41,0xa4,0xff,0x41,0xc4,0xff,0x41,0xc4,0xff,0x31,0x23,0xff,0x20,0xe2,0xff,0x20,
  0xe2,0xff,0x29,0x23,0xff,0x10,0x81,0xff,0x10,0x61,0xff,0x18,0x81,0xff,0x6a,0x66,
  0xff,0x7a,0xc6,0xff,0x7a,0xc6,0xff,0x6a,0x45,0xff,0x7a,0xa6,0xff,0x8a,0xe5,0xff,
  0xab,0x46,0xff,0xd4,0x25,0xff,0xe4,0x24,0xff,0xec,0x64,0xff,0xec,0x44,0xff,0xec,
  0x85,0xff,0xec,0x85,0xff,0xe4,0x86,0xff,0xe4,0x87,0xff,0xe4,0x87,0xff,0xec,0xe7,
  0xff,0xf4,0xc6,0xff,0xf4,0xc5,0xff,0xf4,0xa4,0xff,0xf4,0xa3,0xff,0xf4,0xa3,0xff,
  0xf4,0xa3,0xff,0xf4,0x83,0xff,0xf4,0x84,0xff,0xf4,0x84,0xff,0xf4,0x63,0xff,0xec,
  0x43,0xff,0xec,0x44,0xff,0xec,0x64,0xff,0xec,0x84,0xff,0xec,0x84,0xff,0xec,0xa5,
  0xff,0xec,0x65,0xff,0xe4,0x45,0xff,0xec,0x86,0xff,0xe4,0x87,0xff,0xdc,0x27,0xff,
  0xd4,0x07,0xff,0xc3,0xa6,0xff,0xc3,0xa6,0xff,0xbb,0xa7,0xff,0xb3,0x86,0xff,0xa3,
  0x47,0xff,0xa3,0x47,0xff,0xab,0x87,0xff,0xa3,0x47,0xff,0xab,0x88,0xff,0xab,0x87,
  0xff,0xb3,0xc8,0xff,0xb3,0xc8,0xff,0xab,0xa8,0xff,0xa3,0x87,0xff,0x7a,0x65,0xff,
  0x6a,0x44,0xff,0x59,0xe4,0xff,0x41,0x83,0xff,0x20,0xe2,0xff,0x18,0xa1,0xff,0x18,
  0xa1,0xff,0x18,0xa1,0xff,0x18,0xc2,0xff,0x20,0xe2,0xff,0x20,0xe2,0xff,0x29,0x02,
  0xff,0x31,0x23,0xff,0x31,0x23,0xff,0x39,0x63,0xff,0x28,0xe2,0xff,0x31,0x23,0xff,
  0x31,0x23,0xff,0x5a,0x25,0xff,0x39,0x43,0xff,0x10,0x81,0xff,0x18,0x81,0xff,0x39,
  0x23,0xff,0x83,0x07,0xff,0x6a,0x03,0xff,0xcd,0x0e,0xff,0xcd,0x0e,0xff,0xcd,0x92,
  0xff,0x20,0xc2,0xff,0x08,0x41,0xff,0x31,0x02,0xff,0xa3,0xa9,0xff,0xbc,0x28,0xff,
  0xa3,0x04,0xff,0xe5,0xcf,0xff,0xf7,0x35,0xff,0xf7,0x35,0xff,0xe6,0x72,0xff,0xd5,
  0x4e,0xff,0xdd,0x0c,0xff,0xc4,0x08,0xff,0xcc,0x69,0xff,0xab,0x88,0xff,0xac,0x09,
  0xff,0xab,0xc9,0xff,0x62,0x25,0xff,0x62,0x25,0xff,0x18,0xa2,0x00,0x18,0xc3,0x00,
  0x19,0x03,0x00,0x21,0x03,0x00,0x41,0x63,0x00,0x41,0x42,0x00,0x51,0xa3,0x00,0x6a,
  0x64,0x00,0x6a,0x64,0x00,0x49,0xa3,0x00,0x20,0xe3,0x00,0x21,0x04,0x00,0x21,0x04,
  0x00,0x21,0x04,0x00,0x21,0x04,0x00,0x19,0x04,0x00,0x19,0x04,0x00,0x21,0x04,0x00,
  0x21,0x04,0x00,0x19,0x04,0x00,0x19,0x04,0x00,0x19,0x04,0x00,0x19,0x04,0x00,0x19,
  0x04,0x00,0x19,0x04,0x00,0x19,0x04,0x00,0x19,0x04,0x00,0x21,0x04,0x00,0x21,0x04,
  0x00,0x21,0x04,0x00,0x21,0x04,0x00,0x21,0x04,0x00,0x21,0x04,0x00,0x19,0x04,0x00,
  0x19,0x04,0x00,0x19,0x04,0x00,0x19,0x04,0x00,0x19,0x04,0x00,0x19,0x04,0x00,0x19,
  0x04,0x00,0x19,0x04,0x00,0x21,0x04,0x00,0x19,0x04,0x00,0x18,0xe4,0x00,0x18,0xe3,
  0x00,0x10,0xa3,0x00,0x08,0x83,0x00,0x08,0x83,0x00,0x08,0xa3,0x00,0x08,0x83,0x00,
  0x08,0xa3,0x00,0x08,0xa3,0x00,0x08,0xa3,0x00,0x08,0x82,0x00,0x10,0xa3,0x00,0x18,
  0xc3,0x00,0x18,0xc3,0x00,0x18,0xe3,0x00,0x18,0xe3,0x00,0x18,0xe3,0x00,0x00,0x20,
  0xff,0x29,0x02,0x00,0x59,0xc3,0xff,0x41,0x63,0xff,0x39,0x63,0xff,0x39,0x63,0xff,
  0x39,0x63,0xff,0x31,0x22,0xff,0x31,0x22,0xff,0x20,0xc1,0xff,0x18,0xc2,0xff,0x10,
  0x61,0xff,0x10,0x81,0xff,0x31,0x23,0xff,0x72,0x85,0xff,0x72,0x65,0xff,0x72,0x65,
  0xff,0x7a,0xa5,0xff,0x93,0x26,0xff,0xab,0xa7,0xff,0xb3,0x66,0xff,0xcb,0xc4,0xff,
  0xe4,0x03,0xff,0xec,0x43,0xff,0xf4,0xc4,0xff,0xf4,0xc5,0xff,0xf4,0xc5,0xff,0xf4,
  0xe6,0xff,0xf5,0x07,0xff,0xed,0x28,0xff,0xf5,0x47,0xff,0xfd,0x05,0xff,0xfc,0xc4,
  0xff,0xfc,0xa3,0xff,0xf4,0x81,0xff,0xf4,0x81,0xff,0xf4,0x61,0xff,0xf4,0xa3,0xff,
  0xe4,0x44,0xff,0xd4,0x05,0xff,0xdc,0x46,0xff,0xdc,0x46,0xff,0xd3,0xe6,0xff,0xdc,
  0x25,0xff,0xdc,0x65,0xff,0xdc,0x65,0xff,0xe4,0x65,0xff,0xe4,0x66,0xff,0xe4,0x67,
  0xff,0xdc,0x47,0xff,0xcc,0x28,0xff,0xcc,0x29,0xff,0xd4,0x6a,0xff,0xd4,0xab,0xff,
  0xd4,0xab,0xff,0xcc,0x6b,0xff,0xbc,0x29,0xff,0xbc,0x4a,0xff,0xb4,0x0a,0xff,0xb4,
  0x0a,0xff,0xb4,0x0a,0xff,0xbc,0x2a,0xff,0xab,0xa8,0xff,0xa3,0x68,0xff,0xa3,0x68,
  0xff,0x9b,0x27,0xff,0xb4,0x08,0xff,0xa3,0x67,0xff,0x6a,0x25,0xff,0x51,0x83,0xff,
  0x62,0x25,0xff,0x49,0xc4,0xff,0x20,0xc2,0xff,0x10,0x61,0xff,0x10,0x61,0xff,0x10,
  0x81,0xff,0x10,0x81,0xff,0x18,0xa1,0xff,0x18,0x81,0xff,0x29,0x02,0xff,0x20,0xe2,
  0xff,0x29,0x02,0xff,0x31,0x22,0xff,0x29,0x23,0xff,0x29,0x23,0xff,0x28,0xe2,0xff,
  0x10,0x81,0xff,0x10,0x61,0xff,0x20,0xa1,0xff,0x39,0x23,0xff,0x39,0x02,0xff,0x61,
  0xc4,0xff,0x93,0x88,0xff,0x93,0x88,0xff,0x31,0x22,0xff,0x08,0x20,0xff,0x18,0xa1,
  0xff,0x72,0xa6,0xff,0xab,0x87,0xff,0x91,0xc2,0xff,0xc4,0x4a,0xff,0xee,0xb4,0xff,
  0xd5,0xb5,0xff,0xd5,0xb5,0xff,0xf7,0x99,0xff,0xff,0x75,0xff,0xed,0xce,0xff,0x92,
  0xc6,0xff,0x69,0xe4,0xff,0x62,0x05,0xff,0x5a,0x05,0xff,0x51,0x84,0xff,0x6a,0x24,
  0xff,0x6a,0x24,0xff,0x83,0x07,0xff,0x31,0x23,0x00,0x10,0xc2,0x00,0x18,0xe3,0x00,
  0x18,0xc3,0x00,0x29,0x44,0x00,0x29,0x23,0x00,0x31,0x23,0x00,0x31,0x23,0x00,0x29,
  0x03,0x00,0x21,0x04,0x00,0x21,0x04,0x00,0x21,0x04,0x00,0x21,0x04,0x00,0x21,0x04,
  0x00,0x21,0x04,0x00,0x19,0x04,0x00,0x21,0x04,0x00,0x21,0x04,0x00,0x21,0x04,0x00,
  0x19,0x04,0x00,0x21,0x04,0x00,0x19,0x04,0x00,0x21,0x04,0x00,0x21,0x04,0x00,0x19,
  0x04,0x00,0x19,0x04,0x00,0x21,0x04,0x00,0x21,0x04,0x00,0x19,0x04,0x00,0x21,0x04,
  0x00,0x21,0x04,0x00,0x21,0x04,0x00,0x19,0x04,0x00,0x19,0x04,0x00,0x19,0x04,0x00,
  0x19,0x04,0x00,0x19,0x04,0x00,0x18,0xe4,0x00,0x19,0x04,0x00,0x21,0x04,0x00,0x21,
  0x04,0x00,0x18,0xe3,0x00,0x18,0xe3,0x00,0x18,0xe3,0x00,0x18,0xe3,0x00,0x18,0xc3,
  0x00,0x18,0xc3,0x00,0x18,0xe3,0x00,0x18,0xc3,0x00,0x18,0xe3,0x00,0x10,0xc3,0x00,
  0x10,0xc3,0x00,0x10,0xc3,0x00,0x18,0xc3,0x00,0x18,0xe3,0x00,0x18,0xe3,0x00,0x18,
  0xc3,0x00,0x18,0xe3,0x00,0x21,0x04,0x00,0x00,0x21,0xff,0x29,0x02,0x00,0x62,0x03,
  0xff,0x41,0xa3,0xff,0x39,0x43,0xff,0x39,0x43,0xff,0x39,0x43,0xff,0x31,0x23,0xff,
  0x39,0x83,0xff,0x20,0xc1,0xff,0x18,0x81,0xff,0x20,0xa1,0xff,0x39,0x42,0xff,0x62,
  0x04,0xff,0x8b,0x06,0xff,0x82,0xa5,0xff,0x82,0xa5,0xff,0x93,0x05,0xff,0xab,0xa6,
  0xff,0xbb,0xe6,0xff,0xc3,0xe6,0xff,0xdc,0x46,0xff,0xe4,0x65,0xff,0xec,0x65,0xff,
  0xec,0x65,0xff,0xec,0xa5,0xff,0xec,0xa5,0xff,0xec,0xe6,0xff,0xed,0x08,0xff,0xed,
  0x49,0xff,0xe5,0x29,0xff,0xe4,0x85,0xff,0xec,0x23,0xff,0xfc,0xa3,0xff,0xfc,0xc1,
  0xff,0xfc,0xc1,0xff,0xfc,0xc2,0xff,0xf4,0xa4,0xff,0xbb,0xa7,0xff,0xa3,0x27,0xff,
  0xcc,0x6a,0xff,0xd4,0x89,0xff,0xcb,0xe8,0xff,0xd4,0x68,0xff,0xd4,0x47,0xff,0xd4,
  0x47,0xff,0xd4,0x47,0xff,0xd4,0x48,0xff,0xe5,0x0b,0xff,0xdd,0x0c,0xff,0xd5,0x2e,
  0xff,0xcd,0x4f,0xff,0x9b,0xab,0xff,0x5a,0x26,0xff,0x5a,0x26,0xff,0x5a,0x05,0xff,
  0x51,0xe5,0xff,0x51,0xe5,0xff,0x49,0xc4,0xff,0x51,0xe5,0xff,0x51,0xe5,0xff,0x62,
  0x04,0xff,0x72,0x85,0xff,0xab,0xe9,0xff,0xab,0xe9,0xff,0xb4,0x29,0xff,0xc4,0x69,
  0xff,0xbc,0x29,0xff,0xa3,0xa8,0xff,0x72,0x85,0xff,0x6a,0x25,0xff,0x62,0x04,0xff,
  0x49,0xc4,0xff,0x18,0x81,0xff,0x18,0x81,0xff,0x08,0x40,0xff,0x10,0x61,0xff,0x18,
  0xc1,0xff,0x18,0xa1,0xff,0x21,0x02,0xff,0x20,0xc2,0xff,0x20,0xc2,0xff,0x31,0x63,
  0xff,0x31,0x63,0xff,0x31,0x63,0xff,0x18,0xa1,0xff,0x08,0x41,0xff,0x10,0x41,0xff,
  0x31,0x43,0xff,0x41,0xa3,0xff,0x28,0xc2,0xff,0x59,0xa4,0xff,0x41,0x22,0xff,0x41,
  0x22,0xff,0x18,0x81,0xff,0x18,0x81,0xff,0x28,0xe2,0xff,0x6a,0x45,0xff,0x9b,0x66,
  0xff,0xbb,0xe9,0xff,0xee,0x72,0xff,0xf7,0x36,0xff,0xf7,0x37,0xff,0xf7,0x37,0xff,
  0xff,0x97,0xff,0xdd,0xcf,0xff,0x9b,0x06,0xff,0x61,0xa3,0xff,0x49,0x63,0xff,0x39,
  0x03,0xff,0x49,0xa4,0xff,0x49,0x84,0xff,0x83,0x06,0xff,0x83,0x06,0xff,0xbc,0x49,
  0xff,0x39,0x63,0xff,0x10,0xa2,0x00,0x18,0xe3,0x00,0x19,0x04,0x00,0x19,0x24,0x00,
  0x18,0xe4,0x00,0x19,0x04,0x00,0x19,0x04,0x00,0x19,0x04,0x00,0x21,0x04,0x00,0x21,
  0x04,0x00,0x21,0x04,0x00,0x21,0x04,0x00,0x21,0x04,0x00,0x21,0x04,0x00,0x21,0x04,
  0x00,0x21,0x04,0x00,0x21,0x04,0x00,0x21,0x04,0x00,0x21,0x04,0x00,0x21,0x04,0x00,
  0x19,0x04,0x00,0x21,0x04,0x00,0x21,0x04,0x00,0x21,0x04,0x00,0x19,0x04,0x00,0x19,
  0x04,0x00,0x19,0x04,0x00,0x19,0x04,0x00,0x19,0x04,0x00,0x19,0x04,0x00,0x19,0x04,
  0x00,0x21,0x04,0x00,0x19,0x04,0x00,0x19,0x04,0x00,0x19,0x04,0x00,0x19,0x04,0x00,
  0x19,0x04,0x00,0x19,0x04,0x00,0x21,0x04,0x00,0x21,0x04,0x00,0x18,0xe4,0x00,0x18,
  0xe3,0x00,0x18,0xe3,0x00,0x18,0xc3,0x00,0x18,0xc3,0x00,0x18,0xc3,0x00,0x18,0xc3,
  0x00,0x18,0xc3,0x00,0x10,0xa2,0x00,0x10,0x82,0x00,0x10,0x82,0x00,0x10,0x82,0x00,
  0x18,0xa3,0x00,0x18,0xe3,0x00,0x18,0xe3,0x00,0x18,0xc3,0x00,0x20,0xe3,0x00,0x21,
  0x04,0x00,0x00,0x21,0xff,0x20,0xc2,0x00,0x59,0xc4,0xff,0x31,0x02,0xff,0x39,0x63,
  0xff,0x41,0x84,0xff,0x41,0x84,0xff,0x31,0x02,0xff,0x29,0x02,0xff,0x18,0xa1,0xff,
  0x08,0x40,0xff,0x28,0xc2,0xff,0x6a,0x64,0xff,0x7a,0x84,0xff,0x8a,0xe5,0xff,0x9b,
  0x46,0xff,0x9b,0x46,0xff,0xab,0xa7,0xff,0xab,0x66,0xff,0xb3,0x86,0xff,0xd4,0x47,
  0xff,0xd4,0x67,0xff,0xd4,0x26,0xff,0xe4,0xa7,0xff,0xe4,0xa7,0xff,0xe4,0xa7,0xff,
  0xe4,0xa7,0xff,0xdc,0x67,0xff,0xdc,0x89,0xff,0xe5,0x4b,0xff,0xcc,0xcb,0xff,0xb3,
  0xa7,0xff,0xcb,0xe5,0xff,0xf4,0x64,0xff,0xf4,0x62,0xff,0xf4,0x62,0xff,0xf4,0xe2,
  0xff,0xe4,0x66,0xff,0xa3,0x28,0xff,0xab,0x89,0xff,0xbc,0x2a,0xff,0xbc,0x09,0xff,
  0xc4,0x08,0xff,0xc3,0xe8,0xff,0xc4,0x07,0xff,0xc4,0x07,0xff,0xdd,0x2a,0xff,0xb4,
  0x0a,0xff,0x8b,0x89,0xff,0x7b,0x09,0xff,0x83,0x6a,0xff,0x93,0xec,0xff,0x5a,0x88,
  0xff,0x08,0x40,0xff,0x08,0x40,0xff,0x08,0x20,0xff,0x08,0x20,0xff,0x08,0x20,0xff,
  0x08,0x20,0xff,0x10,0x61,0xff,0x10,0x41,0xff,0x20,0xa1,0xff,0x6a,0x86,0xff,0xbc,
  0xac,0xff,0xbc,0xac,0xff,0xbc,0x8a,0xff,0xab,0xc9,0xff,0xab,0xa8,0xff,0xb4,0x2a,
  0xff,0x8b,0x07,0xff,0x61,0xc4,0xff,0x6a,0x65,0xff,0x59,0xc4,0xff,0x28,0xe2,0xff,
  0x28,0xe2,0xff,0x10,0x81,0xff,0x08,0x20,0xff,0x08,0x61,0xff,0x18,0x81,0xff,0x18,
  0x81,0xff,0x28,0xe2,0xff,0x28,0xe2,0xff,0x31,0x02,0xff,0x29,0x02,0xff,0x29,0x02,
  0xff,0x18,0x81,0xff,0x10,0x61,0xff,0x18,0xa1,0xff,0x31,0x02,0xff,0x39,0x43,0xff,
  0x51,0xe4,0xff,0x83,0x06,0xff,0x51,0xe4,0xff,0x51,0xe4,0xff,0x20,0xa1,0xff,0x49,
  0xa4,0xff,0x49,0x43,0xff,0x69,0xe4,0xff,0xbc,0x8b,0xff,0xf6,0xb4,0xff,0xee,0xd6,
  0xff,0xe6,0x55,0xff,0xff,0x75,0xff,0xff,0x75,0xff,0xdd,0x6c,0xff,0x82,0x65,0xff,
  0x69,0xc4,0xff,0x59,0x83,0xff,0x72,0x65,0xff,0x72,0xa7,0xff,0x7a,0xe7,0xff,0x59,
  0xc4,0xff,0x72,0x65,0xff,0x72,0x65,0xff,0x72,0x45,0xff,0x20,0xc2,0x00,0x10,0xa2,
  0x00,0x21,0x24,0x00,0x18,0xe3,0x00,0x19,0x04,0x00,0x21,0x24,0x00,0x21,0x04,0x00,
  0x21,0x04,0x00,0x21,0x04,0x00,0x21,0x04,0x00,0x21,0x04,0x00,0x21,0x04,0x00,0x21,
  0x04,0x00,0x21,0x04,0x00,0x21,0x04,0x00,0x21,0x04,0x00,0x21,0x04,0x00,0x21,0x04,
  0x00,0x19,0x04,0x00,0x19,0x04,0x00,0x21,0x04,0x00,0x19,0x04,0x00,0x21,0x04,0x00,
  0x21,0x04,0x00,0x21,0x04,0x00,0x19,0x04,0x00,0x19,0x04,0x00,0x19,0x04,0x00,0x19,
  0x04,0x00,0x19,0x04,0x00,0x19,0x04,0x00,0x19,0x04,0x00,0x21,0x04,0x00,0x19,0x04,
  0x00,0x19,0x04,0x00,0x19,0x04,0x00,0x19,0x04,0x00,0x19,0x04,0x00,0x19,0x04,0x00,
  0x21,0x04,0x00,0x21,0x04,0x00,0x18,0xe3,0x00,0x18,0xe3,0x00,0x18,0xe3,0x00,0x18,
  0xe3,0x00,0x18,0xc3,0x00,0x18,0xc3,0x00,0x18,0xc3,0x00,0x18,0xc3,0x00,0x39,0x43,
  0x00,0x49,0xa4,0x00,0x49,0xa3,0x00,0x49,0xc4,0x00,0x18,0xc3,0x00,0x18,0xe3,0x00,
  0x18,0xe3,0x00,0x18,0xe3,0x00,0x20,0xe3,0x00,0x21,0x04,0x00,0x00,0x41,0xff,0x18,
  0xc2,0x00,0x51,0xc3,0xff,0x39,0x43,0xff,0x31,0x23,0xff,0x31,0x23,0xff,0x31,0x23,
  0xff,0x20,0xc2,0xff,0x08,0x41,0xff,0x00,0x41,0xff,0x08,0x41,0xff,0x41,0x63,0xff,
  0x8b,0x46,0xff,0x93,0x26,0xff,0x9b,0x46,0xff,0x9b,0x47,0xff,0x9b,0x47,0xff,0xab,
  0xa7,0xff,0xb3,0xa7,0xff,0xc4,0x07,0xff,0xc4,0x27,0xff,0xcc,0x48,0xff,0xcc,0x89,
  0xff,0xd4,0x89,0xff,0xcc,0x48,0xff,0xd4,0xa9,0xff,0xd4,0xa9,0xff,0xd4,0xca,0xff,
  0xd4,0xec,0xff,0xdd,0x2c,0xff,0xcc,0xcb,0xff,0xb3,0xc9,0xff,0xc4,0x08,0xff,0xd3,
  0xe5,0xff,0xdc,0x03,0xff,0xdc,0x03,0xff,0xe4,0x84,0xff,0xcc,0x07,0xff,0xa3,0x69,
  0xff,0xb3,0xe9,0xff,0xb3,0xc8,0xff,0xb4,0x09,0xff,0xc4,0x8a,0xff,0xc4,0x6a,0xff,
  0xc4,0x8b,0xff,0xc4,0x8b,0xff,0xc5,0x0c,0xff,0x7b,0x07,0xff,0x39,0x22,0xff,0x20,
  0x81,0xff,0x20,0xa1,0xff,0x18,0x81,0xff,0x18,0x61,0xff,0x18,0x81,0xff,0x18,0x81,
  0xff,0x18,0xa1,0xff,0x10,0x61,0xff,0x18,0xa1,0xff,0x18,0xa1,0xff,0x20,0xe2,0xff,
  0x20,0xc2,0xff,0x20,0xc2,0xff,0x28,0xe2,0xff,0x41,0x84,0xff,0x41,0x84,0xff,0x41,
  0x83,0xff,0x59,0xa3,0xff,0xa3,0xc9,0xff,0xc4,0xcb,0xff,0xab,0xc8,0xff,0x7a,0xa6,
  0xff,0x72,0x86,0xff,0x6a,0x25,0xff,0x51,0xa4,0xff,0x51,0xa4,0xff,0x29,0x22,0xff,
  0x08,0x40,0xff,0x08,0x40,0xff,0x10,0x61,0xff,0x10,0x81,0xff,0x20,0xc2,0xff,0x29,
  0x02,0xff,0x29,0x02,0xff,0x29,0x02,0xff,0x29,0x02,0xff,0x18,0xa1,0xff,0x18,0x81,
  0xff,0x31,0x63,0xff,0x51,0xe4,0xff,0x41,0x43,0xff,0x62,0x24,0xff,0x93,0x87,0xff,
  0x51,0xe4,0xff,0x51,0xe4,0xff,0x41,0x83,0xff,0x7a,0xe6,0xff,0x82,0x85,0xff,0x93,
  0x06,0xff,0xc4,0xed,0xff,0xff,0x98,0xff,0xee,0xd6,0xff,0xf6,0xd4,0xff,0xdd,0x2b,
  0xff,0xdd,0x2b,0xff,0x9a,0xc4,0xff,0x59,0x43,0xff,0x51,0x44,0xff,0x9b,0xa9,0xff,
  0xee,0x94,0xff,0xff,0x15,0xff,0xf6,0x91,0xff,0xb3,0xa7,0xff,0xa3,0x25,0xff,0xa3,
  0x25,0xff,0xa3,0x87,0xff,0x51,0xc4,0xff,0x18,0x81,0x00,0x21,0x24,0x00,0x21,0x24,
  0x00,0x21,0x24,0x00,0x19,0x04,0x00,0x21,0x04,0x00,0x21,0x04,0x00,0x21,0x04,0x00,
  0x21,0x04,0x00,0x21,0x04,0x00,0x21,0x04,0x00,0x21,0x04,0x00,0x21,0x04,0x00,0x21,
  0x04,0x00,0x21,0x04,0x00,0x21,0x04,0x00,0x21,0x04,0x00,0x19,0x04,0x00,0x21,0x04,
  0x00,0x19,0x04,0x00,0x21,0x04,0x00,0x21,0x04,0x00,0x21,0x04,0x00,0x21,0x04,0x00,
  0x19,0x04,0x00,0x19,0x04,0x00,0x19,0x04,0x00,0x18,0xe4,0x00,0x18,0xe4,0x00,0x19,
  0x04,0x00,0x19,0x04,0x00,0x21,0x04,0x00,0x21,0x04,0x00,0x19,0x04,0x00,0x21,0x04,
  0x00,0x21,0x04,0x00,0x19,0x04,0x00,0x19,0x04,0x00,0x21,0x04,0x00,0x21,0x04,0x00,
  0x18,0xe3,0x00,0x18,0xe3,0x00,0x18,0xe3,0x00,0x18,0xe3,0x00,0x18,0xc3,0x00,0x18,
  0xc3,0x00,0x18,0xc3,0x00,0x18,0xc3,0x00,0x39,0x43,0x00,0x49,0xa4,0x00,0x49,0xa3,
  0x00,0x49,0xc4,0x00,0x18,0xc3,0x00,0x18,0xe3,0x00,0x18,0xe3,0x00,0x18,0xe3,0x00,
  0x20,0xe3,0x00,0x21,0x04,0x00,0x00,0x41,0xff,0x18,0xc2,0x00,0x51,0xc3,0xff,0x39,
  0x43,0xff,0x31,0x23,0xff,0x31,0x23,0xff,0x31,0x23,0xff,0x20,0xc2,0xff,0x08,0x41,
  0xff,0x00,0x41,0xff,0x08,0x41,0xff,0x41,0x63,0xff,0x8b,0x46,0xff,0x93,0x26,0xff,
  0x9b,0x46,0xff,0x9b,0x47,0xff,0x9b,0x47,0xff,0xab,0xa7,0xff,0xb3,0xa7,0xff,0xc4,
  0x07,0xff,0xc4,0x27,0xff,0xcc,0x48,0xff,0xcc,0x89,0xff,0xd4,0x89,0xff,0xcc,0x48,
  0xff,0xd4,0xa9,0xff,0xd4,0xa9,0xff,0xd4,0xca,0xff,0xd4,0xec,0xff,0xdd,0x2c,0xff,
  0xcc,0xcb,0xff,0xb3,0xc9,0xff,0xc4,0x08,0xff,0xd3,0xe5,0xff,0xdc,0x03,0xff,0xdc,
  0x03,0xff,0xe4,0x84,0xff,0xcc,0x07,0xff,0xa3,0x69,0xff,0xb3,0xe9,0xff,0xb3,0xc8,
  0xff,0xb4,0x09,0xff,0xc4,0x8a,0xff,0xc4,0x6a,0xff,0xc4,0x8b,0xff,0xc4,0x8b,0xff,
  0xc5,0x0c,0xff,0x7b,0x07,0xff,0x39,0x22,0xff,0x20,0x81,0xff,0x20,0xa1,0xff,0x18,
  0x81,0xff,0x18,0x61,0xff,0x18,0x81,0xff,0x18,0x81,0xff,0x18,0xa1,0xff,0x10,0x61,
  0xff,0x18,0xa1,0xff,0x18,0xa1,0xff,0x20,0xe2,0xff,0x20,0xc2,0xff,0x20,0xc2,0xff,
  0x28,0xe2,0xff,0x41,0x84,0xff,0x41,0x84,0xff,0x41,0x83,0xff,0x59,0xa3,0xff,0xa3,
  0xc9,0xff,0xc4,0xcb,0xff,0xab,0xc8,0xff,0x7a,0xa6,0xff,0x72,0x86,0xff,0x6a,0x25,
  0xff,0x51,0xa4,0xff,0x51,0xa4,0xff,0x29,0x22,0xff,0x08,0x40,0xff,0x08,0x40,0xff,
  0x10,0x61,0xff,0x10,0x81,0xff,0x20,0xc2,0xff,0x29,0x02,0xff,0x29,0x02,0xff,0x29,
  0x02,0xff,0x29,0x02,0xff,0x18,0xa1,0xff,0x18,0x81,0xff,0x31,0x63,0xff,0x51,0xe4,
  0xff,0x41,0x43,0xff,0x62,0x24,0xff,0x93,0x87,0xff,0x51,0xe4,0xff,0x51,0xe4,0xff,
  0x41,0x83,0xff,0x7a,0xe6,0xff,0x82,0x85,0xff,0x93,0x06,0xff,0xc4,0xed,0xff,0xff,
  0x98,0xff,0xee,0xd6,0xff,0xf6,0xd4,0xff,0xdd,0x2b,0xff,0xdd,0x2b,0xff,0x9a,0xc4,
  0xff,0x59,0x43,0xff,0x51,0x44,0xff,0x9b,0xa9,0xff,0xee,0x94,0xff,0xff,0x15,0xff,
  0xf6,0x91,0xff,0xb3,0xa7,0xff,0xa3,0x25,0xff,0xa3,0x25,0xff,0xa3,0x87,0xff,0x51,
  0xc4,0xff,0x18,0x81,0x00,0x21,0x24,0x00,0x21,0x24,0x00,0x21,0x24,0x00,0x19,0x04,
  0x00,0x21,0x04,0x00,0x21,0x04,0x00,0x21,0x04,0x00,0x21,0x04,0x00,0x21,0x04,0x00,
  0x21,0x04,0x00,0x21,0x04,0x00,0x21,0x04,0x00,0x21,0x04,0x00,0x21,0x04,0x00,0x21,
  0x04,0x00,0x21,0x04,0x00,0x19,0x04,0x00,0x21,0x04,0x00,0x19,0x04,0x00,0x21,0x04,
  0x00,0x21,0x04,0x00,0x21,0x04,0x00,0x21,0x04,0x00,0x19,0x04,0x00,0x19,0x04,0x00,
  0x19,0x04,0x00,0x18,0xe4,0x00,0x18,0xe4,0x00,0x19,0x04,0x00,0x19,0x04,0x00,0x21,
  0x04,0x00,0x21,0x04,0x00,0x19,0x04,0x00,0x21,0x04,0x00,0x21,0x04,0x00,0x19,0x04,
  0x00,0x19,0x04,0x00,0x21,0x04,0x00,0x21,0x04,0x00,0x18,0xe4,0x00,0x18,0xe3,0x00,
  0x18,0xe3,0x00,0x18,0xe3,0x00,0x18,0xc3,0x00,0x18,0xc3,0x00,0x18,0xc3,0x00,0x18,
  0xc2,0x00,0x59,0xe4,0x00,0x82,0xa5,0x00,0x82,0x84,0x00,0x5a,0x25,0x00,0x18,0xc2,
  0x00,0x18,0xc3,0x00,0x18,0xc3,0x00,0x18,0xe3,0x00,0x18,0xe3,0x00,0x21,0x04,0x00,
  0x08,0x41,0xff,0x08,0x40,0xff,0x41,0x63,0xff,0x31,0x03,0xff,0x29,0x03,0xff,0x28,
  0xe2,0xff,0x28,0xe2,0xff,0x08,0x40,0xff,0x08,0x41,0xff,0x00,0x21,0xff,0x00,0x20,
  0xff,0x51,0xa4,0xff,0x8a,0xe6,0xff,0x93,0x06,0xff,0xab,0xe8,0xff,0xb3,0xe9,0xff,
  0xb3,0xe9,0xff,0xbc,0x4a,0xff,0xbc,0x69,0xff,0xcc,0xa9,0xff,0xc4,0x8a,0xff,0xcc,
  0xeb,0xff,0xc4,0xcc,0xff,0xc4,0xac,0xff,0xbc,0x4a,0xff,0xc4,0x6a,0xff,0xc4,0x6a,
  0xff,0xc4,0x4a,0xff,0xd5,0x0d,0xff,0xcc,0xcc,0xff,0xbc,0x4a,0xff,0xbc,0x2a,0xff,
  0xc4,0x4a,0xff,0xbb,0xa7,0xff,0xcc,0x06,0xff,0xcc,0x06,0xff,0xc3,0xe6,0xff,0xb3,
  0xc8,0xff,0xa3,0x69,0xff,0xb3,0xc9,0xff,0xab,0x67,0xff,0xbc,0x4a,0xff,0xb4,0x2a,
  0xff,0xac,0x2a,0xff,0x8b,0x08,0xff,0x8b,0x08,0xff,0x31,0x02,0xff,0x20,0xa1,0xff,
  0x20,0xa1,0xff,0x18,0x81,0xff,0x18,0x81,0xff,0x10,0x40,0xff,0x10,0x61,0xff,0x10,
  0x60,0xff,0x10,0x60,0xff,0x10,0x60,0xff,0x10,0x60,0xff,0x10,0x60,0xff,0x10,0x61,
  0xff,0x10,0x81,0xff,0x18,0x81,0xff,0x18,0x81,0xff,0x10,0x61,0xff,0x10,0x81,0xff,
  0x10,0x81,0xff,0x10,0x61,0xff,0x20,0xc2,0xff,0x5a,0x05,0xff,0xa3,0xa8,0xff,0xb4,
  0x09,0xff,0x82,0xa6,0xff,0x72,0x45,0xff,0x7a,0xc6,0xff,0x59,0xa4,0xff,0x59,0xa4,
  0xff,0x41,0x63,0xff,0x20,0xc1,0xff,0x08,0x40,0xff,0x00,0x00,0xff,0x10,0x61,0xff,
  0x08,0x20,0xff,0x18,0x81,0xff,0x28,0xe2,0xff,0x29,0x02,0xff,0x29,0x02,0xff,0x10,
  0x61,0xff,0x10,0x61,0xff,0x31,0x23,0xff,0x49,0x83,0xff,0x49,0x83,0xff,0x7a,0xa5,
  0xff,0x7a,0xa6,0xff,0x28,0xe2,0xff,0x28,0xe2,0xff,0x39,0x22,0xff,0x92,0xc6,0xff,
  0xcc,0x89,0xff,0xa3,0x46,0xff,0x8a,0x44,0xff,0xdd,0x6e,0xff,0xe5,0xaf,0xff,0xf6,
  0x8e,0xff,0xc3,0x44,0xff,0xc3,0x44,0xff,0x9a,0xc4,0xff,0x51,0x43,0xff,0x61,0xa5,
  0xff,0xdd,0x6d,0xff,0xff,0x54,0xff,0xdd,0x4e,0xff,0xdc,0xaa,0xff,0xcc,0x27,0xff,
  0xcc,0x27,0xff,0xcc,0x27,0xff,0xd4,0x89,0xff,0xab,0x67,0xff,0x6a,0x65,0xff,0x20,
  0xe3,0x00,0x21,0x04,0x00,0x21,0x24,0x00,0x19,0x04,0x00,0x19,0x24,0x00,0x19,0x24,
  0x00,0x19,0x04,0x00,0x21,0x04,0x00,0x21,0x04,0x00,0x21,0x04,0x00,0x21,0x04,0x00,
  0x21,0x04,0x00,0x21,0x04,0x00,0x21,0x04,0x00,0x21,0x04,0x00,0x21,0x04,0x00,0x19,
  0x04,0x00,0x19,0x04,0x00,0x19,0x04,0x00,0x19,0x04,0x00,0x21,0x04,0x00,0x21,0x04,
  0x00,0x21,0x04,0x00,0x19,0x04,0x00,0x19,0x04,0x00,0x19,0x04,0x00,0x18,0xe4,0x00,
  0x19,0x04,0x00,0x19,0x04,0x00,0x19,0x04,0x00,0x19,0x04,0x00,0x19,0x04,0x00,0x21,
  0x04,0x00,0x19,0x04,0x00,0x19,0x04,0x00,0x19,0x04,0x00,0x19,0x04,0x00,0x21,0x04,
  0x00,0x19,0x04,0x00,0x18,0xe4,0x00,0x18,0xe3,0x00,0x18,0xe3,0x00,0x18,0xe3,0x00,
  0x18,0xc3,0x00,0x18,0xc3,0x00,0x18,0xc3,0x00,0x18,0xc3,0x00,0x18,0xe2,0x00,0x29,
  0x03,0x00,0x29,0x02,0x00,0x20,0xe2,0x00,0x18,0xc3,0x00,0x18,0xe3,0x00,0x18,0xe3,
  0x00,0x18,0xe3,0x00,0x18,0xe3,0x00,0x21,0x04,0x00,0x08,0x61,0xff,0x08,0x40,0xff,
  0x31,0x22,0xff,0x31,0x02,0xff,0x29,0x23,0xff,0x29,0x23,0xff,0x29,0x23,0xff,0x08,
  0x40,0xff,0x08,0x61,0xff,0x00,0x41,0xff,0x08,0x41,0xff,0x6a,0x65,0xff,0x9b,0x67,
  0xff,0x9b,0x66,0xff,0xa3,0xc8,0xff,0x9b,0xa9,0xff,0x9b,0xa9,0xff,0x93,0xa9,0xff,
  0x7a,0xe7,0xff,0x72,0xc6,0xff,0x6a,0x65,0xff,0x6a,0x86,0xff,0x62,0x66,0xff,0x93,
  0x89,0xff,0xcc,0xec,0xff,0xcd,0x0b,0xff,0xcd,0x0b,0xff,0xc4,0x8a,0xff,0xc4,0x8b,
  0xff,0xc4,0x6b,0xff,0xbc,0x29,0xff,0xbc,0x29,0xff,0xc4,0x4a,0xff,0xbc,0x09,0xff,
  0xbc,0x08,0xff,0xbc,0x08,0xff,0xb3,0xc8,0xff,0xbc,0x09,0xff,0xb3,0xc9,0xff,0xb3,
  0xe9,0xff,0xb4,0x09,0xff,0xbc,0x8b,0xff,0x51,0xa4,0xff,0xa4,0x2d,0xff,0x5a,0x46,
  0xff,0x5a,0x46,0xff,0x00,0x00,0xff,0x10,0x41,0xff,0x10,0x81,0xff,0x10,0x60,0xff,
  0x10,0x81,0xff,0x10,0x81,0xff,0x10,0x81,0xff,0x10,0x40,0xff,0x10,0x40,0xff,0x08,
  0x40,0xff,0x00,0x20,0xff,0x00,0x00,0xff,0x00,0x00,0xff,0x08,0x20,0xff,0x08,0x20,
  0xff,0x08,0x40,0xff,0x10,0x40,0xff,0x10,0x41,0xff,0x10,0x41,0xff,0x08,0x41,0xff,
  0x10,0x81,0xff,0x10,0x61,0xff,0x4a,0x05,0xff,0x82,0xc6,0xff,0x92,0xe7,0xff,0x8a,
  0xc6,0xff,0x83,0x06,0xff,0x6a,0x25,0xff,0x6a,0x25,0xff,0x51,0xc4,0xff,0x31,0x43,
  0xff,0x08,0x61,0xff,0x00,0x00,0xff,0x00,0x20,0xff,0x00,0x20,0xff,0x08,0x40,0xff,
  0x18,0xc1,0xff,0x18,0xa1,0xff,0x18,0xa1,0xff,0x10,0x61,0xff,0x10,0x61,0xff,0x18,
  0x81,0xff,0x39,0x22,0xff,0x5a,0x04,0xff,0x93,0x67,0xff,0x7a,0xc6,0xff,0x20,0xc2,
  0xff,0x20,0xc2,0xff,0x41,0x62,0xff,0xa3,0x47,0xff,0xcc,0x28,0xff,0x9a,0xc4,0xff,
  0x8a,0x43,0xff,0xb3,0xa7,0xff,0xdd,0x4c,0xff,0xf6,0x6d,0xff,0xd4,0x26,0xff,0xd4,
  0x26,0xff,0x9a,0xc3,0xff,0x82,0xc6,0xff,0xa3,0x68,0xff,0xcc,0x28,0xff,0xe4,0xa8,
  0xff,0xcb,0xe6,0xff,0xb3,0x05,0xff,0xbb,0xa7,0xff,0xcc,0x28,0xff,0xcc,0x28,0xff,
  0xb3,0x25,0xff,0xe5,0x09,0xff,0xd4,0xc9,0xff,0x28,0xc1,0x00,0x18,0xc3,0x00,0x21,
  0x24,0x00,0x18,0xe3,0x00,0x19,0x03,0x00,0x19,0x03,0x00,0x18,0xe3,0x00,0x21,0x03,
  0x00,0x19,0x04,0x00,0x19,0x04,0x00,0x21,0x04,0x00,0x21,0x04,0x00,0x21,0x04,0x00,
  0x21,0x04,0x00,0x19,0x04,0x00,0x19,0x04,0x00,0x21,0x04,0x00,0x19,0x04,0x00,0x19,
  0x04,0x00,0x21,0x04,0x00,0x21,0x04,0x00,0x21,0x04,0x00,0x21,0x04,0x00,0x19,0x04,
  0x00,0x19,0x04,0x00,0x19,0x04,0x00,0x18,0xe4,0x00,0x19,0x04,0x00,0x19,0x04,0x00,
  0x19,0x04,0x00,0x19,0x04,0x00,0x19,0x04,0x00,0x21,0x04,0x00,0x19,0x04,0x00,0x19,
  0x04,0x00,0x19,0x04,0x00,0x19,0x04,0x00,0x21,0x04,0x00,0x19,0x04,0x00,0x18,0xe4,
  0x00,0x18,0xe3,0x00,0x18,0xe3,0x00,0x18,0xe3,0x00,0x18,0xe3,0x00,0x18,0xe3,0x00,
  0x18,0xc3,0x00,0x18,0xc3,0x00,0x10,0xc3,0x00,0x10,0xa3,0x00,0x10,0xc3,0x00,0x18,
  0xc3,0x00,0x18,0xe3,0x00,0x18,0xc3,0x00,0x18,0xc3,0x00,0x18,0xe3,0x00,0x18,0xe3,
  0x00,0x21,0x03,0x00,0x08,0x61,0xff,0x00,0x00,0xff,0x18,0x81,0xff,0x31,0x23,0xff,
  0x20,0xc2,0xff,0x20,0xe2,0xff,0x20,0xe2,0xff,0x18,0xa1,0xff,0x00,0x21,0xff,0x00,
  0x21,0xff,0x08,0x20,0xff,0x69,0xe4,0xff,0xb3,0xc8,0xff,0xa3,0xa7,0xff,0x49,0x83,
  0xff,0x18,0x61,0xff,0x18,0x61,0xff,0x10,0x61,0xff,0x08,0x20,0xff,0x08,0x20,0xff,
  0x10,0x20,0xff,0x18,0x81,0xff,0x18,0x40,0xff,0x5a,0x05,0xff,0xbc,0xac,0xff,0xbc,
  0x6b,0xff,0xbc,0x6b,0xff,0xb4,0x09,0xff,0xc4,0x4a,0xff,0xb3,0xa8,0xff,0xbc,0x29,
  0xff,0xb3,0xc8,0xff,0xbc,0x09,0xff,0xbb,0xe9,0xff,0xb3,0xc8,0xff,0xb3,0xc8,0xff,
  0xb3,0xa8,0xff,0xbb,0xe9,0xff,0xb3,0xe9,0xff,0xab,0x68,0xff,0xb4,0x09,0xff,0xa4,
  0x0a,0xff,0x20,0xa2,0xff,0x7b,0x6b,0xff,0x39,0x63,0xff,0x39,0x63,0xff,0x00,0x00,
  0xff,0x08,0x40,0xff,0x08,0x20,0xff,0x08,0x20,0xff,0x08,0x40,0xff,0x08,0x40,0xff,
  0x08,0x20,0xff,0x08,0x20,0xff,0x08,0x20,0xff,0x10,0x40,0xff,0x18,0xa1,0xff,0x29,
  0x02,0xff,0x39,0x22,0xff,0x41,0x83,0xff,0x41,0x43,0xff,0x41,0x62,0xff,0x39,0x42,
  0xff,0x39,0x22,0xff,0x39,0x22,0xff,0x31,0x02,0xff,0x31,0x22,0xff,0x20,0xc2,0xff,
  0x08,0x61,0xff,0x18,0xa2,0xff,0x7a,0xa6,0xff,0x93,0x27,0xff,0x7a,0x65,0xff,0x7a,
  0x86,0xff,0x7a,0x86,0xff,0x51,0xc4,0xff,0x28,0xe2,0xff,0x08,0x20,0xff,0x00,0x00,
  0xff,0x00,0x20,0xff,0x00,0x00,0xff,0x08,0x20,0xff,0x08,0x20,0xff,0x08,0x40,0xff,
  0x08,0x40,0xff,0x08,0x40,0xff,0x10,0x61,0xff,0x18,0x61,0xff,0x41,0x83,0xff,0x51,
  0xa3,0xff,0x8b,0x07,0xff,0x72,0xa6,0xff,0x18,0x81,0xff,0x18,0x81,0xff,0x41,0x22,
  0xff,0xa3,0x27,0xff,0xab,0x06,0xff,0xb3,0x87,0xff,0xee,0x11,0xff,0xee,0x53,0xff,
  0xe6,0x31,0xff,0xee,0x2f,0xff,0xb3,0x65,0xff,0xb3,0x65,0xff,0x71,0x41,0xff,0xc4,
  0x8d,0xff,0xe5,0xaf,0xff,0xc3,0xc6,0xff,0xc3,0x44,0xff,0xcb,0xa6,0xff,0xcc,0x48,
  0xff,0xbc,0x08,0xff,0xc4,0x28,0xff,0xc4,0x28,0xff,0xab,0x06,0xff,0xbb,0xa6,0xff,
  0x92,0xa4,0xff,0x18,0x61,0x00,0x18,0xe3,0x00,0x18,0xe3,0x00,0x10,0xa2,0x00,0x18,
  0xe3,0x00,0x18,0xe3,0x00,0x31,0x44,0x00,0x41,0x84,0x00,0x20,0xc3,0x00,0x19,0x04,
  0x00,0x21,0x03,0x00,0x21,0x04,0x00,0x19,0x04,0x00,0x19,0x04,0x00,0x19,0x04,0x00,
  0x19,0x04,0x00,0x21,0x04,0x00,0x19,0x04,0x00,0x19,0x04,0x00,0x19,0x04,0x00,0x19,
  0x04,0x00,0x21,0x04,0x00,0x21,0x04,0x00,0x19,0x04,0x00,0x19,0x04,0x00,0x19,0x04,
  0x00,0x18,0xe4,0x00,0x19,0x04,0x00,0x19,0x04,0x00,0x19,0x04,0x00,0x18,0xe4,0x00,
  0x19,0x04,0x00,0x19,0x04,0x00,0x19,0x04,0x00,0x19,0x04,0x00,0x18,0xe4,0x00,0x19,
  0x04,0x00,0x21,0x04,0x00,0x19,0x04,0x00,0x19,0x04,0x00,0x18,0xe4,0x00,0x18,0xe3,
  0x00,0x18,0xe3,0x00,0x18,0xe3,0x00,0x18,0xe3,0x00,0x18,0xe3,0x00,0x18,0xe3,0x00,
  0x18,0xe3,0x00,0x18,0xe3,0x00,0x18,0xe3,0x00,0x18,0xc3,0x00,0x18,0xe3,0x00,0x18,
  0xe3,0x00,0x18,0xe3,0x00,0x18,0xe3,0x00,0x18,0xe3,0x00,0x21,0x03,0x00,0x08,0x81,
  0xff,0x00,0x20,0xff,0x18,0xa2,0xff,0x31,0x43,0xff,0x28,0xe2,0xff,0x29,0x02,0xff,
  0x29,0x02,0xff,0x20,0xe2,0xff,0x08,0x61,0xff,0x00,0x21,0xff,0x18,0x61,0xff,0x6a,
  0x24,0xff,0xbc,0x49,0xff,0xbc,0x6a,0xff,0x5a,0x04,0xff,0x18,0x61,0xff,0x18,0x61,
  0xff,0x18,0x81,0xff,0x18,0xa1,0xff,0x20,0xa1,0xff,0x20,0xc2,0xff,0x29,0x02,0xff,
  0x20,0xc1,0xff,0x28,0xe2,0xff,0x39,0x02,0xff,0x39,0x22,0xff,0x39,0x22,0xff,0x51,
  0xa3,0xff,0xab,0xca,0xff,0xbc,0x2a,0xff,0xbc,0x29,0xff,0xb3,0xe9,0xff,0xbc,0x09,
  0xff,0xbc,0x09,0xff,0xbc,0x29,0xff,0xbc,0x29,0xff,0xbb,0xe8,0xff,0xbb,0xe9,0xff,
  0xb3,0xc9,0xff,0xab,0xc8,0xff,0xbc,0x6a,0xff,0xa4,0x0a,0xff,0x18,0x81,0xff,0x18,
  0x81,0xff,0x08,0x20,0xff,0x08,0x20,0xff,0x00,0x00,0xff,0x08,0x40,0xff,0x10,0x60,
  0xff,0x18,0x80,0xff,0x20,0xc1,0xff,0x28,0xc1,0xff,0x28,0xe1,0xff,0x28,0xa1,0xff,
  0x28,0xa1,0xff,0x30,0xc1,0xff,0x62,0x24,0xff,0x8b,0x26,0xff,0x82,0xa5,0xff,0x8a,
  0xc5,0xff,0x93,0x06,0xff,0x93,0x26,0xff,0x93,0x06,0xff,0x93,0x06,0xff,0x93,0x06,
  0xff,0x93,0x06,0xff,0x8b,0x27,0xff,0x5a,0x05,0xff,0x10,0x61,0xff,0x00,0x20,0xff,
  0x62,0x05,0xff,0xa3,0x88,0xff,0x82,0xa6,0xff,0x82,0xc6,0xff,0x82,0xc6,0xff,0x62,
  0x25,0xff,0x31,0x23,0xff,0x18,0xa1,0xff,0x08,0x20,0xff,0x00,0x00,0xff,0x00,0x00,
  0xff,0x08,0x40,0xff,0x00,0x00,0xff,0x08,0x40,0xff,0x08,0x40,0xff,0x08,0x40,0xff,
  0x20,0xc2,0xff,0x28,0xe2,0xff,0x41,0xa3,0xff,0x5a,0x04,0xff,0x8b,0x47,0xff,0x5a,
  0x45,0xff,0x18,0xa1,0xff,0x18,0xa1,0xff,0x49,0x63,0xff,0xc4,0x28,0xff,0xcc,0x28,
  0xff,0xd4,0xec,0xff,0xff,0xb8,0xff,0xff,0x78,0xff,0xee,0xd5,0xff,0xee,0x71,0xff,
  0x9a,0xc5,0xff,0x9a,0xc5,0xff,0x71,0xa2,0xff,0xde,0x13,0xff,0xf6,0xb2,0xff,0xcc,
  0x47,0xff,0xc3,0x86,0xff,0xcc,0x08,0xff,0xc4,0x49,0xff,0xab,0xc8,0xff,0xbc,0x49,
  0xff,0xbc,0x49,0xff,0xb3,0xe8,0xff,0x79,0xe3,0xff,0x7a,0x04,0xff,0x28,0xa2,0x00,
  0x10,0xa2,0x00,0x18,0xa2,0x00,0x39,0x22,0x00,0x39,0x63,0x00,0x39,0x63,0x00,0x30,
  0xe2,0x00,0x49,0x43,0x00,0x20,0xe3,0x00,0x19,0x04,0x00,0x21,0x04,0x00,0x21,0x04,
  0x00,0x19,0x04,0x00,0x19,0x04,0x00,0x21,0x04,0x00,0x21,0x04,0x00,0x21,0x04,0x00,
  0x21,0x04,0x00,0x19,0x04,0x00,0x19,0x04,0x00,0x19,0x04,0x00,0x19,0x04,0x00,0x19,
  0x04,0x00,0x19,0x04,0x00,0x19,0x04,0x00,0x19,0x04,0x00,0x18,0xe4,0x00,0x19,0x04,
  0x00,0x21,0x04,0x00,0x19,0x04,0x00,0x19,0x04,0x00,0x19,0x04,0x00,0x19,0x04,0x00,
  0x19,0x04,0x00,0x19,0x04,0x00,0x18,0xe4,0x00,0x19,0x04,0x00,0x19,0x04,0x00,0x19,
  0x04,0x00,0x18,0xe4,0x00,0x19,0x04,0x00,0x19,0x04,0x00,0x18,0xe3,0x00,0x18,0xe3,
  0x00,0x18,0xe3,0x00,0x18,0xe3,0x00,0x18,0xe3,0x00,0x18,0xe3,0x00,0x18,0xe3,0x00,
  0x18,0xe3,0x00,0x18,0xe3,0x00,0x18,0xe3,0x00,0x18,0xe3,0x00,0x18,0xe3,0x00,0x18,
  0xe3,0x00,0x18,0xc3,0x00,0x18,0xc3,0x00,0x00,0x41,0xff,0x00,0x00,0xff,0x10,0x61,
  0xff,0x20,0xc2,0xff,0x28,0xe2,0xff,0x29,0x02,0xff,0x29,0x02,0xff,0x18,0x81,0xff,
  0x08,0x21,0xff,0x08,0x20,0xff,0x51,0xc4,0xff,0x7a,0x85,0xff,0x59,0xe3,0xff,0x51,
  0xe4,0xff,0x31,0x02,0xff,0x20,0x81,0xff,0x20,0x81,0xff,0x20,0xc2,0xff,0x20,0xc1,
  0xff,0x20,0xa1,0xff,0x18,0x61,0xff,0x18,0x61,0xff,0x18,0x61,0xff,0x18,0x61,0xff,
  0x10,0x41,0xff,0x10,0x41,0xff,0x10,0x41,0xff,0x10,0x40,0xff,0x72,0x87,0xff,0xbc,
  0x6b,0xff,0xab,0xc8,0xff,0xab,0xc8,0xff,0xb4,0x09,0xff,0xb3,0xe9,0xff,0xc4,0x6a,
  0xff,0xc4,0x6a,0xff,0xbc,0x49,0xff,0xbb,0xe9,0xff,0xbc,0x09,0xff,0xb3,0xe9,0xff,
  0xb3,0xe9,0xff,0xa3,0xc9,0xff,0x49,0x83,0xff,0x18,0x60,0xff,0x20,0xa1,0xff,0x20,
  0xa1,0xff,0x28,0xe1,0xff,0x30,0xe1,0xff,0x49,0x83,0xff,0x51,0xa3,0xff,0x59,0xc3,
  0xff,0x59,0xa3,0xff,0x61,0xe3,0xff,0x61,0xe3,0xff,0x61,0xe3,0xff,0x61,0xe3,0xff,
  0x6a,0x04,0xff,0x7a,0x85,0xff,0x92,0xe5,0xff,0x92,0xe5,0xff,0x8a,0x85,0xff,0x92,
  0xc5,0xff,0x8a,0xa5,0xff,0x92,0xe5,0xff,0x92,0xe5,0xff,0x92,0xe6,0xff,0x92,0xc5,
  0xff,0x92,0xe6,0xff,0x6a,0x25,0xff,0x49,0x83,0xff,0x7a,0xa6,0xff,0x93,0x07,0xff,
  0x8a,0xa5,0xff,0x8a,0xc6,0xff,0x8a,0xc6,0xff,0x59,0xe5,0xff,0x39,0x23,0xff,0x49,
  0xc4,0xff,0x31,0x23,0xff,0x00,0x00,0xff,0x00,0x00,0xff,0x00,0x00,0xff,0x00,0x20,
  0xff,0x00,0x20,0xff,0x00,0x20,0xff,0x08,0x20,0xff,0x39,0x63,0xff,0x39,0x43,0xff,
  0x39,0x43,0xff,0x5a,0x24,0xff,0x9b,0x88,0xff,0x49,0xa4,0xff,0x20,0xc2,0xff,0x20,
  0xc2,0xff,0x49,0x42,0xff,0xc4,0x08,0xff,0xd4,0x49,0xff,0xe5,0x8f,0xff,0xf6,0xf6,
  0xff,0xde,0x15,0xff,0xef,0x17,0xff,0xe6,0x73,0xff,0x82,0x24,0xff,0x82,0x24,0xff,
  0x61,0x22,0xff,0xd5,0xd3,0xff,0xd5,0x8f,0xff,0xab,0x45,0xff,0xbb,0x86,0xff,0xc3,
  0xe8,0xff,0xab,0x88,0xff,0x92,0xe8,0xff,0xa3,0x68,0xff,0xa3,0x68,0xff,0xa3,0x67,
  0xff,0x82,0x44,0xff,0x92,0xe5,0xff,0x20,0xe2,0x00,0x08,0x61,0x00,0x10,0x61,0x00,
  0x51,0xa3,0x00,0x59,0xa3,0x00,0x59,0xa3,0x00,0x51,0x62,0x00,0x41,0x22,0x00,0x20,
  0xc3,0x00,0x19,0x04,0x00,0x19,0x03,0x00,0x19,0x04,0x00,0x19,0x03,0x00,0x19,0x04,
  0x00,0x19,0x04,0x00,0x19,0x04,0x00,0x21,0x04,0x00,0x21,0x04,0x00,0x19,0x04,0x00,
  0x19,0x04,0x00,0x21,0x04,0x00,0x19,0x04,0x00,0x19,0x04,0x00,0x19,0x04,0x00,0x18,
  0xe4,0x00,0x18,0xe4,0x00,0x18,0xe4,0x00,0x19,0x04,0x00,0x21,0x04,0x00,0x19,0x04,
  0x00,0x19,0x04,0x00,0x19,0x04,0x00,0x21,0x04,0x00,0x19,0x04,0x00,0x19,0x04,0x00,
  0x18,0xe4,0x00,0x19,0x04,0x00,0x19,0x04,0x00,0x19,0x04,0x00,0x19,0x04,0x00,0x19,
  0x04,0x00,0x19,0x04,0x00,0x19,0x04,0x00,0x18,0xe4,0x00,0x18,0xe4,0x00,0x18,0xe3,
  0x00,0x18,0xe3,0x00,0x18,0xe3,0x00,0x18,0xe3,0x00,0x18,0xe3,0x00,0x18,0xe3,0x00,
  0x18,0xe3,0x00,0x18,0xe3,0x00,0x18,0xe3,0x00,0x18,0xe3,0x00,0x18,0xc3,0x00,0x10,
  0xa3,0x00,0x08,0x40,0xff,0x41,0x83,0xff,0x18,0x81,0xff,0x18,0x82,0xff,0x28,0xe2,
  0xff,0x29,0x02,0xff,0x29,0x02,0xff,0x18,0x81,0xff,0x00,0x20,0xff,0x00,0x20,0xff,
  0x8a,0xe6,0xff,0x9b,0xa8,0xff,0x18,0x61,0xff,0x08,0x20,0xff,0x10,0x61,0xff,0x10,
  0x61,0xff,0x10,0x61,0xff,0x10,0x81,0xff,0x10,0x61,0xff,0x10,0x61,0xff,0x10,0x61,
  0xff,0x10,0x61,0xff,0x10,0x61,0xff,0x10,0x81,0xff,0x10,0x61,0xff,0x18,0x81,0xff,
  0x18,0x81,0xff,0x10,0x61,0xff,0x39,0x43,0xff,0x9b,0x89,0xff,0xb3,0xc9,0xff,0xb3,
  0xe9,0xff,0xbc,0x4a,0xff,0xbc,0x4a,0xff,0xbc,0x2a,0xff,0xbc,0x2a,0xff,0xa3,0xa8,
  0xff,0xa3,0x68,0xff,0xbc,0x09,0xff,0xbc,0x29,0xff,0xab,0xa8,0xff,0xab,0xc8,0xff,
  0x8b,0x27,0xff,0x62,0x25,0xff,0x51,0xe4,0xff,0x51,0xe4,0xff,0x51,0xc3,0xff,0x51,
  0x83,0xff,0x59,0xc3,0xff,0x61,0xc3,0xff,0x72,0x24,0xff,0x72,0x03,0xff,0x72,0x04,
  0xff,0x69,0xe3,0xff,0x69,0xe3,0xff,0x72,0x24,0xff,0x61,0xc4,0xff,0x6a,0x25,0xff,
  0x72,0x25,0xff,0x82,0x65,0xff,0x92,0xe6,0xff,0x9b,0x06,0xff,0x9b,0x26,0xff,0x9b,
  0x47,0xff,0x9b,0x47,0xff,0x92,0xa5,0xff,0x92,0xc6,0xff,0x92,0xe6,0xff,0x9b,0x06,
  0xff,0x9b,0x27,0xff,0x93,0x27,0xff,0x8a,0xc6,0xff,0x93,0x26,0xff,0x93,0x06,0xff,
  0x93,0x06,0xff,0x6a,0x46,0xff,0x49,0x84,0xff,0x6a,0x86,0xff,0x49,0xa4,0xff,0x00,
  0x00,0xff,0x00,0x00,0xff,0x00,0x00,0xff,0x00,0x00,0xff,0x00,0x20,0xff,0x00,0x20,
  0xff,0x18,0x61,0xff,0x49,0xc4,0xff,0x49,0xa4,0xff,0x39,0x43,0xff,0x62,0x44,0xff,
  0xa3,0xc8,0xff,0x39,0x43,0xff,0x29,0x02,0xff,0x29,0x02,0xff,0x51,0x63,0xff,0xd4,
  0xaa,0xff,0xe4,0xca,0xff,0xe5,0x8e,0xff,0xf7,0x15,0xff,0xe6,0x34,0xff,0xff,0x97,
  0xff,0xf6,0xf3,0xff,0x9a,0xe5,0xff,0x9a,0xe5,0xff,0x69,0x83,0xff,0xe6,0x12,0xff,
  0xe5,0xae,0xff,0x9a,0xc4,0xff,0xab,0x26,0xff,0xc4,0x08,0xff,0xab,0xa8,0xff,0x93,
  0x27,0xff,0x9b,0x68,0xff,0x9b,0x68,0xff,0x7a,0x86,0xff,0x72,0x44,0xff,0x82,0x85,
  0xff,0x18,0xc2,0x00,0x08,0x82,0x00,0x10,0xa2,0x00,0x28,0xe2,0x00,0x39,0x22,0x00,
  0x39,0x22,0x00,0x7a,0xc6,0x00,0x6a,0x24,0x00,0x18,0xc2,0x00,0x19,0x04,0x00,0x19,
  0x04,0x00,0x19,0x04,0x00,0x19,0x03,0x00,0x19,0x04,0x00,0x21,0x04,0x00,0x21,0x04,
  0x00,0x21,0x04,0x00,0x21,0x04,0x00,0x19,0x04,0x00,0x21,0x04,0x00,0x21,0x04,0x00,
  0x19,0x04,0x00,0x19,0x04,0x00,0x18,0xe4,0x00,0x18,0xe4,0x00,0x18,0xe4,0x00,0x18,
  0xe4,0x00,0x19,0x04,0x00,0x21,0x04,0x00,0x21,0x04,0x00,0x19,0x04,0x00,0x21,0x04,
  0x00,0x19,0x04,0x00,0x19,0x04,0x00,0x19,0x04,0x00,0x18,0xe4,0x00,0x18,0xe4,0x00,
  0x19,0x04,0x00,0x19,0x04,0x00,0x19,0x04,0x00,0x21,0x04,0x00,0x21,0x04,0x00,0x19,
  0x04,0x00,0x19,0x04,0x00,0x19,0x04,0x00,0x19,0x04,0x00,0x19,0x03,0x00,0x19,0x03,
  0x00,0x18,0xe3,0x00,0x18,0xe3,0x00,0x18,0xe3,0x00,0x18,0xe3,0x00,0x18,0xe3,0x00,
  0x18,0xe3,0x00,0x18,0xc3,0x00,0x18,0xc3,0x00,0x00,0x41,0xff,0x29,0x02,0xff,0xb4,
  0x2a,0xff,0x10,0x40,0xff,0x08,0x21,0xff,0x18,0x81,0xff,0x18,0x81,0xff,0x18,0x81,
  0xff,0x08,0x20,0xff,0x00,0x00,0xff,0x00,0x00,0xff,0x6a,0x65,0xff,0x9b,0x88,0xff,
  0x18,0x81,0xff,0x08,0x41,0xff,0x10,0x81,0xff,0x10,0x41,0xff,0x10,0x41,0xff,0x10,
  0x61,0xff,0x10,0x60,0xff,0x10,0x40,0xff,0x08,0x20,0xff,0x08,0x40,0xff,0x08,0x20,
  0xff,0x08,0x40,0xff,0x08,0x00,0xff,0x08,0x20,0xff,0x08,0x20,0xff,0x08,0x20,0xff,
  0x00,0x00,0xff,0x59,0xc4,0xff,0xb4,0x2a,0xff,0xa3,0x88,0xff,0xab,0xe9,0xff,0xbc,
  0x6a,0xff,0x93,0x27,0xff,0x93,0x27,0xff,0x82,0xa5,0xff,0x9b,0x47,0xff,0xa3,0x88,
  0xff,0xab,0xc8,0xff,0x9b,0x27,0xff,0x9b,0x47,0xff,0x93,0x67,0xff,0x82,0xe6,0xff,
  0x61,0xe3,0xff,0x61,0xe3,0xff,0x59,0xc3,0xff,0x59,0xc3,0xff,0x59,0xa3,0xff,0x59,
  0x83,0xff,0x61,0xe4,0xff,0x72,0x04,0xff,0x82,0x64,0xff,0x8a,0x63,0xff,0x8a,0x63,
  0xff,0x92,0xa3,0xff,0x8a,0x83,0xff,0x92,0x83,0xff,0x8a,0x63,0xff,0x9a,0xe4,0xff,
  0x92,0x63,0xff,0x92,0xa4,0xff,0x8a,0xa5,0xff,0x92,0xe6,0xff,0x92,0xe6,0xff,0x9b,
  0x26,0xff,0x9b,0x06,0xff,0x92,0xa5,0xff,0x9b,0x06,0xff,0x9b,0x06,0xff,0x9b,0x26,
  0xff,0x92,0xe6,0xff,0x92,0xe6,0xff,0x9b,0x26,0xff,0x9b,0x26,0xff,0x82,0xe7,0xff,
  0x51,0xa4,0xff,0x5a,0x04,0xff,0x31,0x02,0xff,0x00,0x00,0xff,0x00,0x00,0xff,0x00,
  0x20,0xff,0x00,0x00,0xff,0x00,0x00,0xff,0x00,0x00,0xff,0x28,0xe2,0xff,0x51,0xc4,
  0xff,0x41,0x63,0xff,0x41,0x63,0xff,0x62,0x24,0xff,0x9b,0xa8,0xff,0x28,0xc2,0xff,
  0x20,0xc2,0xff,0x20,0xc2,0xff,0x59,0xa3,0xff,0xbc,0x08,0xff,0xdc,0xaa,0xff,0xdd,
  0x2e,0xff,0xee,0x73,0xff,0xf6,0x72,0xff,0xf6,0x50,0xff,0xf6,0x2d,0xff,0xb3,0x25,
  0xff,0xb3,0x25,0xff,0x69,0x82,0xff,0xc4,0x8b,0xff,0xe4,0xea,0xff,0xab,0x25,0xff,
  0xab,0x26,0xff,0xa3,0x27,0xff,0x93,0x07,0xff,0x9b,0x87,0xff,0x93,0x68,0xff,0x93,
  0x68,0xff,0x6a,0x26,0xff,0x72,0x45,0xff,0x62,0x05,0xff,0x10,0x61,0xff,0x08,0x82,
  0x00,0x18,0xe3,0x00,0x18,0xe3,0x00,0x19,0x04,0x00,0x19,0x04,0x00,0x29,0x44,0x00,
  0x31,0x43,0x00,0x20,0xe4,0x00,0x21,0x04,0x00,0x19,0x03,0x00,0x19,0x04,0x00,0x19,
  0x03,0x00,0x19,0x04,0x00,0x21,0x04,0x00,0x21,0x04,0x00,0x21,0x04,0x00,0x21,0x04,
  0x00,0x19,0x04,0x00,0x21,0x04,0x00,0x21,0x04,0x00,0x21,0x04,0x00,0x19,0x04,0x00,
  0x19,0x04,0x00,0x19,0x04,0x00,0x19,0x04,0x00,0x19,0x04,0x00,0x19,0x04,0x00,0x21,
  0x04,0x00,0x21,0x04,0x00,0x21,0x04,0x00,0x19,0x04,0x00,0x19,0x04,0x00,0x19,0x04,
  0x00,0x19,0x04,0x00,0x18,0xe4,0x00,0x18,0xe4,0x00,0x18,0xe4,0x00,0x19,0x04,0x00,
  0x19,0x04,0x00,0x19,0x04,0x00,0x21,0x04,0x00,0x21,0x04,0x00,0x21,0x04,0x00,0x21,
  0x04,0x00,0x21,0x04,0x00,0x21,0x04,0x00,0x21,0x04,0x00,0x21,0x03,0x00,0x21,0x04,
  0x00,0x21,0x04,0x00,0x21,0x04,0x00,0x18,0xe3,0x00,0x18,0xe3,0x00,0x18,0xc3,0x00,
  0x18,0xc3,0x00,0x00,0x41,0xff,0x41,0xa4,0xff,0x9b,0xa8,0xff,0x08,0x40,0xff,0x10,
  0x61,0xff,0x10,0x61,0xff,0x08,0x40,0xff,0x08,0x40,0xff,0x00,0x20,0xff,0x00,0x20,
  0xff,0x00,0x00,0xff,0x18,0xa1,0xff,0x39,0x22,0xff,0x08,0x40,0xff,0x08,0x41,0xff,
  0x18,0xc2,0xff,0x28,0xe2,0xff,0x28,0xe2,0xff,0x39,0x22,0xff,0x39,0x22,0xff,0x39,
  0x42,0xff,0x39,0x02,0xff,0x31,0x02,0xff,0x28,0xe1,0xff,0x28,0xe2,0xff,0x28,0xa1,
  0xff,0x20,0xa1,0xff,0x20,0xa1,0xff,0x10,0x61,0xff,0x08,0x00,0xff,0x41,0x43,0xff,
  0xab,0xe9,0xff,0xab,0xc9,0xff,0xab,0xe9,0xff,0xb4,0x09,0xff,0x93,0x06,0xff,0x93,
  0x06,0xff,0x8b,0x07,0xff,0xbc,0x6a,0xff,0xa3,0x68,0xff,0xb4,0x09,0xff,0xb3,0xe9,
  0xff,0xac,0x09,0xff,0x9b,0xa8,0xff,0x8b,0x26,0xff,0x62,0x04,0xff,0x62,0x04,0xff,
  0x61,0xe3,0xff,0x62,0x03,0xff,0x61,0xe3,0xff,0x61,0xe3,0xff,0x61,0xc4,0xff,0x7a,
  0x23,0xff,0xbb,0x63,0xff,0xe4,0x42,0xff,0xe4,0x42,0xff,0xec,0xa3,0xff,0xe4,0x42,
  0xff,0xec,0x82,0xff,0xec,0xa3,0xff,0xec,0xe4,0xff,0xec,0x84,0xff,0xec,0xa6,0xff,
  0xc3,0xe5,0xff,0xa3,0x05,0xff,0xa3,0x05,0xff,0x8a,0x85,0xff,0x92,0xe6,0xff,0x9b,
  0x06,0xff,0xa3,0x47,0xff,0x92,0xe6,0xff,0xa3,0x67,0xff,0x9b,0x06,0xff,0x92,0xa5,
  0xff,0xbc,0x29,0xff,0xbc,0x29,0xff,0xa3,0xc8,0xff,0x6a,0x45,0xff,0x59,0xe4,0xff,
  0x28,0xc2,0xff,0x00,0x00,0xff,0x00,0x00,0xff,0x00,0x00,0xff,0x00,0x00,0xff,0x00,
  0x00,0xff,0x00,0x00,0xff,0x29,0x02,0xff,0x62,0x26,0xff,0x41,0x64,0xff,0x39,0x63,
  0xff,0x6a,0x65,0xff,0x83,0x28,0xff,0x20,0xc2,0xff,0x20,0xa1,0xff,0x20,0xa1,0xff,
  0x51,0xa3,0xff,0xab,0x66,0xff,0xd4,0x48,0xff,0xf6,0x72,0xff,0xf6,0xd5,0xff,0xe5,
  0xf1,0xff,0x9b,0x25,0xff,0xa3,0x66,0xff,0xbb,0x86,0xff,0xbb,0x86,0xff,0x8a,0x65,
  0xff,0x8a,0x85,0xff,0xbb,0x66,0xff,0xc3,0xe6,0xff,0xbb,0xc7,0xff,0x9a,0xe6,0xff,
  0x93,0x27,0xff,0x8a,0xe7,0xff,0x82,0xc7,0xff,0x82,0xc7,0xff,0x72,0x86,0xff,0x72,
  0x85,0xff,0x62,0x25,0xff,0x10,0x61,0xff,0x10,0x82,0x00,0x19,0x03,0x00,0x21,0x04,
  0x00,0x21,0x24,0x00,0x21,0x24,0x00,0x19,0x04,0x00,0x19,0x04,0x00,0x19,0x04,0x00,
  0x21,0x04,0x00,0x19,0x03,0x00,0x19,0x04,0x00,0x19,0x04,0x00,0x19,0x04,0x00,0x19,
  0x04,0x00,0x19,0x04,0x00,0x21,0x04,0x00,0x19,0x04,0x00,0x19,0x04,0x00,0x19,0x04,
  0x00,0x21,0x04,0x00,0x21,0x04,0x00,0x19,0x04,0x00,0x19,0x04,0x00,0x19,0x04,0x00,
  0x19,0x04,0x00,0x19,0x04,0x00,0x19,0x04,0x00,0x21,0x04,0x00,0x21,0x04,0x00,0x21,
  0x04,0x00,0x19,0x04,0x00,0x19,0x04,0x00,0x19,0x04,0x00,0x19,0x04,0x00,0x18,0xe4,
  0x00,0x18,0xe4,0x00,0x18,0xe4,0x00,0x19,0x04,0x00,0x19,0x04,0x00,0x19,0x04,0x00,
  0x21,0x04,0x00,0x21,0x04,0x00,0x21,0x04,0x00,0x21,0x04,0x00,0x21,0x04,0x00,0x21,
  0x04,0x00,0x21,0x04,0x00,0x21,0x03,0x00,0x21,0x04,0x00,0x21,0x04,0x00,0x21,0x04,
  0x00,0x18,0xe3,0x00,0x18,0xe3,0x00,0x18,0xc3,0x00,0x18,0xc3,0x00,0x00,0x41,0xff,
  0x41,0xa4,0xff,0x9b,0xa8,0xff,0x08,0x40,0xff,0x10,0x61,0xff,0x10,0x61,0xff,0x08,
  0x40,0xff,0x08,0x40,0xff,0x00,0x20,0xff,0x00,0x20,0xff,0x00,0x00,0xff,0x18,0xa1,
  0xff,0x39,0x22,0xff,0x08,0x40,0xff,0x08,0x41,0xff,0x18,0xc2,0xff,0x28,0xe2,0xff,
  0x28,0xe2,0xff,0x39,0x22,0xff,0x39,0x22,0xff,0x39,0x42,0xff,0x39,0x02,0xff,0x31,
  0x02,0xff,0x28,0xe1,0xff,0x28,0xe2,0xff,0x28,0xa1,0xff,0x20,0xa1,0xff,0x20,0xa1,
  0xff,0x10,0x61,0xff,0x08,0x00,0xff,0x41,0x43,0xff,0xab,0xe9,0xff,0xab,0xc9,0xff,
  0xab,0xe9,0xff,0xb4,0x09,0xff,0x93,0x06,0xff,0x93,0x06,0xff,0x8b,0x07,0xff,0xbc,
  0x6a,0xff,0xa3,0x68,0xff,0xb4,0x09,0xff,0xb3,0xe9,0xff,0xac,0x09,0xff,0x9b,0xa8,
  0xff,0x8b,0x26,0xff,0x62,0x04,0xff,0x62,0x04,0xff,0x61,0xe3,0xff,0x62,0x03,0xff,
  0x61,0xe3,0xff,0x61,0xe3,0xff,0x61,0xc4,0xff,0x7a,0x23,0xff,0xbb,0x63,0xff,0xe4,
  0x42,0xff,0xe4,0x42,0xff,0xec,0xa3,0xff,0xe4,0x42,0xff,0xec,0x82,0xff,0xec,0xa3,
  0xff,0xec,0xe4,0xff,0xec,0x84,0xff,0xec,0xa6,0xff,0xc3,0xe5,0xff,0xa3,0x05,0xff,
  0xa3,0x05,0xff,0x8a,0x85,0xff,0x92,0xe6,0xff,0x9b,0x06,0xff,0xa3,0x47,0xff,0x92,
  0xe6,0xff,0xa3,0x67,0xff,0x9b,0x06,0xff,0x92,0xa5,0xff,0xbc,0x29,0xff,0xbc,0x29,
  0xff,0xa3,0xc8,0xff,0x6a,0x45,0xff,0x59,0xe4,0xff,0x28,0xc2,0xff,0x00,0x00,0xff,
  0x00,0x00,0xff,0x00,0x00,0xff,0x00,0x00,0xff,0x00,0x00,0xff,0x00,0x00,0xff,0x29,
  0x02,0xff,0x62,0x26,0xff,0x41,0x64,0xff,0x39,0x63,0xff,0x6a,0x65,0xff,0x83,0x28,
  0xff,0x20,0xc2,0xff,0x20,0xa1,0xff,0x20,0xa1,0xff,0x51,0xa3,0xff,0xab,0x66,0xff,
  0xd4,0x48,0xff,0xf6,0x72,0xff,0xf6,0xd5,0xff,0xe5,0xf1,0xff,0x9b,0x25,0xff,0xa3,
  0x66,0xff,0xbb,0x86,0xff,0xbb,0x86,0xff,0x8a,0x65,0xff,0x8a,0x85,0xff,0xbb,0x66,
  0xff,0xc3,0xe6,0xff,0xbb,0xc7,0xff,0x9a,0xe6,0xff,0x93,0x27,0xff,0x8a,0xe7,0xff,
  0x82,0xc7,0xff,0x82,0xc7,0xff,0x72,0x86,0xff,0x72,0x85,0xff,0x62,0x25,0xff,0x10,
  0x61,0xff,0x10,0x82,0x00,0x19,0x03,0x00,0x21,0x04,0x00,0x21,0x24,0x00,0x21,0x24,
  0x00,0x19,0x04,0x00,0x19,0x04,0x00,0x19,0x04,0x00,0x21,0x04,0x00,0x19,0x03,0x00,
  0x19,0x04,0x00,0x19,0x04,0x00,0x19,0x04,0x00,0x19,0x04,0x00,0x19,0x04,0x00,0x21,
  0x04,0x00,0x19,0x04,0x00,0x19,0x04,0x00,0x19,0x04,0x00,0x21,0x04,0x00,0x21,0x04,
  0x00,0x19,0x04,0x00,0x19,0x04,0x00,0x19,0x04,0x00,0x19,0x04,0x00,0x19,0x04,0x00,
  0x19,0x04,0x00,0x21,0x04,0x00,0x21,0x04,0x00,0x21,0x04,0x00,0x19,0x04,0x00,0x19,
  0x04,0x00,0x19,0x04,0x00,0x19,0x04,0x00,0x18,0xe4,0x00,0x18,0xe4,0x00,0x18,0xe4,
  0x00,0x19,0x04,0x00,0x19,0x04,0x00,0x19,0x04,0x00,0x19,0x04,0x00,0x21,0x04,0x00,
  0x21,0x04,0x00,0x21,0x04,0x00,0x21,0x04,0x00,0x21,0x04,0x00,0x19,0x03,0x00,0x18,
  0xe3,0x00,0x18,0xe3,0x00,0x18,0xe3,0x00,0x21,0x03,0x00,0x18,0xc3,0x00,0x18,0xc3,
  0x00,0x18,0xc3,0x00,0x10,0xa2,0x00,0x00,0x21,0xff,0x28,0xc2,0xff,0x51,0x83,0xff,
  0x08,0x21,0xff,0x10,0x61,0xff,0x08,0x40,0xff,0x00,0x00,0xff,0x00,0x00,0xff,0x00,
  0x00,0xff,0x00,0x00,0xff,0x00,0x00,0xff,0x00,0x00,0xff,0x08,0x20,0xff,0x08,0x41,
  0xff,0x10,0x61,0xff,0x39,0x43,0xff,0x62,0x46,0xff,0x62,0x46,0xff,0x82,0xc5,0xff,
  0x82,0xa5,0xff,0x8a,0xc6,0xff,0x82,0xa5,0xff,0x82,0xc6,0xff,0x7a,0xa6,0xff,0x7a,
  0x85,0xff,0x69,0xe4,0xff,0x51,0xc4,0xff,0x51,0xc4,0xff,0x31,0x02,0xff,0x39,0x23,
  0xff,0x6a,0x46,0xff,0xac,0x2a,0xff,0xb4,0x09,0xff,0xbc,0x4a,0xff,0xab,0xc9,0xff,
  0xac,0x09,0xff,0xac,0x09,0xff,0xa3,0xa8,0xff,0xab,0xa8,0xff,0xa3,0x68,0xff,0xab,
  0xc9,0xff,0xa3,0xa8,0xff,0xa3,0xc8,0xff,0x93,0x27,0xff,0x7a,0x85,0xff,0x61,0xe4,
  0xff,0x61,0xe4,0xff,0x61,0xe3,0xff,0x59,0xa3,0xff,0x6a,0x04,0xff,0x71,0xe3,0xff,
  0x71,0xc2,0xff,0xb3,0x03,0xff,0xec,0x42,0xff,0xec,0x81,0xff,0xec,0x81,0xff,0xf4,
  0xa1,0xff,0xf4,0xe2,0xff,0xfd,0x22,0xff,0xf4,0xc1,0xff,0xf5,0x02,0xff,0xfd,0x63,
  0xff,0xfd,0xa4,0xff,0xf5,0x25,0xff,0xbb,0x44,0xff,0xbb,0x44,0xff,0x92,0x64,0xff,
  0x9a,0xe6,0xff,0x9a,0xe6,0xff,0xa3,0x26,0xff,0x9b,0x26,0xff,0x9b,0x27,0xff,0x92,
  0xe6,0xff,0x9b,0x07,0xff,0xbb,0xe9,0xff,0xbb,0xe9,0xff,0xab,0x89,0xff,0x6a,0x04,
  0xff,0x59,0x83,0xff,0x49,0x63,0xff,0x08,0x20,0xff,0x00,0x00,0xff,0x00,0x20,0xff,
  0x00,0x00,0xff,0x00,0x00,0xff,0x00,0x00,0xff,0x20,0xc2,0xff,0x51,0xc5,0xff,0x41,
  0x43,0xff,0x31,0x02,0xff,0x72,0xa6,0xff,0x5a,0x25,0xff,0x10,0x81,0xff,0x20,0x81,
  0xff,0x20,0x81,0xff,0x49,0x63,0xff,0x72,0x03,0xff,0xb3,0x67,0xff,0xee,0x32,0xff,
  0xff,0x37,0xff,0xdd,0xd1,0xff,0x61,0x83,0xff,0x72,0x04,0xff,0xcb,0xe7,0xff,0xcb,
  0xe7,0xff,0xb3,0x47,0xff,0x82,0x05,0xff,0x9b,0x06,0xff,0xab,0x46,0xff,0xab,0x47,
  0xff,0xa3,0x47,0xff,0x9b,0x47,0xff,0x8a,0xe6,0xff,0x8b,0x07,0xff,0x8b,0x07,0xff,
  0x72,0x65,0xff,0x59,0xc4,0xff,0x5a,0x05,0xff,0x08,0x41,0xff,0x08,0x62,0xff,0x18,
  0xe4,0x00,0x21,0x24,0x00,0x21,0x24,0x00,0x21,0x24,0x00,0x21,0x24,0x00,0x21,0x24,
  0x00,0x21,0x04,0x00,0x21,0x04,0x00,0x19,0x04,0x00,0x19,0x04,0x00,0x18,0xe4,0x00,
  0x19,0x04,0x00,0x21,0x04,0x00,0x21,0x04,0x00,0x21,0x04,0x00,0x19,0x04,0x00,0x21,
  0x04,0x00,0x21,0x04,0x00,0x21,0x04,0x00,0x21,0x04,0x00,0x19,0x04,0x00,0x21,0x04,
  0x00,0x21,0x04,0x00,0x21,0x04,0x00,0x19,0x04,0x00,0x21,0x04,0x00,0x19,0x04,0x00,
  0x21,0x04,0x00,0x19,0x04,0x00,0x19,0x04,0x00,0x19,0x04,0x00,0x18,0xe4,0x00,0x18,
  0xe4,0x00,0x18,0xe4,0x00,0x19,0x04,0x00,0x18,0xe4,0x00,0x18,0xe4,0x00,0x19,0x04,
  0x00,0x19,0x04,0x00,0x19,0x04,0x00,0x21,0x04,0x00,0x21,0x04,0x00,0x21,0x04,0x00,
  0x19,0x04,0x00,0x19,0x04,0x00,0x21,0x03,0x00,0x41,0x43,0x00,0x49,0x84,0x00,0x31,
  0x44,0x00,0x19,0x03,0x00,0x19,0x03,0x00,0x19,0x03,0x00,0x18,0xe3,0x00,0x10,0x82,
  0x00,0x20,0xc2,0x00,0x51,0x83,0xff,0x6a,0x05,0xff,0x20,0xc2,0xff,0x10,0xa2,0xff,
  0x10,0x81,0xff,0x00,0x00,0xff,0x00,0x00,0xff,0x00,0x00,0xff,0x00,0x20,0xff,0x00,
  0x00,0xff,0x00,0x20,0xff,0x10,0x81,0xff,0x29,0x02,0xff,0x39,0x43,0xff,0x51,0xc4,
  0xff,0x6a,0x04,0xff,0x6a,0x04,0xff,0x8a,0xe5,0xff,0x7a,0x63,0xff,0x7a,0x23,0xff,
  0x72,0x03,0xff,0x7a,0x44,0xff,0x61,0xa3,0xff,0x61,0xa3,0xff,0x48,0xe2,0xff,0x38,
  0xc2,0xff,0x38,0xc2,0xff,0x28,0xa1,0xff,0x51,0xa3,0xff,0x62,0x05,0xff,0x72,0x86,
  0xff,0x8a,0xe6,0xff,0xb4,0x29,0xff,0xab,0x88,0xff,0xab,0xe8,0xff,0xab,0xe8,0xff,
  0xa3,0x87,0xff,0xb4,0x09,0xff,0xbc,0x29,0xff,0x93,0x26,0xff,0x7a,0x65,0xff,0x8a,
  0xc5,0xff,0x8a,0xc5,0xff,0x82,0xa5,0xff,0x6a,0x24,0xff,0x6a,0x24,0xff,0x62,0x04,
  0xff,0x61,0xc3,0xff,0x82,0x84,0xff,0x9a,0xa3,0xff,0xba,0xe2,0xff,0xf4,0xe4,0xff,
  0xfd,0xc5,0xff,0xfd,0xc4,0xff,0xfd,0xc4,0xff,0xfe,0x05,0xff,0xfe,0x26,0xff,0xfe,
  0x46,0xff,0xfe,0x46,0xff,0xfe,0x66,0xff,0xfe,0x05,0xff,0xfd,0xc4,0xff,0xf4,0xe3,
  0xff,0xe3,0xe3,0xff,0xe3,0xe3,0xff,0xc3,0x64,0xff,0xb3,0x65,0xff,0x9a,0xc5,0xff,
  0xa3,0x46,0xff,0xa3,0x46,0xff,0x9b,0x06,0xff,0x92,0xe6,0xff,0xab,0xe8,0xff,0xd4,
  0xeb,0xff,0xd4,0xeb,0xff,0xc4,0x8c,0xff,0x82,0x45,0xff,0x69,0xe3,0xff,0x7a,0xa6,
  0xff,0x20,0xe2,0xff,0x00,0x00,0xff,0x00,0x20,0xff,0x00,0x00,0xff,0x00,0x00,0xff,
  0x00,0x00,0xff,0x20,0xa1,0xff,0x49,0xa4,0xff,0x49,0xa4,0xff,0x41,0x62,0xff,0x82,
  0xe6,0xff,0x41,0xa3,0xff,0x10,0x81,0xff,0x28,0xe2,0xff,0x28,0xe2,0xff,0x51,0xa3,
  0xff,0x61,0xa2,0xff,0x92,0xe5,0xff,0xf6,0x72,0xff,0xff,0xd9,0xff,0xee,0x72,0xff,
  0x6a,0x24,0xff,0x6a,0x45,0xff,0xab,0xc8,0xff,0xab,0xc8,0xff,0x93,0x26,0xff,0x7a,
  0x65,0xff,0x7a,0xa6,0xff,0x6a,0x45,0xff,0x7a,0xe7,0xff,0x7a,0xa6,0xff,0x82,0xe7,
  0xff,0x82,0xe7,0xff,0x7a,0xc6,0xff,0x7a,0xc6,0xff,0x6a,0x65,0xff,0x6a,0x45,0xff,
  0x5a,0x05,0xff,0x08,0x61,0xff,0x10,0x82,0x00,0x18,0xe3,0x00,0x21,0x24,0x00,0x21,
  0x24,0x00,0x21,0x24,0x00,0x21,0x24,0x00,0x21,0x04,0x00,0x21,0x04,0x00,0x21,0x04,
  0x00,0x19,0x03,0x00,0x19,0x03,0x00,0x18,0xe3,0x00,0x19,0x03,0x00,0x19,0x04,0x00,
  0x19,0x04,0x00,0x19,0x04,0x00,0x19,0x04,0x00,0x19,0x04,0x00,0x19,0x04,0x00,0x19,
  0x04,0x00,0x19,0x04,0x00,0x21,0x04,0x00,0x21,0x04,0x00,0x21,0x04,0x00,0x21,0x04,
  0x00,0x21,0x04,0x00,0x19,0x04,0x00,0x19,0x04,0x00,0x19,0x04,0x00,0x19,0x04,0x00,
  0x19,0x04,0x00,0x19,0x04,0x00,0x19,0x04,0x00,0x19,0x04,0x00,0x18,0xe4,0x00,0x19,
  0x04,0x00,0x19,0x04,0x00,0x19,0x04,0x00,0x19,0x04,0x00,0x19,0x04,0x00,0x19,0x04,
  0x00,0x21,0x04,0x00,0x21,0x04,0x00,0x21,0x04,0x00,0x18,0xe4,0x00,0x41,0x63,0x00,
  0x9a,0xe4,0x00,0xaa,0xe4,0x00,0x8a,0xc5,0x00,0x49,0x84,0x00,0x18,0xc3,0x00,0x18,
  0xe3,0x00,0x18,0xe3,0x00,0x10,0xa3,0x00,0x10,0x62,0x00,0x93,0x67,0xff,0xd4,0xc9,
  0xff,0xb3,0xc8,0xff,0x20,0x81,0xff,0x00,0x01,0xff,0x18,0xa1,0xff,0x10,0x81,0xff,
  0x10,0x81,0xff,0x00,0x00,0xff,0x00,0x00,0xff,0x00,0x00,0xff,0x00,0x20,0xff,0x31,
  0x22,0xff,0x59,0xe4,0xff,0x51,0xa3,0xff,0x6a,0x04,0xff,0x69,0xe4,0xff,0x69,0xe4,
  0xff,0x8a,0x83,0xff,0x9a,0xc3,0xff,0xab,0x03,0xff,0xab,0x04,0xff,0xb3,0x24,0xff,
  0xa2,0xe3,0xff,0xa2,0xc3,0xff,0x8a,0x03,0xff,0x82,0x23,0xff,0x82,0x23,0xff,0x61,
  0x62,0xff,0x61,0xa3,0xff,0x51,0x84,0xff,0x41,0x23,0xff,0x6a,0x04,0xff,0xa3,0xc7,
  0xff,0x9b,0x07,0xff,0x93,0x07,0xff,0x93,0x07,0xff,0x8a,0xe6,0xff,0xb3,0xa8,0xff,
  0xbc,0x28,0xff,0x93,0x06,0xff,0x82,0xa5,0xff,0x8a,0xe6,0xff,0x72,0x24,0xff,0x72,
  0x44,0xff,0x6a,0x03,0xff,0x6a,0x03,0xff,0x59,0xe3,0xff,0x6a,0x03,0xff,0xa2,0xe3,
  0xff,0xd3,0x42,0xff,0xec,0x22,0xff,0xfd,0xa6,0xff,0xfe,0x27,0xff,0xfe,0xc8,0xff,
  0xfe,0xc8,0xff,0xff,0x0a,0xff,0xfe,0xaa,0xff,0xfe,0xeb,0xff,0xff,0x0c,0xff,0xfe,
  0xeb,0xff,0xfe,0xcb,0xff,0xff,0x0a,0xff,0xfe,0x06,0xff,0xfd,0x64,0xff,0xfd,0x64,
  0xff,0xfc,0xe3,0xff,0xf4,0x84,0xff,0xc3,0x84,0xff,0x92,0xe5,0xff,0x8a,0xa5,0xff,
  0x9b,0x26,0xff,0x92,0xc6,0xff,0xa3,0x47,0xff,0xdd,0x2c,0xff,0xdd,0x2c,0xff,0xcc,
  0xab,0xff,0x82,0x85,0xff,0x72,0x24,0xff,0x82,0xa6,0xff,0x31,0x02,0xff,0x00,0x00,
  0xff,0x00,0x00,0xff,0x00,0x00,0xff,0x00,0x00,0xff,0x00,0x00,0xff,0x20,0x81,0xff,
  0x51,0xe5,0xff,0x41,0x23,0xff,0x51,0x83,0xff,0x82,0xe6,0xff,0x20,0xa1,0xff,0x10,
  0x61,0xff,0x20,0xa1,0xff,0x20,0xa1,0xff,0x31,0x02,0xff,0x5a,0x04,0xff,0x59,0x62,
  0xff,0xbc,0xac,0xff,0xff,0x35,0xff,0xcd,0x4f,0xff,0x51,0xa4,0xff,0x51,0xc4,0xff,
  0x59,0xe4,0xff,0x59,0xe4,0xff,0x49,0x83,0xff,0x41,0x63,0xff,0x41,0x83,0xff,0x31,
  0x43,0xff,0x31,0x23,0xff,0x29,0x03,0xff,0x31,0x44,0xff,0x31,0x23,0xff,0x41,0x84,
  0xff,0x41,0x84,0xff,0x59,0xe4,0xff,0x7a,0xc6,0xff,0x49,0xa4,0xff,0x00,0x20,0xff,
  0x10,0x81,0x00,0x21,0x03,0x00,0x21,0x04,0x00,0x21,0x04,0x00,0x21,0x04,0x00,0x21,
  0x04,0x00,0x21,0x04,0x00,0x21,0x04,0x00,0x21,0x03,0x00,0x19,0x03,0x00,0x18,0xe3,
  0x00,0x18,0xe3,0x00,0x18,0xe3,0x00,0x19,0x04,0x00,0x19,0x04,0x00,0x19,0x04,0x00,
  0x19,0x04,0x00,0x19,0x04,0x00,0x21,0x04,0x00,0x19,0x04,0x00,0x19,0x04,0x00,0x19,
  0x04,0x00,0x21,0x04,0x00,0x21,0x04,0x00,0x21,0x04,0x00,0x19,0x04,0x00,0x19,0x04,
  0x00,0x19,0x04,0x00,0x19,0x04,0x00,0x19,0x04,0x00,0x19,0x04,0x00,0x19,0x04,0x00,
  0x19,0x04,0x00,0x19,0x04,0x00,0x18,0xe4,0x00,0x19,0x04,0x00,0x19,0x04,0x00,0x19,
  0x04,0x00,0x19,0x04,0x00,0x19,0x04,0x00,0x21,0x04,0x00,0x21,0x04,0x00,0x21,0x04,
  0x00,0x21,0x04,0x00,0x18,0xe3,0x00,0x51,0xc4,0x00,0x8a,0xc5,0x00,0x72,0x03,0x00,
  0x72,0x04,0x00,0x49,0x84,0x00,0x21,0x04,0x00,0x19,0x04,0x00,0x19,0x04,0x00,0x08,
  0x82,0x00,0x31,0x23,0x00,0xed,0xac,0xff,0xe5,0x09,0xff,0xbc,0x28,0xff,0x28,0xa1,
  0xff,0x00,0x41,0xff,0x31,0x43,0xff,0x31,0x43,0xff,0x31,0x43,0xff,0x08,0x20,0xff,
  0x00,0x20,0xff,0x00,0x20,0xff,0x08,0x20,0xff,0x49,0x83,0xff,0x7a,0xa4,0xff,0x7a,
  0x64,0xff,0x82,0xa4,0xff,0x82,0x43,0xff,0x82,0x43,0xff,0xb3,0x23,0xff,0xcb,0xc2,
  0xff,0xe4,0x64,0xff,0xdb,0xe2,0xff,0xe4,0x02,0xff,0xe4,0x43,0xff,0xec,0x43,0xff,
  0xdb,0xe3,0xff,0xcb,0xa2,0xff,0xcb,0xa2,0xff,0xaa,0xa1,0xff,0x8a,0x64,0xff,0x59,
  0xc4,0xff,0x51,0x63,0xff,0x6a,0x24,0xff,0x9b,0x67,0xff,0x9b,0x27,0xff,0xa3,0x67,
  0xff,0xa3,0x67,0xff,0x9b,0x67,0xff,0xb3,0xe8,0xff,0xb3,0xe8,0xff,0x9b,0x27,0xff,
  0x93,0x46,0xff,0x93,0x46,0xff,0x72,0x24,0xff,0x72,0x44,0xff,0x62,0x03,0xff,0x62,
  0x03,0xff,0x61,0xe3,0xff,0x8a,0x83,0xff,0xcb,0xa3,0xff,0xec,0x22,0xff,0xfd,0x85,
  0xff,0xfe,0x89,0xff,0xfe,0xca,0xff,0xfe,0xcb,0xff,0xfe,0xcb,0xff,0xfe,0xcb,0xff,
  0xfe,0xcc,0xff,0xfe,0xcc,0xff,0xfe,0xcc,0xff,0xfe,0xcc,0xff,0xfe,0xec,0xff,0xfe,
  0xec,0xff,0xfe,0xcb,0xff,0xfe,0x87,0xff,0xfe,0x87,0xff,0xfd,0x42,0xff,0xfd,0xa4,
  0xff,0xf4,0x64,0xff,0x9a,0xc4,0xff,0x8a,0xc6,0xff,0x9b,0x67,0xff,0x92,0xe6,0xff,
  0x93,0x27,0xff,0x9b,0x68,0xff,0x9b,0x68,0xff,0x82,0xc7,0xff,0x51,0x84,0xff,0x51,
  0x84,0xff,0x6a,0x05,0xff,0x51,0xa4,0xff,0x08,0x40,0xff,0x00,0x00,0xff,0x00,0x00,
  0xff,0x18,0x81,0xff,0x18,0x81,0xff,0x30,0xe2,0xff,0x5a,0x25,0xff,0x59,0xe4,0xff,
  0x72,0x65,0xff,0x83,0x06,0xff,0x18,0x81,0xff,0x10,0x40,0xff,0x18,0x80,0xff,0x18,
  0x80,0xff,0x30,0xe2,0xff,0x5a,0x45,0xff,0x49,0x63,0xff,0x82,0xa6,0xff,0xc4,0xcc,
  0xff,0xab,0xea,0xff,0x49,0x43,0xff,0x49,0x83,0xff,0x51,0xc4,0xff,0x51,0xc4,0xff,
  0x49,0x83,0xff,0x59,0xe5,0xff,0x6a,0x86,0xff,0x62,0x66,0xff,0x62,0x46,0xff,0x52,
  0x26,0xff,0x52,0x06,0xff,0x41,0xa5,0xff,0x39,0xa4,0xff,0x39,0xa4,0xff,0x31,0x44,
  0xff,0x39,0x44,0xff,0x18,0xa1,0xff,0x08,0x20,0xff,0x10,0x82,0x00,0x21,0x23,0x00,
  0x21,0x04,0x00,0x21,0x04,0x00,0x21,0x04,0x00,0x21,0x04,0x00,0x21,0x24,0x00,0x21,
  0x03,0x00,0x21,0x03,0x00,0x18,0xe3,0x00,0x18,0xe3,0x00,0x18,0xe3,0x00,0x18,0xe3,
  0x00,0x18,0xe4,0x00,0x18,0xe4,0x00,0x19,0x04,0x00,0x19,0x04,0x00,0x19,0x04,0x00,
  0x19,0x04,0x00,0x19,0x04,0x00,0x19,0x04,0x00,0x19,0x04,0x00,0x21,0x04,0x00,0x21,
  0x04,0x00,0x21,0x04,0x00,0x19,0x04,0x00,0x19,0x04,0x00,0x19,0x04,0x00,0x19,0x04,
  0x00,0x21,0x04,0x00,0x19,0x04,0x00,0x19,0x04,0x00,0x19,0x04,0x00,0x19,0x04,0x00,
  0x19,0x04,0x00,0x19,0x04,0x00,0x21,0x04,0x00,0x21,0x04,0x00,0x19,0x04,0x00,0x19,
  0x04,0x00,0x21,0x04,0x00,0x21,0x04,0x00,0x21,0x04,0x00,0x21,0x04,0x00,0x21,0x04,
  0x00,0x21,0x03,0x00,0x21,0x03,0x00,0x18,0xc3,0x00,0x39,0x64,0x00,0x41,0xa4,0x00,
  0x21,0x03,0x00,0x18,0xc3,0x00,0x18,0xc3,0x00,0x10,0x82,0x00,0x29,0x03,0x00,0x93,
  0x88,0xff,0x8b,0x05,0xff,0x83,0x06,0xff,0x20,0xa1,0xff,0x00,0x01,0xff,0x29,0x02,
  0xff,0x39,0x43,0xff,0x39,0x43,0xff,0x18,0x81,0xff,0x08,0x20,0xff,0x00,0x00,0xff,
  0x00,0x20,0xff,0x39,0x43,0xff,0x7a,0x84,0xff,0x82,0x63,0xff,0x8a,0xa5,0xff,0x92,
  0x43,0xff,0x92,0x43,0xff,0xcb,0x62,0xff,0xec,0x82,0xff,0xec,0x82,0xff,0xfc,0xe3,
  0xff,0xfd,0x44,0xff,0xf5,0x03,0xff,0xfd,0x43,0xff,0xf4,0xe3,0xff,0xec,0x41,0xff,
  0xec,0x41,0xff,0xe4,0x02,0xff,0x9a,0x43,0xff,0x51,0x02,0xff,0x62,0x24,0xff,0x72,
  0x45,0xff,0x7a,0x45,0xff,0x9b,0x47,0xff,0xa3,0x88,0xff,0xa3,0x88,0xff,0x92,0xe6,
  0xff,0xab,0xa8,0xff,0xa3,0x48,0xff,0x9b,0x67,0xff,0x8a,0xc5,0xff,0x8a,0xe6,0xff,
  0x82,0xa5,0xff,0x72,0x24,0xff,0x59,0xc3,0xff,0x59,0xc3,0xff,0x61,0xe3,0xff,0xab,
  0x04,0xff,0xe4,0x23,0xff,0xf4,0x82,0xff,0xfe,0x48,0xff,0xfe,0xeb,0xff,0xfe,0xcb,
  0xff,0xfe,0xab,0xff,0xfe,0xab,0xff,0xfe,0xcc,0xff,0xfe,0xcc,0xff,0xfe,0xcc,0xff,
  0xfe,0xec,0xff,0xfe,0xec,0xff,0xfe,0xcb,0xff,0xfe,0xac,0xff,0xfe,0xed,0xff,0xfe,
  0xaa,0xff,0xfe,0xaa,0xff,0xfd,0xa3,0xff,0xfd,0x02,0xff,0xfc,0x62,0xff,0xc3,0x64,
  0xff,0x82,0x64,0xff,0x82,0xa5,0xff,0x82,0xc5,0xff,0x7a,0xa5,0xff,0x51,0x84,0xff,
  0x51,0x84,0xff,0x49,0x84,0xff,0x39,0x03,0xff,0x30,0xe2,0xff,0x51,0x83,0xff,0x51,
  0xc4,0xff,0x08,0x40,0xff,0x00,0x00,0xff,0x00,0x00,0xff,0x31,0x22,0xff,0x31,0x22,
  0xff,0x49,0xa4,0xff,0x59,0xc4,0xff,0x61,0xe4,0xff,0x9b,0x27,0xff,0x59,0xe4,0xff,
  0x10,0x40,0xff,0x59,0xc3,0xff,0x82,0xa4,0xff,0x82,0xa4,0xff,0x40,0xe1,0xff,0x49,
  0x42,0xff,0x51,0x83,0xff,0x92,0xe7,0xff,0xd5,0x2d,0xff,0xf6,0x10,0xff,0xa3,0x68,
  0xff,0x49,0x62,0xff,0x8b,0x27,0xff,0x8b,0x27,0xff,0xab,0xc9,0xff,0xc4,0x6b,0xff,
  0xcc,0xcc,0xff,0xb3,0xea,0xff,0xb4,0x4b,0xff,0xa3,0xa9,0xff,0x9b,0xaa,0xff,0x8b,
  0x69,0xff,0x6a,0xc7,0xff,0x6a,0xc7,0xff,0x29,0x03,0xff,0x08,0x41,0xff,0x00,0x20,
  0xff,0x08,0x41,0xff,0x10,0x82,0x00,0x18,0xe3,0x00,0x21,0x04,0x00,0x21,0x24,0x00,
  0x21,0x24,0x00,0x21,0x04,0x00,0x19,0x04,0x00,0x21,0x04,0x00,0x21,0x04,0x00,0x18,
  0xe3,0x00,0x19,0x03,0x00,0x18,0xe3,0x00,0x18,0xe3,0x00,0x18,0xe4,0x00,0x18,0xe4,
  0x00,0x19,0x04,0x00,0x19,0x04,0x00,0x19,0x04,0x00,0x19,0x04,0x00,0x19,0x04,0x00,
  0x19,0x04,0x00,0x19,0x04,0x00,0x19,0x04,0x00,0x21,0x04,0x00,0x21,0x04,0x00,0x21,
  0x04,0x00,0x19,0x04,0x00,0x19,0x04,0x00,0x19,0x04,0x00,0x19,0x04,0x00,0x19,0x04,
  0x00,0x19,0x04,0x00,0x19,0x04,0x00,0x19,0x04,0x00,0x19,0x04,0x00,0x19,0x04,0x00,
  0x21,0x04,0x00,0x21,0x04,0x00,0x19,0x04,0x00,0x21,0x04,0x00,0x21,0x04,0x00,0x21,
  0x04,0x00,0x21,0x24,0x00,0x21,0x24,0x00,0x21,0x24,0x00,0x21,0x04,0x00,0x21,0x04,
  0x00,0x21,0x24,0x00,0x21,0x04,0x00,0x20,0xe3,0x00,0x18,0xe3,0x00,0x18,0xe3,0x00,
  0x18,0xe3,0x00,0x18,0xe3,0x00,0x10,0x62,0x00,0x08,0x61,0xff,0x08,0x21,0xff,0x18,
  0x82,0x00,0x10,0x61,0xff,0x08,0x62,0xff,0x20,0xe2,0xff,0x39,0x63,0xff,0x39,0x63,
  0xff,0x18,0x81,0xff,0x08,0x20,0xff,0x08,0x61,0xff,0x08,0x41,0xff,0x28,0xe2,0xff,
  0x8a,0xc5,0xff,0x93,0x05,0xff,0x8a,0x64,0xff,0xb3,0x23,0xff,0xb3,0x23,0xff,0xf4,
  0x82,0xff,0xfd,0xa4,0xff,0xfd,0xe5,0xff,0xfe,0x67,0xff,0xfe,0x88,0xff,0xfe,0x88,
  0xff,0xfe,0x47,0xff,0xfe,0x06,0xff,0xfe,0x46,0xff,0xfe,0x46,0xff,0xfd,0xa4,0xff,
  0xdb,0xa3,0xff,0x8a,0x23,0xff,0x82,0xa5,0xff,0x72,0x44,0xff,0x7a,0x85,0xff,0xa3,
  0xa7,0xff,0xa3,0x67,0xff,0xa3,0x67,0xff,0x9b,0x68,0xff,0xbc,0x4a,0xff,0xab,0xc8,
  0xff,0xb4,0x09,0xff,0x9b,0x27,0xff,0x93,0x06,0xff,0x93,0x05,0xff,0x72,0x44,0xff,
  0x59,0xc3,0xff,0x59,0xc3,0xff,0x6a,0x03,0xff,0xcb,0xe5,0xff,0xf4,0xa3,0xff,0xfd,
  0x65,0xff,0xfe,0x8a,0xff,0xfe,0xcb,0xff,0xfe,0xcb,0xff,0xfe,0xcb,0xff,0xfe,0xcb,
  0xff,0xfe,0xcc,0xff,0xfe,0xec,0xff,0xfe,0xec,0xff,0xfe,0xcb,0xff,0xfe,0xcb,0xff,
  0xfe,0xcb,0xff,0xfe,0xec,0xff,0xfe,0xec,0xff,0xfe,0xcb,0xff,0xfe,0xcb,0xff,0xfd,
  0xe4,0xff,0xfd,0x02,0xff,0xfd,0x03,0xff,0xdb,0xe4,0xff,0x92,0xa4,0xff,0x92,0xc5,
  0xff,0x92,0xc5,0xff,0x9b,0x25,0xff,0x82,0x85,0xff,0x82,0x85,0xff,0x82,0xc6,0xff,
  0x7a,0x65,0xff,0x72,0x85,0xff,0x6a,0x25,0xff,0x51,0xc4,0xff,0x10,0x40,0xff,0x08,
  0x41,0xff,0x08,0x20,0xff,0x31,0x22,0xff,0x31,0x22,0xff,0x59,0xe4,0xff,0x59,0xe4,
  0xff,0x6a,0x44,0xff,0xa3,0x87,0xff,0x31,0x23,0xff,0x10,0x60,0xff,0xdd,0x6b,0xff,
  0xff,0x30,0xff,0xff,0x30,0xff,0x92,0xe4,0xff,0x49,0x42,0xff,0x62,0x25,0xff,0xbc,
  0x4a,0xff,0xed,0xf0,0xff,0xfe,0xf3,0xff,0xbc,0x09,0xff,0x59,0x62,0xff,0xd4,0xec,
  0xff,0xd4,0xec,0xff,0xed,0x6e,0xff,0xdc,0xed,0xff,0xdd,0x0d,0xff,0xcc,0x2a,0xff,
  0xb3,0xa9,0xff,0x8a,0xc7,0xff,0x7a,0xa7,0xff,0x62,0x05,0xff,0x49,0xc4,0xff,0x49,
  0xc4,0xff,0x10,0x61,0xff,0x00,0x20,0xff,0x00,0x21,0xff,0x08,0x61,0xff,0x10,0xa2,
  0x00,0x21,0x23,0x00,0x21,0x03,0x00,0x21,0x24,0x00,0x21,0x24,0x00,0x20,0xe4,0x00,
  0x20,0xe3,0x00,0x20,0xe3,0x00,0x21,0x03,0x00,0x21,0x04,0x00,0x21,0x03,0x00,0x20,
  0xe3,0x00,0x21,0x03,0x00,0x21,0x03,0x00,0x21,0x03,0x00,0x19,0x04,0x00,0x19,0x04,
  0x00,0x19,0x04,0x00,0x19,0x04,0x00,0x19,0x04,0x00,0x19,0x04,0x00,0x19,0x04,0x00,
  0x19,0x04,0x00,0x19,0x04,0x00,0x19,0x04,0x00,0x21,0x04,0x00,0x19,0x04,0x00,0x19,
  0x04,0x00,0x19,0x04,0x00,0x19,0x04,0x00,0x19,0x04,0x00,0x19,0x04,0x00,0x19,0x04,
  0x00,0x19,0x04,0x00,0x19,0x04,0x00,0x21,0x04,0x00,0x21,0x04,0x00,0x21,0x04,0x00,
  0x21,0x04,0x00,0x21,0x04,0x00,0x21,0x04,0x00,0x21,0x04,0x00,0x21,0x04,0x00,0x21,
  0x04,0x00,0x21,0x24,0x00,0x21,0x04,0x00,0x21,0x24,0x00,0x21,0x03,0x00,0x21,0x04,
  0x00,0x18,0xe3,0x00,0x19,0x03,0x00,0x18,0xc3,0x00,0x18,0xc3,0x00,0x18,0xc3,0x00,
  0x10,0xc2,0x00,0x21,0x03,0x00,0x18,0xe3,0x00,0x21,0x03,0x00,0x18,0xa2,0x00,0x00,
  0x00,0xff,0x18,0xa2,0xff,0x41,0xa4,0xff,0x41,0xa4,0xff,0x10,0x41,0xff,0x00,0x00,
  0xff,0x10,0x61,0xff,0x00,0x00,0xff,0x18,0x61,0xff,0x82,0x84,0xff,0x92,0xc4,0xff,
  0x79,0xe3,0xff,0xcb,0x63,0xff,0xcb,0x63,0xff,0xfd,0xa4,0xff,0xfe,0x05,0xff,0xfe,
  0xa8,0xff,0xfe,0xca,0xff,0xfe,0xcb,0xff,0xfe,0xaa,0xff,0xfe,0xaa,0xff,0xfe,0x89,
  0xff,0xfe,0xa8,0xff,0xfe,0xa8,0xff,0xfe,0x25,0xff,0xfd,0x64,0xff,0xd3,0xc4,0xff,
  0x9a,0xa4,0xff,0x7a,0x44,0xff,0x72,0x64,0xff,0x8a,0xc6,0xff,0xa3,0x88,0xff,0xa3,
  0x88,0xff,0xb3,0xe9,0xff,0xc4,0xab,0xff,0xc4,0x6b,0xff,0xb3,0xe9,0xff,0xa3,0x67,
  0xff,0x9b,0x67,0xff,0x82,0x64,0xff,0x72,0x44,0xff,0x51,0xa2,0xff,0x51,0xa2,0xff,
  0x7a,0x44,0xff,0xd4,0x05,0xff,0xf4,0xc3,0xff,0xfd,0xc6,0xff,0xfe,0x8a,0xff,0xfe,
  0x6a,0xff,0xfe,0xcb,0xff,0xfe,0xeb,0xff,0xfe,0xeb,0xff,0xfe,0xcb,0xff,0xfe,0xcb,
  0xff,0xfe,0xeb,0xff,0xfe,0xcb,0xff,0xfe,0xcb,0xff,0xfe,0xca,0xff,0xfe,0xab,0xff,
  0xfe,0xeb,0xff,0xfe,0xeb,0xff,0xfe,0xeb,0xff,0xfd,0xa3,0xff,0xfd,0x02,0xff,0xfc,
  0x83,0xff,0xe3,0xc4,0xff,0xcb,0xc6,0xff,0xd4,0x88,0xff,0xc3,0xc7,0xff,0xbb,0xa7,
  0xff,0xbb,0xc7,0xff,0xbb,0xc7,0xff,0xbc,0x09,0xff,0xbb,0xe9,0xff,0x9b,0x47,0xff,
  0x7a,0x65,0xff,0x49,0x83,0xff,0x10,0x40,0xff,0x08,0x20,0xff,0x10,0x61,0xff,0x28,
  0xc2,0xff,0x28,0xc2,0xff,0x51,0xe4,0xff,0x61,0xe4,0xff,0x61,0xe3,0xff,0x9b,0x67,
  0xff,0x20,0xc2,0xff,0x10,0x60,0xff,0xdd,0x4b,0xff,0xff,0x0f,0xff,0xff,0x0f,0xff,
  0xbb,0xe5,0xff,0x51,0x01,0xff,0x61,0xe4,0xff,0xcc,0xec,0xff,0xd5,0x4f,0xff,0xfe,
  0x53,0xff,0xb3,0xca,0xff,0x51,0x22,0xff,0xdd,0xb1,0xff,0xdd,0xb1,0xff,0xe6,0x13,
  0xff,0xc4,0x6e,0xff,0xcc,0x8d,0xff,0xcc,0x6b,0xff,0xab,0x48,0xff,0x93,0x08,0xff,
  0x93,0x28,0xff,0x8b,0x27,0xff,0x7a,0xa6,0xff,0x7a,0xa6,0xff,0x41,0x63,0xff,0x18,
  0xc2,0x00,0x18,0xc2,0x00,0x21,0x03,0x00,0x18,0xa2,0x00,0x21,0x03,0x00,0x20,0xe3,
  0x00,0x20,0xc3,0x00,0x20,0xc3,0x00,0x39,0x63,0x00,0x7a,0x64,0x00,0x7a,0x64,0x00,
  0x49,0x83,0x00,0x29,0x03,0x00,0x31,0x44,0x00,0x61,0xc3,0x00,0xa3,0x05,0x00,0x82,
  0xc5,0x00,0x82,0xc5,0x00,0x29,0x03,0x00,0x19,0x04,0x00,0x19,0x04,0x00,0x19,0x04,
  0x00,0x19,0x04,0x00,0x18,0xe4,0x00,0x18,0xe4,0x00,0x19,0x04,0x00,0x19,0x04,0x00,
  0x19,0x04,0x00,0x19,0x04,0x00,0x21,0x04,0x00,0x19,0x04,0x00,0x21,0x04,0x00,0x19,
  0x04,0x00,0x19,0x04,0x00,0x19,0x04,0x00,0x19,0x04,0x00,0x19,0x04,0x00,0x21,0x04,
  0x00,0x21,0x04,0x00,0x21,0x04,0x00,0x21,0x04,0x00,0x19,0x04,0x00,0x21,0x04,0x00,
  0x21,0x04,0x00,0x21,0x04,0x00,0x21,0x04,0x00,0x21,0x04,0x00,0x21,0x44,0x00,0x21,
  0x24,0x00,0x21,0x03,0x00,0x29,0x64,0x00,0x29,0x44,0x00,0x21,0x03,0x00,0x21,0x24,
  0x00,0x18,0xc3,0x00,0x18,0xc3,0x00,0x10,0xc3,0x00,0x10,0xa2,0x00,0x20,0xc2,0x00,
  0x29,0x03,0x00,0x39,0x84,0xff,0x18,0xc2,0x00,0x00,0x21,0xff,0x29,0x23,0xff,0x5a,
  0x45,0xff,0x5a,0x45,0xff,0x20,0xc2,0x00,0x08,0x40,0xff,0x10,0x61,0xff,0x08,0x20,
  0xff,0x10,0x61,0xff,0x72,0x63,0xff,0x92,0x83,0xff,0x92,0x22,0xff,0xf4,0x84,0xff,
  0xf4,0x84,0xff,0xfe,0x65,0xff,0xfe,0xc8,0xff,0xff,0x0a,0xff,0xfe,0xcb,0xff,0xff,
  0x0d,0xff,0xfe,0xec,0xff,0xff,0x0c,0xff,0xfe,0xeb,0xff,0xfe,0xca,0xff,0xfe,0xca,
  0xff,0xfe,0xa8,0xff,0xfe,0x87,0xff,0xf5,0x24,0xff,0xdc,0x24,0xff,0xb3,0x85,0xff,
  0x62,0x03,0xff,0x6a,0x24,0xff,0xab,0xe9,0xff,0xab,0xe9,0xff,0xbc,0x29,0xff,0xab,
  0xe9,0xff,0x9b,0x47,0xff,0x8a,0xe6,0xff,0x82,0xa5,0xff,0x8a,0xe5,0xff,0x7a,0x24,
  0xff,0x72,0x44,0xff,0x61,0xe3,0xff,0x61,0xe3,0xff,0x9a,0xe5,0xff,0xe4,0x85,0xff,
  0xf4,0xc3,0xff,0xfd,0xe6,0xff,0xfe,0xaa,0xff,0xfe,0x6a,0xff,0xfe,0xaa,0xff,0xfe,
  0xcb,0xff,0xfe,0xcb,0xff,0xfe,0xeb,0xff,0xfe,0xcb,0xff,0xfe,0xcb,0xff,0xfe,0xcb,
  0xff,0xff,0x0b,0xff,0xfe,0xcb,0xff,0xfe,0xaa,0xff,0xfe,0xcb,0xff,0xfe,0xea,0xff,
  0xfe,0xea,0xff,0xfd,0xa3,0xff,0xfd,0x43,0xff,0xf4,0x44,0xff,0xb3,0x04,0xff,0xb3,
  0x65,0xff,0xc4,0x07,0xff,0xb3,0x86,0xff,0xc3,0xe7,0xff,0xb3,0xc7,0xff,0xb3,0xc7,
  0xff,0x9b,0x68,0xff,0x62,0x25,0xff,0x49,0x83,0xff,0x6a,0x25,0xff,0x51,0xc4,0xff,
  0x10,0x60,0xff,0x08,0x20,0xff,0x10,0x61,0xff,0x28,0xc1,0xff,0x28,0xc1,0xff,0x5a,
  0x25,0xff,0x62,0x45,0xff,0x62,0x03,0xff,0xab,0xe8,0xff,0x31,0x43,0xff,0x10,0x40,
  0xff,0x93,0x26,0xff,0xdd,0x29,0xff,0xdd,0x29,0xff,0x92,0xc4,0xff,0x51,0x42,0xff,
  0x72,0x65,0xff,0xd5,0x4d,0xff,0xdd,0x91,0xff,0xf6,0x74,0xff,0xbc,0x0a,0xff,0x49,
  0x01,0xff,0xdd,0xf3,0xff,0xdd,0xf3,0xff,0xff,0x38,0xff,0xdd,0x71,0xff,0xd4,0xee,
  0xff,0xc4,0x2a,0xff,0xab,0x48,0xff,0xb4,0x0a,0xff,0xb4,0x09,0xff,0xab,0xa8,0xff,
  0xa3,0x46,0xff,0xa3,0x46,0xff,0x93,0x26,0xff,0x49,0xa4,0xff,0x28,0xe2,0x00,0x31,
  0x23,0x00,0x28,0xc2,0x00,0x29,0x03,0x00,0x29,0x03,0x00,0x28,0xe2,0x00,0x28,0xe2,
  0x00,0x59,0xc4,0x00,0xb3,0x86,0x00,0x9b,0x04,0x00,0x6a,0x03,0x00,0x39,0x23,0x00,
  0x41,0x63,0x00,0x69,0xc2,0x00,0xa2,0xe3,0x00,0x82,0xa3,0x00,0x82,0xa3,0x00,0x29,
  0x03,0x00,0x19,0x04,0x00,0x21,0x04,0x00,0x19,0x04,0x00,0x19,0x04,0x00,0x19,0x04,
  0x00,0x19,0x04,0x00,0x19,0x04,0x00,0x19,0x04,0x00,0x19,0x04,0x00,0x19,0x04,0x00,
  0x19,0x04,0x00,0x19,0x04,0x00,0x19,0x04,0x00,0x19,0x04,0x00,0x19,0x04,0x00,0x18,
  0xe4,0x00,0x19,0x04,0x00,0x19,0x04,0x00,0x19,0x04,0x00,0x19,0x04,0x00,0x19,0x04,
  0x00,0x19,0x04,0x00,0x19,0x04,0x00,0x21,0x04,0x00,0x21,0x04,0x00,0x21,0x04,0x00,
  0x21,0x24,0x00,0x21,0x24,0x00,0x21,0x04,0x00,0x18,0xe3,0x00,0x18,0xc3,0x00,0x21,
  0x03,0x00,0x20,0xe3,0x00,0x20,0xe3,0x00,0x18,0xc3,0x00,0x10,0xa3,0x00,0x10,0xa3,
  0x00,0x10,0x82,0x00,0x31,0x64,0xff,0x5a,0x46,0xff,0x5a,0x05,0xff,0x51,0xc4,0xff,
  0x08,0x41,0xff,0x00,0x00,0xff,0x20,0xc2,0xff,0x5a,0x04,0xff,0x5a,0x04,0xff,0x20,
  0xc2,0x00,0x00,0x00,0xff,0x10,0x81,0x00,0x08,0x61,0xff,0x08,0x20,0xff,0x59,0x82,
  0xff,0x92,0x42,0xff,0xaa,0x62,0xff,0xfc,0xe5,0xff,0xfc,0xe5,0xff,0xfe,0x86,0xff,
  0xfe,0x87,0xff,0xfe,0xeb,0xff,0xfe,0xcc,0xff,0xfe,0xac,0xff,0xfe,0xec,0xff,0xff,
  0x0c,0xff,0xff,0x0c,0xff,0xff,0x0b,0xff,0xff,0x0b,0xff,0xfe,0x89,0xff,0xfe,0x47,
  0xff,0xf5,0xc5,0xff,0xfd,0x65,0xff,0xd3,0xe5,0xff,0x51,0x42,0xff,0x49,0x63,0xff,
  0x82,0xc6,0xff,0x82,0xc6,0xff,0xab,0xa7,0xff,0xa3,0x47,0xff,0x8a,0xc6,0xff,0x9b,
  0x47,0xff,0x8a,0xa5,0xff,0x93,0x06,0xff,0x9b,0x46,0xff,0x82,0x85,0xff,0x59,0xa2,
  0xff,0x59,0xa2,0xff,0x9a,0xe5,0xff,0xe4,0x24,0xff,0xf4,0x62,0xff,0xfd,0x24,0xff,
  0xfe,0x48,0xff,0xfe,0x49,0xff,0xfe,0xaa,0xff,0xfe,0xaa,0xff,0xfe,0xaa,0xff,0xfe,
  0xca,0xff,0xfe,0xaa,0xff,0xfe,0xcb,0xff,0xfe,0xcb,0xff,0xfe,0xcb,0xff,0xfe,0xcb,
  0xff,0xfe,0xcb,0xff,0xfe,0xaa,0xff,0xfe,0x05,0xff,0xfe,0x05,0xff,0xfd,0x21,0xff,
  0xfd,0x02,0xff,0xc3,0x44,0xff,0x79,0xe4,0xff,0x72,0x04,0xff,0x7a,0x65,0xff,0x82,
  0xa5,0xff,0x8a,0xe6,0xff,0x59,0xc4,0xff,0x59,0xc4,0xff,0x31,0x23,0xff,0x10,0x81,
  0xff,0x18,0xa1,0xff,0x6a,0x25,0xff,0x49,0x83,0xff,0x10,0x60,0xff,0x08,0x40,0xff,
  0x08,0x40,0xff,0x28,0xc1,0xff,0x28,0xc1,0xff,0x59,0xe5,0xff,0x62,0x05,0xff,0x61,
  0xc3,0xff,0xab,0xe9,0xff,0x41,0x83,0xff,0x10,0x41,0xff,0x39,0x22,0xff,0x41,0x62,
  0xff,0x41,0x62,0xff,0x39,0x02,0xff,0x39,0x23,0xff,0x62,0x04,0xff,0xcc,0xcd,0xff,
  0xdd,0xd2,0xff,0xfe,0x94,0xff,0xbb,0xe9,0xff,0x40,0xa0,0xff,0xc4,0xcf,0xff,0xc4,
  0xcf,0xff,0xf6,0xb6,0xff,0xdd,0xb1,0xff,0xcc,0x8c,0xff,0xb3,0xa9,0xff,0xb3,0xc9,
  0xff,0xa3,0x89,0xff,0xa3,0x89,0xff,0x8a,0x86,0xff,0x8a,0x84,0xff,0x8a,0x84,0xff,
  0x92,0xc5,0xff,0x20,0x81,0xff,0x00,0x00,0xff,0x10,0x81,0x00,0x29,0x03,0x00,0x21,
  0x03,0x00,0x20,0xe3,0x00,0x29,0x24,0x00,0x29,0x24,0x00,0x31,0x44,0x00,0x39,0x64,
  0x00,0x29,0x23,0x00,0x29,0x24,0x00,0x21,0x04,0x00,0x29,0x44,0x00,0x21,0x04,0x00,
  0x21,0x03,0x00,0x21,0x03,0x00,0x21,0x03,0x00,0x18,0xe4,0x00,0x19,0x04,0x00,0x19,
  0x04,0x00,0x19,0x04,0x00,0x21,0x04,0x00,0x19,0x04,0x00,0x19,0x04,0x00,0x19,0x04,
  0x00,0x19,0x04,0x00,0x19,0x04,0x00,0x19,0x04,0x00,0x19,0x04,0x00,0x19,0x04,0x00,
  0x19,0x04,0x00,0x21,0x04,0x00,0x19,0x04,0x00,0x18,0xe4,0x00,0x19,0x04,0x00,0x19,
  0x04,0x00,0x19,0x04,0x00,0x19,0x04,0x00,0x19,0x04,0x00,0x19,0x04,0x00,0x19,0x04,
  0x00,0x21,0x04,0x00,0x21,0x04,0x00,0x21,0x04,0x00,0x21,0x24,0x00,0x21,0x24,0x00,
  0x21,0x04,0x00,0x18,0xe3,0x00,0x18,0xc3,0x00,0x21,0x03,0x00,0x20,0xe3,0x00,0x20,
  0xe3,0x00,0x18,0xc3,0x00,0x10,0xa3,0x00,0x10,0xa3,0x00,0x10,0x82,0x00,0x31,0x64,
  0xff,0x5a,0x46,0xff,0x5a,0x05,0xff,0x51,0xc4,0xff,0x08,0x41,0xff,0x00,0x00,0xff,
  0x20,0xc2,0xff,0x5a,0x04,0xff,0x5a,0x04,0xff,0x20,0xc2,0x00,0x00,0x00,0xff,0x10,
  0x81,0x00,0x08,0x61,0xff,0x08,0x20,0xff,0x59,0x82,0xff,0x92,0x42,0xff,0xaa,0x62,
  0xff,0xfc,0xe5,0xff,0xfc,0xe5,0xff,0xfe,0x86,0xff,0xfe,0x87,0xff,0xfe,0xeb,0xff,
  0xfe,0xcc,0xff,0xfe,0xac,0xff,0xfe,0xec,0xff,0xff,0x0c,0xff,0xff,0x0c,0xff,0xff,
  0x0b,0xff,0xff,0x0b,0xff,0xfe,0x89,0xff,0xfe,0x47,0xff,0xf5,0xc5,0xff,0xfd,0x65,
  0xff,0xd3,0xe5,0xff,0x51,0x42,0xff,0x49,0x63,0xff,0x82,0xc6,0xff,0x82,0xc6,0xff,
  0xab,0xa7,0xff,0xa3,0x47,0xff,0x8a,0xc6,0xff,0x9b,0x47,0xff,0x8a,0xa5,0xff,0x93,
  0x06,0xff,0x9b,0x46,0xff,0x82,0x85,0xff,0x59,0xa2,0xff,0x59,0xa2,0xff,0x9a,0xe5,
  0xff,0xe4,0x24,0xff,0xf4,0x62,0xff,0xfd,0x24,0xff,0xfe,0x48,0xff,0xfe,0x49,0xff,
  0xfe,0xaa,0xff,0xfe,0xaa,0xff,0xfe,0xaa,0xff,0xfe,0xca,0xff,0xfe,0xaa,0xff,0xfe,
  0xcb,0xff,0xfe,0xcb,0xff,0xfe,0xcb,0xff,0xfe,0xcb,0xff,0xfe,0xcb,0xff,0xfe,0xaa,
  0xff,0xfe,0x05,0xff,0xfe,0x05,0xff,0xfd,0x21,0xff,0xfd,0x02,0xff,0xc3,0x44,0xff,
  0x79,0xe4,0xff,0x72,0x04,0xff,0x7a,0x65,0xff,0x82,0xa5,0xff,0x8a,0xe6,0xff,0x59,
  0xc4,0xff,0x59,0xc4,0xff,0x31,0x23,0xff,0x10,0x81,0xff,0x18,0xa1,0xff,0x6a,0x25,
  0xff,0x49,0x83,0xff,0x10,0x60,0xff,0x08,0x40,0xff,0x08,0x40,0xff,0x28,0xc1,0xff,
  0x28,0xc1,0xff,0x59,0xe5,0xff,0x62,0x05,0xff,0x61,0xc3,0xff,0xab,0xe9,0xff,0x41,
  0x83,0xff,0x10,0x41,0xff,0x39,0x22,0xff,0x41,0x62,0xff,0x41,0x62,0xff,0x39,0x02,
  0xff,0x39,0x23,0xff,0x62,0x04,0xff,0xcc,0xcd,0xff,0xdd,0xd2,0xff,0xfe,0x94,0xff,
  0xbb,0xe9,0xff,0x40,0xa0,0xff,0xc4,0xcf,0xff,0xc4,0xcf,0xff,0xf6,0xb6,0xff,0xdd,
  0xb1,0xff,0xcc,0x8c,0xff,0xb3,0xa9,0xff,0xb3,0xc9,0xff,0xa3,0x89,0xff,0xa3,0x89,
  0xff,0x8a,0x86,0xff,0x8a,0x84,0xff,0x8a,0x84,0xff,0x92,0xc5,0xff,0x20,0x81,0xff,
  0x00,0x00,0xff,0x10,0x81,0x00,0x29,0x03,0x00,0x21,0x03,0x00,0x20,0xe3,0x00,0x29,
  0x24,0x00,0x29,0x24,0x00,0x31,0x44,0x00,0x39,0x64,0x00,0x29,0x23,0x00,0x29,0x24,
  0x00,0x21,0x04,0x00,0x29,0x44,0x00,0x21,0x04,0x00,0x21,0x03,0x00,0x21,0x03,0x00,
  0x21,0x03,0x00,0x18,0xe4,0x00,0x19,0x04,0x00,0x19,0x04,0x00,0x19,0x04,0x00,0x21,
  0x04,0x00,0x19,0x04,0x00,0x19,0x04,0x00,0x19,0x04,0x00,0x19,0x04,0x00,0x19,0x04,
  0x00,0x19,0x04,0x00,0x19,0x04,0x00,0x19,0x04,0x00,0x19,0x04,0x00,0x21,0x04,0x00,
  0x19,0x04,0x00,0x18,0xe4,0x00,0x19,0x04,0x00,0x19,0x04,0x00,0x19,0x04,0x00,0x19,
  0x04,0x00,0x19,0x04,0x00,0x19,0x04,0x00,0x19,0x04,0x00,0x21,0x04,0x00,0x21,0x04,
  0x00,0x19,0x04,0x00,0x18,0xc3,0x00,0x18,0xc3,0x00,0x39,0x84,0x00,0x6a,0x44,0x00,
  0x7a,0xa4,0x00,0x6a,0x24,0x00,0x6a,0x04,0x00,0x6a,0x44,0x00,0x41,0x84,0x00,0x18,
  0xc3,0x00,0x18,0xc3,0x00,0x10,0xa3,0x00,0x41,0xa5,0xff,0x72,0xa6,0xff,0x72,0x86,
  0xff,0x7b,0x07,0xff,0x29,0x23,0xff,0x00,0x21,0xff,0x31,0x44,0xff,0x62,0x45,0xff,
  0x62,0x45,0xff,0x29,0x02,0x00,0x08,0x20,0xff,0x10,0xa1,0x00,0x08,0x40,0xff,0x08,
  0x20,0xff,0x59,0xa2,0xff,0xb3,0x03,0xff,0xdb,0x83,0xff,0xfd,0x66,0xff,0xfd,0x66,
  0xff,0xfe,0x86,0xff,0xfe,0xa8,0xff,0xfe,0xea,0xff,0xfe,0xcb,0xff,0xff,0x0b,0xff,
  0xff,0x0c,0xff,0xff,0x4c,0xff,0xff,0x0c,0xff,0xff,0x2b,0xff,0xff,0x2b,0xff,0xfe,
  0xe9,0xff,0xfe,0xa8,0xff,0xf6,0x05,0xff,0xfd,0xe5,0xff,0xe4,0x65,0xff,0x59,0x82,
  0xff,0x39,0x02,0xff,0x7a,0x86,0xff,0x7a,0x86,0xff,0xbc,0x4a,0xff,0xbc,0x2a,0xff,
  0xbc,0x4b,0xff,0xcc,0xcb,0xff,0xb4,0x09,0xff,0xbc,0x29,0xff,0xbc,0x49,0xff,0x8a,
  0xe6,0xff,0x61,0xe3,0xff,0x61,0xe3,0xff,0x82,0xa4,0xff,0xa2,0xc3,0xff,0xd3,0x61,
  0xff,0xfd,0x24,0xff,0xfe,0x26,0xff,0xfe,0x69,0xff,0xfe,0xaa,0xff,0xfe,0x89,0xff,
  0xfe,0x89,0xff,0xfe,0x89,0xff,0xfe,0xcb,0xff,0xff,0x0c,0xff,0xfe,0xcb,0xff,0xfe,
  0xaa,0xff,0xfe,0xaa,0xff,0xfe,0xeb,0xff,0xfe,0xc7,0xff,0xf5,0x22,0xff,0xf5,0x22,
  0xff,0xfc,0xe1,0xff,0xf4,0xc3,0xff,0xaa,0xe4,0xff,0x82,0x65,0xff,0x7a,0x65,0xff,
  0x72,0x65,0xff,0x51,0x83,0xff,0x49,0x63,0xff,0x30,0xe2,0xff,0x30,0xe2,0xff,0x28,
  0xc2,0xff,0x18,0x82,0xff,0x31,0x23,0xff,0x72,0xa6,0xff,0x49,0x83,0xff,0x10,0x61,
  0xff,0x10,0x60,0xff,0x08,0x40,0xff,0x28,0xe2,0xff,0x28,0xe2,0xff,0x51,0xe5,0xff,
  0x6a,0x46,0xff,0x62,0x03,0xff,0xb4,0x29,0xff,0x5a,0x45,0xff,0x18,0x81,0xff,0x20,
  0xc2,0xff,0x18,0x61,0xff,0x18,0x61,0xff,0x28,0xe2,0xff,0x31,0x23,0xff,0x5a,0x04,
  0xff,0xdd,0xaf,0xff,0xe6,0x12,0xff,0xfe,0xb4,0xff,0xc4,0x29,0xff,0x40,0xc0,0xff,
  0xab,0xe9,0xff,0xab,0xe9,0xff,0xfe,0xb4,0xff,0xdd,0x4e,0xff,0xc4,0x2a,0xff,0xc4,
  0x29,0xff,0xc4,0x8a,0xff,0xab,0xea,0xff,0xb3,0xe9,0xff,0x92,0xc6,0xff,0x92,0xc5,
  0xff,0x92,0xc5,0xff,0x8a,0xc6,0xff,0x10,0x61,0xff,0x00,0x00,0xff,0x10,0xa2,0x00,
  0x21,0x03,0x00,0x19,0x03,0x00,0x18,0xe3,0x00,0x18,0xe3,0x00,0x18,0xe3,0x00,0x18,
  0xe4,0x00,0x18,0xe4,0x00,0x18,0xe4,0x00,0x19,0x04,0x00,0x21,0x03,0x00,0x21,0x03,
  0x00,0x19,0x04,0x00,0x19,0x04,0x00,0x19,0x04,0x00,0x19,0x04,0x00,0x19,0x04,0x00,
  0x19,0x04,0x00,0x19,0x04,0x00,0x21,0x04,0x00,0x21,0x04,0x00,0x19,0x04,0x00,0x19,
  0x04,0x00,0x19,0x04,0x00,0x19,0x04,0x00,0x19,0x04,0x00,0x18,0xe4,0x00,0x18,0xe4,
  0x00,0x19,0x04,0x00,0x19,0x04,0x00,0x19,0x04,0x00,0x19,0x04,0x00,0x18,0xe4,0x00,
  0x18,0xe4,0x00,0x18,0xe4,0x00,0x18,0xe4,0x00,0x18,0xe4,0x00,0x19,0x04,0x00,0x19,
  0x04,0x00,0x18,0xe4,0x00,0x18,0xe4,0x00,0x19,0x04,0x00,0x21,0x04,0x00,0x39,0x43,
  0x00,0x39,0x43,0x00,0x72,0x24,0x00,0xb3,0x65,0x00,0xc3,0xa5,0x00,0xa2,0xc4,0x00,
  0xab,0x05,0x00,0xb3,0x86,0x00,0x72,0x86,0x00,0x20,0xe3,0x00,0x20,0xe3,0x00,0x10,
  0xa3,0x00,0x41,0xc5,0xff,0x72,0xc7,0xff,0x59,0xe5,0xff,0x6a,0x46,0xff,0x31,0x23,
  0xff,0x00,0x22,0xff,0x39,0x64,0xff,0x5a,0x04,0xff,0x5a,0x04,0xff,0x20,0xa1,0x00,
  0x10,0x61,0xff,0x10,0x81,0x00,0x10,0x40,0xff,0x08,0x21,0xff,0x59,0xe4,0xff,0xb3,
  0x03,0xff,0xe3,0xc3,0xff,0xfc,0x84,0xff,0xfc,0x84,0xff,0xfd,0xe5,0xff,0xfe,0xe8,
  0xff,0xfe,0xa9,0xff,0xfe,0x6a,0xff,0xfe,0xeb,0xff,0xfe,0xeb,0xff,0xff,0x0c,0xff,
  0xfe,0xeb,0xff,0xfe,0xcb,0xff,0xfe,0xcb,0xff,0xff,0x2b,0xff,0xfe,0xc9,0xff,0xf5,
  0xe5,0xff,0xfd,0xa5,0xff,0xe4,0x24,0xff,0x51,0x22,0xff,0x30,0xc2,0xff,0x82,0x86,
  0xff,0x82,0x86,0xff,0xcc,0x8b,0xff,0xd5,0x0c,0xff,0xc4,0x8b,0xff,0xc4,0x4b,0xff,
  0xc4,0x8b,0xff,0xc4,0x8a,0xff,0x9b,0x47,0xff,0x72,0x44,0xff,0x6a,0x03,0xff,0x6a,
  0x03,0xff,0x72,0x44,0xff,0x71,0xc2,0xff,0xa2,0x82,0xff,0xec,0x42,0xff,0xf4,0xa2,
  0xff,0xf5,0x84,0xff,0xfe,0xc9,0xff,0xfe,0xa9,0xff,0xfe,0xa9,0xff,0xfe,0xcb,0xff,
  0xfe,0xcc,0xff,0xfe,0xcc,0xff,0xff,0x0c,0xff,0xff,0x2c,0xff,0xfe,0xca,0xff,0xfe,
  0x26,0xff,0xf5,0x02,0xff,0xf4,0xa1,0xff,0xf4,0xa1,0xff,0xec,0x21,0xff,0xba,0xe2,
  0xff,0x92,0x84,0xff,0x9b,0x25,0xff,0x8a,0xe5,0xff,0x82,0x85,0xff,0x6a,0x04,0xff,
  0x62,0x05,0xff,0x59,0xe4,0xff,0x59,0xe4,0xff,0x6a,0x65,0xff,0x51,0xc4,0xff,0x41,
  0x63,0xff,0x6a,0x45,0xff,0x41,0x63,0xff,0x08,0x20,0xff,0x10,0x81,0xff,0x08,0x20,
  0xff,0x20,0xc1,0xff,0x20,0xc1,0xff,0x51,0xc4,0xff,0x62,0x25,0xff,0x51,0xa3,0xff,
  0xab,0xc8,0xff,0x52,0x04,0xff,0x08,0x00,0xff,0x39,0x02,0xff,0x51,0x82,0xff,0x51,
  0x82,0xff,0x41,0x01,0xff,0x20,0x60,0xff,0x51,0xa3,0xff,0xe5,0xd0,0xff,0xdd,0xd1,
  0xff,0xf6,0x52,0xff,0xc4,0x09,0xff,0x40,0xa0,0xff,0x92,0xc5,0xff,0x92,0xc5,0xff,
  0xed,0x4c,0xff,0xd4,0x48,0xff,0xbb,0xa7,0xff,0xa3,0x05,0xff,0xab,0x87,0xff,0xb3,
  0xe8,0xff,0xab,0x66,0xff,0xa3,0x25,0xff,0x92,0x64,0xff,0x92,0x64,0xff,0x7a,0x04,
  0xff,0x10,0x41,0xff,0x00,0x20,0xff,0x18,0xc3,0x00,0x18,0xe3,0x00,0x18,0xe3,0x00,
  0x18,0xe3,0x00,0x18,0xe3,0x00,0x18,0xe3,0x00,0x18,0xe3,0x00,0x21,0x04,0x00,0x21,
  0x04,0x00,0x21,0x04,0x00,0x21,0x04,0x00,0x21,0x04,0x00,0x21,0x04,0x00,0x21,0x04,
  0x00,0x21,0x04,0x00,0x21,0x04,0x00,0x21,0x04,0x00,0x19,0x04,0x00,0x19,0x04,0x00,
  0x19,0x04,0x00,0x19,0x04,0x00,0x21,0x04,0x00,0x19,0x04,0x00,0x19,0x04,0x00,0x19,
  0x04,0x00,0x19,0x04,0x00,0x19,0x04,0x00,0x18,0xe4,0x00,0x18,0xe4,0x00,0x19,0x04,
  0x00,0x21,0x04,0x00,0x19,0x04,0x00,0x19,0x04,0x00,0x19,0x04,0x00,0x19,0x04,0x00,
  0x19,0x04,0x00,0x19,0x04,0x00,0x19,0x04,0x00,0x19,0x04,0x00,0x18,0xe3,0x00,0x18,
  0xe4,0x00,0x18,0xc3,0x00,0x21,0x23,0x00,0x62,0x86,0x00,0x62,0x86,0x00,0x49,0xa4,
  0x00,0x30,0xe2,0x00,0x49,0x83,0x00,0x49,0x83,0x00,0x51,0xc4,0x00,0x51,0xa4,0x00,
  0x39,0x43,0x00,0x18,0xc3,0x00,0x18,0xc3,0x00,0x18,0xe3,0x00,0x18,0xe3,0x00,0x49,
  0xc5,0xff,0x51,0xc5,0xff,0x62,0x46,0xff,0x49,0xe5,0xff,0x20,0xe3,0x00,0x41,0x84,
  0xff,0x51,0xe4,0xff,0x51,0xe4,0xff,0x28,0xc2,0x00,0x20,0xc2,0x00,0x18,0xa1,0x00,
  0x18,0xc1,0x00,0x10,0x41,0xff,0x29,0x22,0xff,0x61,0x61,0xff,0xd3,0x23,0xff,0xeb,
  0xe2,0xff,0xeb,0xe2,0xff,0xfd,0x64,0xff,0xfe,0xc6,0xff,0xfe,0xa9,0xff,0xfe,0xcb,
  0xff,0xfe,0xeb,0xff,0xfe,0xab,0xff,0xfe,0xcb,0xff,0xfe,0xeb,0xff,0xff,0x0b,0xff,
  0xff,0x0b,0xff,0xfe,0xea,0xff,0xfe,0xc8,0xff,0xfe,0x66,0xff,0xfd,0xe5,0xff,0xe4,
  0x03,0xff,0x59,0x42,0xff,0x41,0x23,0xff,0xab,0xe9,0xff,0xab,0xe9,0xff,0xc4,0x4a,
  0xff,0xc4,0x8b,0xff,0xb4,0x0a,0xff,0xb3,0xe9,0xff,0xab,0xa8,0xff,0xa3,0x87,0xff,
  0x7a,0x65,0xff,0x69,0xe3,0xff,0x8a,0xe6,0xff,0x8a,0xe6,0xff,0x82,0xc6,0xff,0x69,
  0xc3,0xff,0x8a,0xa4,0xff,0xc3,0x42,0xff,0xe3,0xe1,0xff,0xe3,0xe1,0xff,0xf4,0xe2,
  0xff,0xf5,0x63,0xff,0xf5,0x63,0xff,0xfe,0x87,0xff,0xfe,0x89,0xff,0xfe,0x89,0xff,
  0xfe,0x89,0xff,0xfe,0x88,0xff,0xfd,0x85,0xff,0xf4,0xe3,0xff,0xdb,0xc1,0xff,0xec,
  0x62,0xff,0xec,0x62,0xff,0xcb,0xc3,0xff,0x9a,0x83,0xff,0x9a,0xe5,0xff,0xa3,0x86,
  0xff,0x93,0x05,0xff,0x92,0xe5,0xff,0x9b,0x46,0xff,0x9b,0x47,0xff,0x93,0x47,0xff,
  0x93,0x47,0xff,0x9b,0xc8,0xff,0x7a,0x86,0xff,0x62,0x24,0xff,0x6a,0x65,0xff,0x39,
  0x43,0xff,0x08,0x40,0xff,0x10,0x81,0xff,0x08,0x40,0xff,0x20,0xc1,0xff,0x20,0xc1,
  0xff,0x49,0xa3,0xff,0x59,0xe4,0xff,0x41,0x62,0xff,0xab,0xa8,0xff,0x52,0x04,0xff,
  0x00,0x00,0xff,0x72,0x44,0xff,0xed,0x8a,0xff,0xed,0x8a,0xff,0xd4,0xa8,0xff,0xbb,
  0xc7,0xff,0xcc,0xaa,0xff,0xf6,0x51,0xff,0xdd,0xd1,0xff,0xf6,0x52,0xff,0xcc,0x89,
  0xff,0x40,0xe0,0xff,0x8a,0x63,0xff,0x8a,0x63,0xff,0xec,0xe8,0xff,0xdc,0x67,0xff,
  0xb3,0x24,0xff,0x82,0x22,0xff,0x82,0xa4,0xff,0x72,0x04,0xff,0x7a,0x64,0xff,0x8a,
  0xc4,0xff,0x92,0xa4,0xff,0x92,0xa4,0xff,0x9b,0x27,0xff,0x20,0xe2,0x00,0x00,0x20,
  0xff,0x18,0xc3,0x00,0x18,0xe3,0x00,0x18,0xe3,0x00,0x19,0x03,0x00,0x19,0x04,0x00,
  0x19,0x04,0x00,0x18,0xe4,0x00,0x19,0x04,0x00,0x19,0x04,0x00,0x21,0x04,0x00,0x21,
  0x04,0x00,0x21,0x04,0x00,0x21,0x04,0x00,0x21,0x04,0x00,0x21,0x04,0x00,0x21,0x04,
  0x00,0x21,0x04,0x00,0x19,0x04,0x00,0x19,0x04,0x00,0x19,0x04,0x00,0x21,0x04,0x00,
  0x21,0x04,0x00,0x19,0x04,0x00,0x19,0x04,0x00,0x19,0x04,0x00,0x19,0x04,0x00,0x19,
  0x04,0x00,0x19,0x04,0x00,0x18,0xe4,0x00,0x19,0x04,0x00,0x21,0x04,0x00,0x19,0x04,
  0x00,0x19,0x04,0x00,0x19,0x04,0x00,0x19,0x04,0x00,0x19,0x04,0x00,0x19,0x04,0x00,
  0x19,0x04,0x00,0x19,0x04,0x00,0x18,0xe3,0x00,0x21,0x04,0x00,0x18,0xe3,0x00,0x18,
  0xc3,0x00,0x20,0xe3,0x00,0x20,0xe3,0x00,0x20,0xe3,0x00,0x21,0x04,0x00,0x21,0x44,
  0x00,0x18,0xe3,0x00,0x18,0xe3,0x00,0x18,0xc3,0x00,0x21,0x04,0x00,0x18,0xe3,0x00,
  0x18,0xe3,0x00,0x18,0xc3,0x00,0x08,0x42,0xff,0x31,0x64,0xff,0x5a,0x46,0xff,0x6a,
  0x66,0xff,0x39,0x44,0xff,0x10,0x82,0x00,0x18,0xc2,0x00,0x31,0x22,0x00,0x31,0x22,
  0x00,0x28,0xe2,0x00,0x29,0x02,0x00,0x10,0x81,0x00,0x10,0x81,0x00,0x08,0x40,0xff,
  0x00,0x40,0xff,0x20,0x80,0xff,0xcb,0x04,0xff,0xdb,0x42,0xff,0xdb,0x42,0xff,0xdb,
  0xc1,0xff,0xfd,0x84,0xff,0xfe,0x88,0xff,0xff,0x0d,0xff,0xfe,0xed,0xff,0xfe,0xed,
  0xff,0xff,0x0c,0xff,0xfe,0xec,0xff,0xff,0x0c,0xff,0xff,0x0c,0xff,0xfe,0x89,0xff,
  0xfe,0xa7,0xff,0xfe,0x85,0xff,0xfd,0x43,0xff,0xc3,0x22,0xff,0x59,0x42,0xff,0x59,
  0x84,0xff,0xb4,0x09,0xff,0xb4,0x09,0xff,0xcc,0xab,0xff,0xcc,0x8b,0xff,0xb4,0x0a,
  0xff,0xb4,0x2a,0xff,0x93,0x06,0xff,0x8a,0xc5,0xff,0x8a,0xa5,0xff,0x9b,0x47,0xff,
  0x93,0x27,0xff,0x93,0x27,0xff,0x9b,0x67,0xff,0x82,0xa5,0xff,0x7a,0x64,0xff,0x82,
  0x03,0xff,0xb2,0xe2,0xff,0xcb,0x01,0xff,0xdb,0x20,0xff,0xec,0x00,0xff,0xec,0x00,
  0xff,0xf4,0xc1,0xff,0xf4,0xe2,0xff,0xf4,0xe2,0xff,0xf4,0xa2,0xff,0xf4,0xc3,0xff,
  0xdb,0xa2,0xff,0xd3,0xa3,0xff,0xb2,0xe3,0xff,0xab,0x04,0xff,0xab,0x04,0xff,0x92,
  0xe4,0xff,0x9b,0x05,0xff,0x92,0xa5,0xff,0x92,0xa5,0xff,0x9b,0x26,0xff,0xa3,0x87,
  0xff,0x9b,0x06,0xff,0xab,0x87,0xff,0xab,0x88,0xff,0xab,0x88,0xff,0xa3,0x48,0xff,
  0xab,0xc9,0xff,0x7a,0x85,0xff,0x59,0xe4,0xff,0x41,0xa4,0xff,0x10,0x40,0xff,0x10,
  0x41,0xff,0x10,0x61,0xff,0x18,0x80,0xff,0x18,0x80,0xff,0x41,0x43,0xff,0x51,0xc4,
  0xff,0x30,0xe1,0xff,0x9b,0x26,0xff,0x51,0xe4,0xff,0x00,0x00,0xff,0x6a,0x03,0xff,
  0xf5,0x89,0xff,0xf5,0x89,0xff,0xf5,0x28,0xff,0xfd,0xea,0xff,0xf5,0xec,0xff,0xed,
  0xae,0xff,0xe5,0xf1,0xff,0xf6,0x71,0xff,0xc4,0x08,0xff,0x38,0xa0,0xff,0x8a,0x43,
  0xff,0x8a,0x43,0xff,0xdc,0x47,0xff,0xc3,0x44,0xff,0xcb,0xe5,0xff,0xa3,0x44,0xff,
  0x82,0x84,0xff,0x61,0xa3,0xff,0x6a,0x24,0xff,0x59,0xa2,0xff,0x69,0xe2,0xff,0x69,
  0xe2,0xff,0x8a,0xa5,0xff,0x20,0xa1,0x00,0x00,0x21,0xff,0x18,0xe3,0x00,0x18,0xe3,
  0x00,0x18,0xe3,0x00,0x19,0x03,0x00,0x18,0xe3,0x00,0x18,0xe3,0x00,0x18,0xe3,0x00,
  0x18,0xe4,0x00,0x19,0x04,0x00,0x21,0x04,0x00,0x21,0x04,0x00,0x21,0x04,0x00,0x21,
  0x04,0x00,0x21,0x04,0x00,0x21,0x04,0x00,0x21,0x04,0x00,0x21,0x04,0x00,0x19,0x04,
  0x00,0x21,0x04,0x00,0x19,0x04,0x00,0x21,0x04,0x00,0x21,0x04,0x00,0x19,0x04,0x00,
  0x18,0xe4,0x00,0x19,0x04,0x00,0x19,0x04,0x00,0x19,0x04,0x00,0x19,0x04,0x00,0x19,
  0x04,0x00,0x19,0x04,0x00,0x19,0x04,0x00,0x19,0x04,0x00,0x19,0x04,0x00,0x19,0x04,
  0x00,0x19,0x04,0x00,0x21,0x04,0x00,0x21,0x04,0x00,0x19,0x04,0x00,0x21,0x04,0x00,
  0x18,0xe3,0x00,0x18,0xe3,0x00,0x18,0xe3,0x00,0x18,0xe3,0x00,0x10,0xc3,0x00,0x10,
  0xc3,0x00,0x10,0xc3,0x00,0x10,0xc3,0x00,0x10,0xc3,0x00,0x18,0xe3,0x00,0x21,0x44,
  0x00,0x21,0x04,0x00,0x21,0x24,0x00,0x18,0xc3,0x00,0x18,0xc3,0x00,0x21,0x03,0x00,
  0x19,0x03,0x00,0x41,0xc5,0xff,0x62,0x66,0xff,0x62,0x86,0xff,0x29,0x03,0xff,0x00,
  0x21,0xff,0x00,0x41,0xff,0x18,0xc2,0x00,0x18,0xc2,0x00,0x31,0x43,0x00,0x31,0x23,
  0x00,0x10,0x81,0x00,0x08,0x40,0xff,0x08,0x40,0xff,0x00,0x40,0xff,0x28,0xc1,0xff,
  0xcb,0x44,0xff,0xe3,0x63,0xff,0xe3,0x63,0xff,0xcb,0x21,0xff,0xfd,0x42,0xff,0xfe,
  0x45,0xff,0xfe,0x89,0xff,0xff,0x0c,0xff,0xff,0x2d,0xff,0xff,0x2e,0xff,0xfe,0xed,
  0xff,0xff,0x0b,0xff,0xff,0x0b,0xff,0xfe,0xc7,0xff,0xfe,0x64,0xff,0xfd,0x43,0xff,
  0xe4,0x02,0xff,0xaa,0xa2,0xff,0x51,0x63,0xff,0x9b,0x68,0xff,0xd4,0xec,0xff,0xd4,
  0xec,0xff,0xcc,0x8a,0xff,0xd4,0xec,0xff,0xcc,0xec,0xff,0xc4,0xab,0xff,0x9b,0x68,
  0xff,0x8a,0xc6,0xff,0x9b,0x47,0xff,0xab,0xc8,0xff,0x8a,0xc6,0xff,0x8a,0xc6,0xff,
  0xab,0xe9,0xff,0x9b,0x67,0xff,0x7a,0x65,0xff,0x72,0x44,0xff,0x7a,0x64,0xff,0x8a,
  0x02,0xff,0xc3,0x01,0xff,0xf4,0xa3,0xff,0xf4,0xa3,0xff,0xfd,0x03,0xff,0xfc,0xa2,
  0xff,0xfc,0xe3,0xff,0xf4,0xa3,0xff,0xfd,0x24,0xff,0xec,0x44,0xff,0xbb,0x44,0xff,
  0x82,0x23,0xff,0x72,0x04,0xff,0x72,0x04,0xff,0x7a,0x44,0xff,0xab,0xc7,0xff,0xab,
  0xa7,0xff,0xb3,0xe9,0xff,0xbc,0x2a,0xff,0xd5,0x0b,0xff,0xd4,0xcb,0xff,0xd4,0xcb,
  0xff,0xc4,0x4a,0xff,0xc4,0x4a,0xff,0xbc,0x0a,0xff,0xc4,0xab,0xff,0x82,0xc6,0xff,
  0x5a,0x25,0xff,0x41,0xc4,0xff,0x10,0x60,0xff,0x10,0x61,0xff,0x10,0x81,0xff,0x18,
  0x80,0xff,0x18,0x80,0xff,0x41,0x63,0xff,0x59,0xe5,0xff,0x31,0x02,0xff,0xa3,0x67,
  0xff,0x5a,0x04,0xff,0x00,0x00,0xff,0x72,0x64,0xff,0xf5,0x48,0xff,0xf5,0x48,0xff,
  0xe4,0x45,0xff,0xed,0x08,0xff,0xe4,0xe8,0xff,0xdc,0xea,0xff,0xe5,0xf0,0xff,0xf6,
  0x71,0xff,0xcc,0x69,0xff,0x50,0xe0,0xff,0xb3,0x65,0xff,0xb3,0x65,0xff,0xf5,0x49,
  0xff,0xd4,0x26,0xff,0xbb,0x85,0xff,0x9a,0xc4,0xff,0x92,0xc4,0xff,0x93,0x26,0xff,
  0x7a,0xe5,0xff,0x51,0x62,0xff,0x59,0xc3,0xff,0x59,0xc3,0xff,0x8a,0xc5,0xff,0x28,
  0xc2,0x00,0x00,0x21,0xff,0x21,0x03,0x00,0x19,0x03,0x00,0x19,0x03,0x00,0x18,0xe4,
  0x00,0x19,0x04,0x00,0x19,0x04,0x00,0x19,0x04,0x00,0x21,0x04,0x00,0x21,0x04,0x00,
  0x21,0x04,0x00,0x21,0x04,0x00,0x21,0x04,0x00,0x21,0x04,0x00,0x21,0x04,0x00,0x21,
  0x04,0x00,0x21,0x04,0x00,0x21,0x04,0x00,0x21,0x04,0x00,0x21,0x04,0x00,0x19,0x04,
  0x00,0x21,0x04,0x00,0x19,0x04,0x00,0x19,0x04,0x00,0x18,0xe4,0x00,0x19,0x04,0x00,
  0x19,0x04,0x00,0x19,0x04,0x00,0x19,0x04,0x00,0x19,0x04,0x00,0x19,0x04,0x00,0x19,
  0x04,0x00,0x19,0x04,0x00,0x19,0x04,0x00,0x19,0x04,0x00,0x19,0x04,0x00,0x21,0x04,
  0x00,0x21,0x04,0x00,0x21,0x04,0x00,0x21,0x04,0x00,0x19,0x03,0x00,0x18,0xc3,0x00,
  0x18,0xa2,0x00,0x18,0xc2,0x00,0x18,0xa2,0x00,0x18,0xa2,0x00,0x18,0xc2,0x00,0x18,
  0xa2,0x00,0x20,0xe2,0x00,0x18,0xa2,0x00,0x18,0xa2,0x00,0x20,0xc2,0x00,0x29,0x03,
  0x00,0x18,0xa2,0x00,0x18,0xa2,0x00,0x18,0xc3,0x00,0x18,0xc3,0x00,0x31,0x85,0xff,
  0x29,0x44,0xff,0x20,0xe3,0xff,0x18,0xc2,0xff,0x31,0x43,0xff,0x10,0x81,0xff,0x08,
  0x61,0xff,0x08,0x61,0xff,0x29,0x23,0x00,0x28,0xe2,0x00,0x18,0xa1,0x00,0x08,0x20,
  0xff,0x10,0x61,0xff,0x08,0x41,0xff,0x20,0xa1,0xff,0xb2,0xe4,0xff,0xc2,0xc3,0xff,
  0xc2,0xc3,0xff,0xa2,0x21,0xff,0xe4,0x22,0xff,0xf4,0x81,0xff,0xec,0xc2,0xff,0xfd,
  0xc4,0xff,0xf5,0xc5,0xff,0xfe,0x26,0xff,0xfd,0xc6,0xff,0xfd,0xe4,0xff,0xfd,0xe4,
  0xff,0xfd,0xc3,0xff,0xfd,0x22,0xff,0xcb,0x41,0xff,0xa2,0x81,0xff,0x82,0x23,0xff,
  0x40,0xe2,0xff,0xbc,0x6b,0xff,0xe5,0x8d,0xff,0xe5,0x8d,0xff,0xc4,0x6a,0xff,0xc4,
  0x8b,0xff,0xd4,0xec,0xff,0xc4,0x6b,0xff,0xab,0xe9,0xff,0xa3,0x88,0xff,0x9b,0x27,
  0xff,0x8a,0xa5,0xff,0x9b,0x88,0xff,0x9b,0x88,0xff,0xa3,0xa8,0xff,0x8a,0xc6,0xff,
  0x7a,0x45,0xff,0x82,0xe6,0xff,0x7a,0x86,0xff,0x61,0xa4,0xff,0x7a,0x23,0xff,0x92,
  0xa3,0xff,0x92,0xa3,0xff,0xb3,0x44,0xff,0xcb,0xe5,0xff,0xdc,0x86,0xff,0xd4,0x05,
  0xff,0xcc,0x05,0xff,0xb3,0x85,0xff,0x92,0xc5,0xff,0x69,0xe3,0xff,0x72,0x04,0xff,
  0x72,0x04,0xff,0x6a,0x04,0xff,0x8a,0xe5,0xff,0xa3,0x67,0xff,0xdd,0x4c,0xff,0xdd,
  0x6e,0xff,0xdd,0x6e,0xff,0xcc,0xec,0xff,0xcc,0xab,0xff,0xc4,0x6b,0xff,0xc4,0x6b,
  0xff,0xbc,0x4a,0xff,0xab,0xca,0xff,0x6a,0x46,0xff,0x31,0x23,0xff,0x20,0xc2,0xff,
  0x18,0xa1,0xff,0x10,0x61,0xff,0x10,0x41,0xff,0x18,0x81,0xff,0x18,0x81,0xff,0x41,
  0x84,0xff,0x5a,0x25,0xff,0x31,0x22,0xff,0x7a,0xc6,0xff,0x51,0xc4,0xff,0x00,0x00,
  0xff,0x51,0x83,0xff,0xdc,0x26,0xff,0xdc,0x26,0xff,0xdc,0x45,0xff,0xd4,0x05,0xff,
  0xb3,0x03,0xff,0xbb,0xa6,0xff,0xdd,0xd0,0xff,0xee,0x11,0xff,0xcc,0x8a,0xff,0x60,
  0xe0,0xff,0xc3,0x85,0xff,0xc3,0x85,0xff,0xfd,0xa8,0xff,0xdc,0x65,0xff,0xb3,0x04,
  0xff,0xab,0x65,0xff,0xa3,0x45,0xff,0x82,0x44,0xff,0x8a,0xe5,0xff,0x72,0x44,0xff,
  0x6a,0x03,0xff,0x6a,0x03,0xff,0x93,0x27,0xff,0x28,0xe2,0x00,0x08,0x41,0xff,0x20,
  0xe3,0x00,0x19,0x03,0x00,0x21,0x04,0x00,0x21,0x04,0x00,0x19,0x04,0x00,0x19,0x04,
  0x00,0x19,0x04,0x00,0x19,0x04,0x00,0x19,0x04,0x00,0x21,0x04,0x00,0x21,0x04,0x00,
  0x21,0x04,0x00,0x21,0x04,0x00,0x21,0x04,0x00,0x21,0x04,0x00,0x21,0x04,0x00,0x21,
  0x04,0x00,0x21,0x04,0x00,0x21,0x04,0x00,0x19,0x04,0x00,0x21,0x04,0x00,0x21,0x04,
  0x00,0x19,0x04,0x00,0x18,0xe4,0x00,0x19,0x04,0x00,0x19,0x04,0x00,0x19,0x04,0x00,
  0x19,0x04,0x00,0x19,0x04,0x00,0x19,0x04,0x00,0x19,0x04,0x00,0x19,0x04,0x00,0x19,
  0x04,0x00,0x19,0x04,0x00,0x19,0x04,0x00,0x21,0x04,0x00,0x21,0x04,0x00,0x21,0x04,
  0x00,0x21,0x04,0x00,0x39,0x64,0x00,0x8a,0xc5,0x00,0x9a,0xc4,0x00,0x9b,0x04,0x00,
  0x92,0xc4,0x00,0x92,0xc4,0x00,0x9b,0x05,0x00,0x9a,0xe4,0x00,0x9b,0x05,0x00,0x92,
  0xe5,0x00,0x9b,0x26,0x00,0xbb,0xe6,0x00,0xc4,0x26,0x00,0x9b,0x25,0x00,0x9b,0x25,
  0x00,0x51,0xa4,0x00,0x10,0x82,0x00,0x10,0xa2,0x00,0x08,0x61,0xff,0x00,0x21,0xff,
  0x18,0xc2,0xff,0x83,0x28,0xff,0x39,0x83,0xff,0x00,0x20,0xff,0x00,0x20,0xff,0x20,
  0xe2,0x00,0x29,0x23,0x00,0x20,0xc2,0x00,0x10,0x40,0xff,0x10,0x61,0xff,0x08,0x61,
  0xff,0x28,0xe1,0xff,0xa3,0x04,0xff,0xa2,0x83,0xff,0xa2,0x83,0xff,0x79,0xa2,0xff,
  0xaa,0xc2,0xff,0xec,0x22,0xff,0xec,0x01,0xff,0xe4,0x01,0xff,0xe4,0x01,0xff,0xf4,
  0xa2,0xff,0xfc,0xe2,0xff,0xfd,0x02,0xff,0xfd,0x02,0xff,0xec,0x42,0xff,0xcb,0x62,
  0xff,0x92,0x42,0xff,0x8a,0x42,0xff,0x72,0x03,0xff,0x38,0xe2,0xff,0xc4,0xcc,0xff,
  0xed,0xae,0xff,0xed,0xae,0xff,0xd4,0xec,0xff,0xcc,0xab,0xff,0xcc,0x8b,0xff,0xc4,
  0x8b,0xff,0xb4,0x29,0xff,0xb4,0x09,0xff,0x93,0x27,0xff,0x9b,0x68,0xff,0xac,0x29,
  0xff,0xac,0x29,0xff,0x9b,0x88,0xff,0x8a,0xe6,0xff,0x8a,0xc6,0xff,0x93,0x27,0xff,
  0x93,0x27,0xff,0x7a,0x86,0xff,0x6a,0x45,0xff,0x59,0xa3,0xff,0x59,0xa3,0xff,0x59,
  0xc4,0xff,0x59,0xa3,0xff,0x61,0xc3,0xff,0x61,0xc4,0xff,0x61,0xc3,0xff,0x69,0xe4,
  0xff,0x82,0x85,0xff,0x8a,0xc5,0xff,0x8a,0x85,0xff,0x8a,0x85,0xff,0x93,0x06,0xff,
  0xab,0xc9,0xff,0xab,0x68,0xff,0xbc,0x49,0xff,0x9b,0x68,0xff,0x6a,0x45,0xff,0x62,
  0x04,0xff,0xb4,0x0a,0xff,0xcc,0xab,0xff,0xcc,0xab,0xff,0xc4,0x8b,0xff,0xb3,0xea,
  0xff,0x62,0x26,0xff,0x18,0x81,0xff,0x18,0xa1,0xff,0x10,0x81,0xff,0x10,0x81,0xff,
  0x10,0x61,0xff,0x18,0x81,0xff,0x18,0x81,0xff,0x31,0x23,0xff,0x41,0xa4,0xff,0x29,
  0x02,0xff,0x41,0x43,0xff,0x39,0x43,0xff,0x00,0x00,0xff,0x51,0xa3,0xff,0xcc,0x26,
  0xff,0xcc,0x26,0xff,0xcc,0x04,0xff,0xcb,0xe5,0xff,0xab,0x44,0xff,0xc4,0x29,0xff,
  0xee,0xd6,0xff,0xf6,0xf6,0xff,0xed,0xee,0xff,0x71,0xc1,0xff,0xa3,0x04,0xff,0xa3,
  0x04,0xff,0xec,0xc6,0xff,0xcb,0x83,0xff,0xbb,0x64,0xff,0xab,0x65,0xff,0xb3,0xc6,
  0xff,0x82,0x64,0xff,0x9b,0x06,0xff,0x9b,0x87,0xff,0x49,0x63,0xff,0x49,0x63,0xff,
  0x30,0xe2,0x00,0x18,0xa2,0x00,0x18,0xe3,0x00,0x21,0x44,0x00,0x21,0x04,0x00,0x21,
  0x04,0x00,0x19,0x04,0x00,0x19,0x04,0x00,0x19,0x04,0x00,0x19,0x04,0x00,0x19,0x04,
  0x00,0x18,0xe4,0x00,0x21,0x04,0x00,0x21,0x04,0x00,0x21,0x04,0x00,0x21,0x04,0x00,
  0x21,0x04,0x00,0x21,0x04,0x00,0x21,0x04,0x00,0x21,0x04,0x00,0x21,0x04,0x00,0x21,
  0x04,0x00,0x19,0x04,0x00,0x21,0x04,0x00,0x21,0x04,0x00,0x19,0x04,0x00,0x19,0x04,
  0x00,0x18,0xe4,0x00,0x18,0xe4,0x00,0x19,0x04,0x00,0x19,0x04,0x00,0x19,0x04,0x00,
  0x19,0x04,0x00,0x19,0x04,0x00,0x19,0x04,0x00,0x19,0x04,0x00,0x21,0x04,0x00,0x21,
  0x04,0x00,0x19,0x04,0x00,0x21,0x04,0x00,0x19,0x04,0x00,0x21,0x04,0x00,0x41,0x84,
  0x00,0xc3,0xa6,0x00,0xcb,0x85,0x00,0xc3,0x85,0x00,0xbb,0x64,0x00,0xbb,0x64,0x00,
  0xc3,0xa5,0x00,0xc3,0x85,0x00,0xcb,0xa5,0x00,0xbb,0x65,0x00,0xe4,0x67,0x00,0xfd,
  0xc9,0x00,0xfd,0x68,0x00,0xe4,0x86,0x00,0xe4,0x86,0x00,0x7a,0x64,0x00,0x20,0xa2,
  0x00,0x08,0x61,0xff,0x08,0x82,0xff,0x08,0x41,0xff,0x08,0x61,0xff,0x5a,0x46,0xff,
  0x41,0xa4,0xff,0x00,0x00,0xff,0x00,0x00,0xff,0x20,0xc2,0x00,0x31,0x23,0x00,0x20,
  0xc2,0x00,0x10,0x40,0xff,0x10,0x61,0xff,0x00,0x20,0xff,0x20,0xc2,0xff,0x92,0xc5,
  0xff,0x82,0x03,0xff,0x82,0x03,0xff,0x69,0xa3,0xff,0x8a,0x63,0xff,0xb2,0xe2,0xff,
  0xc3,0x22,0xff,0xec,0x23,0xff,0xec,0x63,0xff,0xec,0x63,0xff,0xec,0x43,0xff,0xec,
  0x43,0xff,0xec,0x43,0xff,0xbb,0x23,0xff,0x92,0x63,0xff,0x82,0x43,0xff,0x9b,0x04,
  0xff,0x69,0xe3,0xff,0x20,0x61,0xff,0xbc,0x8c,0xff,0xed,0x8e,0xff,0xed,0x8e,0xff,
  0xcc,0xab,0xff,0xd5,0x0c,0xff,0xc4,0x8b,0xff,0xb3,0xe9,0xff,0xab,0xc9,0xff,0xac,
  0x09,0xff,0x93,0x07,0xff,0x9b,0x68,0xff,0xab,0xe9,0xff,0xab,0xe9,0xff,0x8a,0xe6,
  0xff,0x8a,0xc6,0xff,0x9b,0x88,0xff,0x8a,0xc6,0xff,0x8b,0x07,0xff,0x93,0x27,0xff,
  0x8b,0x06,0xff,0x8a,0xe7,0xff,0x8a,0xe7,0xff,0x8b,0x07,0xff,0x82,0xc7,0xff,0x8b,
  0x07,0xff,0x8b,0x07,0xff,0x9b,0x68,0xff,0xa3,0x48,0xff,0xb4,0x09,0xff,0xbc,0x28,
  0xff,0xb3,0xe9,0xff,0xb3,0xe9,0xff,0xdd,0x8e,0xff,0xed,0xf0,0xff,0xd4,0xcc,0xff,
  0x9b,0x06,0xff,0x61,0xc3,0xff,0x41,0x43,0xff,0x51,0xa3,0xff,0xb4,0x2a,0xff,0xc4,
  0x6b,0xff,0xc4,0x6b,0xff,0xab,0xa9,0xff,0xb4,0x0a,0xff,0x5a,0x25,0xff,0x18,0x81,
  0xff,0x18,0xa1,0xff,0x08,0x40,0xff,0x10,0x81,0xff,0x08,0x40,0xff,0x10,0x60,0xff,
  0x10,0x60,0xff,0x29,0x02,0xff,0x31,0x23,0xff,0x28,0xc2,0xff,0x39,0x23,0xff,0x39,
  0x63,0xff,0x00,0x00,0xff,0x49,0x83,0xff,0xcc,0x27,0xff,0xcc,0x27,0xff,0xb3,0x03,
  0xff,0xab,0x25,0xff,0xb3,0x86,0xff,0xcc,0xcc,0xff,0xf7,0x37,0xff,0xf7,0x16,0xff,
  0xed,0xce,0xff,0x79,0xe2,0xff,0x59,0x22,0xff,0x59,0x22,0xff,0x8a,0x43,0xff,0xb3,
  0x24,0xff,0xc3,0xa5,0xff,0x8a,0x02,0xff,0x8a,0x64,0xff,0x9a,0xc4,0xff,0xa3,0x05,
  0xff,0x59,0xa3,0xff,0x18,0xa1,0xff,0x18,0xa1,0xff,0x10,0x61,0xff,0x10,0x61,0x00,
  0x18,0xc2,0x00,0x21,0x03,0x00,0x29,0x24,0x00,0x29,0x24,0x00,0x21,0x04,0x00,0x21,
  0x04,0x00,0x21,0x04,0x00,0x18,0xe3,0x00,0x18,0xe3,0x00,0x18,0xe3,0x00,0x21,0x04,
  0x00,0x21,0x04,0x00,0x21,0x04,0x00,0x21,0x04,0x00,0x21,0x04,0x00,0x21,0x04,0x00,
  0x21,0x04,0x00,0x21,0x04,0x00,0x21,0x04,0x00,0x21,0x04,0x00,0x21,0x04,0x00,0x21,
  0x04,0x00,0x21,0x04,0x00,0x19,0x04,0x00,0x18,0xe4,0x00,0x18,0xe4,0x00,0x18,0xe4,
  0x00,0x18,0xe4,0x00,0x19,0x04,0x00,0x21,0x04,0x00,0x19,0x04,0x00,0x19,0x04,0x00,
  0x19,0x04,0x00,0x21,0x04,0x00,0x21,0x04,0x00,0x21,0x04,0x00,0x19,0x04,0x00,0x21,
  0x04,0x00,0x21,0x04,0x00,0x21,0x04,0x00,0x31,0x64,0x00,0x72,0x85,0x00,0x7a,0x64,
  0x00,0x82,0xa5,0x00,0x82,0xa5,0x00,0x82,0xa5,0x00,0x7a,0x85,0x00,0x72,0x24,0x00,
  0x72,0x45,0x00,0x62,0x04,0x00,0x8a,0xe5,0x00,0xbc,0x07,0x00,0xab,0x86,0x00,0x82,
  0x84,0x00,0x82,0x84,0x00,0x59,0xc4,0x00,0x20,0xc2,0x00,0x10,0xc2,0x00,0x00,0x21,
  0xff,0x08,0x41,0xff,0x08,0x41,0xff,0x29,0x23,0xff,0x29,0x02,0xff,0x00,0x21,0xff,
  0x00,0x21,0xff,0x20,0xe2,0x00,0x29,0x23,0x00,0x20,0xe2,0x00,0x10,0x61,0xff,0x10,
  0x81,0xff,0x08,0x40,0xff,0x29,0x02,0xff,0x9b,0x26,0xff,0x9b,0x06,0xff,0x9b,0x06,
  0xff,0x8a,0xc5,0xff,0x9b,0x25,0xff,0x9a,0xe4,0xff,0x9a,0xc4,0xff,0xab,0x64,0xff,
  0xab,0x24,0xff,0xb3,0x44,0xff,0xa2,0xc4,0xff,0x9a,0xe4,0xff,0x9a,0xe4,0xff,0x8a,
  0xa4,0xff,0x7a,0x24,0xff,0x72,0x24,0xff,0x8a,0xc4,0xff,0x7a,0x64,0xff,0x38,0xc1,
  0xff,0xb4,0x2b,0xff,0xed,0xce,0xff,0xed,0xce,0xff,0xd4,0xcb,0xff,0xd4,0xeb,0xff,
  0xc4,0x8a,0xff,0xb3,0xe9,0xff,0xab,0xc9,0xff,0xac,0x09,0xff,0xa3,0xc9,0xff,0xa3,
  0xa9,0xff,0x9b,0x68,0xff,0x9b,0x68,0xff,0x9b,0x47,0xff,0x9b,0x88,0xff,0x9b,0x88,
  0xff,0x9b,0x48,0xff,0x9b,0x47,0xff,0x9b,0x67,0xff,0x9b,0x27,0xff,0x93,0x27,0xff,
  0x93,0x27,0xff,0xa3,0x67,0xff,0xab,0xc8,0xff,0xb4,0x09,0xff,0xb3,0xe9,0xff,0xc4,
  0x6a,0xff,0xc4,0x49,0xff,0xc4,0x29,0xff,0xbc,0x29,0xff,0xc4,0x6b,0xff,0xc4,0x6b,
  0xff,0xe5,0xd0,0xff,0xf6,0xb3,0xff,0xed,0xef,0xff,0x9b,0x67,0xff,0x72,0x45,0xff,
  0x82,0xe7,0xff,0x8b,0x07,0xff,0xb4,0x0a,0xff,0xc4,0x6a,0xff,0xc4,0x6a,0xff,0xab,
  0xc9,0xff,0x9b,0x88,0xff,0x5a,0x25,0xff,0x21,0x02,0xff,0x18,0xa1,0xff,0x10,0x61,
  0xff,0x10,0x81,0xff,0x10,0x61,0xff,0x10,0x61,0xff,0x10,0x61,0xff,0x29,0x02,0xff,
  0x31,0x23,0xff,0x29,0x02,0xff,0x41,0x83,0xff,0x49,0xa4,0xff,0x00,0x00,0xff,0x5a,
  0x25,0xff,0xdd,0x0a,0xff,0xdd,0x0a,0xff,0xbb,0xc6,0xff,0xbb,0xc7,0xff,0xab,0x67,
  0xff,0xab,0xc8,0xff,0xc5,0x2d,0xff,0xd5,0x6e,0xff,0xbc,0x28,0xff,0x9a,0xc4,0xff,
  0x51,0x62,0xff,0x51,0x62,0xff,0x41,0x22,0xff,0x92,0xa4,0xff,0xdc,0x66,0xff,0xbb,
  0xa6,0xff,0xc3,0xe6,0xff,0xbb,0xa5,0xff,0xc4,0x06,0xff,0x51,0x83,0xff,0x10,0x61,
  0xff,0x10,0x61,0xff,0x10,0x81,0x00,0x10,0x61,0x00,0x18,0x81,0x00,0x18,0x60,0xff,
  0x10,0x61,0xff,0x18,0xc2,0x00,0x18,0xa2,0x00,0x21,0x03,0x00,0x21,0x03,0x00,0x21,
  0x04,0x00,0x18,0xe3,0x00,0x18,0xe3,0x00,0x21,0x04,0x00,0x21,0x04,0x00,0x21,0x04,
  0x00,0x21,0x04,0x00,0x21,0x04,0x00,0x21,0x04,0x00,0x21,0x04,0x00,0x21,0x04,0x00,
  0x21,0x04,0x00,0x21,0x04,0x00,0x21,0x04,0x00,0x21,0x04,0x00,0x21,0x04,0x00,0x19,
  0x04,0x00,0x18,0xe4,0x00,0x18,0xe4,0x00,0x18,0xe4,0x00,0x18,0xe4,0x00,0x19,0x04,
  0x00,0x21,0x04,0x00,0x19,0x04,0x00,0x19,0x04,0x00,0x19,0x04,0x00,0x21,0x04,0x00,
  0x21,0x04,0x00,0x21,0x04,0x00,0x21,0x04,0x00,0x21,0x04,0x00,0x21,0x04,0x00,0x21,
  0x04,0x00,0x31,0x64,0x00,0x72,0x85,0x00,0x7a,0x64,0x00,0x82,0xa5,0x00,0x82,0xa5,
  0x00,0x82,0xa5,0x00,0x7a,0x85,0x00,0x72,0x24,0x00,0x72,0x45,0x00,0x62,0x04,0x00,
  0x8a,0xe5,0x00,0xbc,0x07,0x00,0xab,0x86,0x00,0x82,0x84,0x00,0x82,0x84,0x00,0x59,
  0xc4,0x00,0x20,0xc2,0x00,0x10,0xc2,0x00,0x00,0x21,0xff,0x08,0x41,0xff,0x08,0x41,
  0xff,0x29,0x23,0xff,0x29,0x02,0xff,0x00,0x21,0xff,0x00,0x21,0xff,0x20,0xe2,0x00,
  0x29,0x23,0x00,0x20,0xe2,0x00,0x10,0x61,0xff,0x10,0x81,0xff,0x08,0x40,0xff,0x29,
  0x02,0xff,0x9b,0x26,0xff,0x9b,0x06,0xff,0x9b,0x06,0xff,0x8a,0xc5,0xff,0x9b,0x25,
  0xff,0x9a,0xe4,0xff,0x9a,0xc4,0xff,0xab,0x64,0xff,0xab,0x24,0xff,0xb3,0x44,0xff,
  0xa2,0xc4,0xff,0x9a,0xe4,0xff,0x9a,0xe4,0xff,0x8a,0xa4,0xff,0x7a,0x24,0xff,0x72,
  0x24,0xff,0x8a,0xc4,0xff,0x7a,0x64,0xff,0x38,0xc1,0xff,0xb4,0x2b,0xff,0xed,0xce,
  0xff,0xed,0xce,0xff,0xd4,0xcb,0xff,0xd4,0xeb,0xff,0xc4,0x8a,0xff,0xb3,0xe9,0xff,
  0xab,0xc9,0xff,0xac,0x09,0xff,0xa3,0xc9,0xff,0xa3,0xa9,0xff,0x9b,0x68,0xff,0x9b,
  0x68,0xff,0x9b,0x47,0xff,0x9b,0x88,0xff,0x9b,0x88,0xff,0x9b,0x48,0xff,0x9b,0x47,
  0xff,0x9b,0x67,0xff,0x9b,0x27,0xff,0x93,0x27,0xff,0x93,0x27,0xff,0xa3,0x67,0xff,
  0xab,0xc8,0xff,0xb4,0x09,0xff,0xb3,0xe9,0xff,0xc4,0x6a,0xff,0xc4,0x49,0xff,0xc4,
  0x29,0xff,0xbc,0x29,0xff,0xc4,0x6b,0xff,0xc4,0x6b,0xff,0xe5,0xd0,0xff,0xf6,0xb3,
  0xff,0xed,0xef,0xff,0x9b,0x67,0xff,0x72,0x45,0xff,0x82,0xe7,0xff,0x8b,0x07,0xff,
  0xb4,0x0a,0xff,0xc4,0x6a,0xff,0xc4,0x6a,0xff,0xab,0xc9,0xff,0x9b,0x88,0xff,0x5a,
  0x25,0xff,0x21,0x02,0xff,0x18,0xa1,0xff,0x10,0x61,0xff,0x10,0x81,0xff,0x10,0x61,
  0xff,0x10,0x61,0xff,0x10,0x61,0xff,0x29,0x02,0xff,0x31,0x23,0xff,0x29,0x02,0xff,
  0x41,0x83,0xff,0x49,0xa4,0xff,0x00,0x00,0xff,0x5a,0x25,0xff,0xdd,0x0a,0xff,0xdd,
  0x0a,0xff,0xbb,0xc6,0xff,0xbb,0xc7,0xff,0xab,0x67,0xff,0xab,0xc8,0xff,0xc5,0x2d,
  0xff,0xd5,0x6e,0xff,0xbc,0x28,0xff,0x9a,0xc4,0xff,0x51,0x62,0xff,0x51,0x62,0xff,
  0x41,0x22,0xff,0x92,0xa4,0xff,0xdc,0x66,0xff,0xbb,0xa6,0xff,0xc3,0xe6,0xff,0xbb,
  0xa5,0xff,0xc4,0x06,0xff,0x51,0x83,0xff,0x10,0x61,0xff,0x10,0x61,0xff,0x10,0x81,
  0x00,0x10,0x61,0x00,0x18,0x81,0x00,0x18,0x60,0xff,0x10,0x61,0xff,0x18,0xc2,0x00,
  0x18,0xa2,0x00,0x21,0x03,0x00,0x21,0x03,0x00,0x21,0x04,0x00,0x18,0xe3,0x00,0x18,
  0xe3,0x00,0x21,0x04,0x00,0x21,0x04,0x00,0x21,0x04,0x00,0x21,0x04,0x00,0x21,0x04,
  0x00,0x21,0x04,0x00,0x21,0x04,0x00,0x21,0x04,0x00,0x21,0x04,0x00,0x21,0x04,0x00,
  0x21,0x04,0x00,0x21,0x04,0x00,0x21,0x04,0x00,0x19,0x04,0x00,0x18,0xe4,0x00,0x18,
  0xe4,0x00,0x18,0xe4,0x00,0x18,0xe4,0x00,0x19,0x04,0x00,0x21,0x04,0x00,0x19,0x04,
  0x00,0x19,0x04,0x00,0x19,0x04,0x00,0x21,0x04,0x00,0x21,0x04,0x00,0x21,0x04,0x00,
  0x21,0x04,0x00,0x21,0x04,0x00,0x21,0x04,0x00,0x21,0x04,0x00,0x19,0x04,0x00,0x18,
  0xe3,0x00,0x18,0xc3,0x00,0x18,0xe3,0x00,0x18,0xc3,0x00,0x18,0xc3,0x00,0x10,0xc3,
  0x00,0x10,0xa3,0x00,0x10,0xc3,0x00,0x08,0xa3,0x00,0x08,0x82,0x00,0x10,0xa3,0x00,
  0x18,0xc3,0x00,0x10,0x82,0x00,0x10,0x82,0x00,0x18,0xc3,0x00,0x18,0xc2,0x00,0x10,
  0xa2,0x00,0x10,0x82,0x00,0x31,0x43,0x00,0x31,0x43,0x00,0x31,0x64,0xff,0x18,0x81,
  0xff,0x08,0x41,0xff,0x08,0x41,0xff,0x18,0xa2,0x00,0x28,0xe2,0x00,0x29,0x02,0x00,
  0x10,0x61,0xff,0x08,0x41,0xff,0x00,0x20,0xff,0x28,0xc2,0xff,0x9b,0x27,0xff,0xab,
  0x47,0xff,0xab,0x47,0xff,0xa3,0x67,0xff,0x8a,0xc5,0xff,0x7a,0xa5,0xff,0x72,0x45,
  0xff,0x6a,0x24,0xff,0x6a,0x25,0xff,0x72,0x45,0xff,0x72,0x45,0xff,0x72,0x45,0xff,
  0x72,0x45,0xff,0x61,0xe4,0xff,0x61,0xe4,0xff,0x59,0x83,0xff,0x39,0x01,0xff,0x59,
  0xc3,0xff,0x9b,0x69,0xff,0xbc,0x4a,0xff,0xdd,0x2c,0xff,0xdd,0x2c,0xff,0xd4,0xcb,
  0xff,0xbc,0x2a,0xff,0xc4,0x6a,0xff,0xbc,0x2a,0xff,0xa3,0xa9,0xff,0x9b,0x68,0xff,
  0xa3,0xa8,0xff,0xa3,0xc9,0xff,0x8b,0x07,0xff,0x8b,0x07,0xff,0x93,0x47,0xff,0xab,
  0xe9,0xff,0x9b,0x48,0xff,0x93,0x07,0xff,0x9b,0x88,0xff,0x93,0x07,0xff,0xa3,0x48,
  0xff,0xb4,0x09,0xff,0xb4,0x09,0xff,0xb4,0x2a,0xff,0xab,0xc9,0xff,0xb3,0xe9,0xff,
  0xbc,0x2a,0xff,0xbc,0x2a,0xff,0xc4,0x8b,0xff,0xc4,0x2a,0xff,0xbb,0xe9,0xff,0xdd,
  0x4e,0xff,0xdd,0x4e,0xff,0xe5,0xd0,0xff,0xe5,0xd0,0xff,0xbc,0x2a,0xff,0x8a,0x85,
  0xff,0x8a,0xc6,0xff,0xab,0xe9,0xff,0x93,0x07,0xff,0x9b,0x28,0xff,0xb4,0x09,0xff,
  0xb4,0x09,0xff,0xab,0xc9,0xff,0x82,0xa7,0xff,0x5a,0x25,0xff,0x18,0x81,0xff,0x10,
  0x81,0xff,0x10,0x81,0xff,0x10,0x61,0xff,0x10,0x61,0xff,0x10,0x60,0xff,0x10,0x60,
  0xff,0x28,0xe2,0xff,0x39,0x63,0xff,0x28,0xe2,0xff,0x30,0xe2,0xff,0x51,0xe5,0xff,
  0x08,0x20,0xff,0x28,0xe2,0xff,0x82,0xe6,0xff,0x82,0xe6,0xff,0x9b,0x47,0xff,0xa3,
  0x87,0xff,0x92,0xc6,0xff,0x93,0x27,0xff,0x82,0xc6,0xff,0x93,0x27,0xff,0x8a,0xa5,
  0xff,0xab,0x46,0xff,0x72,0x04,0xff,0x72,0x04,0xff,0x18,0x41,0xff,0x51,0x83,0xff,
  0xcc,0x87,0xff,0xd4,0x66,0xff,0xbc,0x07,0xff,0x61,0xc3,0xff,0xab,0x24,0xff,0xab,
  0xa8,0xff,0x18,0x81,0x00,0x18,0x81,0x00,0x18,0x81,0x00,0x6a,0x65,0xff,0x9b,0xa7,
  0xff,0x72,0x44,0xff,0x28,0x60,0xff,0x28,0xa1,0x00,0x08,0x20,0xff,0x10,0x61,0xff,
  0x10,0x61,0xff,0x10,0x82,0x00,0x18,0xe3,0x00,0x18,0xe3,0x00,0x18,0xe3,0x00,0x21,
  0x04,0x00,0x21,0x04,0x00,0x21,0x04,0x00,0x21,0x04,0x00,0x21,0x04,0x00,0x21,0x04,
  0x00,0x21,0x04,0x00,0x21,0x04,0x00,0x21,0x04,0x00,0x21,0x04,0x00,0x21,0x04,0x00,
  0x19,0x04,0x00,0x19,0x04,0x00,0x18,0xe4,0x00,0x18,0xe4,0x00,0x18,0xe4,0x00,0x19,
  0x04,0x00,0x19,0x04,0x00,0x21,0x04,0x00,0x21,0x04,0x00,0x21,0x04,0x00,0x19,0x04,
  0x00,0x21,0x04,0x00,0x19,0x04,0x00,0x19,0x04,0x00,0x19,0x04,0x00,0x21,0x04,0x00,
  0x21,0x04,0x00,0x19,0x04,0x00,0x21,0x24,0x00,0x21,0x04,0x00,0x21,0x04,0x00,0x19,
  0x04,0x00,0x18,0xe4,0x00,0x18,0xe4,0x00,0x21,0x24,0x00,0x19,0x04,0x00,0x10,0xc4,
  0x00,0x10,0x83,0x00,0x10,0xa3,0x00,0x10,0x82,0x00,0x18,0xe3,0x00,0x18,0xa2,0x00,
  0x18,0xa2,0x00,0x18,0xc2,0x00,0x18,0xa2,0x00,0x08,0x61,0x00,0x29,0x23,0x00,0x62,
  0x45,0xff,0x62,0x25,0xff,0x52,0x05,0xff,0x39,0x63,0xff,0x10,0xa2,0xff,0x10,0xa2,
  0xff,0x10,0x61,0xff,0x29,0x03,0x00,0x29,0x02,0x00,0x10,0x61,0xff,0x10,0x61,0xff,
  0x08,0x20,0xff,0x39,0x43,0xff,0xc4,0xac,0xff,0xcc,0x4a,0xff,0xcc,0x4a,0xff,0xc4,
  0x8a,0xff,0x9b,0x67,0xff,0x82,0xa6,0xff,0x61,0xe4,0xff,0x59,0xe4,0xff,0x59,0xc4,
  0xff,0x62,0x45,0xff,0x59,0xc4,0xff,0x62,0x04,0xff,0x62,0x04,0xff,0x72,0x65,0xff,
  0xab,0xe9,0xff,0x82,0xc6,0xff,0x18,0x60,0xff,0x41,0x83,0xff,0xed,0xd0,0xff,0xd4,
  0xec,0xff,0xc4,0x6a,0xff,0xc4,0x6a,0xff,0xc4,0x4a,0xff,0xb3,0xa9,0xff,0xbc,0x2a,
  0xff,0xbc,0x4a,0xff,0xa3,0xa9,0xff,0xa3,0x89,0xff,0xab,0xe9,0xff,0xa3,0xc9,0xff,
  0x82,0xc6,0xff,0x82,0xc6,0xff,0x93,0x47,0xff,0xab,0xc9,0xff,0xab,0xea,0xff,0xa3,
  0x88,0xff,0xa3,0xc8,0xff,0xa3,0xa8,0xff,0xb3,0xe9,0xff,0xbc,0x2a,0xff,0xbc,0x2a,
  0xff,0xc4,0x6b,0xff,0xc4,0x6b,0xff,0xc4,0x6b,0xff,0xcc,0xac,0xff,0xcc,0xac,0xff,
  0xc4,0x6b,0xff,0xcc,0x8b,0xff,0xcc,0xab,0xff,0xdd,0x4d,0xff,0xdd,0x4d,0xff,0xe5,
  0xaf,0xff,0xc4,0x6b,0xff,0x9b,0x47,0xff,0xa3,0x68,0xff,0xab,0x88,0xff,0xac,0x29,
  0xff,0x8b,0x06,0xff,0xa3,0xa9,0xff,0xbc,0x8b,0xff,0xbc,0x8b,0xff,0x9b,0x88,0xff,
  0x83,0x07,0xff,0x72,0xe7,0xff,0x18,0xa1,0xff,0x10,0x81,0xff,0x10,0x81,0xff,0x10,
  0x61,0xff,0x10,0x61,0xff,0x10,0x61,0xff,0x10,0x61,0xff,0x29,0x02,0xff,0x39,0x63,
  0xff,0x29,0x02,0xff,0x29,0x02,0xff,0x52,0x05,0xff,0x18,0xa1,0xff,0x00,0x20,0xff,
  0x18,0x81,0xff,0x18,0x81,0xff,0x51,0xc4,0xff,0x83,0x27,0xff,0x8b,0x27,0xff,0x8b,
  0x47,0xff,0x7a,0x86,0xff,0x7a,0xa7,0xff,0x8a,0xe6,0xff,0xa3,0x67,0xff,0x8a,0x85,
  0xff,0x8a,0x85,0xff,0x31,0x03,0xff,0x29,0x03,0xff,0x51,0xe4,0xff,0x41,0x22,0xff,
  0x20,0xa2,0xff,0x18,0x40,0xff,0xb3,0xa7,0xff,0xcc,0x89,0xff,0x28,0xc1,0x00,0x28,
  0xc1,0x00,0x39,0x23,0x00,0x8a,0xa5,0xff,0x9b,0x04,0xff,0xa3,0x25,0xff,0x8a,0x63,
  0xff,0x92,0xe5,0xff,0x7a,0x84,0xff,0x41,0x21,0xff,0x41,0x21,0xff,0x00,0x00,0xff,
  0x10,0xa3,0x00,0x18,0xc3,0x00,0x21,0x03,0x00,0x20,0xe3,0x00,0x21,0x04,0x00,0x21,
  0x04,0x00,0x21,0x04,0x00,0x21,0x04,0x00,0x21,0x04,0x00,0x21,0x04,0x00,0x21,0x04,
  0x00,0x21,0x04,0x00,0x21,0x04,0x00,0x21,0x04,0x00,0x19,0x04,0x00,0x19,0x04,0x00,
  0x19,0x04,0x00,0x19,0x04,0x00,0x19,0x04,0x00,0x19,0x04,0x00,0x19,0x04,0x00,0x21,
  0x04,0x00,0x21,0x04,0x00,0x21,0x04,0x00,0x19,0x04,0x00,0x21,0x04,0x00,0x21,0x04,
  0x00,0x21,0x04,0x00,0x19,0x04,0x00,0x19,0x04,0x00,0x19,0x04,0x00,0x19,0x04,0x00,
  0x21,0x04,0x00,0x21,0x04,0x00,0x21,0x04,0x00,0x21,0x04,0x00,0x21,0x04,0x00,0x21,
  0x04,0x00,0x21,0x04,0x00,0x20,0xe3,0x00,0x28,0xe3,0x00,0x41,0x63,0x00,0x51,0xc3,
  0x00,0x41,0x63,0x00,0x31,0x23,0x00,0x31,0x43,0x00,0x31,0x43,0x00,0x31,0x64,0x00,
  0x18,0xc2,0x00,0x08,0x61,0x00,0x10,0xc2,0x00,0x62,0x25,0xff,0x59,0xc4,0xff,0x49,
  0x63,0xff,0x49,0xc4,0xff,0x10,0x81,0xff,0x10,0x81,0xff,0x00,0x21,0xff,0x29,0x02,
  0x00,0x29,0x02,0x00,0x10,0x81,0x00,0x10,0x61,0xff,0x00,0x00,0xff,0x41,0x63,0xff,
  0xe5,0xaf,0xff,0xdd,0x2d,0xff,0xdd,0x2d,0xff,0xcc,0x8a,0xff,0xbc,0x4a,0xff,0xb4,
  0x29,0xff,0x9b,0x88,0xff,0x93,0x68,0xff,0x82,0xc7,0xff,0x8b,0x27,0xff,0x8b,0x07,
  0xff,0x93,0x48,0xff,0x93,0x48,0xff,0x93,0x48,0xff,0xd4,0xec,0xff,0xb4,0x4a,0xff,
  0x18,0x81,0xff,0x39,0x22,0xff,0xe5,0xaf,0xff,0xdd,0x4d,0xff,0xb3,0xe9,0xff,0xb3,
  0xe9,0xff,0xb3,0xe9,0xff,0xb4,0x09,0xff,0xab,0xa9,0xff,0xab,0xea,0xff,0xa3,0xa9,
  0xff,0xac,0x09,0xff,0x9b,0x88,0xff,0x7a,0x86,0xff,0x7a,0xc6,0xff,0x7a,0xc6,0xff,
  0x7a,0xa6,0xff,0x72,0x45,0xff,0xab,0xe9,0xff,0xb4,0x2a,0xff,0x93,0x47,0xff,0x9b,
  0x47,0xff,0xc4,0x6b,0xff,0xc4,0x8b,0xff,0xc4,0x8b,0xff,0xbc,0x4b,0xff,0xc4,0x6a,
  0xff,0xcc,0xcb,0xff,0xc4,0x6b,0xff,0xc4,0x8b,0xff,0xc4,0x4a,0xff,0xc4,0x8a,0xff,
  0xcc,0x8a,0xff,0xc4,0x4a,0xff,0xc4,0x4a,0xff,0xcc,0xaa,0xff,0xc4,0x49,0xff,0xb3,
  0xc8,0xff,0xc4,0x8a,0xff,0xab,0xa9,0xff,0x9b,0x48,0xff,0x93,0x27,0xff,0x93,0x47,
  0xff,0xb4,0x2a,0xff,0xb4,0x2a,0xff,0x8b,0x48,0xff,0x5a,0x25,0xff,0x5a,0x46,0xff,
  0x29,0x23,0xff,0x10,0x61,0xff,0x10,0x81,0xff,0x10,0x81,0xff,0x08,0x40,0xff,0x10,
  0x61,0xff,0x10,0x61,0xff,0x28,0xe2,0xff,0x31,0x23,0xff,0x29,0x02,0xff,0x29,0x02,
  0xff,0x41,0x83,0xff,0x18,0x81,0xff,0x00,0x00,0xff,0x00,0x21,0xff,0x00,0x21,0xff,
  0x39,0x64,0xff,0x62,0x65,0xff,0x72,0x86,0xff,0x7a,0xc6,0xff,0x72,0xa6,0xff,0x7a,
  0xc7,0xff,0x72,0x66,0xff,0x7a,0x45,0xff,0x9a,0xe5,0xff,0x9a,0xe5,0xff,0x72,0x85,
  0xff,0x29,0x23,0xff,0x20,0xa2,0xff,0x38,0xe2,0xff,0x59,0x83,0xff,0xa3,0x47,0xff,
  0xbb,0xc7,0xff,0x49,0x42,0xff,0x28,0xc2,0x00,0x28,0xc2,0x00,0x49,0xa4,0xff,0x59,
  0xa3,0xff,0x49,0x22,0xff,0x72,0x43,0xff,0x8a,0xa4,0xff,0x82,0x44,0xff,0x92,0xe6,
  0xff,0x92,0xa4,0xff,0x92,0xa4,0xff,0x38,0xe1,0xff,0x08,0x20,0xff,0x00,0x21,0xff,
  0x10,0xc2,0x00,0x18,0xe3,0x00,0x21,0x04,0x00,0x21,0x04,0x00,0x21,0x04,0x00,0x21,
  0x04,0x00,0x21,0x04,0x00,0x21,0x04,0x00,0x21,0x04,0x00,0x21,0x04,0x00,0x21,0x04,
  0x00,0x19,0x04,0x00,0x19,0x04,0x00,0x18,0xe4,0x00,0x18,0xe4,0x00,0x19,0x04,0x00,
  0x19,0x04,0x00,0x19,0x04,0x00,0x19,0x04,0x00,0x21,0x04,0x00,0x21,0x04,0x00,0x21,
  0x04,0x00,0x21,0x04,0x00,0x21,0x04,0x00,0x21,0x04,0x00,0x21,0x04,0x00,0x19,0x04,
  0x00,0x19,0x04,0x00,0x19,0x04,0x00,0x19,0x04,0x00,0x19,0x04,0x00,0x21,0x04,0x00,
  0x21,0x04,0x00,0x21,0x04,0x00,0x19,0x04,0x00,0x19,0x04,0x00,0x18,0xe4,0x00,0x18,
  0xc3,0x00,0x41,0x83,0x00,0xa3,0x65,0x00,0xb3,0xa5,0x00,0x8a,0xe5,0x00,0x41,0x63,
  0x00,0x39,0x83,0x00,0x39,0x83,0x00,0x49,0xc4,0x00,0x29,0x03,0x00,0x10,0xc3,0x00,
  0x00,0x41,0xff,0x31,0x23,0xff,0x62,0x25,0xff,0x49,0xc4,0xff,0x39,0x64,0xff,0x29,
  0x03,0xff,0x29,0x03,0xff,0x08,0x81,0xff,0x20,0xe2,0x00,0x28,0xe2,0x00,0x18,0xa1,
  0x00,0x10,0x81,0x00,0x08,0x20,0xff,0x41,0x64,0xff,0xbc,0xce,0xff,0x9b,0x89,0xff,
  0x9b,0x89,0xff,0xc4,0x6b,0xff,0xcc,0xab,0xff,0xcc,0xcb,0xff,0xc4,0x6b,0xff,0xc4,
  0xab,0xff,0xbc,0x6b,0xff,0xc4,0x6b,0xff,0xbc,0x4b,0xff,0xbc,0x8b,0xff,0xbc,0x8b,
  0xff,0xbc,0x8b,0xff,0x8b,0x27,0xff,0x7a,0xa6,0xff,0x30,0xe2,0xff,0x39,0x02,0xff,
  0xe5,0xaf,0xff,0xe5,0x6e,0xff,0xc4,0x4a,0xff,0xc4,0x4a,0xff,0xbc,0x2a,0xff,0xbc,
  0x6a,0xff,0xa3,0xc9,0xff,0xa3,0xc9,0xff,0xa3,0xc9,0xff,0x9b,0x88,0xff,0x82,0xc7,
  0xff,0x7a,0xa6,0xff,0x8b,0x47,0xff,0x8b,0x47,0xff,0x72,0x86,0xff,0x6a,0x24,0xff,
  0x8b,0x27,0xff,0xb4,0x2a,0xff,0xa3,0x68,0xff,0x62,0x04,0xff,0x9b,0x88,0xff,0xbc,
  0x6b,0xff,0xbc,0x6b,0xff,0xdd,0x2d,0xff,0xd4,0xec,0xff,0xd4,0xec,0xff,0xcc,0xcc,
  0xff,0xd4,0xec,0xff,0xd4,0xec,0xff,0xd4,0xeb,0xff,0xcc,0xab,0xff,0xd4,0xab,0xff,
  0xd4,0xab,0xff,0xc4,0x49,0xff,0xc4,0x49,0xff,0xc4,0x6a,0xff,0xc4,0xab,0xff,0xb4,
  0x2a,0xff,0xab,0xca,0xff,0xa3,0xc9,0xff,0x8b,0x07,0xff,0xa3,0xc9,0xff,0xa3,0xc9,
  0xff,0x7a,0xc6,0xff,0x18,0x61,0xff,0x31,0x23,0xff,0x31,0x23,0xff,0x10,0x61,0xff,
  0x18,0xa1,0xff,0x18,0x81,0xff,0x10,0x61,0xff,0x10,0x61,0xff,0x10,0x61,0xff,0x20,
  0xe2,0xff,0x31,0x23,0xff,0x28,0xe2,0xff,0x28,0xe2,0xff,0x29,0x02,0xff,0x20,0xa1,
  0xff,0x08,0x20,0xff,0x18,0xa1,0xff,0x18,0xa1,0xff,0x52,0x25,0xff,0x62,0x25,0xff,
  0x51,0x84,0xff,0x61,0xe5,0xff,0x6a,0x45,0xff,0x82,0xe7,0xff,0x72,0x86,0xff,0x7a,
  0xa5,0xff,0x93,0x26,0xff,0x93,0x26,0xff,0x72,0x24,0xff,0x38,0xe2,0xff,0x51,0x63,
  0xff,0xb4,0x06,0xff,0xed,0x6a,0xff,0xab,0x66,0xff,0x28,0xa1,0xff,0x28,0xe3,0xff,
  0x41,0x63,0xff,0x41,0x63,0xff,0x39,0x23,0xff,0x41,0x63,0xff,0x39,0x02,0xff,0x41,
  0x63,0xff,0x41,0x62,0xff,0x59,0xe4,0xff,0x59,0x42,0xff,0x8a,0xc5,0xff,0x8a,0xc5,
  0xff,0x82,0x64,0xff,0x49,0x22,0xff,0x41,0x63,0xff,0x10,0x40,0xff,0x10,0x62,0x00,
  0x21,0x24,0x00,0x21,0x04,0x00,0x21,0x04,0x00,0x21,0x04,0x00,0x21,0x04,0x00,0x21,
  0x04,0x00,0x21,0x04,0x00,0x21,0x04,0x00,0x21,0x04,0x00,0x19,0x04,0x00,0x18,0xe4,
  0x00,0x18,0xe4,0x00,0x19,0x04,0x00,0x19,0x04,0x00,0x19,0x04,0x00,0x21,0x04,0x00,
  0x21,0x04,0x00,0x19,0x04,0x00,0x19,0x04,0x00,0x19,0x04,0x00,0x19,0x04,0x00,0x21,
  0x04,0x00,0x21,0x04,0x00,0x21,0x04,0x00,0x19,0x04,0x00,0x19,0x04,0x00,0x19,0x04,
  0x00,0x19,0x04,0x00,0x19,0x04,0x00,0x19,0x04,0x00,0x21,0x04,0x00,0x21,0x04,0x00,
  0x21,0x04,0x00,0x21,0x04,0x00,0x21,0x04,0x00,0x18,0xe4,0x00,0x18,0xe3,0x00,0x41,
  0x84,0x00,0x51,0xe4,0x00,0x49,0xa3,0x00,0x29,0x04,0x00,0x29,0x03,0x00,0x29,0x03,
  0x00,0x31,0x44,0x00,0x31,0x44,0x00,0x21,0x23,0x00,0x00,0x41,0xff,0x00,0x41,0xff,
  0x41,0xa4,0xff,0x41,0x84,0xff,0x28,0xc3,0xff,0x31,0x43,0xff,0x31,0x43,0xff,0x08,
  0x61,0xff,0x10,0x61,0x00,0x29,0x02,0x00,0x20,0xc2,0x00,0x18,0x81,0x00,0x08,0x20,
  0xff,0x28,0xe3,0xff,0x41,0x63,0xff,0x30,0xa2,0xff,0x30,0xa2,0xff,0xbc,0x6b,0xff,
  0xc4,0xab,0xff,0xbc,0x2a,0xff,0xbc,0x2a,0xff,0xbc,0x4b,0xff,0xc4,0x6b,0xff,0xc4,
  0x8b,0xff,0xb4,0x0b,0xff,0xbc,0x6b,0xff,0xbc,0x6b,0xff,0xcd,0x2d,0xff,0x59,0xe4,
  0xff,0x28,0xc1,0xff,0x7a,0xc6,0xff,0x7a,0x65,0xff,0xdd,0x6e,0xff,0xed,0x6e,0xff,
  0xdd,0x2c,0xff,0xdd,0x2c,0xff,0xbc,0x2a,0xff,0xb4,0x0a,0xff,0xb4,0x09,0xff,0xab,
  0xe9,0xff,0xab,0xe9,0xff,0xa3,0xc8,0xff,0x7a,0xa6,0xff,0x6a,0x25,0xff,0x61,0xe4,
  0xff,0x61,0xe4,0xff,0x8b,0x27,0xff,0x7a,0xa6,0xff,0x41,0x22,0xff,0x7a,0xa6,0xff,
  0xb4,0x0a,0xff,0x93,0x47,0xff,0x59,0xc3,0xff,0x59,0xc3,0xff,0x59,0xc3,0xff,0x7a,
  0xa5,0xff,0x82,0xc6,0xff,0x9b,0xa9,0xff,0xa3,0xca,0xff,0xa3,0xea,0xff,0xa3,0xca,
  0xff,0xac,0x2a,0xff,0xac,0x0a,0xff,0xbc,0x4a,0xff,0xbc,0x4a,0xff,0xbc,0x2a,0xff,
  0xcc,0xcb,0xff,0xbc,0x2a,0xff,0xb3,0xea,0xff,0xb3,0xe9,0xff,0xc4,0x6a,0xff,0xab,
  0xe9,0xff,0x51,0xa3,0xff,0x83,0x08,0xff,0x83,0x08,0xff,0x83,0x08,0xff,0x10,0x60,
  0xff,0x21,0x02,0xff,0x29,0x03,0xff,0x20,0xc2,0xff,0x10,0x61,0xff,0x10,0x81,0xff,
  0x10,0x61,0xff,0x10,0x61,0xff,0x10,0x61,0xff,0x20,0xc2,0xff,0x28,0xe2,0xff,0x20,
  0xc1,0xff,0x20,0xc2,0xff,0x20,0xc2,0xff,0x29,0x02,0xff,0x10,0x41,0xff,0x00,0x00,
  0xff,0x00,0x00,0xff,0x28,0xe2,0xff,0x6a,0x85,0xff,0x6a,0x04,0xff,0x72,0xa6,0xff,
  0x6a,0x45,0xff,0x72,0xa6,0xff,0x72,0x85,0xff,0x72,0x44,0xff,0x72,0x24,0xff,0x72,
  0x24,0xff,0x7a,0x44,0xff,0x59,0x63,0xff,0x59,0x62,0xff,0x92,0x84,0xff,0x82,0x64,
  0xff,0x28,0xe2,0xff,0x18,0x82,0xff,0x28,0xe3,0xff,0x39,0x63,0xff,0x39,0x63,0xff,
  0x28,0xe2,0xff,0x29,0x02,0xff,0x29,0x02,0xff,0x29,0x02,0xff,0x20,0xa1,0xff,0x39,
  0x63,0xff,0x51,0xa3,0xff,0x72,0x64,0xff,0x72,0x64,0xff,0x71,0xe3,0xff,0x8a,0xc5,
  0xff,0x9b,0x66,0xff,0x72,0x24,0xff,0x10,0x20,0xff,0x10,0xc3,0x00,0x19,0x04,0x00,
  0x21,0x24,0x00,0x21,0x04,0x00,0x21,0x04,0x00,0x21,0x04,0x00,0x19,0x04,0x00,0x21,
  0x04,0x00,0x21,0x04,0x00,0x19,0x04,0x00,0x19,0x04,0x00,0x18,0xe4,0x00,0x19,0x04,
  0x00,0x19,0x04,0x00,0x19,0x04,0x00,0x21,0x04,0x00,0x21,0x04,0x00,0x19,0x04,0x00,
  0x19,0x04,0x00,0x19,0x04,0x00,0x19,0x04,0x00,0x21,0x04,0x00,0x21,0x04,0x00,0x21,
  0x04,0x00,0x19,0x04,0x00,0x19,0x04,0x00,0x19,0x04,0x00,0x19,0x04,0x00,0x19,0x04,
  0x00,0x19,0x04,0x00,0x19,0x04,0x00,0x21,0x04,0x00,0x21,0x04,0x00,0x21,0x04,0x00,
  0x21,0x04,0x00,0x18,0xe4,0x00,0x18,0xe4,0x00,0x10,0xa3,0x00,0x10,0xc3,0x00,0x18,
  0xa3,0x00,0x19,0x04,0x00,0x21,0x04,0x00,0x21,0x04,0x00,0x21,0x24,0x00,0x29,0x24,
  0x00,0x21,0x03,0x00,0x08,0xa2,0x00,0x00,0x61,0xff,0x10,0x82,0xff,0x41,0x84,0xff,
  0x39,0x64,0xff,0x49,0xe5,0xff,0x49,0xe5,0xff,0x18,0xa2,0x00,0x08,0x61,0x00,0x20,
  0xe2,0x00,0x28,0xe2,0x00,0x29,0x02,0x00,0x08,0x41,0xff,0x18,0xa2,0xff,0x28,0xe2,
  0xff,0x49,0x84,0xff,0x49,0x84,0xff,0xbc,0x8b,0xff,0xcc,0xcc,0xff,0xbc,0x4a,0xff,
  0xbc,0x8b,0xff,0xb4,0x2b,0xff,0xa3,0xc9,0xff,0xa3,0xc9,0xff,0xb4,0x0a,0xff,0xbc,
  0x8c,0xff,0xbc,0x8c,0xff,0xdd,0x6e,0xff,0x52,0x05,0xff,0x20,0xa1,0xff,0xd5,0x2d,
  0xff,0xed,0x6e,0xff,0xe5,0xae,0xff,0xf5,0xef,0xff,0xed,0xae,0xff,0xed,0xae,0xff,
  0xdc,0xeb,0xff,0xcc,0xab,0xff,0xbc,0x8a,0xff,0xab,0xa9,0xff,0xa3,0x68,0xff,0x9b,
  0x67,0xff,0x8a,0xc6,0xff,0x93,0x48,0xff,0x9b,0x68,0xff,0x9b,0x68,0xff,0xb4,0x2a,
  0xff,0x8b,0x07,0xff,0x49,0x83,0xff,0x51,0xe4,0xff,0xbc,0x6a,0xff,0xcc,0xab,0xff,
  0xa3,0x88,0xff,0x82,0xe6,0xff,0x82,0xe6,0xff,0x72,0x85,0xff,0x49,0x42,0xff,0x30,
  0xe1,0xff,0x18,0x60,0xff,0x20,0x81,0xff,0x18,0x60,0xff,0x20,0xa0,0xff,0x18,0x80,
  0xff,0x28,0xc1,0xff,0x28,0xc1,0xff,0x41,0x63,0xff,0x8b,0x48,0xff,0xb4,0x2b,0xff,
  0xbc,0x6b,0xff,0xb4,0x2a,0xff,0xbc,0x6a,0xff,0x9b,0x88,0xff,0x39,0x23,0xff,0x62,
  0x66,0xff,0x62,0x66,0xff,0xa4,0x2a,0xff,0x31,0x42,0xff,0x18,0xa2,0xff,0x20,0xe2,
  0xff,0x20,0xe2,0xff,0x18,0x81,0xff,0x18,0x81,0xff,0x10,0x81,0xff,0x10,0x61,0xff,
  0x10,0x61,0xff,0x10,0x61,0xff,0x20,0xa1,0xff,0x20,0xc1,0xff,0x20,0xc2,0xff,0x20,
  0xc2,0xff,0x29,0x22,0xff,0x18,0xa1,0xff,0x08,0x61,0xff,0x08,0x61,0xff,0x10,0x81,
  0xff,0x29,0x02,0xff,0x41,0x43,0xff,0x62,0x45,0xff,0x62,0x45,0xff,0x7a,0xc7,0xff,
  0x72,0x25,0xff,0x72,0x24,0xff,0x71,0xa3,0xff,0x71,0xa3,0xff,0x92,0xa4,0xff,0x9a,
  0xe4,0xff,0x92,0xc4,0xff,0x9a,0xc5,0xff,0x59,0xa4,0xff,0x18,0x82,0xff,0x20,0xe3,
  0xff,0x28,0xe2,0xff,0x31,0x23,0xff,0x31,0x23,0xff,0x29,0x02,0xff,0x29,0x02,0xff,
  0x29,0x02,0xff,0x29,0x02,0xff,0x29,0x23,0xff,0x29,0x22,0xff,0x31,0x02,0xff,0x51,
  0xa3,0xff,0x51,0xa3,0xff,0x61,0xc3,0xff,0x62,0x04,0xff,0x61,0xe3,0xff,0xb3,0xa7,
  0xff,0x7a,0x64,0xff,0x10,0xa2,0x00,0x18,0xe3,0x00,0x21,0x24,0x00,0x21,0x04,0x00,
  0x21,0x04,0x00,0x21,0x04,0x00,0x18,0xe4,0x00,0x21,0x04,0x00,0x21,0x04,0x00,0x18,
  0xe4,0x00,0x18,0xe4,0x00,0x18,0xe4,0x00,0x18,0xe4,0x00,0x19,0x04,0x00,0x19,0x04,
  0x00,0x21,0x04,0x00,0x21,0x04,0x00,0x21,0x04,0x00,0x19,0x04,0x00,0x19,0x04,0x00,
  0x19,0x04,0x00,0x21,0x04,0x00,0x21,0x04,0x00,0x21,0x04,0x00,0x19,0x04,0x00,0x19,
  0x04,0x00,0x19,0x04,0x00,0x19,0x04,0x00,0x21,0x04,0x00,0x21,0x04,0x00,0x19,0x04,
  0x00,0x21,0x04,0x00,0x19,0x04,0x00,0x19,0x04,0x00,0x18,0xe4,0x00,0x18,0xe4,0x00,
  0x18,0xe3,0x00,0x18,0xe3,0x00,0x18,0xe4,0x00,0x18,0xe3,0x00,0x21,0x04,0x00,0x18,
  0xe3,0x00,0x18,0xe3,0x00,0x18,0xe3,0x00,0x18,0xe3,0x00,0x21,0x04,0x00,0x10,0xc2,
  0x00,0x08,0x82,0xff,0x00,0x01,0xff,0x29,0x03,0x00,0x49,0xa4,0xff,0x51,0xe5,0xff,
  0x51,0xe5,0xff,0x29,0x03,0x00,0x08,0x21,0x00,0x18,0xa2,0x00,0x28,0xe2,0x00,0x31,
  0x23,0x00,0x08,0x40,0xff,0x08,0x20,0xff,0x28,0xe2,0xff,0x83,0x08,0xff,0x83,0x08,
  0xff,0xa3,0xca,0xff,0xab,0xea,0xff,0xa3,0x89,0xff,0x93,0x68,0xff,0x83,0x28,0xff,
  0x6a,0x46,0xff,0x72,0x86,0xff,0xac,0x0a,0xff,0xb4,0x0b,0xff,0xb4,0x0b,0xff,0xcc,
  0xed,0xff,0x41,0x84,0xff,0x18,0x61,0xff,0xe5,0x6e,0xff,0xf6,0x30,0xff,0xe5,0x8e,
  0xff,0xed,0x8f,0xff,0xe5,0x4e,0xff,0xe5,0x4e,0xff,0xed,0x6d,0xff,0xdc,0xec,0xff,
  0xbc,0x09,0xff,0xcc,0x8b,0xff,0xbb,0xe9,0xff,0xb4,0x09,0xff,0xc4,0xab,0xff,0xdd,
  0x4d,0xff,0xdd,0x4d,0xff,0xdd,0x4d,0xff,0xd4,0xcb,0xff,0x93,0x07,0xff,0x30,0xe2,
  0xff,0x39,0x23,0xff,0xa3,0xa9,0xff,0xbc,0x2b,0xff,0xdd,0x2d,0xff,0xe5,0x6e,0xff,
  0xe5,0x6e,0xff,0xf6,0x31,0xff,0xb4,0xad,0xff,0x62,0x46,0xff,0x20,0xa2,0xff,0x18,
  0x61,0xff,0x10,0x61,0xff,0x10,0x41,0xff,0x08,0x20,0xff,0x08,0x40,0xff,0x08,0x40,
  0xff,0x00,0x00,0xff,0x20,0x81,0xff,0x9b,0xca,0xff,0xc4,0x8b,0xff,0xa3,0x68,0xff,
  0x9b,0x27,0xff,0x9b,0x48,0xff,0x41,0x43,0xff,0x28,0xc2,0xff,0x28,0xc2,0xff,0x6a,
  0x66,0xff,0x31,0x02,0xff,0x10,0x61,0xff,0x20,0xe2,0xff,0x18,0xa2,0xff,0x18,0x81,
  0xff,0x18,0xa1,0xff,0x08,0x40,0xff,0x08,0x40,0xff,0x08,0x40,0xff,0x08,0x20,0xff,
  0x10,0x81,0xff,0x20,0xa1,0xff,0x20,0xc2,0xff,0x20,0xa1,0xff,0x20,0xa1,0xff,0x20,
  0xa1,0xff,0x18,0xa1,0xff,0x18,0xa1,0xff,0x00,0x20,0xff,0x00,0x00,0xff,0x20,0xc2,
  0xff,0x39,0x43,0xff,0x20,0xc2,0xff,0x41,0x63,0xff,0x6a,0x24,0xff,0x93,0x06,0xff,
  0x92,0xc5,0xff,0x92,0xc5,0xff,0x9b,0x05,0xff,0x9a,0xc4,0xff,0x92,0xc4,0xff,0x7a,
  0x64,0xff,0x41,0x83,0xff,0x18,0x81,0xff,0x18,0xa2,0xff,0x20,0xc2,0xff,0x20,0xa2,
  0xff,0x20,0xa2,0xff,0x28,0xe2,0xff,0x29,0x02,0xff,0x20,0xc2,0xff,0x20,0xc2,0xff,
  0x29,0x23,0xff,0x20,0xe2,0xff,0x28,0xe2,0xff,0x41,0x43,0xff,0x41,0x43,0xff,0x59,
  0xe4,0xff,0x51,0xa4,0xff,0x39,0x02,0xff,0x7a,0x84,0xff,0x92,0xc5,0xff,0x20,0xa2,
  0x00,0x10,0x82,0x00,0x18,0xe3,0x00,0x21,0x03,0x00,0x21,0x03,0x00,0x21,0x04,0x00,
  0x18,0xe3,0x00,0x19,0x04,0x00,0x18,0xe3,0x00,0x19,0x04,0x00,0x18,0xe3,0x00,0x19,
  0x04,0x00,0x18,0xe4,0x00,0x19,0x04,0x00,0x19,0x04,0x00,0x21,0x04,0x00,0x21,0x04,
  0x00,0x19,0x04,0x00,0x19,0x04,0x00,0x19,0x04,0x00,0x19,0x04,0x00,0x21,0x04,0x00,
  0x21,0x04,0x00,0x21,0x04,0x00,0x19,0x04,0x00,0x19,0x04,0x00,0x19,0x04,0x00,0x21,
  0x04,0x00,0x19,0x04,0x00,0x19,0x04,0x00,0x21,0x04,0x00,0x19,0x04,0x00,0x19,0x04,
  0x00,0x19,0x04,0x00,0x19,0x04,0x00,0x18,0xe4,0x00,0x18,0xe3,0x00,0x18,0xe3,0x00,
  0x18,0xe3,0x00,0x18,0xe3,0x00,0x19,0x03,0x00,0x18,0xe3,0x00,0x18,0xe3,0x00,0x21,
  0x03,0x00,0x21,0x03,0x00,0x21,0x04,0x00,0x10,0xc3,0x00,0x18,0xe3,0x00,0x08,0x41,
  0xff,0x20,0xe3,0x00,0x52,0x05,0xff,0x41,0x84,0xff,0x41,0x84,0xff,0x20,0xc2,0x00,
  0x10,0x81,0x00,0x20,0xe2,0x00,0x29,0x02,0x00,0x31,0x43,0x00,0x10,0x81,0x00,0x08,
  0x41,0xff,0x08,0x40,0xff,0x5a,0x46,0xff,0x5a,0x46,0xff,0x51,0xc4,0xff,0x6a,0x66,
  0xff,0x8b,0x27,0xff,0x72,0x66,0xff,0x6a,0x86,0xff,0x5a,0x05,0xff,0x7a,0xa7,0xff,
  0xb4,0x4a,0xff,0xc4,0x8b,0xff,0xc4,0x8b,0xff,0xd5,0x2d,0xff,0x41,0x84,0xff,0x18,
  0x82,0xff,0xe5,0xef,0xff,0xfe,0x50,0xff,0xed,0xaf,0xff,0xed,0x8f,0xff,0xe5,0x8f,
  0xff,0xe5,0x8f,0xff,0xed,0x8e,0xff,0xed,0x6d,0xff,0xdc,0xeb,0xff,0xd5,0x0b,0xff,
  0xc4,0x4a,0xff,0xc4,0x6a,0xff,0xc4,0x8a,0xff,0xbc,0x6b,0xff,0x93,0x47,0xff,0x93,
  0x47,0xff,0xb4,0x09,0xff,0x9b,0xa8,0xff,0x28,0xe2,0xff,0x49,0xc4,0xff,0xc4,0xac,
  0xff,0xd4,0xed,0xff,0xc4,0xac,0xff,0x82,0xc7,0xff,0x82,0xc7,0xff,0x6a,0x86,0xff,
  0x31,0x22,0xff,0x28,0xe2,0xff,0x20,0xa1,0xff,0x20,0xc1,0xff,0x10,0x61,0xff,0x08,
  0x20,0xff,0x08,0x60,0xff,0x10,0x61,0xff,0x10,0x61,0xff,0x00,0x00,0xff,0x10,0x60,
  0xff,0x6a,0xa7,0xff,0xbc,0x8c,0xff,0xab,0xa9,0xff,0x93,0x06,0xff,0xbc,0x8a,0xff,
  0x62,0x66,0xff,0x18,0x81,0xff,0x18,0x81,0xff,0x31,0x22,0xff,0x20,0xc1,0xff,0x18,
  0xc2,0xff,0x20,0xe2,0xff,0x20,0xc2,0xff,0x18,0x81,0xff,0x18,0xa1,0xff,0x08,0x41,
  0xff,0x08,0x41,0xff,0x08,0x41,0xff,0x08,0x20,0xff,0x08,0x60,0xff,0x10,0x61,0xff,
  0x18,0xa1,0xff,0x18,0xa1,0xff,0x18,0xa1,0xff,0x20,0xe2,0xff,0x20,0xe2,0xff,0x20,
  0xe2,0xff,0x00,0x20,0xff,0x00,0x00,0xff,0x6a,0x65,0xff,0x59,0xe4,0xff,0x00,0x00,
  0xff,0x10,0x61,0xff,0x28,0xe2,0xff,0x49,0xa3,0xff,0x41,0x63,0xff,0x41,0x63,0xff,
  0x41,0x63,0xff,0x28,0xe2,0xff,0x18,0x81,0xff,0x00,0x20,0xff,0x08,0x40,0xff,0x10,
  0x81,0xff,0x18,0xa2,0xff,0x18,0xa2,0xff,0x20,0xc2,0xff,0x20,0xc2,0xff,0x20,0xe2,
  0xff,0x28,0xe2,0xff,0x20,0xe2,0xff,0x20,0xe2,0xff,0x29,0x02,0xff,0x29,0x02,0xff,
  0x49,0xa3,0xff,0x6a,0x45,0xff,0x6a,0x45,0xff,0x61,0xe3,0xff,0x59,0xe4,0xff,0x49,
  0xa3,0xff,0x59,0xe3,0xff,0x7a,0x24,0xff,0x38,0xe2,0x00,0x28,0xe2,0x00,0x10,0x61,
  0xff,0x10,0xc3,0x00,0x10,0xc3,0x00,0x19,0x03,0x00,0x10,0xc3,0x00,0x18,0xe4,0x00,
  0x18,0xe3,0x00,0x19,0x04,0x00,0x19,0x03,0x00,0x19,0x04,0x00,0x18,0xe4,0x00,0x19,
  0x04,0x00,0x19,0x04,0x00,0x19,0x04,0x00,0x19,0x04,0x00,0x19,0x04,0x00,0x19,0x04,
  0x00,0x19,0x04,0x00,0x19,0x04,0x00,0x19,0x04,0x00,0x21,0x04,0x00,0x21,0x04,0x00,
  0x19,0x04,0x00,0x21,0x04,0x00,0x21,0x04,0x00,0x21,0x04,0x00,0x21,0x04,0x00,0x21,
  0x04,0x00,0x21,0x04,0x00,0x19,0x04,0x00,0x19,0x04,0x00,0x19,0x04,0x00,0x19,0x04,
  0x00,0x18,0xe4,0x00,0x18,0xe3,0x00,0x18,0xe3,0x00,0x18,0xe3,0x00,0x18,0xe3,0x00,
  0x18,0xe3,0x00,0x18,0xe3,0x00,0x18,0xe3,0x00,0x19,0x03,0x00,0x18,0xe3,0x00,0x18,
  0xe3,0x00,0x10,0xc3,0x00,0x18,0xc2,0x00,0x18,0xa2,0x00,0x18,0xa2,0x00,0x29,0x23,
  0x00,0x21,0x03,0x00,0x21,0x03,0x00,0x10,0x81,0x00,0x18,0xc2,0x00,0x10,0x81,0x00,
  0x20,0xc2,0x00,0x31,0x23,0x00,0x10,0x81,0x00,0x00,0x20,0xff,0x00,0x00,0xff,0x18,
  0xa2,0xff,0x18,0xa2,0xff,0x18,0x61,0xff,0x49,0x64,0xff,0x82,0xe7,0xff,0x62,0x05,
  0xff,0x7b,0x07,0xff,0x82,0xe7,0xff,0x9b,0x89,0xff,0xab,0xca,0xff,0xbc,0x4a,0xff,
  0xbc,0x4a,0xff,0xbc,0x8b,0xff,0x51,0xc4,0xff,0x10,0x20,0xff,0xc4,0xab,0xff,0xfe,
  0x90,0xff,0xf5,0xef,0xff,0xf6,0x11,0xff,0xf6,0x71,0xff,0xf6,0x71,0xff,0xe5,0x6f,
  0xff,0xed,0x8e,0xff,0xd4,0xeb,0xff,0xbc,0x0a,0xff,0xbc,0x0a,0xff,0xd5,0x0c,0xff,
  0xac,0x0a,0xff,0x72,0x66,0xff,0x28,0xa1,0xff,0x28,0xa1,0xff,0x6a,0x25,0xff,0x41,
  0x63,0xff,0x08,0x20,0xff,0x51,0xe5,0xff,0xe5,0xcf,0xff,0xc4,0xcc,0xff,0x5a,0x05,
  0xff,0x10,0x61,0xff,0x10,0x61,0xff,0x18,0x61,0xff,0x10,0x40,0xff,0x20,0xa1,0xff,
  0x20,0xa1,0xff,0x10,0x60,0xff,0x08,0x20,0xff,0x08,0x20,0xff,0x00,0x20,0xff,0x00,
  0x00,0xff,0x00,0x00,0xff,0x08,0x20,0xff,0x08,0x40,0xff,0x10,0x40,0xff,0x72,0x67,
  0xff,0xbc,0x6c,0xff,0x9b,0x67,0xff,0x93,0x68,0xff,0x5a,0x25,0xff,0x20,0xa1,0xff,
  0x20,0xa1,0xff,0x20,0xc2,0xff,0x20,0xa2,0xff,0x20,0xe2,0xff,0x18,0xa2,0xff,0x18,
  0xa2,0xff,0x18,0xa1,0xff,0x10,0x81,0xff,0x08,0x20,0xff,0x08,0x41,0xff,0x08,0x41,
  0xff,0x08,0x40,0xff,0x08,0x20,0xff,0x00,0x20,0xff,0x08,0x60,0xff,0x08,0x40,0xff,
  0x10,0x61,0xff,0x20,0xc1,0xff,0x20,0xa1,0xff,0x20,0xa1,0xff,0x10,0x40,0xff,0x51,
  0xc3,0xff,0xdc,0xea,0xff,0x7a,0x85,0xff,0x10,0x40,0xff,0x10,0x81,0xff,0x00,0x20,
  0xff,0x00,0x20,0xff,0x00,0x00,0xff,0x00,0x00,0xff,0x00,0x00,0xff,0x00,0x00,0xff,
  0x00,0x00,0xff,0x00,0x00,0xff,0x08,0x41,0xff,0x10,0x81,0xff,0x18,0xa2,0xff,0x18,
  0x81,0xff,0x18,0xa1,0xff,0x18,0xa1,0xff,0x20,0xc2,0xff,0x20,0xc2,0xff,0x20,0xc2,
  0xff,0x20,0xe2,0xff,0x18,0xa2,0xff,0x18,0xa2,0xff,0x59,0xc4,0xff,0x8a,0xc6,0xff,
  0x8a,0xc6,0xff,0x61,0xa3,0xff,0x59,0xa3,0xff,0x59,0xe3,0xff,0x61,0xc3,0xff,0x69,
  0xe3,0xff,0x72,0x44,0xff,0xa3,0xa8,0xff,0x20,0xa1,0xff,0x00,0x21,0xff,0x00,0x21,
  0xff,0x20,0xe3,0x00,0x39,0x63,0x00,0x31,0x44,0x00,0x41,0xa4,0x00,0x20,0xe3,0x00,
  0x19,0x03,0x00,0x19,0x04,0x00,0x18,0xe4,0x00,0x19,0x04,0x00,0x19,0x04,0x00,0x19,
  0x04,0x00,0x19,0x04,0x00,0x19,0x04,0x00,0x19,0x04,0x00,0x19,0x04,0x00,0x19,0x04,
  0x00,0x19,0x04,0x00,0x21,0x04,0x00,0x21,0x04,0x00,0x19,0x04,0x00,0x21,0x04,0x00,
  0x21,0x04,0x00,0x21,0x04,0x00,0x21,0x04,0x00,0x21,0x04,0x00,0x21,0x04,0x00,0x19,
  0x04,0x00,0x19,0x04,0x00,0x19,0x04,0x00,0x19,0x04,0x00,0x18,0xe4,0x00,0x18,0xe3,
  0x00,0x18,0xe3,0x00,0x18,0xe3,0x00,0x18,0xe3,0x00,0x18,0xe3,0x00,0x18,0xe3,0x00,
  0x18,0xe3,0x00,0x19,0x03,0x00,0x18,0xe3,0x00,0x18,0xe3,0x00,0x10,0xc3,0x00,0x18,
  0xc2,0x00,0x18,0xa2,0x00,0x18,0xa2,0x00,0x29,0x23,0x00,0x21,0x03,0x00,0x21,0x03,
  0x00,0x10,0x81,0x00,0x18,0xc2,0x00,0x10,0x81,0x00,0x20,0xc2,0x00,0x31,0x23,0x00,
  0x10,0x81,0x00,0x00,0x20,0xff,0x00,0x00,0xff,0x18,0xa2,0xff,0x18,0xa2,0xff,0x18,
  0x61,0xff,0x49,0x64,0xff,0x82,0xe7,0xff,0x62,0x05,0xff,0x7b,0x07,0xff,0x82,0xe7,
  0xff,0x9b,0x89,0xff,0xab,0xca,0xff,0xbc,0x4a,0xff,0xbc,0x4a,0xff,0xbc,0x8b,0xff,
  0x51,0xc4,0xff,0x10,0x20,0xff,0xc4,0xab,0xff,0xfe,0x90,0xff,0xf5,0xef,0xff,0xf6,
  0x11,0xff,0xf6,0x71,0xff,0xf6,0x71,0xff,0xe5,0x6f,0xff,0xed,0x8e,0xff,0xd4,0xeb,
  0xff,0xbc,0x0a,0xff,0xbc,0x0a,0xff,0xd5,0x0c,0xff,0xac,0x0a,0xff,0x72,0x66,0xff,
  0x28,0xa1,0xff,0x28,0xa1,0xff,0x6a,0x25,0xff,0x41,0x63,0xff,0x08,0x20,0xff,0x51,
  0xe5,0xff,0xe5,0xcf,0xff,0xc4,0xcc,0xff,0x5a,0x05,0xff,0x10,0x61,0xff,0x10,0x61,
  0xff,0x18,0x61,0xff,0x10,0x40,0xff,0x20,0xa1,0xff,0x20,0xa1,0xff,0x10,0x60,0xff,
  0x08,0x20,0xff,0x08,0x20,0xff,0x00,0x20,0xff,0x00,0x00,0xff,0x00,0x00,0xff,0x08,
  0x20,0xff,0x08,0x40,0xff,0x10,0x40,0xff,0x72,0x67,0xff,0xbc,0x6c,0xff,0x9b,0x67,
  0xff,0x93,0x68,0xff,0x5a,0x25,0xff,0x20,0xa1,0xff,0x20,0xa1,0xff,0x20,0xc2,0xff,
  0x20,0xa2,0xff,0x20,0xe2,0xff,0x18,0xa2,0xff,0x18,0xa2,0xff,0x18,0xa1,0xff,0x10,
  0x81,0xff,0x08,0x20,0xff,0x08,0x41,0xff,0x08,0x41,0xff,0x08,0x40,0xff,0x08,0x20,
  0xff,0x00,0x20,0xff,0x08,0x60,0xff,0x08,0x40,0xff,0x10,0x61,0xff,0x20,0xc1,0xff,
  0x20,0xa1,0xff,0x20,0xa1,0xff,0x10,0x40,0xff,0x51,0xc3,0xff,0xdc,0xea,0xff,0x7a,
  0x85,0xff,0x10,0x40,0xff,0x10,0x81,0xff,0x00,0x20,0xff,0x00,0x20,0xff,0x00,0x00,
  0xff,0x00,0x00,0xff,0x00,0x00,0xff,0x00,0x00,0xff,0x00,0x00,0xff,0x00,0x00,0xff,
  0x08,0x41,0xff,0x10,0x81,0xff,0x18,0xa2,0xff,0x18,0x81,0xff,0x18,0xa1,0xff,0x18,
  0xa1,0xff,0x20,0xc2,0xff,0x20,0xc2,0xff,0x20,0xc2,0xff,0x20,0xe2,0xff,0x18,0xa2,
  0xff,0x18,0xa2,0xff,0x59,0xc4,0xff,0x8a,0xc6,0xff,0x8a,0xc6,0xff,0x61,0xa3,0xff,
  0x59,0xa3,0xff,0x59,0xe3,0xff,0x61,0xc3,0xff,0x69,0xe3,0xff,0x72,0x44,0xff,0xa3,
  0xa8,0xff,0x20,0xa1,0xff,0x00,0x21,0xff,0x00,0x21,0xff,0x20,0xe3,0x00,0x39,0x63,
  0x00,0x31,0x44,0x00,0x41,0xa4,0x00,0x20,0xe3,0x00,0x19,0x03,0x00,0x19,0x04,0x00,
  0x18,0xe4,0x00,0x19,0x04,0x00,0x19,0x04,0x00,0x19,0x04,0x00,0x19,0x04,0x00,0x19,
  0x04,0x00,0x19,0x04,0x00,0x19,0x04,0x00,0x19,0x04,0x00,0x19,0x04,0x00,0x21,0x04,
  0x00,0x21,0x04,0x00,0x19,0x04,0x00,0x21,0x04,0x00,0x21,0x04,0x00,0x21,0x04,0x00,
  0x19,0x04,0x00,0x21,0x04,0x00,0x21,0x04,0x00,0x19,0x04,0x00,0x21,0x04,0x00,0x21,
  0x04,0x00,0x21,0x04,0x00,0x19,0x04,0x00,0x19,0x03,0x00,0x18,0xe3,0x00,0x18,0xe3,
  0x00,0x18,0xe3,0x00,0x18,0xc3,0x00,0x18,0xc3,0x00,0x18,0xc3,0x00,0x18,0xe3,0x00,
  0x18,0xc3,0x00,0x18,0xe3,0x00,0x10,0xc2,0x00,0x18,0xc3,0x00,0x21,0x23,0x00,0x18,
  0xc3,0x00,0x10,0xa2,0x00,0x41,0x83,0x00,0x41,0x83,0x00,0x62,0x04,0x00,0x41,0x63,
  0x00,0x18,0x81,0x00,0x20,0xc2,0x00,0x29,0x02,0x00,0x10,0xa1,0x00,0x00,0x20,0xff,
  0x00,0x20,0xff,0x00,0x20,0xff,0x00,0x20,0xff,0x08,0x20,0xff,0x41,0x84,0xff,0x7b,
  0x07,0xff,0x72,0x66,0xff,0x9b,0x68,0xff,0xb4,0x4a,0xff,0xc4,0xab,0xff,0xab,0xaa,
  0xff,0xab,0xc9,0xff,0xab,0xc9,0xff,0xab,0xc8,0xff,0xd5,0x0d,0xff,0x7a,0xc7,0xff,
  0x8b,0x06,0xff,0xd4,0xaa,0xff,0xdd,0x0b,0xff,0xed,0xcf,0xff,0xf6,0x71,0xff,0xf6,
  0x71,0xff,0xed,0xcf,0xff,0xdd,0x0c,0xff,0xcc,0x8a,0xff,0xbc,0x8b,0xff,0x7a,0x87,
  0xff,0x5a,0x05,0xff,0x39,0x43,0xff,0x52,0x06,0xff,0x41,0xa4,0xff,0x41,0xa4,0xff,
  0x28,0xe2,0xff,0x10,0x41,0xff,0x08,0x41,0xff,0x20,0xa2,0xff,0x41,0xa4,0xff,0x28,
  0xe2,0xff,0x10,0x41,0xff,0x18,0xc2,0xff,0x18,0xc2,0xff,0x29,0x02,0xff,0x20,0xe2,
  0xff,0x20,0xe2,0xff,0x10,0x61,0xff,0x10,0x81,0xff,0x08,0x40,0xff,0x08,0x40,0xff,
  0x00,0x20,0xff,0x00,0x00,0xff,0x00,0x00,0xff,0x08,0x40,0xff,0x08,0x20,0xff,0x00,
  0x20,0xff,0x31,0x23,0xff,0xc4,0xac,0xff,0xa3,0xc9,0xff,0x30,0xc1,0xff,0x28,0xc2,
  0xff,0x20,0xc2,0xff,0x20,0xc2,0xff,0x20,0xc2,0xff,0x29,0x02,0xff,0x29,0x02,0xff,
  0x20,0xa2,0xff,0x20,0xc2,0xff,0x18,0xa1,0xff,0x10,0x81,0xff,0x08,0x41,0xff,0x08,
  0x41,0xff,0x08,0x41,0xff,0x08,0x40,0xff,0x08,0x20,0xff,0x00,0x20,0xff,0x08,0x40,
  0xff,0x08,0x40,0xff,0x08,0x40,0xff,0x08,0x40,0xff,0x18,0x81,0xff,0x18,0x81,0xff,
  0x28,0xa1,0xff,0x82,0xe6,0xff,0x82,0xc5,0xff,0x49,0x42,0xff,0x20,0xa1,0xff,0x10,
  0xa2,0xff,0x08,0x40,0xff,0x08,0x40,0xff,0x08,0x20,0xff,0x08,0x20,0xff,0x08,0x40,
  0xff,0x00,0x20,0xff,0x08,0x61,0xff,0x00,0x20,0xff,0x08,0x40,0xff,0x18,0xa1,0xff,
  0x18,0xa2,0xff,0x18,0xa1,0xff,0x18,0x81,0xff,0x18,0x81,0xff,0x18,0xa1,0xff,0x18,
  0xa2,0xff,0x18,0xc2,0xff,0x20,0xe2,0xff,0x18,0xc2,0xff,0x10,0x81,0xff,0x6a,0x45,
  0xff,0xa3,0x87,0xff,0xa3,0x87,0xff,0x72,0x44,0xff,0x59,0xe4,0xff,0x51,0xa3,0xff,
  0x7a,0xa5,0xff,0x72,0x24,0xff,0x82,0x63,0xff,0xbb,0xc7,0xff,0x28,0xa1,0xff,0x00,
  0x21,0xff,0x00,0x21,0xff,0x18,0xa2,0x00,0x49,0x83,0x00,0x49,0xa3,0x00,0x59,0xe4,
  0x00,0x28,0xe2,0x00,0x19,0x04,0x00,0x19,0x04,0x00,0x21,0x04,0x00,0x19,0x04,0x00,
  0x19,0x04,0x00,0x19,0x04,0x00,0x19,0x04,0x00,0x21,0x04,0x00,0x21,0x04,0x00,0x21,
  0x04,0x00,0x19,0x04,0x00,0x19,0x04,0x00,0x21,0x04,0x00,0x21,0x04,0x00,0x21,0x04,
  0x00,0x19,0x04,0x00,0x21,0x04,0x00,0x19,0x04,0x00,0x19,0x04,0x00,0x19,0x04,0x00,
  0x19,0x04,0x00,0x19,0x04,0x00,0x21,0x04,0x00,0x21,0x04,0x00,0x21,0x04,0x00,0x19,
  0x04,0x00,0x19,0x03,0x00,0x18,0xe3,0x00,0x18,0xe3,0x00,0x18,0xc3,0x00,0x39,0x63,
  0x00,0x6a,0x65,0x00,0x6a,0x65,0x00,0x62,0x24,0x00,0x61,0xe4,0x00,0x62,0x04,0x00,
  0x31,0x23,0x00,0x18,0xa2,0x00,0x20,0xe3,0x00,0x18,0xc3,0x00,0x08,0x41,0x00,0x72,
  0x44,0x00,0x72,0x44,0x00,0xbb,0xa8,0x00,0x93,0x06,0x00,0x41,0x63,0x00,0x20,0xa2,
  0x00,0x20,0xa2,0x00,0x10,0x81,0x00,0x00,0x20,0xff,0x00,0x20,0xff,0x00,0x00,0xff,
  0x00,0x00,0xff,0x00,0x20,0xff,0x20,0xc2,0xff,0x41,0x43,0xff,0x8b,0x27,0xff,0xab,
  0xe9,0xff,0x8b,0x28,0xff,0x62,0x86,0xff,0x41,0x43,0xff,0x49,0x83,0xff,0x49,0x83,
  0xff,0x59,0xe4,0xff,0x93,0xa9,0xff,0x62,0x25,0xff,0x18,0x61,0xff,0x59,0xa3,0xff,
  0xc4,0x49,0xff,0xb3,0x87,0xff,0xb3,0xc8,0xff,0xb3,0xc8,0xff,0xc4,0x6a,0xff,0xab,
  0x26,0xff,0x9a,0xe6,0xff,0x82,0xc7,0xff,0x29,0x03,0xff,0x00,0x00,0xff,0x00,0x00,
  0xff,0x08,0x20,0xff,0x08,0x20,0xff,0x08,0x20,0xff,0x00,0x20,0xff,0x08,0x41,0xff,
  0x10,0x81,0xff,0x08,0x40,0xff,0x08,0x20,0xff,0x10,0x61,0xff,0x18,0xa2,0xff,0x29,
  0x02,0xff,0x29,0x02,0xff,0x29,0x02,0xff,0x20,0xa1,0xff,0x18,0xa1,0xff,0x10,0x61,
  0xff,0x08,0x40,0xff,0x08,0x40,0xff,0x00,0x20,0xff,0x00,0x00,0xff,0x00,0x20,0xff,
  0x00,0x20,0xff,0x00,0x00,0xff,0x08,0x40,0xff,0x08,0x40,0xff,0x08,0x20,0xff,0x9b,
  0x68,0xff,0xac,0x0a,0xff,0x20,0xa1,0xff,0x18,0x81,0xff,0x20,0xe2,0xff,0x20,0xe2,
  0xff,0x18,0xa1,0xff,0x20,0xe2,0xff,0x29,0x02,0xff,0x20,0xa2,0xff,0x20,0xc2,0xff,
  0x18,0xa1,0xff,0x10,0x61,0xff,0x08,0x41,0xff,0x08,0x20,0xff,0x08,0x20,0xff,0x08,
  0x40,0xff,0x08,0x40,0xff,0x08,0x20,0xff,0x00,0x00,0xff,0x00,0x00,0xff,0x08,0x40,
  0xff,0x00,0x00,0xff,0x10,0x61,0xff,0x10,0x61,0xff,0x10,0x40,0xff,0x08,0x20,0xff,
  0x08,0x00,0xff,0x18,0x61,0xff,0x10,0x41,0xff,0x08,0x20,0xff,0x08,0x41,0xff,0x10,
  0x81,0xff,0x10,0x61,0xff,0x10,0x61,0xff,0x10,0x81,0xff,0x08,0x40,0xff,0x08,0x20,
  0xff,0x08,0x20,0xff,0x10,0x81,0xff,0x10,0x81,0xff,0x10,0x61,0xff,0x10,0x81,0xff,
  0x10,0x61,0xff,0x10,0x61,0xff,0x10,0x81,0xff,0x18,0xa2,0xff,0x10,0x81,0xff,0x18,
  0xa2,0xff,0x08,0x61,0xff,0x10,0x61,0xff,0x7a,0x66,0xff,0x92,0xe6,0xff,0x92,0xe6,
  0xff,0x6a,0x04,0xff,0x51,0x83,0xff,0x51,0xa3,0xff,0x6a,0x44,0xff,0x6a,0x04,0xff,
  0x61,0x62,0xff,0x69,0xc3,0xff,0x18,0x61,0xff,0x08,0x41,0xff,0x08,0x41,0xff,0x20,
  0xe2,0x00,0x20,0xa1,0x00,0x31,0x02,0x00,0x6a,0x45,0x00,0x49,0xa4,0x00,0x18,0xe3,
  0x00,0x19,0x04,0x00,0x18,0xe4,0x00,0x19,0x04,0x00,0x19,0x04,0x00,0x19,0x04,0x00,
  0x19,0x04,0x00,0x21,0x04,0x00,0x21,0x04,0x00,0x21,0x04,0x00,0x21,0x04,0x00,0x19,
  0x04,0x00,0x21,0x04,0x00,0x21,0x04,0x00,0x19,0x04,0x00,0x19,0x04,0x00,0x19,0x04,
  0x00,0x19,0x04,0x00,0x21,0x04,0x00,0x19,0x04,0x00,0x19,0x04,0x00,0x21,0x04,0x00,
  0x21,0x04,0x00,0x21,0x04,0x00,0x21,0x04,0x00,0x21,0x04,0x00,0x19,0x03,0x00,0x18,
  0xe3,0x00,0x18,0xe3,0x00,0x10,0xc3,0x00,0x41,0x84,0x00,0x7a,0xa6,0x00,0x7a,0xa6,
  0x00,0x6a,0x04,0x00,0x82,0x64,0x00,0xa3,0x26,0x00,0x59,0xe4,0x00,0x18,0xa2,0x00,
  0x20,0xe3,0x00,0x21,0x03,0x00,0x18,0xa2,0x00,0x31,0x22,0x00,0x31,0x22,0x00,0x59,
  0xc3,0x00,0x59,0xe4,0x00,0x41,0x63,0x00,0x20,0xa1,0x00,0x20,0xa2,0x00,0x18,0xa1,
  0x00,0x00,0x20,0xff,0x00,0x20,0xff,0x00,0x00,0xff,0x00,0x00,0xff,0x08,0x40,0xff,
  0x08,0x20,0xff,0x20,0xa2,0xff,0x93,0x68,0xff,0x93,0x28,0xff,0x18,0x81,0xff,0x10,
  0x61,0xff,0x10,0x81,0xff,0x10,0x81,0xff,0x10,0x81,0xff,0x08,0x40,0xff,0x08,0x20,
  0xff,0x00,0x00,0xff,0x00,0x20,0xff,0x10,0x60,0xff,0x72,0xa6,0xff,0xa3,0x47,0xff,
  0xb3,0xa8,0xff,0xb3,0xa8,0xff,0x92,0xa5,0xff,0x9b,0x05,0xff,0xab,0x87,0xff,0x49,
  0x63,0xff,0x08,0x20,0xff,0x08,0x40,0xff,0x08,0x41,0xff,0x08,0x41,0xff,0x00,0x20,
  0xff,0x00,0x20,0xff,0x08,0x40,0xff,0x08,0x61,0xff,0x10,0x81,0xff,0x10,0x61,0xff,
  0x10,0x81,0xff,0x18,0x81,0xff,0x18,0xa1,0xff,0x18,0x81,0xff,0x18,0x81,0xff,0x18,
  0x81,0xff,0x18,0xa1,0xff,0x18,0xc1,0xff,0x10,0x81,0xff,0x10,0x61,0xff,0x08,0x41,
  0xff,0x08,0x20,0xff,0x00,0x00,0xff,0x08,0x20,0xff,0x08,0x20,0xff,0x08,0x20,0xff,
  0x08,0x60,0xff,0x08,0x40,0xff,0x00,0x00,0xff,0x7a,0xa7,0xff,0x9b,0xa9,0xff,0x20,
  0xa1,0xff,0x20,0xe2,0xff,0x20,0xc2,0xff,0x20,0xc2,0xff,0x18,0xa1,0xff,0x18,0xa1,
  0xff,0x20,0xe2,0xff,0x28,0xe2,0xff,0x28,0xe2,0xff,0x18,0xa1,0xff,0x10,0x61,0xff,
  0x08,0x40,0xff,0x08,0x20,0xff,0x08,0x20,0xff,0x20,0xc2,0xff,0x41,0xa4,0xff,0x28,
  0xe2,0xff,0x00,0x20,0xff,0x00,0x00,0xff,0x00,0x20,0xff,0x08,0x20,0xff,0x08,0x40,
  0xff,0x08,0x40,0xff,0x08,0x40,0xff,0x00,0x00,0xff,0x10,0x61,0xff,0x20,0xa2,0xff,
  0x10,0x61,0xff,0x10,0x61,0xff,0x10,0x61,0xff,0x10,0x61,0xff,0x10,0x61,0xff,0x10,
  0x61,0xff,0x10,0x81,0xff,0x10,0x61,0xff,0x08,0x20,0xff,0x10,0x81,0xff,0x18,0xc2,
  0xff,0x10,0x61,0xff,0x10,0x81,0xff,0x10,0x61,0xff,0x18,0xa1,0xff,0x18,0xa1,0xff,
  0x10,0x61,0xff,0x18,0xa2,0xff,0x10,0x61,0xff,0x00,0x20,0xff,0x10,0x60,0xff,0x5a,
  0x25,0xff,0x93,0x27,0xff,0x82,0xa5,0xff,0x82,0xa5,0xff,0x6a,0x04,0xff,0x59,0xc4,
  0xff,0x51,0xa3,0xff,0x51,0xa3,0xff,0x51,0x83,0xff,0x59,0xa3,0xff,0x69,0xe4,0xff,
  0x18,0x81,0xff,0x08,0x61,0xff,0x08,0x61,0xff,0x21,0x03,0x00,0x18,0xc3,0x00,0x20,
  0xe3,0x00,0x51,0xc4,0x00,0x49,0xc4,0x00,0x18,0xc2,0x00,0x19,0x04,0x00,0x19,0x04,
  0x00,0x19,0x04,0x00,0x19,0x04,0x00,0x19,0x04,0x00,0x19,0x04,0x00,0x19,0x04,0x00,
  0x21,0x04,0x00,0x21,0x04,0x00,0x19,0x04,0x00,0x19,0x04,0x00,0x19,0x04,0x00,0x19,
  0x04,0x00,0x19,0x04,0x00,0x19,0x04,0x00,0x19,0x04,0x00,0x19,0x04,0x00,0x19,0x04,
  0x00,0x19,0x04,0x00,0x19,0x04,0x00,0x21,0x04,0x00,0x21,0x04,0x00,0x21,0x04,0x00,
  0x21,0x04,0x00,0x19,0x04,0x00,0x18,0xe3,0x00,0x18,0xe3,0x00,0x18,0xe3,0x00,0x18,
  0xe3,0x00,0x18,0xc3,0x00,0x18,0xa2,0x00,0x18,0xa2,0x00,0x10,0x82,0x00,0x20,0xc2,
  0x00,0x31,0x23,0x00,0x29,0x02,0x00,0x18,0xc3,0x00,0x20,0xe3,0x00,0x21,0x04,0x00,
  0x21,0x04,0x00,0x18,0xe3,0x00,0x18,0xe3,0x00,0x08,0x61,0x00,0x08,0x40,0x00,0x08,
  0x20,0x00,0x18,0x81,0x00,0x20,0xe2,0x00,0x18,0xc2,0x00,0x08,0x40,0xff,0x00,0x00,
  0xff,0x00,0x00,0xff,0x00,0x00,0xff,0x08,0x40,0xff,0x00,0x00,0xff,0x18,0xa1,0xff,
  0xb4,0x2a,0xff,0xa3,0xea,0xff,0x18,0x81,0xff,0x10,0x81,0xff,0x18,0xc2,0xff,0x18,
  0xc1,0xff,0x18,0xc1,0xff,0x10,0x81,0xff,0x08,0x61,0xff,0x08,0x20,0xff,0x08,0x41,
  0xff,0x00,0x20,0xff,0x00,0x00,0xff,0x39,0x43,0xff,0x6a,0x65,0xff,0x6a,0x65,0xff,
  0x59,0xa4,0xff,0x6a,0x04,0xff,0x62,0x24,0xff,0x20,0xc2,0xff,0x00,0x00,0xff,0x08,
  0x20,0xff,0x10,0x61,0xff,0x10,0x61,0xff,0x08,0x40,0xff,0x08,0x40,0xff,0x08,0x60,
  0xff,0x08,0x20,0xff,0x08,0x40,0xff,0x10,0x81,0xff,0x10,0x81,0xff,0x10,0x61,0xff,
  0x10,0x81,0xff,0x10,0x81,0xff,0x10,0x81,0xff,0x18,0x81,0xff,0x18,0x81,0xff,0x10,
  0x61,0xff,0x08,0x60,0xff,0x08,0x61,0xff,0x08,0x20,0xff,0x10,0x60,0xff,0x28,0xe2,
  0xff,0x08,0x40,0xff,0x08,0x40,0xff,0x08,0x40,0xff,0x08,0x20,0xff,0x08,0x20,0xff,
  0x00,0x00,0xff,0x83,0x28,0xff,0x9b,0xca,0xff,0x10,0x40,0xff,0x18,0x81,0xff,0x20,
  0xc2,0xff,0x20,0xc2,0xff,0x18,0xa1,0xff,0x08,0x40,0xff,0x10,0x81,0xff,0x29,0x03,
  0xff,0x29,0x02,0xff,0x10,0x81,0xff,0x08,0x40,0xff,0x08,0x20,0xff,0x08,0x20,0xff,
  0x08,0x20,0xff,0x41,0x63,0xff,0x62,0x05,0xff,0x39,0x42,0xff,0x08,0x20,0xff,0x00,
  0x20,0xff,0x00,0x00,0xff,0x08,0x40,0xff,0x08,0x40,0xff,0x08,0x40,0xff,0x08,0x40,
  0xff,0x10,0x60,0xff,0x51,0xa3,0xff,0x31,0x22,0xff,0x10,0x40,0xff,0x10,0x61,0xff,
  0x08,0x20,0xff,0x08,0x40,0xff,0x10,0x40,0xff,0x10,0x40,0xff,0x08,0x40,0xff,0x10,
  0x60,0xff,0x08,0x40,0xff,0x08,0x40,0xff,0x10,0x61,0xff,0x18,0xa1,0xff,0x18,0xa1,
  0xff,0x10,0x61,0xff,0x10,0x61,0xff,0x10,0x61,0xff,0x08,0x61,0xff,0x08,0x40,0xff,
  0x18,0x81,0xff,0x41,0xa3,0xff,0x72,0x85,0xff,0xb4,0x4a,0xff,0x8a,0xe6,0xff,0x6a,
  0x04,0xff,0x6a,0x04,0xff,0x61,0xe4,0xff,0x6a,0x44,0xff,0x59,0xc3,0xff,0x51,0x83,
  0xff,0x51,0x83,0xff,0x61,0xc3,0xff,0x61,0xc3,0xff,0x10,0x41,0xff,0x00,0x41,0xff,
  0x00,0x41,0xff,0x18,0xe3,0x00,0x21,0x03,0x00,0x19,0x03,0x00,0x21,0x03,0x00,0x21,
  0x03,0x00,0x18,0xe4,0x00,0x19,0x04,0x00,0x19,0x04,0x00,0x19,0x04,0x00,0x19,0x04,
  0x00,0x19,0x04,0x00,0x21,0x04,0x00,0x19,0x04,0x00,0x19,0x04,0x00,0x19,0x04,0x00,
  0x19,0x04,0x00,0x19,0x04,0x00,0x21,0x04,0x00,0x21,0x04,0x00,0x19,0x04,0x00,0x19,
  0x04,0x00,0x19,0x04,0x00,0x19,0x04,0x00,0x19,0x04,0x00,0x19,0x04,0x00,0x19,0x04,
  0x00,0x21,0x04,0x00,0x21,0x04,0x00,0x21,0x04,0x00,0x21,0x04,0x00,0x19,0x04,0x00,
  0x19,0x04,0x00,0x18,0xe3,0x00,0x18,0xe3,0x00,0x18,0xe3,0x00,0x18,0xe3,0x00,0x18,
  0xc3,0x00,0x18,0xc3,0x00,0x18,0xe3,0x00,0x10,0xa3,0x00,0x10,0xa3,0x00,0x18,0xc3,
  0x00,0x20,0xe3,0x00,0x21,0x04,0x00,0x21,0x04,0x00,0x21,0x04,0x00,0x29,0x44,0x00,
  0x29,0x44,0x00,0x21,0x04,0x00,0x18,0xe3,0x00,0x10,0x82,0x00,0x10,0xa2,0x00,0x18,
  0xa1,0x00,0x18,0xa2,0x00,0x08,0x40,0xff,0x00,0x00,0xff,0x00,0x00,0xff,0x00,0x00,
  0xff,0x00,0x40,0xff,0x08,0x61,0xff,0x20,0xa1,0xff,0xa3,0xea,0xff,0x83,0x48,0xff,
  0x18,0x81,0xff,0x10,0x81,0xff,0x18,0xa1,0xff,0x18,0x81,0xff,0x18,0x81,0xff,0x08,
  0x40,0xff,0x08,0x40,0xff,0x08,0x40,0xff,0x08,0x61,0xff,0x00,0x20,0xff,0x08,0x40,
  0xff,0x08,0x40,0xff,0x08,0x20,0xff,0x08,0x20,0xff,0x08,0x20,0xff,0x18,0x61,0xff,
  0x10,0x40,0xff,0x10,0x61,0xff,0x10,0x81,0xff,0x08,0x61,0xff,0x08,0x40,0xff,0x08,
  0x61,0xff,0x08,0x60,0xff,0x08,0x60,0xff,0x08,0x60,0xff,0x08,0x60,0xff,0x08,0x61,
  0xff,0x08,0x61,0xff,0x10,0x60,0xff,0x10,0x61,0xff,0x10,0x61,0xff,0x10,0xa1,0xff,
  0x10,0xa1,0xff,0x18,0xa1,0xff,0x10,0x60,0xff,0x08,0x61,0xff,0x10,0x81,0xff,0x08,
  0x61,0xff,0x08,0x20,0xff,0x72,0xa6,0xff,0x93,0xa9,0xff,0x10,0x40,0xff,0x10,0x40,
  0xff,0x08,0x40,0xff,0x10,0x61,0xff,0x08,0x40,0xff,0x00,0x00,0xff,0x62,0x66,0xff,
  0x72,0xc7,0xff,0x18,0x81,0xff,0x18,0xa2,0xff,0x18,0xc2,0xff,0x18,0xc2,0xff,0x18,
  0xa1,0xff,0x08,0x61,0xff,0x08,0x61,0xff,0x10,0x81,0xff,0x29,0x03,0xff,0x10,0x61,
  0xff,0x08,0x40,0xff,0x08,0x41,0xff,0x08,0x40,0xff,0x08,0x40,0xff,0x39,0x63,0xff,
  0x51,0xa3,0xff,0x41,0x63,0xff,0x08,0x40,0xff,0x00,0x20,0xff,0x08,0x20,0xff,0x08,
  0x40,0xff,0x08,0x40,0xff,0x08,0x40,0xff,0x00,0x00,0xff,0x20,0xc1,0xff,0x62,0x25,
  0xff,0x10,0x60,0xff,0x10,0x61,0xff,0x18,0x81,0xff,0x10,0x81,0xff,0x10,0x81,0xff,
  0x10,0x61,0xff,0x10,0x61,0xff,0x10,0x81,0xff,0x08,0x61,0xff,0x10,0x61,0xff,0x08,
  0x40,0xff,0x08,0x41,0xff,0x08,0x61,0xff,0x10,0x61,0xff,0x08,0x41,0xff,0x08,0x40,
  0xff,0x08,0x40,0xff,0x08,0x20,0xff,0x20,0x81,0xff,0x51,0xc4,0xff,0xb4,0x2a,0xff,
  0xa3,0x67,0xff,0x93,0x06,0xff,0x7a,0x85,0xff,0x72,0x24,0xff,0x72,0x24,0xff,0x6a,
  0x24,0xff,0x72,0x65,0xff,0x62,0x04,0xff,0x59,0xc4,0xff,0x49,0x83,0xff,0x59,0xc3,
  0xff,0x51,0xc4,0xff,0x08,0x41,0xff,0x08,0x62,0xff,0x08,0x62,0xff,0x18,0xe3,0x00,
  0x21,0x03,0x00,0x21,0x03,0x00,0x19,0x04,0x00,0x21,0x04,0x00,0x19,0x04,0x00,0x19,
  0x04,0x00,0x19,0x04,0x00,0x19,0x04,0x00,0x19,0x04,0x00,0x21,0x04,0x00,0x21,0x04,
  0x00,0x21,0x04,0x00,0x21,0x04,0x00,0x21,0x04,0x00,0x19,0x04,0x00,0x19,0x04,0x00,
  0x19,0x04,0x00,0x19,0x04,0x00,0x19,0x04,0x00,0x21,0x04,0x00,0x21,0x04,0x00,0x21,
  0x04,0x00,0x19,0x04,0x00,0x19,0x04,0x00,0x19,0x04,0x00,0x21,0x04,0x00,0x21,0x04,
  0x00,0x21,0x04,0x00,0x19,0x04,0x00,0x19,0x04,0x00,0x19,0x04,0x00,0x18,0xe3,0x00,
  0x18,0xe3,0x00,0x18,0xe3,0x00,0x18,0xe3,0x00,0x18,0xe3,0x00,0x18,0xe3,0x00,0x18,
  0xe3,0x00,0x18,0xe3,0x00,0x18,0xe3,0x00,0x18,0xe3,0x00,0x21,0x03,0x00,0x21,0x04,
  0x00,0x21,0x04,0x00,0x21,0x04,0x00,0x21,0x24,0x00,0x21,0x24,0x00,0x21,0x24,0x00,
  0x21,0x24,0x00,0x18,0xe3,0x00,0x18,0xc3,0x00,0x08,0x61,0xff,0x08,0x61,0xff,0x08,
  0x20,0xff,0x00,0x00,0xff,0x00,0x00,0xff,0x00,0x00,0xff,0x00,0x00,0xff,0x10,0x81,
  0xff,0x28,0xc1,0xff,0x31,0x02,0xff,0x20,0xa1,0xff,0x08,0x40,0xff,0x08,0x40,0xff,
  0x10,0x61,0xff,0x10,0x61,0xff,0x10,0x61,0xff,0x10,0x61,0xff,0x10,0x61,0xff,0x08,
  0x20,0xff,0x00,0x00,0xff,0x08,0x60,0xff,0x08,0x60,0xff,0x08,0x20,0xff,0x10,0x61,
  0xff,0x10,0x61,0xff,0x08,0x41,0xff,0x08,0x41,0xff,0x10,0x81,0xff,0x10,0x81,0xff,
  0x08,0x40,0xff,0x10,0x81,0xff,0x08,0x61,0xff,0x08,0x61,0xff,0x08,0x40,0xff,0x08,
  0x40,0xff,0x08,0x20,0xff,0x08,0x40,0xff,0x10,0x61,0xff,0x08,0x20,0xff,0x08,0x40,
  0xff,0x08,0x40,0xff,0x10,0x61,0xff,0x10,0x61,0xff,0x10,0x61,0xff,0x08,0x40,0xff,
  0x08,0x40,0xff,0x10,0x81,0xff,0x08,0x61,0xff,0x08,0x40,0xff,0x08,0x20,0xff,0x8a,
  0xa6,0xff,0x8b,0x06,0xff,0x08,0x40,0xff,0x08,0x40,0xff,0x10,0x41,0xff,0x10,0xa1,
  0xff,0x10,0x61,0xff,0x10,0x40,0xff,0x20,0xa1,0xff,0x28,0xc1,0xff,0x18,0x81,0xff,
  0x20,0xa2,0xff,0x18,0x81,0xff,0x18,0x81,0xff,0x18,0xa1,0xff,0x10,0x61,0xff,0x00,
  0x20,0xff,0x08,0x20,0xff,0x10,0x81,0xff,0x10,0x61,0xff,0x08,0x41,0xff,0x08,0x20,
  0xff,0x08,0x20,0xff,0x08,0x20,0xff,0x20,0xc2,0xff,0x51,0xc4,0xff,0x39,0x22,0xff,
  0x08,0x20,0xff,0x08,0x40,0xff,0x08,0x40,0xff,0x08,0x61,0xff,0x08,0x61,0xff,0x08,
  0x61,0xff,0x00,0x00,0xff,0x30,0xe2,0xff,0x39,0x43,0xff,0x00,0x00,0xff,0x00,0x00,
  0xff,0x10,0x81,0xff,0x18,0xa1,0xff,0x18,0x81,0xff,0x08,0x40,0xff,0x08,0x40,0xff,
  0x08,0x61,0xff,0x08,0x20,0xff,0x08,0x20,0xff,0x00,0x20,0xff,0x00,0x20,0xff,0x00,
  0x20,0xff,0x08,0x40,0xff,0x10,0x40,0xff,0x31,0x22,0xff,0x31,0x22,0xff,0x41,0x63,
  0xff,0x49,0xa4,0xff,0x30,0xe2,0xff,0x69,0xe3,0xff,0x8a,0xc5,0xff,0x6a,0x04,0xff,
  0x6a,0x04,0xff,0x72,0x64,0xff,0x72,0x64,0xff,0x62,0x04,0xff,0x61,0xe4,0xff,0x62,
  0x04,0xff,0x59,0xc4,0xff,0x49,0x63,0xff,0x51,0x63,0xff,0x41,0x43,0xff,0x08,0x41,
  0xff,0x00,0x21,0xff,0x00,0x21,0xff,0x18,0xe3,0x00,0x21,0x03,0x00,0x21,0x03,0x00,
  0x21,0x03,0x00,0x21,0x04,0x00,0x19,0x04,0x00,0x19,0x04,0x00,0x19,0x04,0x00,0x19,
  0x04,0x00,0x19,0x04,0x00,0x19,0x04,0x00,0x21,0x04,0x00,0x19,0x04,0x00,0x19,0x04,
  0x00,0x21,0x04,0x00,0x19,0x04,0x00,0x19,0x04,0x00,0x19,0x04,0x00,0x19,0x04,0x00,
  0x19,0x04,0x00,0x21,0x04,0x00,0x21,0x04,0x00,0x21,0x04,0x00,0x19,0x04,0x00,0x19,
  0x04,0x00,0x21,0x04,0x00,0x21,0x04,0x00,0x19,0x04,0x00,0x19,0x04,0x00,0x19,0x04,
  0x00,0x19,0x04,0x00,0x19,0x04,0x00,0x18,0xe3,0x00,0x18,0xe3,0x00,0x18,0xe3,0x00,
  0x18,0xe3,0x00,0x18,0xe3,0x00,0x18,0xe3,0x00,0x18,0xe3,0x00,0x18,0xe3,0x00,0x18,
  0xe3,0x00,0x21,0x03,0x00,0x21,0x04,0x00,0x21,0x04,0x00,0x21,0x04,0x00,0x21,0x24,
  0x00,0x21,0x04,0x00,0x21,0x04,0x00,0x21,0x24,0x00,0x21,0x24,0x00,0x21,0x24,0x00,
  0x21,0x24,0x00,0x18,0xc3,0x00,0x10,0xa2,0x00,0x10,0x82,0x00,0x10,0x61,0xff,0x00,
  0x00,0xff,0x00,0x00,0xff,0x00,0x00,0xff,0x18,0xa1,0xff,0x29,0x02,0xff,0x10,0x40,
  0xff,0x08,0x20,0xff,0x08,0x41,0xff,0x10,0x61,0xff,0x08,0x40,0xff,0x08,0x40,0xff,
  0x08,0x40,0xff,0x10,0x81,0xff,0x10,0x81,0xff,0x10,0x60,0xff,0x08,0x40,0xff,0x08,
  0x40,0xff,0x08,0x40,0xff,0x08,0x40,0xff,0x10,0x81,0xff,0x10,0x81,0xff,0x08,0x40,
  0xff,0x08,0x40,0xff,0x18,0xa1,0xff,0x18,0xa1,0xff,0x10,0x61,0xff,0x10,0x81,0xff,
  0x10,0x81,0xff,0x10,0x61,0xff,0x10,0x81,0xff,0x10,0x81,0xff,0x10,0x81,0xff,0x10,
  0x61,0xff,0x10,0x81,0xff,0x18,0xa1,0xff,0x18,0xc1,0xff,0x10,0x81,0xff,0x10,0xa1,
  0xff,0x10,0x81,0xff,0x10,0x81,0xff,0x10,0x81,0xff,0x08,0x60,0xff,0x10,0xa1,0xff,
  0x08,0x60,0xff,0x18,0xa1,0xff,0x6a,0x05,0xff,0xbb,0xe9,0xff,0x93,0x47,0xff,0x18,
  0xa1,0xff,0x18,0xa1,0xff,0x10,0x81,0xff,0x10,0x81,0xff,0x18,0xa1,0xff,0x18,0xa1,
  0xff,0x10,0x61,0xff,0x18,0x81,0xff,0x18,0xa1,0xff,0x20,0xc2,0xff,0x10,0x81,0xff,
  0x10,0x81,0xff,0x18,0xa1,0xff,0x10,0x61,0xff,0x00,0x20,0xff,0x00,0x20,0xff,0x08,
  0x40,0xff,0x10,0x81,0xff,0x10,0x61,0xff,0x08,0x41,0xff,0x08,0x40,0xff,0x08,0x40,
  0xff,0x28,0xe2,0xff,0x62,0x04,0xff,0x49,0x83,0xff,0x08,0x61,0xff,0x08,0x40,0xff,
  0x08,0x40,0xff,0x08,0x41,0xff,0x08,0x61,0xff,0x08,0x61,0xff,0x08,0x20,0xff,0x51,
  0xa4,0xff,0x31,0x02,0xff,0x00,0x20,0xff,0x00,0x20,0xff,0x08,0x61,0xff,0x10,0x81,
  0xff,0x18,0xa2,0xff,0x10,0x61,0xff,0x10,0x61,0xff,0x10,0x61,0xff,0x08,0x40,0xff,
  0x00,0x20,0xff,0x08,0x40,0xff,0x08,0x40,0xff,0x10,0x60,0xff,0x20,0xe2,0xff,0x28,
  0xe2,0xff,0x39,0x63,0xff,0x39,0x63,0xff,0x41,0x83,0xff,0x28,0xe2,0xff,0x10,0x41,
  0xff,0x6a,0x86,0xff,0x93,0x47,0xff,0x59,0xa3,0xff,0x59,0xc4,0xff,0x62,0x24,0xff,
  0x62,0x24,0xff,0x62,0x04,0xff,0x61,0xe4,0xff,0x59,0xe4,0xff,0x51,0xc4,0xff,0x51,
  0xa3,0xff,0x59,0xc3,0xff,0x41,0x63,0xff,0x08,0x61,0xff,0x00,0x41,0xff,0x00,0x41,
  0xff,0x19,0x04,0x00,0x21,0x04,0x00,0x21,0x04,0x00,0x21,0x03,0x00,0x21,0x04,0x00,
  0x19,0x04,0x00,0x19,0x04,0x00,0x21,0x04,0x00,0x19,0x04,0x00,0x19,0x04,0x00,0x19,
  0x04,0x00,0x21,0x04,0x00,0x21,0x04,0x00,0x21,0x04,0x00,0x21,0x04,0x00,0x19,0x04,
  0x00,0x21,0x04,0x00,0x19,0x04,0x00,0x19,0x04,0x00,0x19,0x04,0x00,0x21,0x04,0x00,
  0x21,0x04,0x00,0x21,0x04,0x00,0x19,0x04,0x00,0x19,0x04,0x00,0x21,0x04,0x00,0x21,
  0x04,0x00,0x19,0x04,0x00,0x19,0x04,0x00,0x19,0x04,0x00,0x19,0x04,0x00,0x19,0x04,
  0x00,0x18,0xe3,0x00,0x18,0xe3,0x00,0x18,0xe3,0x00,0x18,0xe3,0x00,0x18,0xe3,0x00,
  0x18,0xe3,0x00,0x18,0xe3,0x00,0x18,0xe3,0x00,0x20,0xe3,0x00,0x21,0x03,0x00,0x21,
  0x04,0x00,0x21,0x04,0x00,0x21,0x04,0x00,0x21,0x04,0x00,0x21,0x04,0x00,0x21,0x04,
  0x00,0x21,0x04,0x00,0x21,0x04,0x00,0x21,0x04,0x00,0x21,0x04,0x00,0x18,0xe3,0x00,
  0x21,0x24,0x00,0x20,0xe3,0x00,0x10,0xa1,0x00,0x00,0x00,0xff,0x00,0x00,0xff,0x00,
  0x00,0xff,0x10,0x61,0xff,0x20,0xc2,0xff,0x18,0xa1,0xff,0x08,0x40,0xff,0x08,0x40,
  0xff,0x08,0x40,0xff,0x00,0x00,0xff,0x00,0x00,0xff,0x00,0x00,0xff,0x08,0x20,0xff,
  0x08,0x40,0xff,0x08,0x20,0xff,0x08,0x40,0xff,0x10,0x61,0xff,0x10,0x81,0xff,0x08,
  0x40,0xff,0x08,0x40,0xff,0x08,0x40,0xff,0x10,0x60,0xff,0x10,0x61,0xff,0x10,0x40,
  0xff,0x10,0x81,0xff,0x10,0x81,0xff,0x08,0x60,0xff,0x10,0x60,0xff,0x10,0x81,0xff,
  0x18,0xa1,0xff,0x18,0xa1,0xff,0x18,0xe1,0xff,0x10,0x81,0xff,0x10,0x81,0xff,0x18,
  0xa1,0xff,0x18,0xa1,0xff,0x18,0x81,0xff,0x10,0x61,0xff,0x08,0x20,0xff,0x08,0x20,
  0xff,0x10,0x81,0xff,0x08,0x40,0xff,0x08,0x20,0xff,0x10,0x40,0xff,0x8b,0x27,0xff,
  0xdc,0xec,0xff,0xd4,0x8a,0xff,0x8a,0xa6,0xff,0x10,0x61,0xff,0x10,0x61,0xff,0x10,
  0x81,0xff,0x10,0x41,0xff,0x20,0xe2,0xff,0x20,0xe2,0xff,0x18,0x81,0xff,0x20,0xc2,
  0xff,0x18,0xa1,0xff,0x10,0x61,0xff,0x18,0x81,0xff,0x18,0x81,0xff,0x10,0x61,0xff,
  0x08,0x20,0xff,0x08,0x40,0xff,0x00,0x00,0xff,0x00,0x20,0xff,0x08,0x41,0xff,0x08,
  0x41,0xff,0x10,0x81,0xff,0x49,0xc4,0xff,0x49,0xc4,0xff,0x6a,0x24,0xff,0x69,0xe4,
  0xff,0x49,0x63,0xff,0x08,0x61,0xff,0x08,0x40,0xff,0x08,0x61,0xff,0x08,0x61,0xff,
  0x00,0x20,0xff,0x00,0x20,0xff,0x10,0x81,0xff,0x59,0xc3,0xff,0x10,0x40,0xff,0x00,
  0x00,0xff,0x08,0x40,0xff,0x00,0x20,0xff,0x00,0x00,0xff,0x08,0x41,0xff,0x10,0x61,
  0xff,0x10,0x61,0xff,0x10,0x61,0xff,0x10,0x61,0xff,0x20,0xc2,0xff,0x20,0xc1,0xff,
  0x31,0x43,0xff,0x31,0x22,0xff,0x31,0x43,0xff,0x20,0xc2,0xff,0x10,0x61,0xff,0x10,
  0x61,0xff,0x18,0x81,0xff,0x20,0xc2,0xff,0x10,0x61,0xff,0x5a,0x04,0xff,0x72,0x65,
  0xff,0x51,0x83,0xff,0x51,0xa3,0xff,0x51,0xc4,0xff,0x51,0xc4,0xff,0x51,0xa3,0xff,
  0x59,0xe4,0xff,0x49,0x83,0xff,0x49,0x63,0xff,0x49,0xa3,0xff,0x51,0xc3,0xff,0x39,
  0x43,0xff,0x08,0x41,0xff,0x00,0x41,0xff,0x00,0x41,0xff,0x18,0xe3,0x00,0x21,0x04,
  0x00,0x18,0xe3,0x00,0x21,0x03,0x00,0x21,0x04,0x00,0x19,0x04,0x00,0x19,0x04,0x00,
  0x21,0x04,0x00,0x21,0x04,0x00,0x21,0x04,0x00,0x19,0x04,0x00,0x21,0x04,0x00,0x21,
  0x04,0x00,0x19,0x04,0x00,0x19,0x04,0x00,0x21,0x04,0x00,0x21,0x04,0x00,0x21,0x04,
  0x00,0x21,0x04,0x00,0x21,0x04,0x00,0x21,0x04,0x00,0x21,0x04,0x00,0x21,0x04,0x00,
  0x19,0x04,0x00,0x19,0x04,0x00,0x21,0x04,0x00,0x21,0x04,0x00,0x19,0x04,0x00,0x19,
  0x04,0x00,0x19,0x04,0x00,0x19,0x04,0x00,0x19,0x04,0x00,0x18,0xe3,0x00,0x18,0xe3,
  0x00,0x18,0xe3,0x00,0x18,0xe3,0x00,0x18,0xe3,0x00,0x18,0xe3,0x00,0x18,0xe3,0x00,
  0x18,0xe3,0x00,0x20,0xe3,0x00,0x21,0x03,0x00,0x21,0x04,0x00,0x21,0x04,0x00,0x21,
  0x04,0x00,0x21,0x04,0x00,0x21,0x04,0x00,0x21,0x04,0x00,0x21,0x04,0x00,0x21,0x04,
  0x00,0x21,0x04,0x00,0x21,0x04,0x00,0x18,0xe3,0x00,0x21,0x24,0x00,0x20,0xe3,0x00,
  0x10,0xa1,0x00,0x00,0x00,0xff,0x00,0x00,0xff,0x00,0x00,0xff,0x10,0x61,0xff,0x20,
  0xc2,0xff,0x18,0xa1,0xff,0x08,0x40,0xff,0x08,0x40,0xff,0x08,0x40,0xff,0x00,0x00,
  0xff,0x00,0x00,0xff,0x00,0x00,0xff,0x08,0x20,0xff,0x08,0x40,0xff,0x08,0x20,0xff,
  0x08,0x40,0xff,0x10,0x61,0xff,0x10,0x81,0xff,0x08,0x40,0xff,0x08,0x40,0xff,0x08,
  0x40,0xff,0x10,0x60,0xff,0x10,0x61,0xff,0x10,0x40,0xff,0x10,0x81,0xff,0x10,0x81,
  0xff,0x08,0x60,0xff,0x10,0x60,0xff,0x10,0x81,0xff,0x18,0xa1,0xff,0x18,0xa1,0xff,
  0x18,0xe1,0xff,0x10,0x81,0xff,0x10,0x81,0xff,0x18,0xa1,0xff,0x18,0xa1,0xff,0x18,
  0x81,0xff,0x10,0x61,0xff,0x08,0x20,0xff,0x08,0x20,0xff,0x10,0x81,0xff,0x08,0x40,
  0xff,0x08,0x20,0xff,0x10,0x40,0xff,0x8b,0x27,0xff,0xdc,0xec,0xff,0xd4,0x8a,0xff,
  0x8a,0xa6,0xff,0x10,0x61,0xff,0x10,0x61,0xff,0x10,0x81,0xff,0x10,0x41,0xff,0x20,
  0xe2,0xff,0x20,0xe2,0xff,0x18,0x81,0xff,0x20,0xc2,0xff,0x18,0xa1,0xff,0x10,0x61,
  0xff,0x18,0x81,0xff,0x18,0x81,0xff,0x10,0x61,0xff,0x08,0x20,0xff,0x08,0x40,0xff,
  0x00,0x00,0xff,0x00,0x20,0xff,0x08,0x41,0xff,0x08,0x41,0xff,0x10,0x81,0xff,0x49,
  0xc4,0xff,0x49,0xc4,0xff,0x6a,0x24,0xff,0x69,0xe4,0xff,0x49,0x63,0xff,0x08,0x61,
  0xff,0x08,0x40,0xff,0x08,0x61,0xff,0x08,0x61,0xff,0x00,0x20,0xff,0x00,0x20,0xff,
  0x10,0x81,0xff,0x59,0xc3,0xff,0x10,0x40,0xff,0x00,0x00,0xff,0x08,0x40,0xff,0x00,
  0x20,0xff,0x00,0x00,0xff,0x08,0x41,0xff,0x10,0x61,0xff,0x10,0x61,0xff,0x10,0x61,
  0xff,0x10,0x61,0xff,0x20,0xc2,0xff,0x20,0xc1,0xff,0x31,0x43,0xff,0x31,0x22,0xff,
  0x31,0x43,0xff,0x20,0xc2,0xff,0x10,0x61,0xff,0x10,0x61,0xff,0x18,0x81,0xff,0x20,
  0xc2,0xff,0x10,0x61,0xff,0x5a,0x04,0xff,0x72,0x65,0xff,0x51,0x83,0xff,0x51,0xa3,
  0xff,0x51,0xc4,0xff,0x51,0xc4,0xff,0x51,0xa3,0xff,0x59,0xe4,0xff,0x49,0x83,0xff,
  0x49,0x63,0xff,0x49,0xa3,0xff,0x51,0xc3,0xff,0x39,0x43,0xff,0x08,0x41,0xff,0x00,
  0x41,0xff,0x00,0x41,0xff,0x18,0xe3,0x00,0x21,0x04,0x00,0x18,0xe3,0x00,0x21,0x03,
  0x00,0x21,0x04,0x00,0x19,0x04,0x00,0x19,0x04,0x00,0x21,0x04,0x00,0x21,0x04,0x00,
  0x21,0x04,0x00,0x19,0x04,0x00,0x21,0x04,0x00,0x21,0x04,0x00,0x19,0x04,0x00,0x19,
  0x04,0x00,0x21,0x04,0x00,0x21,0x04,0x00,0x21,0x04,0x00,0x21,0x04,0x00,0x21,0x04,
  0x00,0x21,0x04,0x00,0x21,0x04,0x00,0x21,0x04,0x00,0x19,0x04,0x00,0x19,0x04,0x00,
  0x19,0x04,0x00,0x19,0x04,0x00,0x19,0x04,0x00,0x19,0x04,0x00,0x19,0x04,0x00,0x19,
  0x04,0x00,0x19,0x04,0x00,0x18,0xe4,0x00,0x18,0xe3,0x00,0x18,0xe3,0x00,0x18,0xe3,
  0x00,0x18,0xe3,0x00,0x18,0xe3,0x00,0x18,0xe3,0x00,0x21,0x03,0x00,0x21,0x04,0x00,
  0x21,0x04,0x00,0x21,0x04,0x00,0x21,0x04,0x00,0x21,0x04,0x00,0x21,0x04,0x00,0x21,
  0x04,0x00,0x21,0x04,0x00,0x21,0x04,0x00,0x21,0x04,0x00,0x21,0x04,0x00,0x21,0x24,
  0x00,0x21,0x04,0x00,0x21,0x24,0x00,0x10,0x81,0x00,0x08,0x20,0xff,0x00,0x00,0xff,
  0x00,0x00,0xff,0x00,0x00,0xff,0x08,0x61,0xff,0x20,0xc2,0xff,0x20,0xc2,0xff,0x10,
  0x61,0xff,0x08,0x40,0xff,0x08,0x61,0xff,0x08,0x40,0xff,0x00,0x20,0xff,0x00,0x20,
  0xff,0x00,0x20,0xff,0x00,0x20,0xff,0x08,0x40,0xff,0x10,0x81,0xff,0x10,0x61,0xff,
  0x10,0x81,0xff,0x10,0x60,0xff,0x08,0x40,0xff,0x08,0x40,0xff,0x10,0x61,0xff,0x18,
  0x81,0xff,0x18,0xa1,0xff,0x20,0xc2,0xff,0x20,0xc1,0xff,0x10,0x81,0xff,0x18,0x81,
  0xff,0x20,0xe2,0xff,0x18,0x81,0xff,0x18,0x81,0xff,0x10,0x81,0xff,0x08,0x40,0xff,
  0x08,0x40,0xff,0x00,0x00,0xff,0x00,0x00,0xff,0x00,0x00,0xff,0x10,0x60,0xff,0x10,
  0x40,0xff,0x10,0x40,0xff,0x10,0x61,0xff,0x08,0x40,0xff,0x10,0x40,0xff,0x51,0x83,
  0xff,0xbc,0x2a,0xff,0xab,0x66,0xff,0xe5,0x4c,0xff,0xa3,0xc8,0xff,0x10,0x81,0xff,
  0x10,0x81,0xff,0x10,0x81,0xff,0x10,0x81,0xff,0x20,0xe2,0xff,0x28,0xe2,0xff,0x18,
  0xa1,0xff,0x18,0xa2,0xff,0x18,0xc1,0xff,0x18,0x81,0xff,0x18,0xa1,0xff,0x18,0xa1,
  0xff,0x10,0x81,0xff,0x00,0x00,0xff,0x00,0x20,0xff,0x00,0x20,0xff,0x08,0x40,0xff,
  0x08,0x40,0xff,0x08,0x41,0xff,0x18,0x81,0xff,0x82,0xc6,0xff,0x82,0xc6,0xff,0x8a,
  0xa5,0xff,0x7a,0x44,0xff,0x59,0xe4,0xff,0x10,0x81,0xff,0x08,0x41,0xff,0x08,0x61,
  0xff,0x08,0x61,0xff,0x08,0x20,0xff,0x08,0x20,0xff,0x31,0x22,0xff,0x5a,0x24,0xff,
  0x10,0x61,0xff,0x00,0x21,0xff,0x10,0x81,0xff,0x08,0x20,0xff,0x00,0x20,0xff,0x10,
  0x81,0xff,0x28,0xe2,0xff,0x28,0xe2,0xff,0x31,0x43,0xff,0x28,0xe2,0xff,0x41,0x84,
  0xff,0x39,0x43,0xff,0x39,0x42,0xff,0x28,0xe2,0xff,0x20,0xa1,0xff,0x28,0xc2,0xff,
  0x29,0x02,0xff,0x29,0x02,0xff,0x28,0xe2,0xff,0x39,0x23,0xff,0x28,0xe2,0xff,0x49,
  0x63,0xff,0x59,0xa3,0xff,0x59,0xc3,0xff,0x62,0x04,0xff,0x51,0xc4,0xff,0x51,0xc4,
  0xff,0x49,0x83,0xff,0x49,0x83,0xff,0x39,0x43,0xff,0x31,0x43,0xff,0x31,0x02,0xff,
  0x39,0x23,0xff,0x31,0x23,0xff,0x08,0x61,0xff,0x00,0x20,0xff,0x00,0x20,0xff,0x10,
  0x61,0xff,0x21,0x03,0x00,0x21,0x03,0x00,0x21,0x03,0x00,0x21,0x04,0x00,0x19,0x04,
  0x00,0x21,0x04,0x00,0x21,0x04,0x00,0x21,0x04,0x00,0x21,0x04,0x00,0x21,0x04,0x00,
  0x19,0x04,0x00,0x19,0x04,0x00,0x19,0x04,0x00,0x19,0x04,0x00,0x21,0x04,0x00,0x21,
  0x04,0x00,0x21,0x04,0x00,0x21,0x04,0x00,0x21,0x04,0x00,0x21,0x04,0x00,0x21,0x04,
  0x00,0x21,0x04,0x00,0x19,0x04,0x00,0x19,0x04,0x00,0x19,0x04,0x00,0x19,0x04,0x00,
  0x19,0x04,0x00,0x19,0x04,0x00,0x19,0x04,0x00,0x18,0xe4,0x00,0x19,0x04,0x00,0x18,
  0xe3,0x00,0x18,0xe3,0x00,0x18,0xe3,0x00,0x18,0xe3,0x00,0x18,0xe3,0x00,0x18,0xe3,
  0x00,0x18,0xe3,0x00,0x21,0x03,0x00,0x21,0x04,0x00,0x21,0x04,0x00,0x21,0x24,0x00,
  0x21,0x04,0x00,0x21,0x24,0x00,0x21,0x04,0x00,0x21,0x24,0x00,0x21,0x24,0x00,0x21,
  0x04,0x00,0x21,0x04,0x00,0x19,0x04,0x00,0x21,0x04,0x00,0x18,0xe3,0x00,0x00,0x41,
  0xff,0x00,0x20,0xff,0x31,0x02,0xff,0x28,0xe2,0xff,0x28,0xe2,0xff,0x00,0x00,0xff,
  0x00,0x00,0xff,0x18,0xa1,0xff,0x18,0xa1,0xff,0x18,0xa2,0xff,0x08,0x40,0xff,0x08,
  0x20,0xff,0x08,0x20,0xff,0x00,0x20,0xff,0x00,0x20,0xff,0x00,0x00,0xff,0x00,0x00,
  0xff,0x00,0x00,0xff,0x08,0x40,0xff,0x08,0x40,0xff,0x10,0x40,0xff,0x08,0x40,0xff,
  0x10,0x81,0xff,0x10,0x81,0xff,0x10,0x60,0xff,0x10,0x61,0xff,0x29,0x22,0xff,0x31,
  0x22,0xff,0x18,0x81,0xff,0x18,0xa1,0xff,0x18,0xa1,0xff,0x18,0xa1,0xff,0x18,0xa1,
  0xff,0x18,0xa1,0xff,0x08,0x40,0xff,0x00,0x00,0xff,0x00,0x00,0xff,0x10,0x20,0xff,
  0x51,0xc3,0xff,0x72,0x85,0xff,0xac,0x29,0xff,0x5a,0x04,0xff,0x5a,0x04,0xff,0x08,
  0x00,0xff,0x08,0x20,0xff,0x6a,0x65,0xff,0xab,0x88,0xff,0x9a,0xe6,0xff,0xb3,0xc8,
  0xff,0xed,0xad,0xff,0x72,0x85,0xff,0x08,0x40,0xff,0x08,0x40,0xff,0x18,0x81,0xff,
  0x18,0xa1,0xff,0x18,0xa1,0xff,0x20,0xe2,0xff,0x20,0xa2,0xff,0x18,0x81,0xff,0x18,
  0x81,0xff,0x18,0x81,0xff,0x18,0xa1,0xff,0x18,0xa1,0xff,0x08,0x40,0xff,0x00,0x00,
  0xff,0x00,0x00,0xff,0x00,0x20,0xff,0x08,0x41,0xff,0x00,0x20,0xff,0x00,0x20,0xff,
  0x18,0x60,0xff,0x61,0xe3,0xff,0x61,0xe3,0xff,0x7a,0x44,0xff,0x82,0xa4,0xff,0x59,
  0xe3,0xff,0x10,0x61,0xff,0x08,0x41,0xff,0x10,0x81,0xff,0x08,0x41,0xff,0x08,0x40,
  0xff,0x08,0x40,0xff,0x41,0x43,0xff,0x39,0x42,0xff,0x10,0x61,0xff,0x10,0x81,0xff,
  0x10,0xa2,0xff,0x10,0x81,0xff,0x10,0x81,0xff,0x31,0x63,0xff,0x31,0x02,0xff,0x31,
  0x02,0xff,0x20,0xa1,0xff,0x18,0xa2,0xff,0x28,0xc2,0xff,0x41,0x43,0xff,0x49,0x83,
  0xff,0x51,0xa3,0xff,0x59,0xe4,0xff,0x59,0xc4,0xff,0x6a,0x65,0xff,0x6a,0x65,0xff,
  0x62,0x25,0xff,0x62,0x25,0xff,0x6a,0x65,0xff,0x62,0x04,0xff,0x51,0xa3,0xff,0x59,
  0xe4,0xff,0x51,0x83,0xff,0x49,0xa4,0xff,0x49,0xa4,0xff,0x39,0x43,0xff,0x28,0xe2,
  0xff,0x29,0x02,0xff,0x31,0x23,0xff,0x20,0xa2,0xff,0x28,0xe2,0xff,0x28,0xe2,0xff,
  0x39,0x43,0xff,0x51,0xc4,0xff,0x51,0xc4,0xff,0x31,0x43,0x00,0x10,0xa2,0x00,0x21,
  0x03,0x00,0x21,0x03,0x00,0x19,0x04,0x00,0x19,0x04,0x00,0x19,0x04,0x00,0x21,0x04,
  0x00,0x21,0x04,0x00,0x21,0x04,0x00,0x21,0x04,0x00,0x21,0x04,0x00,0x19,0x04,0x00,
  0x19,0x04,0x00,0x21,0x04,0x00,0x21,0x04,0x00,0x21,0x04,0x00,0x21,0x04,0x00,0x21,
  0x04,0x00,0x21,0x04,0x00,0x21,0x04,0x00,0x21,0x04,0x00,0x19,0x04,0x00,0x21,0x04,
  0x00,0x21,0x04,0x00,0x19,0x04,0x00,0x19,0x04,0x00,0x19,0x04,0x00,0x19,0x04,0x00,
  0x19,0x04,0x00,0x19,0x04,0x00,0x19,0x04,0x00,0x18,0xe3,0x00,0x18,0xe3,0x00,0x18,
  0xe3,0x00,0x18,0xe3,0x00,0x18,0xc3,0x00,0x18,0xc3,0x00,0x21,0x03,0x00,0x29,0x24,
  0x00,0x21,0x24,0x00,0x21,0x04,0x00,0x21,0x24,0x00,0x21,0x24,0x00,0x21,0x24,0x00,
  0x21,0x24,0x00,0x21,0x24,0x00,0x21,0x24,0x00,0x21,0x24,0x00,0x21,0x24,0x00,0x21,
  0x24,0x00,0x18,0xc3,0x00,0x08,0x61,0xff,0x00,0x20,0xff,0x20,0xc2,0xff,0x5a,0x25,
  0xff,0x39,0x42,0xff,0x39,0x42,0xff,0x00,0x00,0xff,0x00,0x00,0xff,0x10,0x61,0xff,
  0x18,0xa1,0xff,0x18,0xc2,0xff,0x10,0x81,0xff,0x08,0x41,0xff,0x08,0x41,0xff,0x00,
  0x20,0xff,0x00,0x20,0xff,0x08,0x20,0xff,0x51,0xc4,0xff,0x39,0x22,0xff,0x00,0x00,
  0xff,0x08,0x20,0xff,0x10,0x81,0xff,0x10,0x40,0xff,0x18,0xc1,0xff,0x18,0xc1,0xff,
  0x10,0x61,0xff,0x08,0x20,0xff,0x30,0xc1,0xff,0x51,0xc4,0xff,0x18,0x61,0xff,0x08,
  0x40,0xff,0x08,0x20,0xff,0x00,0x20,0xff,0x00,0x00,0xff,0x00,0x00,0xff,0x49,0x83,
  0xff,0xab,0xa8,0xff,0xd5,0x0b,0xff,0xdd,0x0b,0xff,0xed,0xac,0xff,0x9b,0x27,0xff,
  0x51,0xc3,0xff,0x20,0xa1,0xff,0x20,0xa1,0xff,0x31,0x22,0xff,0x6a,0x25,0xff,0xbc,
  0x49,0xff,0xc4,0x48,0xff,0xb3,0xa8,0xff,0xab,0xa9,0xff,0x61,0xe4,0xff,0x20,0xa1,
  0xff,0x10,0x61,0xff,0x10,0x61,0xff,0x20,0xc2,0xff,0x20,0xc2,0xff,0x20,0xe2,0xff,
  0x29,0x02,0xff,0x20,0xa2,0xff,0x18,0xc2,0xff,0x18,0x81,0xff,0x18,0x81,0xff,0x10,
  0x81,0xff,0x10,0x81,0xff,0x08,0x40,0xff,0x00,0x00,0xff,0x00,0x00,0xff,0x00,0x00,
  0xff,0x08,0x40,0xff,0x00,0x20,0xff,0x10,0x61,0xff,0x49,0x83,0xff,0x72,0x44,0xff,
  0x72,0x44,0xff,0x69,0xe3,0xff,0x72,0x43,0xff,0x51,0x83,0xff,0x18,0xa1,0xff,0x10,
  0x61,0xff,0x10,0x81,0xff,0x10,0x61,0xff,0x39,0x63,0xff,0x39,0x63,0xff,0x51,0xe4,
  0xff,0x10,0x61,0xff,0x00,0x20,0xff,0x08,0x61,0xff,0x00,0x01,0xff,0x08,0x41,0xff,
  0x18,0x81,0xff,0x28,0xe2,0xff,0x41,0x43,0xff,0x41,0x43,0xff,0x39,0x23,0xff,0x49,
  0x84,0xff,0x5a,0x05,0xff,0x61,0xe4,0xff,0x7a,0x65,0xff,0x82,0xe6,0xff,0x8b,0x06,
  0xff,0x7a,0x65,0xff,0x7a,0x85,0xff,0x7a,0x85,0xff,0x72,0x24,0xff,0x6a,0x24,0xff,
  0x7a,0xa5,0xff,0x62,0x04,0xff,0x59,0xe4,0xff,0x62,0x24,0xff,0x41,0x63,0xff,0x39,
  0x43,0xff,0x39,0x43,0xff,0x29,0x02,0xff,0x28,0xc2,0xff,0x31,0x23,0xff,0x39,0x63,
  0xff,0x39,0x23,0xff,0x41,0x84,0xff,0x39,0x22,0xff,0x41,0x63,0xff,0x8a,0xe7,0xff,
  0x8a,0xe7,0xff,0x72,0xa6,0xff,0x08,0x61,0xff,0x10,0x82,0x00,0x20,0xe3,0x00,0x21,
  0x04,0x00,0x18,0xe3,0x00,0x19,0x04,0x00,0x19,0x04,0x00,0x21,0x04,0x00,0x21,0x04,
  0x00,0x21,0x04,0x00,0x21,0x04,0x00,0x21,0x04,0x00,0x21,0x04,0x00,0x21,0x04,0x00,
  0x21,0x04,0x00,0x21,0x04,0x00,0x21,0x04,0x00,0x21,0x04,0x00,0x21,0x04,0x00,0x21,
  0x04,0x00,0x19,0x04,0x00,0x19,0x04,0x00,0x21,0x04,0x00,0x21,0x04,0x00,0x21,0x04,
  0x00,0x21,0x04,0x00,0x19,0x03,0x00,0x19,0x03,0x00,0x21,0x04,0x00,0x19,0x03,0x00,
  0x19,0x03,0x00,0x18,0xe3,0x00,0x18,0xe3,0x00,0x18,0xe3,0x00,0x18,0xe3,0x00,0x18,
  0xc3,0x00,0x18,0xc3,0x00,0x18,0xe3,0x00,0x29,0x24,0x00,0x21,0x04,0x00,0x21,0x04,
  0x00,0x21,0x24,0x00,0x21,0x24,0x00,0x21,0x24,0x00,0x21,0x24,0x00,0x21,0x24,0x00,
  0x21,0x24,0x00,0x21,0x04,0x00,0x21,0x24,0x00,0x21,0x24,0x00,0x08,0x61,0xff,0x00,
  0x00,0xff,0x28,0xe2,0xff,0x39,0x23,0xff,0x39,0x22,0xff,0x28,0xe2,0xff,0x28,0xe2,
  0xff,0x00,0x00,0xff,0x00,0x00,0xff,0x00,0x00,0xff,0x18,0xa1,0xff,0x18,0xa1,0xff,
  0x18,0xa2,0xff,0x10,0x81,0xff,0x00,0x20,0xff,0x00,0x00,0xff,0x00,0x00,0xff,0x18,
  0xa1,0xff,0xb3,0xc8,0xff,0x7a,0x65,0xff,0x00,0x00,0xff,0x00,0x00,0xff,0x08,0x40,
  0xff,0x18,0x81,0xff,0x10,0x61,0xff,0x10,0x61,0xff,0x18,0x81,0xff,0x6a,0x45,0xff,
  0xc4,0x6a,0xff,0xed,0x8c,0xff,0xdc,0xea,0xff,0xc4,0x69,0xff,0xa3,0x88,0xff,0xa3,
  0xa8,0xff,0x7a,0x86,0xff,0x7a,0x86,0xff,0x69,0xe3,0xff,0x7a,0x65,0xff,0x7a,0xc6,
  0xff,0x51,0xe3,0xff,0x31,0x22,0xff,0x00,0x20,0xff,0x00,0x00,0xff,0x20,0xa2,0xff,
  0x20,0xa2,0xff,0x8b,0x27,0xff,0xb3,0xe9,0xff,0xbc,0x09,0xff,0xa3,0x26,0xff,0xc4,
  0x08,0xff,0x9b,0x47,0xff,0x30,0xc2,0xff,0x18,0x82,0xff,0x29,0x02,0xff,0x29,0x02,
  0xff,0x18,0x61,0xff,0x20,0xa1,0xff,0x29,0x02,0xff,0x29,0x02,0xff,0x18,0x81,0xff,
  0x18,0xa2,0xff,0x10,0x81,0xff,0x18,0x81,0xff,0x08,0x40,0xff,0x08,0x40,0xff,0x00,
  0x00,0xff,0x00,0x00,0xff,0x00,0x00,0xff,0x00,0x00,0xff,0x00,0x00,0xff,0x00,0x00,
  0xff,0x28,0xe1,0xff,0x8a,0xe4,0xff,0x7a,0x84,0xff,0x7a,0x84,0xff,0x69,0xc2,0xff,
  0x72,0x43,0xff,0x49,0x42,0xff,0x20,0xc1,0xff,0x10,0x61,0xff,0x08,0x41,0xff,0x10,
  0x41,0xff,0x51,0xe4,0xff,0x51,0xe4,0xff,0x31,0x02,0xff,0x00,0x00,0xff,0x00,0x20,
  0xff,0x08,0x61,0xff,0x00,0x00,0xff,0x08,0x41,0xff,0x41,0xa3,0xff,0x6a,0x45,0xff,
  0x61,0xe4,0xff,0x61,0xe4,0xff,0x82,0xe6,0xff,0x8b,0x06,0xff,0x82,0xe6,0xff,0x72,
  0x65,0xff,0x82,0xe6,0xff,0x72,0x45,0xff,0x7a,0x65,0xff,0x8a,0xe6,0xff,0x8a,0xe6,
  0xff,0x8a,0xe6,0xff,0x7a,0x85,0xff,0x72,0x45,0xff,0x59,0xa3,0xff,0x61,0xe4,0xff,
  0x51,0xa3,0xff,0x49,0x83,0xff,0x39,0x23,0xff,0x29,0x02,0xff,0x29,0x02,0xff,0x28,
  0xe2,0xff,0x31,0x22,0xff,0x39,0x43,0xff,0x49,0xa3,0xff,0x62,0x24,0xff,0x5a,0x04,
  0xff,0x41,0x23,0xff,0x30,0xe2,0xff,0x61,0xe4,0xff,0x61,0xe4,0xff,0x72,0x25,0xff,
  0x18,0x81,0xff,0x08,0x21,0xff,0x18,0xc2,0x00,0x18,0xe3,0x00,0x21,0x04,0x00,0x21,
  0x04,0x00,0x21,0x04,0x00,0x21,0x04,0x00,0x21,0x04,0x00,0x21,0x04,0x00,0x21,0x04,
  0x00,0x21,0x04,0x00,0x21,0x04,0x00,0x21,0x04,0x00,0x21,0x04,0x00,0x21,0x04,0x00,
  0x21,0x04,0x00,0x21,0x04,0x00,0x21,0x04,0x00,0x21,0x04,0x00,0x19,0x04,0x00,0x19,
  0x04,0x00,0x21,0x04,0x00,0x21,0x04,0x00,0x19,0x04,0x00,0x19,0x04,0x00,0x18,0xe4,
  0x00,0x18,0xe4,0x00,0x21,0x04,0x00,0x21,0x04,0x00,0x19,0x03,0x00,0x18,0xe3,0x00,
  0x18,0xe3,0x00,0x18,0xe3,0x00,0x18,0xe3,0x00,0x18,0xe3,0x00,0x18,0xe3,0x00,0x21,
  0x03,0x00,0x21,0x24,0x00,0x21,0x24,0x00,0x21,0x24,0x00,0x21,0x24,0x00,0x21,0x24,
  0x00,0x29,0x45,0x00,0x21,0x24,0x00,0x21,0x24,0x00,0x21,0x24,0x00,0x21,0x04,0x00,
  0x21,0x24,0x00,0x18,0xe3,0x00,0x10,0x61,0xff,0x39,0x22,0xff,0x52,0x25,0xff,0x39,
  0x43,0xff,0x28,0xe2,0xff,0x18,0x81,0xff,0x18,0x81,0xff,0x00,0x20,0xff,0x00,0x20,
  0xff,0x00,0x00,0xff,0x10,0x61,0xff,0x18,0xa2,0xff,0x10,0x81,0xff,0x18,0xc2,0xff,
  0x10,0x61,0xff,0x00,0x00,0xff,0x00,0x00,0xff,0x20,0xc1,0xff,0x9b,0x06,0xff,0x8a,
  0x64,0xff,0x51,0x63,0xff,0x30,0xe2,0xff,0x10,0x81,0xff,0x08,0x40,0xff,0x18,0x81,
  0xff,0x18,0x81,0xff,0x30,0xe2,0xff,0xb4,0x2a,0xff,0xcc,0xca,0xff,0xd4,0xca,0xff,
  0xd4,0xca,0xff,0xe5,0x0b,0xff,0xdc,0xeb,0xff,0xdc,0xcb,0xff,0xa3,0xc8,0xff,0xa3,
  0xc8,0xff,0x49,0x83,0xff,0x00,0x00,0xff,0x00,0x00,0xff,0x00,0x00,0xff,0x00,0x20,
  0xff,0x20,0xc2,0xff,0x62,0x04,0xff,0x8a,0xe7,0xff,0x8a,0xe7,0xff,0xab,0xc9,0xff,
  0xab,0xa8,0xff,0xb3,0xc8,0xff,0xa3,0x07,0xff,0xc4,0xaa,0xff,0xc4,0xab,0xff,0x51,
  0xe4,0xff,0x20,0xe2,0xff,0x29,0x23,0xff,0x29,0x23,0xff,0x20,0xc2,0xff,0x29,0x22,
  0xff,0x28,0xe2,0xff,0x29,0x22,0xff,0x18,0xa1,0xff,0x10,0x61,0xff,0x10,0x81,0xff,
  0x18,0xa1,0xff,0x08,0x40,0xff,0x08,0x40,0xff,0x00,0x00,0xff,0x00,0x00,0xff,0x00,
  0x20,0xff,0x00,0x00,0xff,0x00,0x20,0xff,0x00,0x00,0xff,0x51,0x83,0xff,0x8a,0xc4,
  0xff,0x71,0xc2,0xff,0x71,0xc2,0xff,0x92,0xe5,0xff,0x8b,0x05,0xff,0x61,0xc3,0xff,
  0x49,0xc4,0xff,0x18,0xc2,0xff,0x18,0xa2,0xff,0x51,0xc4,0xff,0x5a,0x25,0xff,0x5a,
  0x25,0xff,0x28,0xc1,0xff,0x20,0xc1,0xff,0x10,0x81,0xff,0x18,0xc2,0xff,0x18,0xa1,
  0xff,0x39,0x43,0xff,0x62,0x45,0xff,0x72,0x85,0xff,0x69,0xe4,0xff,0x69,0xe4,0xff,
  0x8b,0x47,0xff,0x93,0x67,0xff,0x6a,0x45,0xff,0x59,0xc3,0xff,0x72,0x65,0xff,0x7a,
  0x85,0xff,0x7a,0xc6,0xff,0x62,0x45,0xff,0x51,0xc4,0xff,0x51,0xc4,0xff,0x49,0x83,
  0xff,0x51,0xc4,0xff,0x51,0xa4,0xff,0x49,0xc4,0xff,0x39,0x22,0xff,0x31,0x23,0xff,
  0x28,0xe2,0xff,0x28,0xe2,0xff,0x28,0xe2,0xff,0x39,0x43,0xff,0x52,0x04,0xff,0x41,
  0x22,0xff,0x51,0x83,0xff,0x62,0x04,0xff,0x61,0xe4,0xff,0x49,0x83,0xff,0x41,0x63,
  0xff,0x59,0xe4,0xff,0x59,0xe4,0xff,0x72,0x86,0xff,0x49,0x83,0xff,0x49,0x63,0xff,
  0x28,0xe2,0x00,0x10,0x82,0x00,0x21,0x03,0x00,0x21,0x04,0x00,0x19,0x04,0x00,0x21,
  0x04,0x00,0x21,0x04,0x00,0x21,0x04,0x00,0x21,0x04,0x00,0x21,0x04,0x00,0x21,0x04,
  0x00,0x21,0x04,0x00,0x21,0x04,0x00,0x21,0x04,0x00,0x21,0x04,0x00,0x21,0x04,0x00,
  0x21,0x04,0x00,0x21,0x04,0x00,0x19,0x04,0x00,0x19,0x04,0x00,0x19,0x04,0x00,0x19,
  0x04,0x00,0x21,0x04,0x00,0x19,0x04,0x00,0x19,0x04,0x00,0x19,0x04,0x00,0x18,0xe3,
  0x00,0x10,0xc3,0x00,0x10,0xe3,0x00,0x18,0xc3,0x00,0x18,0xe3,0x00,0x18,0xe3,0x00,
  0x18,0xe3,0x00,0x10,0xc3,0x00,0x10,0xc3,0x00,0x18,0xe3,0x00,0x18,0xa2,0x00,0x21,
  0x04,0x00,0x21,0x04,0x00,0x21,0x03,0x00,0x20,0xe3,0x00,0x21,0x04,0x00,0x21,0x24,
  0x00,0x21,0x44,0x00,0x21,0x44,0x00,0x21,0x24,0x00,0x21,0x04,0x00,0x08,0x81,0xff,
  0x39,0x63,0xff,0x6a,0x04,0xff,0x39,0x42,0xff,0x31,0x23,0xff,0x20,0xc1,0xff,0x10,
  0x41,0xff,0x10,0x41,0xff,0x08,0x60,0xff,0x00,0x00,0xff,0x00,0x00,0xff,0x00,0x20,
  0xff,0x10,0x81,0xff,0x18,0xa1,0xff,0x18,0xa1,0xff,0x10,0x81,0xff,0x00,0x20,0xff,
  0x00,0x20,0xff,0x08,0x40,0xff,0x61,0xc3,0xff,0x8a,0x44,0xff,0xab,0x67,0xff,0xa3,
  0x87,0xff,0x72,0x64,0xff,0x20,0x60,0xff,0x10,0x60,0xff,0x10,0x60,0xff,0x08,0x20,
  0xff,0x08,0x20,0xff,0x08,0x40,0xff,0x08,0x40,0xff,0x08,0x20,0xff,0x08,0x20,0xff,
  0x00,0x00,0xff,0x00,0x00,0xff,0x00,0x00,0xff,0x00,0x00,0xff,0x00,0x20,0xff,0x10,
  0x61,0xff,0x28,0xe2,0xff,0x39,0x23,0xff,0x72,0x66,0xff,0x9b,0x48,0xff,0xbc,0x49,
  0xff,0xb3,0xe9,0xff,0xb3,0xe9,0xff,0x9b,0x07,0xff,0xab,0x88,0xff,0xbc,0x08,0xff,
  0xab,0x87,0xff,0x82,0x85,0xff,0x62,0x25,0xff,0x31,0x23,0xff,0x10,0x41,0xff,0x18,
  0xa2,0xff,0x18,0xa2,0xff,0x29,0x23,0xff,0x31,0x63,0xff,0x20,0xa1,0xff,0x29,0x02,
  0xff,0x10,0x81,0xff,0x08,0x20,0xff,0x10,0x61,0xff,0x10,0x81,0xff,0x08,0x20,0xff,
  0x08,0x20,0xff,0x00,0x00,0xff,0x00,0x00,0xff,0x00,0x00,0xff,0x00,0x00,0xff,0x00,
  0x00,0xff,0x18,0x40,0xff,0x61,0x83,0xff,0x71,0xe2,0xff,0x92,0xe4,0xff,0x92,0xe4,
  0xff,0x9a,0xe5,0xff,0x82,0x23,0xff,0x8a,0xe5,0xff,0x72,0x66,0xff,0x18,0x81,0xff,
  0x41,0x63,0xff,0x83,0x28,0xff,0x28,0xc1,0xff,0x28,0xc1,0xff,0x31,0x22,0xff,0x39,
  0xa4,0xff,0x10,0x61,0xff,0x18,0x81,0xff,0x41,0x83,0xff,0x62,0x04,0xff,0x51,0x83,
  0xff,0x59,0xc4,0xff,0x49,0x63,0xff,0x49,0x63,0xff,0x51,0xa3,0xff,0x6a,0x45,0xff,
  0x59,0xa4,0xff,0x49,0x63,0xff,0x61,0xe4,0xff,0x7a,0x85,0xff,0x7a,0x85,0xff,0x39,
  0x43,0xff,0x18,0x81,0xff,0x18,0x81,0xff,0x10,0x61,0xff,0x28,0xe2,0xff,0x29,0x02,
  0xff,0x20,0xc1,0xff,0x29,0x02,0xff,0x31,0x22,0xff,0x39,0x02,0xff,0x49,0xa4,0xff,
  0x49,0xa4,0xff,0x49,0x63,0xff,0x49,0x63,0xff,0x59,0xc4,0xff,0x62,0x04,0xff,0x51,
  0x63,0xff,0x51,0x83,0xff,0x51,0xa3,0xff,0x51,0xa3,0xff,0x51,0xa4,0xff,0x51,0xa4,
  0xff,0x49,0x63,0xff,0x51,0x83,0xff,0x7a,0x85,0xff,0x39,0x02,0x00,0x00,0x20,0x00,
  0x18,0xe4,0x00,0x21,0x04,0x00,0x21,0x04,0x00,0x21,0x04,0x00,0x21,0x04,0x00,0x21,
  0x04,0x00,0x21,0x04,0x00,0x21,0x04,0x00,0x21,0x04,0x00,0x21,0x04,0x00,0x21,0x04,
  0x00,0x21,0x04,0x00,0x21,0x04,0x00,0x21,0x04,0x00,0x21,0x04,0x00,0x21,0x04,0x00,
  0x21,0x04,0x00,0x21,0x04,0x00,0x19,0x04,0x00,0x19,0x04,0x00,0x21,0x04,0x00,0x18,
  0xe4,0x00,0x18,0xe3,0x00,0x18,0xe3,0x00,0x29,0x23,0x00,0x49,0x83,0x00,0x39,0x43,
  0x00,0x29,0x23,0x00,0x21,0x03,0x00,0x19,0x04,0x00,0x20,0xe3,0x00,0x41,0x64,0x00,
  0x41,0x64,0x00,0x59,0xe3,0x00,0x51,0x83,0x00,0x29,0x24,0x00,0x18,0xc3,0x00,0x39,
  0x43,0x00,0x62,0x25,0x00,0x49,0xa4,0x00,0x21,0x04,0x00,0x29,0x44,0x00,0x29,0x44,
  0x00,0x21,0x24,0x00,0x10,0xa2,0x00,0x00,0x00,0xff,0x41,0x63,0xff,0x6a,0x44,0xff,
  0x39,0x02,0xff,0x28,0xe2,0xff,0x31,0x22,0xff,0x20,0xc1,0xff,0x20,0xc1,0xff,0x18,
  0xa1,0xff,0x00,0x00,0xff,0x00,0x20,0xff,0x00,0x20,0xff,0x08,0x61,0xff,0x18,0xa1,
  0xff,0x18,0xa2,0xff,0x10,0x81,0xff,0x10,0x81,0xff,0x10,0x81,0xff,0x08,0x41,0xff,
  0x28,0xc1,0xff,0x8a,0xc5,0xff,0xa3,0x66,0xff,0xa3,0x06,0xff,0xb3,0xa7,0xff,0x92,
  0xe5,0xff,0x6a,0x24,0xff,0x6a,0x24,0xff,0x49,0x83,0xff,0x39,0x43,0xff,0x31,0x02,
  0xff,0x31,0x22,0xff,0x28,0xe2,0xff,0x31,0x02,0xff,0x39,0x23,0xff,0x41,0x63,0xff,
  0x51,0xc4,0xff,0x51,0xc4,0xff,0x6a,0x25,0xff,0x92,0xc6,0xff,0xb3,0xc8,0xff,0xc4,
  0x69,0xff,0xcc,0x8a,0xff,0xbb,0xe9,0xff,0xb3,0xc8,0xff,0xab,0xa8,0xff,0xab,0xa8,
  0xff,0xb3,0xc9,0xff,0xc4,0x8a,0xff,0xc4,0x48,0xff,0xc4,0x48,0xff,0x61,0xe4,0xff,
  0x08,0x21,0xff,0x18,0xa2,0xff,0x10,0x61,0xff,0x10,0x81,0xff,0x10,0x81,0xff,0x10,
  0x61,0xff,0x20,0xe2,0xff,0x29,0x02,0xff,0x21,0x02,0xff,0x10,0x61,0xff,0x00,0x20,
  0xff,0x08,0x61,0xff,0x10,0x81,0xff,0x00,0x20,0xff,0x00,0x20,0xff,0x00,0x20,0xff,
  0x00,0x00,0xff,0x00,0x00,0xff,0x00,0x00,0xff,0x29,0x02,0xff,0x61,0xe3,0xff,0x7a,
  0x04,0xff,0x8a,0x64,0xff,0xb3,0xe6,0xff,0xb3,0xe6,0xff,0x9a,0xe4,0xff,0x92,0xa4,
  0xff,0xab,0xa7,0xff,0x6a,0x86,0xff,0x20,0xc2,0xff,0x5a,0x25,0xff,0x41,0xa4,0xff,
  0x20,0xc1,0xff,0x20,0xc1,0xff,0x29,0x02,0xff,0x20,0xa1,0xff,0x20,0xc1,0xff,0x41,
  0x63,0xff,0x51,0xc4,0xff,0x59,0xe4,0xff,0x49,0x83,0xff,0x51,0x83,0xff,0x41,0x42,
  0xff,0x41,0x42,0xff,0x51,0xa4,0xff,0x59,0xc4,0xff,0x62,0x04,0xff,0x59,0xe4,0xff,
  0x59,0xe4,0xff,0x62,0x24,0xff,0x72,0x86,0xff,0x59,0xe4,0xff,0x39,0x43,0xff,0x39,
  0x43,0xff,0x20,0xa1,0xff,0x20,0xc2,0xff,0x20,0xc1,0xff,0x31,0x02,0xff,0x30,0xe2,
  0xff,0x49,0x83,0xff,0x59,0xe4,0xff,0x72,0x85,0xff,0x72,0x85,0xff,0x6a,0x04,0xff,
  0x72,0x86,0xff,0x61,0xe4,0xff,0x51,0xc3,0xff,0x49,0x63,0xff,0x51,0xa4,0xff,0x59,
  0xe4,0xff,0x6a,0x86,0xff,0x49,0x63,0xff,0x49,0x63,0xff,0x30,0xe2,0xff,0x39,0x22,
  0xff,0x59,0xa3,0xff,0x28,0xa1,0x00,0x08,0x41,0x00,0x19,0x04,0x00,0x21,0x04,0x00,
  0x21,0x04,0x00,0x21,0x04,0x00,0x21,0x04,0x00,0x21,0x04,0x00,0x21,0x04,0x00,0x21,
  0x04,0x00,0x21,0x04,0x00,0x21,0x04,0x00,0x21,0x04,0x00,0x21,0x04,0x00,0x21,0x04,
  0x00,0x21,0x04,0x00,0x21,0x04,0x00,0x21,0x04,0x00,0x21,0x04,0x00,0x21,0x04,0x00,
  0x19,0x04,0x00,0x19,0x04,0x00,0x18,0xe4,0x00,0x19,0x04,0x00,0x10,0xa3,0x00,0x10,
  0xa3,0x00,0x6a,0x03,0x00,0xd3,0xa5,0x00,0xbb,0x43,0x00,0xb3,0x65,0x00,0x51,0xc5,
  0x00,0x18,0xe3,0x00,0x51,0xc4,0x00,0xb3,0x46,0x00,0xb3,0x46,0x00,0xb3,0x86,0x00,
  0xab,0x46,0x00,0x41,0x64,0x00,0x18,0xc3,0x00,0x72,0x65,0x00,0xd4,0x6a,0x00,0x7a,
  0x86,0x00,0x20,0xc2,0x00,0x20,0xe3,0x00,0x20,0xe3,0x00,0x18,0x82,0x00,0x08,0x61,
  0xff,0x00,0x00,0xff,0x39,0x22,0xff,0x59,0xc3,0xff,0x39,0x02,0xff,0x30,0xe2,0xff,
  0x39,0x42,0xff,0x20,0x81,0xff,0x20,0x81,0xff,0x10,0x41,0xff,0x08,0x61,0xff,0x08,
  0x40,0xff,0x00,0x00,0xff,0x08,0x41,0xff,0x10,0x61,0xff,0x18,0x81,0xff,0x10,0x41,
  0xff,0x10,0xa1,0xff,0x10,0xa1,0xff,0x08,0x41,0xff,0x08,0x20,0xff,0x7a,0xa5,0xff,
  0xab,0x86,0xff,0x9a,0xe5,0xff,0xb3,0xa6,0xff,0xbb,0x86,0xff,0xc4,0x28,0xff,0xc4,
  0x28,0xff,0xcc,0x69,0xff,0xd4,0xa9,0xff,0xcc,0x89,0xff,0xdc,0xea,0xff,0xd4,0xca,
  0xff,0xd4,0xea,0xff,0xd4,0xca,0xff,0xdc,0xeb,0xff,0xdc,0xeb,0xff,0xdc,0xeb,0xff,
  0xe5,0x0b,0xff,0xe4,0xca,0xff,0xdc,0x89,0xff,0xcc,0x49,0xff,0xc4,0x69,0xff,0xb3,
  0xc9,0xff,0xa3,0x68,0xff,0xa3,0x68,0xff,0xa3,0x68,0xff,0xc4,0x8a,0xff,0xbc,0x09,
  0xff,0x92,0xa6,0xff,0xbc,0x49,0xff,0x5a,0x45,0xff,0x00,0x20,0xff,0x10,0x81,0xff,
  0x20,0xe2,0xff,0x10,0x61,0xff,0x10,0x61,0xff,0x00,0x00,0xff,0x10,0x81,0xff,0x29,
  0x23,0xff,0x20,0xc1,0xff,0x08,0x20,0xff,0x08,0x40,0xff,0x00,0x20,0xff,0x08,0x41,
  0xff,0x08,0x20,0xff,0x08,0x20,0xff,0x00,0x00,0xff,0x00,0x00,0xff,0x00,0x00,0xff,
  0x08,0x00,0xff,0x6a,0x44,0xff,0xa3,0x45,0xff,0x8a,0x43,0xff,0x9a,0xe5,0xff,0xa2,
  0xe4,0xff,0xa2,0xe4,0xff,0x9a,0xe4,0xff,0xb3,0xc7,0xff,0x7a,0x85,0xff,0x28,0xc1,
  0xff,0x28,0xe2,0xff,0x31,0x23,0xff,0x10,0x61,0xff,0x18,0xa1,0xff,0x18,0xa1,0xff,
  0x28,0xc1,0xff,0x28,0xc2,0xff,0x41,0x83,0xff,0x51,0xc3,0xff,0x49,0x63,0xff,0x49,
  0x63,0xff,0x49,0xa3,0xff,0x59,0xe4,0xff,0x5a,0x04,0xff,0x5a,0x04,0xff,0x59,0xe4,
  0xff,0x49,0x63,0xff,0x62,0x04,0xff,0x51,0xa3,0xff,0x51,0xa4,0xff,0x39,0x23,0xff,
  0x41,0x43,0xff,0x5a,0x05,0xff,0x6a,0x86,0xff,0x6a,0x86,0xff,0x59,0xc4,0xff,0x51,
  0xc4,0xff,0x51,0xa3,0xff,0x62,0x24,0xff,0x59,0xc4,0xff,0x59,0xe4,0xff,0x62,0x25,
  0xff,0x59,0xc3,0xff,0x59,0xc3,0xff,0x6a,0x24,0xff,0x62,0x24,0xff,0x49,0x63,0xff,
  0x41,0x22,0xff,0x39,0x22,0xff,0x5a,0x04,0xff,0x51,0x83,0xff,0x62,0x05,0xff,0x49,
  0x84,0xff,0x49,0x84,0xff,0x28,0xc1,0xff,0x41,0x63,0xff,0x39,0x22,0xff,0x18,0x61,
  0x00,0x08,0x41,0x00,0x19,0x04,0x00,0x21,0x04,0x00,0x21,0x04,0x00,0x21,0x04,0x00,
  0x21,0x04,0x00,0x21,0x04,0x00,0x21,0x04,0x00,0x21,0x04,0x00,0x21,0x04,0x00,0x21,
  0x04,0x00,0x21,0x04,0x00,0x21,0x04,0x00,0x21,0x04,0x00,0x21,0x04,0x00,0x21,0x04,
  0x00,0x21,0x04,0x00,0x21,0x04,0x00,0x21,0x04,0x00,0x19,0x04,0x00,0x19,0x04,0x00,
  0x19,0x04,0x00,0x21,0x04,0x00,0x18,0xe3,0x00,0x18,0xe3,0x00,0x41,0x83,0x00,0x72,
  0x24,0x00,0x6a,0x03,0x00,0x6a,0x24,0x00,0x39,0x43,0x00,0x18,0xc3,0x00,0x41,0x84,
  0x00,0x62,0x04,0x00,0x62,0x04,0x00,0x59,0xc3,0x00,0x51,0xa3,0x00,0x28,0xe3,0x00,
  0x18,0xc3,0x00,0x49,0xc4,0x00,0x72,0x65,0x00,0x41,0x63,0x00,0x20,0xe3,0x00,0x29,
  0x24,0x00,0x29,0x24,0x00,0x18,0x82,0x00,0x08,0x21,0xff,0x18,0x61,0xff,0x51,0xa3,
  0xff,0x62,0x24,0xff,0x51,0xa3,0xff,0x49,0x83,0xff,0x41,0x83,0xff,0x18,0xa1,0xff,
  0x18,0xa1,0xff,0x10,0x61,0xff,0x10,0x61,0xff,0x10,0x81,0xff,0x00,0x20,0xff,0x00,
  0x40,0xff,0x08,0x41,0xff,0x18,0xc2,0xff,0x18,0xa2,0xff,0x10,0x81,0xff,0x10,0x81,
  0xff,0x10,0xa2,0xff,0x18,0xe2,0xff,0x39,0x22,0xff,0xa3,0x46,0xff,0xbc,0x27,0xff,
  0xb3,0xa7,0xff,0xa2,0xe5,0xff,0xbb,0xe7,0xff,0xbb,0xe7,0xff,0xd4,0x89,0xff,0xe4,
  0xeb,0xff,0xe5,0x0b,0xff,0xe5,0x2b,0xff,0xdd,0x0b,0xff,0xdd,0x0b,0xff,0xdc,0xeb,
  0xff,0xdd,0x0b,0xff,0xdc,0xea,0xff,0xdc,0xea,0xff,0xd4,0xa9,0xff,0xb3,0xc8,0xff,
  0x8b,0x26,0xff,0x6a,0x45,0xff,0x6a,0x45,0xff,0x8a,0xc6,0xff,0xbc,0x4a,0xff,0xb4,
  0x09,0xff,0xb4,0x09,0xff,0xc4,0x89,0xff,0xa3,0x87,0xff,0x8a,0x65,0xff,0x7a,0x65,
  0xff,0x28,0xe1,0xff,0x10,0x81,0xff,0x10,0x61,0xff,0x18,0xa2,0xff,0x10,0x81,0xff,
  0x10,0x81,0xff,0x00,0x20,0xff,0x08,0x61,0xff,0x29,0x02,0xff,0x20,0xe2,0xff,0x08,
  0x20,0xff,0x00,0x20,0xff,0x00,0x20,0xff,0x08,0x41,0xff,0x00,0x20,0xff,0x00,0x20,
  0xff,0x00,0x20,0xff,0x00,0x00,0xff,0x20,0xc1,0xff,0x51,0x62,0xff,0x82,0x85,0xff,
  0x92,0x83,0xff,0x9a,0xa4,0xff,0xab,0x65,0xff,0xb3,0x86,0xff,0xb3,0x86,0xff,0x9a,
  0xe5,0xff,0x6a,0x44,0xff,0x20,0xc1,0xff,0x18,0x41,0xff,0x31,0x23,0xff,0x20,0xe2,
  0xff,0x10,0x61,0xff,0x29,0x22,0xff,0x29,0x22,0xff,0x41,0x83,0xff,0x41,0x83,0xff,
  0x51,0xc4,0xff,0x51,0xe4,0xff,0x51,0xa3,0xff,0x51,0xc4,0xff,0x51,0xc3,0xff,0x59,
  0xe4,0xff,0x51,0xc3,0xff,0x51,0xc3,0xff,0x51,0x83,0xff,0x51,0xa4,0xff,0x62,0x04,
  0xff,0x59,0xe4,0xff,0x51,0xc4,0xff,0x39,0x23,0xff,0x31,0x02,0xff,0x31,0x02,0xff,
  0x62,0x04,0xff,0x62,0x04,0xff,0x82,0xc6,0xff,0x82,0xe6,0xff,0x72,0x64,0xff,0x72,
  0x65,0xff,0x62,0x04,0xff,0x51,0xa3,0xff,0x51,0xa4,0xff,0x51,0xc4,0xff,0x51,0xc4,
  0xff,0x41,0x43,0xff,0x39,0x22,0xff,0x39,0x02,0xff,0x39,0x23,0xff,0x39,0x43,0xff,
  0x41,0x83,0xff,0x59,0xe4,0xff,0x6a,0x66,0xff,0x51,0xc4,0xff,0x51,0xc4,0xff,0x39,
  0x43,0xff,0x41,0xa3,0xff,0x39,0x23,0xff,0x10,0x61,0xff,0x08,0x82,0x00,0x18,0xe3,
  0x00,0x21,0x04,0x00,0x21,0x04,0x00,0x21,0x04,0x00,0x21,0x04,0x00,0x21,0x04,0x00,
  0x21,0x04,0x00,0x21,0x04,0x00,0x21,0x04,0x00,0x21,0x04,0x00,0x21,0x04,0x00,0x21,
  0x04,0x00,0x21,0x04,0x00,0x21,0x04,0x00,0x21,0x04,0x00,0x21,0x04,0x00,0x21,0x04,
  0x00,0x21,0x04,0x00,0x19,0x04,0x00,0x19,0x04,0x00,0x19,0x04,0x00,0x21,0x04,0x00,
  0x18,0xe3,0x00,0x18,0xe3,0x00,0x41,0x83,0x00,0x72,0x24,0x00,0x6a,0x03,0x00,0x6a,
  0x24,0x00,0x39,0x43,0x00,0x18,0xc3,0x00,0x41,0x84,0x00,0x62,0x04,0x00,0x62,0x04,
  0x00,0x59,0xc3,0x00,0x51,0xa3,0x00,0x28,0xe3,0x00,0x18,0xc3,0x00,0x49,0xc4,0x00,
  0x72,0x65,0x00,0x41,0x63,0x00,0x20,0xe3,0x00,0x29,0x24,0x00,0x29,0x24,0x00,0x18,
  0x82,0x00,0x08,0x21,0xff,0x18,0x61,0xff,0x51,0xa3,0xff,0x62,0x24,0xff,0x51,0xa3,
  0xff,0x49,0x83,0xff,0x41,0x83,0xff,0x18,0xa1,0xff,0x18,0xa1,0xff,0x10,0x61,0xff,
  0x10,0x61,0xff,0x10,0x81,0xff,0x00,0x20,0xff,0x00,0x40,0xff,0x08,0x41,0xff,0x18,
  0xc2,0xff,0x18,0xa2,0xff,0x10,0x81,0xff,0x10,0x81,0xff,0x10,0xa2,0xff,0x18,0xe2,
  0xff,0x39,0x22,0xff,0xa3,0x46,0xff,0xbc,0x27,0xff,0xb3,0xa7,0xff,0xa2,0xe5,0xff,
  0xbb,0xe7,0xff,0xbb,0xe7,0xff,0xd4,0x89,0xff,0xe4,0xeb,0xff,0xe5,0x0b,0xff,0xe5,
  0x2b,0xff,0xdd,0x0b,0xff,0xdd,0x0b,0xff,0xdc,0xeb,0xff,0xdd,0x0b,0xff,0xdc,0xea,
  0xff,0xdc,0xea,0xff,0xd4,0xa9,0xff,0xb3,0xc8,0xff,0x8b,0x26,0xff,0x6a,0x45,0xff,
  0x6a,0x45,0xff,0x8a,0xc6,0xff,0xbc,0x4a,0xff,0xb4,0x09,0xff,0xb4,0x09,0xff,0xc4,
  0x89,0xff,0xa3,0x87,0xff,0x8a,0x65,0xff,0x7a,0x65,0xff,0x28,0xe1,0xff,0x10,0x81,
  0xff,0x10,0x61,0xff,0x18,0xa2,0xff,0x10,0x81,0xff,0x10,0x81,0xff,0x00,0x20,0xff,
  0x08,0x61,0xff,0x29,0x02,0xff,0x20,0xe2,0xff,0x08,0x20,0xff,0x00,0x20,0xff,0x00,
  0x20,0xff,0x08,0x41,0xff,0x00,0x20,0xff,0x00,0x20,0xff,0x00,0x20,0xff,0x00,0x00,
  0xff,0x20,0xc1,0xff,0x51,0x62,0xff,0x82,0x85,0xff,0x92,0x83,0xff,0x9a,0xa4,0xff,
  0xab,0x65,0xff,0xb3,0x86,0xff,0xb3,0x86,0xff,0x9a,0xe5,0xff,0x6a,0x44,0xff,0x20,
  0xc1,0xff,0x18,0x41,0xff,0x31,0x23,0xff,0x20,0xe2,0xff,0x10,0x61,0xff,0x29,0x22,
  0xff,0x29,0x22,0xff,0x41,0x83,0xff,0x41,0x83,0xff,0x51,0xc4,0xff,0x51,0xe4,0xff,
  0x51,0xa3,0xff,0x51,0xc4,0xff,0x51,0xc3,0xff,0x59,0xe4,0xff,0x51,0xc3,0xff,0x51,
  0xc3,0xff,0x51,0x83,0xff,0x51,0xa4,0xff,0x62,0x04,0xff,0x59,0xe4,0xff,0x51,0xc4,
  0xff,0x39,0x23,0xff,0x31,0x02,0xff,0x31,0x02,0xff,0x62,0x04,0xff,0x62,0x04,0xff,
  0x82,0xc6,0xff,0x82,0xe6,0xff,0x72,0x64,0xff,0x72,0x65,0xff,0x62,0x04,0xff,0x51,
  0xa3,0xff,0x51,0xa4,0xff,0x51,0xc4,0xff,0x51,0xc4,0xff,0x41,0x43,0xff,0x39,0x22,
  0xff,0x39,0x02,0xff,0x39,0x23,0xff,0x39,0x43,0xff,0x41,0x83,0xff,0x59,0xe4,0xff,
  0x6a,0x66,0xff,0x51,0xc4,0xff,0x51,0xc4,0xff,0x39,0x43,0xff,0x41,0xa3,0xff,0x39,
  0x23,0xff,0x10,0x61,0xff,0x08,0x82,0x00,0x18,0xe3,0x00,0x21,0x04,0x00,0x21,0x04,
  0x00,0x21,0x04,0x00,0x21,0x04,0x00,0x21,0x04,0x00,0x21,0x04,0x00,0x21,0x04,0x00,
  0x21,0x04,0x00,0x21,0x04,0x00,0x21,0x04,0x00,0x21,0x04,0x00,0x21,0x04,0x00,0x21,
  0x04,0x00,0x21,0x04,0x00,0x21,0x04,0x00,0x21,0x04,0x00,0x21,0x04,0x00,0x19,0x04,
  0x00,0x19,0x04,0x00,0x18,0xe4,0x00,0x19,0x04,0x00,0x19,0x04,0x00,0x19,0x04,0x00,
  0x10,0xe4,0x00,0x08,0xc4,0x00,0x08,0xa4,0x00,0x08,0xa3,0x00,0x10,0xc3,0x00,0x10,
  0xc3,0x00,0x10,0xa3,0x00,0x08,0x83,0x00,0x08,0x83,0x00,0x08,0xa3,0x00,0x10,0xa3,
  0x00,0x18,0xe3,0x00,0x18,0xe3,0x00,0x20,0xe3,0x00,0x21,0x03,0x00,0x20,0xe3,0x00,
  0x20,0xe3,0x00,0x29,0x44,0x00,0x29,0x44,0x00,0x20,0xe3,0x00,0x18,0x81,0x00,0x59,
  0xe4,0xff,0x6a,0x04,0xff,0x51,0x62,0xff,0x62,0x24,0xff,0x51,0xa3,0xff,0x39,0x02,
  0xff,0x18,0xc2,0xff,0x18,0xc2,0xff,0x00,0x20,0xff,0x00,0x20,0xff,0x18,0xa1,0xff,
  0x18,0xa1,0xff,0x08,0x41,0xff,0x00,0x20,0xff,0x10,0x81,0xff,0x18,0xc2,0xff,0x08,
  0x41,0xff,0x08,0x41,0xff,0x18,0xc2,0xff,0x18,0xa1,0xff,0x08,0x20,0xff,0x52,0x04,
  0xff,0x9b,0x46,0xff,0xa3,0x26,0xff,0xab,0x67,0xff,0x82,0xe6,0xff,0x82,0xe6,0xff,
  0x6a,0x65,0xff,0x83,0x07,0xff,0x93,0x68,0xff,0x9b,0xc8,0xff,0x93,0x68,0xff,0x93,
  0x88,0xff,0x83,0x07,0xff,0x7a,0xc6,0xff,0x62,0x24,0xff,0x62,0x24,0xff,0x49,0xa3,
  0xff,0x20,0xa2,0xff,0x20,0xe2,0xff,0x20,0xe3,0xff,0x41,0x84,0xff,0xab,0xe9,0xff,
  0xbc,0x09,0xff,0x9a,0xc6,0xff,0x9a,0xc6,0xff,0xab,0xa9,0xff,0x8a,0xc6,0xff,0xb4,
  0x29,0xff,0x6a,0x45,0xff,0x10,0x20,0xff,0x10,0xa2,0xff,0x00,0x00,0xff,0x10,0x61,
  0xff,0x18,0xa1,0xff,0x18,0xa1,0xff,0x00,0x20,0xff,0x00,0x00,0xff,0x10,0x81,0xff,
  0x18,0xc2,0xff,0x08,0x20,0xff,0x00,0x20,0xff,0x00,0x20,0xff,0x08,0x41,0xff,0x00,
  0x00,0xff,0x00,0x00,0xff,0x00,0x00,0xff,0x08,0x40,0xff,0x83,0x07,0xff,0x9b,0x05,
  0xff,0x82,0x02,0xff,0x92,0x43,0xff,0xbb,0xa6,0xff,0x9a,0xe5,0xff,0x8a,0xc5,0xff,
  0x8a,0xc5,0xff,0x41,0x62,0xff,0x10,0x41,0xff,0x10,0x61,0xff,0x31,0x02,0xff,0x18,
  0x81,0xff,0x08,0x40,0xff,0x18,0xc2,0xff,0x31,0x23,0xff,0x31,0x23,0xff,0x39,0x02,
  0xff,0x51,0xe4,0xff,0x49,0x63,0xff,0x41,0x43,0xff,0x49,0xa4,0xff,0x51,0xc4,0xff,
  0x49,0x63,0xff,0x41,0x43,0xff,0x51,0xa4,0xff,0x51,0xa4,0xff,0x5a,0x24,0xff,0x51,
  0xa4,0xff,0x41,0x43,0xff,0x41,0x43,0xff,0x49,0xa4,0xff,0x51,0xa3,0xff,0x62,0x04,
  0xff,0x72,0x65,0xff,0x8a,0xe6,0xff,0x8a,0xe6,0xff,0x82,0x85,0xff,0x7a,0x65,0xff,
  0x72,0x44,0xff,0x61,0xc4,0xff,0x59,0xe3,0xff,0x59,0xe4,0xff,0x49,0x63,0xff,0x41,
  0x63,0xff,0x41,0x63,0xff,0x41,0x43,0xff,0x38,0xe2,0xff,0x39,0x23,0xff,0x41,0x83,
  0xff,0x39,0x22,0x00,0x30,0xe2,0x00,0x41,0x83,0xff,0x59,0xe4,0xff,0x41,0x63,0xff,
  0x41,0x63,0xff,0x39,0x02,0xff,0x41,0x63,0xff,0x49,0x83,0xff,0x18,0x81,0x00,0x00,
  0x41,0x00,0x18,0xe3,0x00,0x21,0x04,0x00,0x21,0x04,0x00,0x21,0x04,0x00,0x21,0x04,
  0x00,0x21,0x04,0x00,0x21,0x04,0x00,0x21,0x04,0x00,0x21,0x04,0x00,0x21,0x04,0x00,
  0x21,0x04,0x00,0x21,0x04,0x00,0x21,0x04,0x00,0x21,0x04,0x00,0x21,0x04,0x00,0x21,
  0x04,0x00,0x21,0x04,0x00,0x21,0x04,0x00,0x19,0x04,0x00,0x19,0x04,0x00,0x19,0x04,
  0x00,0x19,0x04,0x00,0x19,0x04,0x00,0x19,0x04,0x00,0x19,0x04,0x00,0x19,0x04,0x00,
  0x19,0x04,0x00,0x20,0xe4,0x00,0x18,0xe3,0x00,0x18,0xe3,0x00,0x18,0xe3,0x00,0x18,
  0xe3,0x00,0x18,0xe3,0x00,0x19,0x03,0x00,0x18,0xe3,0x00,0x29,0x24,0x00,0x29,0x23,
  0x00,0x21,0x23,0x00,0x21,0x03,0x00,0x21,0x23,0x00,0x21,0x03,0x00,0x21,0x04,0x00,
  0x21,0x04,0x00,0x10,0xa2,0x00,0x31,0x22,0x00,0x82,0xc5,0xff,0x72,0x24,0xff,0x61,
  0xc3,0xff,0x7a,0x85,0xff,0x6a,0x44,0xff,0x41,0x43,0xff,0x10,0x61,0xff,0x10,0x61,
  0xff,0x00,0x20,0xff,0x00,0x20,0xff,0x20,0xe2,0xff,0x31,0x43,0xff,0x18,0xc2,0xff,
  0x08,0x41,0xff,0x08,0x41,0xff,0x08,0x61,0xff,0x08,0x41,0xff,0x08,0x41,0xff,0x08,
  0x20,0xff,0x10,0x81,0xff,0x18,0xa2,0xff,0x10,0x60,0xff,0x72,0x44,0xff,0xbb,0xc7,
  0xff,0xc4,0x69,0xff,0x39,0x42,0xff,0x39,0x42,0xff,0x00,0x00,0xff,0x00,0x20,0xff,
  0x00,0x00,0xff,0x00,0x20,0xff,0x00,0x00,0xff,0x00,0x00,0xff,0x00,0x00,0xff,0x00,
  0x00,0xff,0x00,0x00,0xff,0x00,0x00,0xff,0x18,0xc2,0xff,0x29,0x03,0xff,0x31,0x43,
  0xff,0x18,0x82,0xff,0x49,0x84,0xff,0xcc,0x8a,0xff,0xb3,0xa7,0xff,0xb3,0xe8,0xff,
  0xb3,0xe8,0xff,0x93,0x48,0xff,0x41,0x23,0xff,0x72,0xc7,0xff,0x52,0x04,0xff,0x18,
  0x61,0xff,0x10,0xa1,0xff,0x08,0x40,0xff,0x08,0x61,0xff,0x18,0xa1,0xff,0x18,0xa1,
  0xff,0x08,0x20,0xff,0x00,0x00,0xff,0x08,0x40,0xff,0x08,0x40,0xff,0x00,0x20,0xff,
  0x00,0x20,0xff,0x00,0x20,0xff,0x08,0x41,0xff,0x00,0x20,0xff,0x00,0x20,0xff,0x08,
  0x40,0xff,0x10,0x61,0xff,0x62,0x04,0xff,0x92,0xa4,0xff,0xab,0x45,0xff,0x9b,0x05,
  0xff,0x9b,0x05,0xff,0x59,0x83,0xff,0x28,0xc1,0xff,0x28,0xc1,0xff,0x10,0x61,0xff,
  0x10,0x61,0xff,0x39,0x22,0xff,0x41,0x83,0xff,0x18,0x81,0xff,0x10,0x81,0xff,0x31,
  0x23,0xff,0x51,0xc4,0xff,0x51,0xc4,0xff,0x59,0xe4,0xff,0x62,0x04,0xff,0x59,0xc4,
  0xff,0x51,0xc4,0xff,0x5a,0x04,0xff,0x5a,0x04,0xff,0x51,0xa3,0xff,0x41,0x43,0xff,
  0x49,0xa4,0xff,0x49,0xa4,0xff,0x49,0xc4,0xff,0x41,0x63,0xff,0x41,0x43,0xff,0x41,
  0x22,0xff,0x62,0x04,0xff,0x82,0xa5,0xff,0x9b,0x67,0xff,0x92,0xe5,0xff,0x93,0x26,
  0xff,0x93,0x26,0xff,0x82,0x85,0xff,0x72,0x45,0xff,0x61,0xe4,0xff,0x59,0xa3,0xff,
  0x62,0x04,0xff,0x5a,0x04,0xff,0x51,0xa3,0xff,0x49,0x83,0xff,0x49,0x83,0xff,0x39,
  0x43,0xff,0x39,0x42,0xff,0x39,0x42,0xff,0x39,0x43,0xff,0x39,0x22,0x00,0x39,0x43,
  0x00,0x31,0x02,0x00,0x31,0x02,0x00,0x30,0xe2,0x00,0x30,0xe2,0x00,0x39,0x22,0xff,
  0x41,0x63,0xff,0x51,0xc3,0xff,0x28,0xc1,0x00,0x00,0x21,0x00,0x18,0xe3,0x00,0x21,
  0x24,0x00,0x21,0x04,0x00,0x21,0x04,0x00,0x21,0x04,0x00,0x21,0x04,0x00,0x21,0x04,
  0x00,0x21,0x04,0x00,0x21,0x04,0x00,0x21,0x04,0x00,0x21,0x04,0x00,0x21,0x04,0x00,
  0x21,0x04,0x00,0x21,0x04,0x00,0x21,0x04,0x00,0x21,0x04,0x00,0x21,0x04,0x00,0x21,
  0x04,0x00,0x21,0x04,0x00,0x19,0x04,0x00,0x18,0xe4,0x00,0x18,0xe4,0x00,0x18,0xe4,
  0x00,0x18,0xe4,0x00,0x18,0xe4,0x00,0x18,0xe3,0x00,0x18,0xe3,0x00,0x18,0xe3,0x00,
  0x18,0xe3,0x00,0x18,0xe3,0x00,0x18,0xe3,0x00,0x18,0xc3,0x00,0x18,0xc3,0x00,0x18,
  0xe3,0x00,0x21,0x03,0x00,0x20,0xe3,0x00,0x29,0x03,0x00,0x31,0x64,0x00,0x29,0x03,
  0x00,0x29,0x43,0x00,0x21,0x03,0x00,0x18,0xa3,0x00,0x18,0xa3,0x00,0x08,0x41,0xff,
  0x28,0xc1,0x00,0x7a,0x85,0xff,0x59,0x82,0xff,0x59,0xc4,0xff,0x6a,0x24,0xff,0x72,
  0x44,0xff,0x41,0x43,0xff,0x08,0x00,0xff,0x08,0x00,0xff,0x08,0x61,0xff,0x00,0x20,
  0xff,0x18,0xa1,0xff,0x31,0x23,0xff,0x10,0x61,0xff,0x08,0x61,0xff,0x08,0x40,0xff,
  0x08,0x40,0xff,0x08,0x41,0xff,0x08,0x41,0xff,0x00,0x20,0xff,0x10,0x81,0xff,0x10,
  0x61,0xff,0x18,0x81,0xff,0x62,0x45,0xff,0x9b,0x47,0xff,0xa3,0x87,0xff,0x62,0x04,
  0xff,0x62,0x04,0xff,0x20,0xc2,0xff,0x10,0x81,0xff,0x00,0x00,0xff,0x00,0x20,0xff,
  0x00,0x00,0xff,0x00,0x00,0xff,0x00,0x00,0xff,0x00,0x00,0xff,0x08,0x41,0xff,0x08,
  0x41,0xff,0x28,0xe2,0xff,0x31,0x22,0xff,0x31,0x22,0xff,0x51,0xc4,0xff,0x8b,0x07,
  0xff,0xa3,0x67,0xff,0x9b,0x47,0xff,0xa3,0xe8,0xff,0xa3,0xe8,0xff,0x62,0x45,0xff,
  0x18,0x82,0xff,0x18,0x81,0xff,0x28,0xe2,0xff,0x20,0xe2,0xff,0x10,0x81,0xff,0x10,
  0x61,0xff,0x08,0x40,0xff,0x10,0x61,0xff,0x10,0x61,0xff,0x00,0x20,0xff,0x00,0x00,
  0xff,0x00,0x00,0xff,0x00,0x00,0xff,0x00,0x20,0xff,0x00,0x20,0xff,0x00,0x20,0xff,
  0x00,0x20,0xff,0x08,0x40,0xff,0x08,0x40,0xff,0x28,0xe2,0xff,0x10,0x41,0xff,0x28,
  0xa1,0xff,0x92,0xa4,0xff,0x92,0xe5,0xff,0x59,0xa3,0xff,0x31,0x02,0xff,0x10,0x20,
  0xff,0x10,0x81,0xff,0x10,0x81,0xff,0x18,0x61,0xff,0x39,0x62,0xff,0x49,0x63,0xff,
  0x18,0x81,0xff,0x08,0x41,0xff,0x18,0x81,0xff,0x39,0x02,0xff,0x61,0xe4,0xff,0x61,
  0xe4,0xff,0x6a,0x24,0xff,0x6a,0x45,0xff,0x59,0xc4,0xff,0x51,0xa3,0xff,0x62,0x25,
  0xff,0x5a,0x04,0xff,0x41,0x63,0xff,0x31,0x02,0xff,0x31,0x02,0xff,0x31,0x02,0xff,
  0x30,0xe2,0xff,0x39,0x22,0xff,0x6a,0x44,0xff,0x72,0x45,0xff,0x82,0xa6,0xff,0x7a,
  0x44,0xff,0x8a,0xe5,0xff,0x82,0xa5,0xff,0x7a,0x64,0xff,0x7a,0x64,0xff,0x72,0x45,
  0xff,0x72,0x65,0xff,0x61,0xe4,0xff,0x59,0xe4,0xff,0x49,0x63,0xff,0x49,0x63,0xff,
  0x49,0xa4,0xff,0x41,0xa4,0xff,0x41,0xa4,0xff,0x28,0xe2,0x00,0x20,0xc2,0x00,0x20,
  0xe2,0x00,0x20,0xc2,0x00,0x31,0x22,0x00,0x31,0x43,0x00,0x20,0xa2,0x00,0x18,0x81,
  0x00,0x20,0xe2,0x00,0x20,0xe2,0x00,0x39,0x83,0xff,0x30,0xe2,0xff,0x49,0x83,0xff,
  0x28,0xe2,0x00,0x00,0x20,0x00,0x18,0xe3,0x00,0x21,0x24,0x00,0x21,0x04,0x00,0x21,
  0x04,0x00,0x21,0x04,0x00,0x21,0x04,0x00,0x21,0x04,0x00,0x21,0x04,0x00,0x21,0x04,
  0x00,0x21,0x04,0x00,0x21,0x04,0x00,0x21,0x04,0x00,0x21,0x04,0x00,0x21,0x04,0x00,
  0x21,0x04,0x00,0x21,0x04,0x00,0x21,0x04,0x00,0x21,0x04,0x00,0x21,0x04,0x00,0x21,
  0x04,0x00,0x19,0x04,0x00,0x19,0x04,0x00,0x18,0xe4,0x00,0x18,0xe4,0x00,0x19,0x04,
  0x00,0x19,0x04,0x00,0x19,0x03,0x00,0x18,0xe3,0x00,0x18,0xe3,0x00,0x18,0xe3,0x00,
  0x18,0xe3,0x00,0x18,0xc3,0x00,0x18,0xc3,0x00,0x21,0x03,0x00,0x20,0xe3,0x00,0x31,
  0x23,0x00,0x31,0x23,0x00,0x31,0x44,0x00,0x29,0x23,0x00,0x29,0x23,0x00,0x18,0xe3,
  0x00,0x18,0xe3,0x00,0x18,0xe3,0x00,0x08,0x41,0xff,0x20,0xc1,0x00,0x82,0xe5,0xff,
  0x51,0xa3,0xff,0x28,0xe2,0xff,0x62,0x24,0xff,0x72,0x45,0xff,0x62,0x04,0xff,0x20,
  0xa2,0xff,0x20,0xa2,0xff,0x10,0x81,0xff,0x10,0x81,0xff,0x18,0xa2,0xff,0x28,0xe2,
  0xff,0x28,0xe2,0xff,0x39,0x63,0xff,0x18,0xa1,0xff,0x08,0x20,0xff,0x08,0x41,0xff,
  0x08,0x41,0xff,0x08,0x41,0xff,0x08,0x41,0xff,0x10,0x81,0xff,0x21,0x02,0xff,0x18,
  0xc2,0xff,0x18,0x81,0xff,0x59,0x83,0xff,0xa3,0x87,0xff,0xa3,0x87,0xff,0x8b,0x27,
  0xff,0x39,0x42,0xff,0x00,0x00,0xff,0x00,0x00,0xff,0x00,0x00,0xff,0x00,0x20,0xff,
  0x00,0x20,0xff,0x08,0x20,0xff,0x10,0x61,0xff,0x10,0x61,0xff,0x20,0xc2,0xff,0x10,
  0x61,0xff,0x18,0x81,0xff,0x83,0x27,0xff,0xd5,0x0c,0xff,0xb3,0xc8,0xff,0x7a,0x65,
  0xff,0x62,0x25,0xff,0x62,0x25,0xff,0x49,0xc4,0xff,0x18,0xa2,0xff,0x20,0xe2,0xff,
  0x20,0xc2,0xff,0x29,0x23,0xff,0x18,0xa2,0xff,0x08,0x61,0xff,0x10,0x61,0xff,0x10,
  0x81,0xff,0x10,0x81,0xff,0x08,0x40,0xff,0x00,0x00,0xff,0x00,0x00,0xff,0x00,0x20,
  0xff,0x00,0x20,0xff,0x00,0x40,0xff,0x00,0x20,0xff,0x00,0x00,0xff,0x28,0xe1,0xff,
  0x28,0xe1,0xff,0x5a,0x24,0xff,0x39,0x22,0xff,0x72,0x44,0xff,0xb3,0x66,0xff,0x41,
  0x02,0xff,0x08,0x00,0xff,0x18,0x81,0xff,0x10,0x61,0xff,0x29,0x22,0xff,0x29,0x22,
  0xff,0x20,0xa1,0xff,0x41,0x42,0xff,0x41,0x83,0xff,0x18,0x81,0xff,0x18,0xa1,0xff,
  0x59,0xe4,0xff,0x72,0x65,0xff,0x5a,0x04,0xff,0x5a,0x04,0xff,0x51,0xa3,0xff,0x62,
  0x24,0xff,0x62,0x24,0xff,0x62,0x45,0xff,0x51,0xe4,0xff,0x41,0x63,0xff,0x20,0xa1,
  0xff,0x39,0x63,0xff,0x39,0x43,0xff,0x39,0x43,0xff,0x51,0xc4,0xff,0x6a,0x25,0xff,
  0x7a,0xc6,0xff,0x72,0x44,0xff,0x8a,0xc5,0xff,0x8b,0x06,0xff,0x7a,0xc5,0xff,0x62,
  0x04,0xff,0x59,0xa4,0xff,0x59,0xa4,0xff,0x51,0x83,0xff,0x59,0xe4,0xff,0x41,0x43,
  0xff,0x51,0xc4,0xff,0x49,0xa3,0xff,0x41,0x63,0xff,0x28,0xe2,0xff,0x18,0xc2,0xff,
  0x18,0xc2,0xff,0x08,0x41,0xff,0x00,0x20,0xff,0x00,0x20,0xff,0x08,0x61,0xff,0x18,
  0xa1,0x00,0x18,0xa1,0x00,0x18,0x81,0x00,0x20,0xe2,0x00,0x18,0xa2,0x00,0x18,0xa2,
  0x00,0x20,0xe2,0x00,0x39,0x43,0xff,0x49,0xa4,0xff,0x28,0xe2,0x00,0x00,0x21,0x00,
  0x18,0xe3,0x00,0x21,0x24,0x00,0x21,0x04,0x00,0x21,0x04,0x00,0x21,0x04,0x00,0x21,
  0x04,0x00,0x21,0x04,0x00,0x21,0x04,0x00,0x21,0x04,0x00,0x21,0x04,0x00,0x21,0x04,
  0x00,0x21,0x04,0x00,0x21,0x04,0x00,0x21,0x04,0x00,0x21,0x04,0x00,0x21,0x04,0x00,
  0x21,0x04,0x00,0x21,0x04,0x00,0x21,0x04,0x00,0x21,0x04,0x00,0x19,0x04,0x00,0x19,
  0x04,0x00,0x18,0xe4,0x00,0x18,0xe4,0x00,0x19,0x04,0x00,0x19,0x03,0x00,0x19,0x04,
  0x00,0x18,0xe3,0x00,0x18,0xe3,0x00,0x18,0xe3,0x00,0x18,0xc3,0x00,0x31,0x64,0x00,
  0x31,0x64,0x00,0x7a,0x84,0x00,0x7a,0x23,0x00,0x8a,0xc5,0x00,0x59,0xe4,0x00,0x29,
  0x03,0x00,0x20,0xe3,0x00,0x18,0xc2,0x00,0x18,0xe3,0x00,0x18,0xe3,0x00,0x18,0xe3,
  0x00,0x00,0x20,0xff,0x20,0xa1,0x00,0x72,0x64,0xff,0x39,0x02,0xff,0x20,0xa2,0xff,
  0x49,0x83,0xff,0x59,0xc4,0xff,0x6a,0x24,0xff,0x30,0xe2,0xff,0x30,0xe2,0xff,0x00,
  0x20,0xff,0x10,0xa2,0xff,0x10,0x61,0xff,0x30,0xc2,0xff,0x59,0xc4,0xff,0x62,0x04,
  0xff,0x39,0x63,0xff,0x08,0x20,0xff,0x00,0x41,0xff,0x00,0x41,0xff,0x00,0x41,0xff,
  0x00,0x20,0xff,0x08,0x61,0xff,0x18,0xc2,0xff,0x08,0x41,0xff,0x00,0x00,0xff,0x39,
  0x43,0xff,0x72,0xc6,0xff,0x72,0xc6,0xff,0x28,0xc1,0xff,0x20,0x81,0xff,0x10,0x81,
  0xff,0x18,0xa1,0xff,0x10,0x61,0xff,0x08,0x20,0xff,0x08,0x20,0xff,0x18,0xa2,0xff,
  0x20,0xa1,0xff,0x20,0xa1,0xff,0x20,0xe2,0xff,0x18,0x81,0xff,0x18,0xc2,0xff,0x20,
  0x81,0xff,0x9b,0x68,0xff,0xd5,0x0d,0xff,0x49,0x83,0xff,0x31,0x03,0xff,0x31,0x03,
  0xff,0x31,0x03,0xff,0x31,0x43,0xff,0x29,0x23,0xff,0x18,0x81,0xff,0x21,0x03,0xff,
  0x10,0x81,0xff,0x08,0x41,0xff,0x10,0x81,0xff,0x18,0xc2,0xff,0x18,0xc2,0xff,0x08,
  0x40,0xff,0x00,0x00,0xff,0x00,0x00,0xff,0x00,0x20,0xff,0x00,0x00,0xff,0x00,0x20,
  0xff,0x00,0x20,0xff,0x10,0x40,0xff,0x41,0x22,0xff,0x41,0x22,0xff,0x6a,0x03,0xff,
  0x9b,0x25,0xff,0xe5,0x8b,0xff,0xd4,0xa8,0xff,0x7a,0x64,0xff,0x39,0x02,0xff,0x20,
  0xa1,0xff,0x29,0x02,0xff,0x20,0xc1,0xff,0x20,0xc1,0xff,0x20,0x81,0xff,0x39,0x22,
  0xff,0x28,0xe2,0xff,0x18,0x81,0xff,0x49,0xa4,0xff,0x9b,0x68,0xff,0x7a,0xa5,0xff,
  0x49,0x63,0xff,0x49,0x63,0xff,0x49,0x63,0xff,0x59,0xc4,0xff,0x62,0x24,0xff,0x5a,
  0x25,0xff,0x39,0x43,0xff,0x39,0x22,0xff,0x39,0x02,0xff,0x5a,0x04,0xff,0x6a,0x25,
  0xff,0x6a,0x25,0xff,0x8b,0x27,0xff,0x82,0xc6,0xff,0x59,0x83,0xff,0x59,0xc3,0xff,
  0x82,0xe6,0xff,0x6a,0x24,0xff,0x51,0xa3,0xff,0x49,0x63,0xff,0x49,0x84,0xff,0x49,
  0x84,0xff,0x49,0xa4,0xff,0x41,0x63,0xff,0x31,0x23,0xff,0x31,0x03,0xff,0x31,0x23,
  0xff,0x28,0xe2,0xff,0x10,0x41,0xff,0x00,0x20,0xff,0x00,0x20,0xff,0x00,0x00,0xff,
  0x00,0x20,0xff,0x00,0x00,0xff,0x00,0x00,0xff,0x00,0x00,0xff,0x08,0x61,0xff,0x10,
  0x81,0x00,0x18,0xa1,0x00,0x18,0x81,0x00,0x18,0x81,0x00,0x20,0xa2,0x00,0x31,0x23,
  0x00,0x49,0x83,0xff,0x20,0xa1,0x00,0x00,0x21,0x00,0x19,0x04,0x00,0x21,0x24,0x00,
  0x21,0x04,0x00,0x21,0x04,0x00,0x21,0x04,0x00,0x21,0x04,0x00,0x21,0x04,0x00,0x21,
  0x04,0x00,0x21,0x04,0x00,0x21,0x04,0x00,0x21,0x04,0x00,0x21,0x04,0x00,0x21,0x04,
  0x00,0x21,0x04,0x00,0x21,0x04,0x00,0x21,0x04,0x00,0x19,0x04,0x00,0x19,0x04,0x00,
  0x21,0x04,0x00,0x21,0x04,0x00,0x19,0x04,0x00,0x19,0x04,0x00,0x19,0x04,0x00,0x19,
  0x04,0x00,0x19,0x04,0x00,0x19,0x04,0x00,0x19,0x04,0x00,0x19,0x04,0x00,0x21,0x04,
  0x00,0x20,0xe3,0x00,0x18,0xe3,0x00,0x31,0x43,0x00,0x31,0x43,0x00,0x6a,0x65,0x00,
  0x72,0x03,0x00,0x59,0xc4,0x00,0x28,0xe2,0x00,0x20,0xe3,0x00,0x21,0x03,0x00,0x18,
  0xc2,0x00,0x18,0xc2,0x00,0x18,0xc2,0x00,0x18,0xc2,0x00,0x10,0x61,0xff,0x20,0xc2,
  0x00,0x41,0x83,0xff,0x31,0x02,0xff,0x30,0xe2,0xff,0x49,0xa4,0xff,0x51,0xc4,0xff,
  0x62,0x24,0xff,0x28,0xe2,0xff,0x28,0xe2,0xff,0x08,0x20,0xff,0x10,0x61,0xff,0x18,
  0x81,0xff,0x39,0x22,0xff,0x62,0x24,0xff,0x59,0xa3,0xff,0x39,0x22,0xff,0x08,0x41,
  0xff,0x00,0x41,0xff,0x00,0x41,0xff,0x00,0x41,0xff,0x00,0x40,0xff,0x10,0x61,0xff,
  0x10,0x81,0xff,0x08,0x61,0xff,0x08,0x40,0xff,0x18,0xa2,0xff,0x20,0xc2,0xff,0x20,
  0xc2,0xff,0x08,0x20,0xff,0x18,0x82,0xff,0x20,0xc2,0xff,0x29,0x22,0xff,0x20,0xa1,
  0xff,0x10,0x61,0xff,0x10,0x41,0xff,0x20,0xe2,0xff,0x20,0xc2,0xff,0x20,0xc2,0xff,
  0x20,0xa1,0xff,0x28,0xe2,0xff,0x28,0xe2,0xff,0x18,0xa1,0xff,0x31,0x22,0xff,0x62,
  0x05,0xff,0x28,0xc1,0xff,0x29,0x23,0xff,0x29,0x23,0xff,0x31,0x44,0xff,0x29,0x03,
  0xff,0x29,0x02,0xff,0x20,0xc2,0xff,0x21,0x02,0xff,0x10,0xa1,0xff,0x08,0x41,0xff,
  0x10,0xa1,0xff,0x18,0xa2,0xff,0x18,0xa2,0xff,0x10,0x61,0xff,0x00,0x20,0xff,0x00,
  0x00,0xff,0x00,0x20,0xff,0x00,0x20,0xff,0x08,0x20,0xff,0x10,0x60,0xff,0x51,0xc4,
  0xff,0x6a,0x24,0xff,0x6a,0x24,0xff,0x93,0x25,0xff,0xd4,0xca,0xff,0xdc,0xc9,0xff,
  0xed,0x4a,0xff,0xe5,0x4a,0xff,0x6a,0x24,0xff,0x20,0x81,0xff,0x28,0xc1,0xff,0x28,
  0xc1,0xff,0x28,0xc1,0xff,0x51,0xc3,0xff,0x51,0xc3,0xff,0x30,0xe2,0xff,0x28,0xc2,
  0xff,0x39,0x23,0xff,0x59,0xe4,0xff,0x49,0x83,0xff,0x41,0x42,0xff,0x41,0x42,0xff,
  0x5a,0x04,0xff,0x59,0xe4,0xff,0x41,0x42,0xff,0x39,0x63,0xff,0x31,0x02,0xff,0x41,
  0x83,0xff,0x62,0x25,0xff,0x59,0xe4,0xff,0x49,0x23,0xff,0x49,0x23,0xff,0x72,0x65,
  0xff,0x6a,0x24,0xff,0x51,0x63,0xff,0x62,0x04,0xff,0x6a,0x44,0xff,0x59,0xc4,0xff,
  0x39,0x22,0xff,0x31,0x22,0xff,0x49,0x84,0xff,0x49,0x84,0xff,0x5a,0x25,0xff,0x41,
  0xa4,0xff,0x20,0xc2,0xff,0x18,0x81,0xff,0x18,0x81,0xff,0x20,0xc2,0xff,0x10,0x61,
  0xff,0x18,0xa2,0xff,0x18,0xa2,0xff,0x08,0x40,0xff,0x08,0x41,0xff,0x00,0x00,0xff,
  0x00,0x20,0xff,0x00,0x00,0xff,0x08,0x41,0xff,0x08,0x20,0xff,0x10,0x81,0x00,0x20,
  0xc2,0x00,0x20,0xc2,0x00,0x31,0x23,0x00,0x31,0x23,0x00,0x31,0x02,0x00,0x18,0x81,
  0x00,0x08,0x61,0x00,0x21,0x24,0x00,0x21,0x24,0x00,0x21,0x04,0x00,0x21,0x04,0x00,
  0x21,0x04,0x00,0x21,0x04,0x00,0x21,0x04,0x00,0x21,0x04,0x00,0x21,0x04,0x00,0x21,
  0x04,0x00,0x21,0x04,0x00,0x21,0x04,0x00,0x21,0x04,0x00,0x21,0x04,0x00,0x21,0x04,
  0x00,0x21,0x04,0x00,0x21,0x04,0x00,0x19,0x04,0x00,0x21,0x04,0x00,0x21,0x04,0x00,
  0x19,0x04,0x00,0x19,0x04,0x00,0x19,0x04,0x00,0x19,0x04,0x00,0x19,0x04,0x00,0x21,
  0x04,0x00,0x21,0x04,0x00,0x21,0x04,0x00,0x21,0x04,0x00,0x21,0x04,0x00,0x18,0xe4,
  0x00,0x20,0xe4,0x00,0x20,0xe4,0x00,0x18,0xe3,0x00,0x10,0xa2,0x00,0x08,0x82,0x00,
  0x08,0x62,0x00,0x20,0xe3,0x00,0x10,0x82,0x00,0x18,0xc2,0x00,0x10,0x82,0x00,0x10,
  0x61,0xff,0x10,0x61,0xff,0x08,0x61,0xff,0x10,0x61,0xff,0x18,0x81,0xff,0x28,0xe2,
  0xff,0x39,0x43,0xff,0x51,0xe4,0xff,0x49,0x43,0xff,0x51,0xa3,0xff,0x39,0x02,0xff,
  0x39,0x02,0xff,0x31,0x22,0xff,0x10,0x61,0xff,0x10,0x61,0xff,0x30,0xe2,0xff,0x39,
  0x22,0xff,0x49,0x63,0xff,0x28,0xc1,0xff,0x08,0x40,0xff,0x08,0x41,0xff,0x08,0x41,
  0xff,0x00,0x41,0xff,0x00,0x20,0xff,0x08,0x61,0xff,0x10,0x81,0xff,0x00,0x00,0xff,
  0x10,0x81,0xff,0x20,0xc2,0xff,0x08,0x41,0xff,0x08,0x41,0xff,0x18,0xa2,0xff,0x29,
  0x02,0xff,0x20,0xc2,0xff,0x20,0xe2,0xff,0x18,0xa1,0xff,0x08,0x40,0xff,0x10,0x61,
  0xff,0x20,0xa2,0xff,0x20,0xc2,0xff,0x20,0xc2,0xff,0x28,0xe2,0xff,0x20,0xa1,0xff,
  0x29,0x23,0xff,0x29,0x23,0xff,0x18,0xc2,0xff,0x20,0xc2,0xff,0x20,0xc2,0xff,0x28,
  0xe2,0xff,0x28,0xe2,0xff,0x31,0x44,0xff,0x18,0xa2,0xff,0x20,0xe2,0xff,0x20,0xe2,
  0xff,0x18,0xc2,0xff,0x10,0x81,0xff,0x08,0x61,0xff,0x08,0x41,0xff,0x10,0x61,0xff,
  0x10,0x61,0xff,0x10,0x61,0xff,0x00,0x00,0xff,0x00,0x00,0xff,0x00,0x00,0xff,0x00,
  0x00,0xff,0x18,0xa1,0xff,0x49,0x42,0xff,0x82,0xc5,0xff,0x72,0x44,0xff,0x72,0x44,
  0xff,0x7a,0x44,0xff,0xd4,0x89,0xff,0xdc,0xea,0xff,0xe4,0xea,0xff,0xb4,0x07,0xff,
  0x30,0xe1,0xff,0x20,0x81,0xff,0x39,0x43,0xff,0x49,0x83,0xff,0x49,0x83,0xff,0x59,
  0xe4,0xff,0x59,0xc3,0xff,0x59,0xe4,0xff,0x8b,0x07,0xff,0x5a,0x04,0xff,0x18,0xa1,
  0xff,0x20,0xc2,0xff,0x31,0x22,0xff,0x31,0x22,0xff,0x39,0x22,0xff,0x41,0x83,0xff,
  0x31,0x22,0xff,0x39,0x22,0xff,0x51,0xc3,0xff,0x6a,0x65,0xff,0x49,0x63,0xff,0x41,
  0x42,0xff,0x59,0xc4,0xff,0x59,0xc4,0xff,0x72,0x65,0xff,0x7a,0x85,0xff,0x6a,0x24,
  0xff,0x51,0xa3,0xff,0x41,0x23,0xff,0x39,0x22,0xff,0x39,0x43,0xff,0x18,0x81,0xff,
  0x20,0xa2,0xff,0x20,0xa2,0xff,0x29,0x03,0xff,0x20,0xe2,0xff,0x18,0xa1,0xff,0x20,
  0xc2,0xff,0x20,0xa1,0xff,0x31,0x02,0xff,0x29,0x02,0xff,0x31,0x02,0xff,0x31,0x02,
  0xff,0x39,0x63,0xff,0x49,0xa4,0xff,0x31,0x02,0xff,0x31,0x43,0xff,0x20,0xe2,0xff,
  0x18,0xa1,0xff,0x10,0x40,0xff,0x10,0x81,0x00,0x10,0x61,0xff,0x10,0x61,0xff,0x18,
  0xa1,0x00,0x18,0xa2,0x00,0x10,0x61,0x00,0x08,0x20,0x00,0x10,0x82,0x00,0x21,0x24,
  0x00,0x21,0x24,0x00,0x21,0x04,0x00,0x21,0x04,0x00,0x21,0x04,0x00,0x21,0x04,0x00,
  0x21,0x04,0x00,0x21,0x04,0x00,0x21,0x04,0x00,0x21,0x04,0x00,0x21,0x04,0x00,0x21,
  0x04,0x00,0x21,0x04,0x00,0x21,0x04,0x00,0x21,0x04,0x00,0x21,0x04,0x00,0x21,0x04,
  0x00,0x21,0x04,0x00,0x21,0x04,0x00,0x21,0x04,0x00,0x19,0x04,0x00,0x19,0x04,0x00,
  0x19,0x04,0x00,0x19,0x04,0x00,0x21,0x04,0x00,0x21,0x04,0x00,0x21,0x04,0x00,0x21,
  0x04,0x00,0x21,0x04,0x00,0x21,0x04,0x00,0x19,0x04,0x00,0x18,0xe3,0x00,0x18,0xe3,
  0x00,0x18,0xe3,0x00,0x10,0xc3,0x00,0x10,0xa2,0x00,0x18,0xc2,0x00,0x21,0x23,0x00,
  0x18,0xa2,0x00,0x18,0xc2,0x00,0x08,0x61,0xff,0x00,0x20,0xff,0x00,0x20,0xff,0x08,
  0x41,0xff,0x08,0x61,0xff,0x10,0x81,0xff,0x31,0x02,0xff,0x49,0x83,0xff,0x5a,0x24,
  0xff,0x49,0xa4,0xff,0x49,0x83,0xff,0x6a,0x25,0xff,0x6a,0x25,0xff,0x8b,0x27,0xff,
  0x41,0x42,0xff,0x20,0xa1,0xff,0x28,0xc2,0xff,0x39,0x22,0xff,0x41,0x42,0xff,0x39,
  0x22,0xff,0x18,0xa1,0xff,0x08,0x41,0xff,0x08,0x41,0xff,0x00,0x41,0xff,0x00,0x20,
  0xff,0x08,0x40,0xff,0x10,0x81,0xff,0x08,0x40,0xff,0x18,0xa2,0xff,0x21,0x02,0xff,
  0x18,0x81,0xff,0x18,0x81,0xff,0x20,0xe2,0xff,0x29,0x23,0xff,0x20,0xc2,0xff,0x21,
  0x02,0xff,0x20,0xe2,0xff,0x10,0x61,0xff,0x18,0xa2,0xff,0x20,0xe2,0xff,0x20,0xe2,
  0xff,0x20,0xe2,0xff,0x29,0x02,0xff,0x28,0xe2,0xff,0x29,0x23,0xff,0x29,0x03,0xff,
  0x29,0x43,0xff,0x20,0xe3,0xff,0x20,0xe2,0xff,0x21,0x02,0xff,0x21,0x02,0xff,0x29,
  0x23,0xff,0x18,0xc2,0xff,0x18,0xc2,0xff,0x20,0xe2,0xff,0x10,0xa1,0xff,0x08,0x40,
  0xff,0x10,0x81,0xff,0x08,0x40,0xff,0x10,0x61,0xff,0x10,0x61,0xff,0x08,0x20,0xff,
  0x00,0x20,0xff,0x00,0x20,0xff,0x08,0x20,0xff,0x10,0x40,0xff,0x51,0xa3,0xff,0x7a,
  0x84,0xff,0x72,0x45,0xff,0x49,0x63,0xff,0x49,0x63,0xff,0x69,0xe3,0xff,0xcc,0xc9,
  0xff,0xd4,0xea,0xff,0x71,0xe4,0xff,0x30,0xe2,0xff,0x18,0x81,0xff,0x39,0x22,0xff,
  0x41,0x63,0xff,0x5a,0x04,0xff,0x5a,0x04,0xff,0x51,0xc4,0xff,0x51,0x83,0xff,0x7a,
  0xa6,0xff,0xd5,0x0c,0xff,0x8b,0x47,0xff,0x18,0x81,0xff,0x18,0x82,0xff,0x29,0x02,
  0xff,0x29,0x02,0xff,0x28,0xc2,0xff,0x31,0x22,0xff,0x39,0x43,0xff,0x51,0xe4,0xff,
  0x62,0x04,0xff,0x6a,0x44,0xff,0x62,0x04,0xff,0x7a,0x85,0xff,0x82,0xc5,0xff,0x82,
  0xc5,0xff,0x7a,0xa6,0xff,0x59,0xa3,0xff,0x5a,0x04,0xff,0x41,0x43,0xff,0x30,0xe2,
  0xff,0x39,0x43,0xff,0x31,0x43,0xff,0x10,0x61,0xff,0x08,0x41,0xff,0x08,0x41,0xff,
  0x08,0x20,0xff,0x10,0x41,0xff,0x28,0xe2,0xff,0x49,0xc4,0xff,0x49,0x83,0xff,0x39,
  0x63,0xff,0x28,0xc2,0xff,0x30,0xe2,0xff,0x30,0xe2,0xff,0x5a,0x04,0xff,0x72,0x45,
  0xff,0x72,0x65,0xff,0x59,0xe4,0xff,0x30,0xe2,0xff,0x20,0xc1,0xff,0x39,0x63,0xff,
  0x31,0x23,0x00,0x08,0x40,0xff,0x08,0x40,0xff,0x08,0x61,0xff,0x08,0x41,0xff,0x10,
  0xa2,0x00,0x10,0x81,0x00,0x21,0x24,0x00,0x21,0x24,0x00,0x21,0x24,0x00,0x21,0x04,
  0x00,0x21,0x04,0x00,0x21,0x04,0x00,0x21,0x04,0x00,0x21,0x04,0x00,0x21,0x04,0x00,
  0x21,0x04,0x00,0x21,0x04,0x00,0x21,0x04,0x00,0x21,0x04,0x00,0x21,0x04,0x00,0x21,
  0x04,0x00,0x21,0x04,0x00,0x21,0x04,0x00,0x21,0x04,0x00,0x21,0x04,0x00,0x21,0x04,
  0x00,0x21,0x04,0x00,0x21,0x04,0x00,0x21,0x04,0x00,0x21,0x04,0x00,0x21,0x04,0x00,
  0x21,0x04,0x00,0x21,0x04,0x00,0x21,0x04,0x00,0x21,0x04,0x00,0x21,0x04,0x00,0x21,
  0x04,0x00,0x19,0x04,0x00,0x18,0xe3,0x00,0x18,0xe3,0x00,0x19,0x03,0x00,0x18,0xc3,
  0x00,0x18,0xa2,0x00,0x18,0xc2,0x00,0x18,0xc2,0x00,0x10,0xa2,0x00,0x00,0x41,0xff,
  0x00,0x20,0xff,0x41,0x63,0xff,0x41,0x63,0xff,0x49,0x84,0xff,0x00,0x20,0xff,0x08,
  0x61,0xff,0x41,0x84,0xff,0x49,0x63,0xff,0x49,0xa3,0xff,0x41,0x63,0xff,0x59,0xe4,
  0xff,0x82,0x85,0xff,0x82,0x85,0xff,0x92,0xe6,0xff,0x82,0xc5,0xff,0x39,0x22,0xff,
  0x20,0xa1,0xff,0x39,0x22,0xff,0x38,0xe2,0xff,0x41,0x63,0xff,0x20,0xa1,0xff,0x00,
  0x20,0xff,0x00,0x20,0xff,0x00,0x20,0xff,0x00,0x20,0xff,0x00,0x00,0xff,0x08,0x41,
  0xff,0x08,0x40,0xff,0x18,0x81,0xff,0x18,0x81,0xff,0x20,0xa1,0xff,0x20,0xa1,0xff,
  0x20,0xc2,0xff,0x20,0xc2,0xff,0x20,0xc2,0xff,0x20,0xe2,0xff,0x20,0xe2,0xff,0x10,
  0x41,0xff,0x18,0xc2,0xff,0x29,0x03,0xff,0x20,0xc2,0xff,0x20,0xc2,0xff,0x20,0xc2,
  0xff,0x29,0x02,0xff,0x20,0xc2,0xff,0x28,0xe2,0xff,0x31,0x43,0xff,0x20,0xa2,0xff,
  0x21,0x02,0xff,0x18,0x81,0xff,0x18,0x81,0xff,0x20,0xe2,0xff,0x18,0xc2,0xff,0x18,
  0xa1,0xff,0x18,0xa2,0xff,0x10,0x61,0xff,0x08,0x40,0xff,0x08,0x61,0xff,0x08,0x20,
  0xff,0x08,0x41,0xff,0x08,0x41,0xff,0x00,0x00,0xff,0x00,0x00,0xff,0x00,0x00,0xff,
  0x10,0x40,0xff,0x41,0x22,0xff,0x69,0xe3,0xff,0x82,0xc5,0xff,0x61,0xe4,0xff,0x28,
  0x81,0xff,0x28,0x81,0xff,0x51,0x83,0xff,0x93,0x06,0xff,0x6a,0x24,0xff,0x18,0x61,
  0xff,0x18,0x61,0xff,0x39,0x02,0xff,0x49,0xa3,0xff,0x38,0xe1,0xff,0x41,0x83,0xff,
  0x41,0x83,0xff,0x39,0x43,0xff,0x20,0xa2,0xff,0x31,0x02,0xff,0x51,0xe4,0xff,0x41,
  0x63,0xff,0x10,0x61,0xff,0x18,0xa2,0xff,0x20,0xc2,0xff,0x20,0xc2,0xff,0x39,0x23,
  0xff,0x51,0xe4,0xff,0x5a,0x04,0xff,0x62,0x24,0xff,0x51,0x83,0xff,0x6a,0x04,0xff,
  0x82,0xe6,0xff,0x8b,0x26,0xff,0x6a,0x24,0xff,0x6a,0x24,0xff,0x59,0xc4,0xff,0x49,
  0x63,0xff,0x49,0x83,0xff,0x39,0x43,0xff,0x31,0x22,0xff,0x18,0x81,0xff,0x18,0xa2,
  0xff,0x18,0xa2,0xff,0x18,0x81,0xff,0x18,0x81,0xff,0x18,0x61,0xff,0x31,0x03,0xff,
  0x41,0x83,0xff,0x51,0xe4,0xff,0x49,0x83,0xff,0x41,0x63,0xff,0x39,0x23,0xff,0x41,
  0x43,0xff,0x41,0x43,0xff,0x41,0x22,0xff,0x61,0xe4,0xff,0x93,0x67,0xff,0x72,0x65,
  0xff,0x28,0xa1,0xff,0x10,0x61,0xff,0x20,0xa1,0xff,0x41,0x63,0xff,0x41,0x83,0xff,
  0x41,0x83,0xff,0x28,0xe2,0xff,0x08,0x20,0xff,0x10,0x81,0x00,0x18,0xa2,0x00,0x29,
  0x44,0x00,0x21,0x24,0x00,0x21,0x24,0x00,0x21,0x04,0x00,0x21,0x04,0x00,0x21,0x04,
  0x00,0x21,0x04,0x00,0x21,0x04,0x00,0x21,0x04,0x00,0x21,0x04,0x00,0x21,0x04,0x00,
  0x21,0x04,0x00,0x21,0x04,0x00,0x21,0x04,0x00,0x21,0x04,0x00,0x21,0x04,0x00,0x21,
  0x04,0x00,0x21,0x04,0x00,0x21,0x04,0x00,0x21,0x04,0x00,0x21,0x04,0x00,0x21,0x04,
  0x00,0x21,0x04,0x00,0x21,0x04,0x00,0x21,0x04,0x00,0x21,0x04,0x00,0x21,0x04,0x00,
  0x21,0x04,0x00,0x21,0x04,0x00,0x21,0x04,0x00,0x21,0x04,0x00,0x19,0x04,0x00,0x18,
  0xe3,0x00,0x18,0xe3,0x00,0x19,0x03,0x00,0x18,0xc3,0x00,0x18,0xa2,0x00,0x18,0xc2,
  0x00,0x18,0xc2,0x00,0x10,0xa2,0x00,0x00,0x41,0xff,0x00,0x20,0xff,0x41,0x63,0xff,
  0x41,0x63,0xff,0x49,0x84,0xff,0x00,0x20,0xff,0x08,0x61,0xff,0x41,0x84,0xff,0x49,
  0x63,0xff,0x49,0xa3,0xff,0x41,0x63,0xff,0x59,0xe4,0xff,0x82,0x85,0xff,0x82,0x85,
  0xff,0x92,0xe6,0xff,0x82,0xc5,0xff,0x39,0x22,0xff,0x20,0xa1,0xff,0x39,0x22,0xff,
  0x38,0xe2,0xff,0x41,0x63,0xff,0x20,0xa1,0xff,0x00,0x20,0xff,0x00,0x20,0xff,0x00,
  0x20,0xff,0x00,0x20,0xff,0x00,0x00,0xff,0x08,0x41,0xff,0x08,0x40,0xff,0x18,0x81,
  0xff,0x18,0x81,0xff,0x20,0xa1,0xff,0x20,0xa1,0xff,0x20,0xc2,0xff,0x20,0xc2,0xff,
  0x20,0xc2,0xff,0x20,0xe2,0xff,0x20,0xe2,0xff,0x10,0x41,0xff,0x18,0xc2,0xff,0x29,
  0x03,0xff,0x20,0xc2,0xff,0x20,0xc2,0xff,0x20,0xc2,0xff,0x29,0x02,0xff,0x20,0xc2,
  0xff,0x28,0xe2,0xff,0x31,0x43,0xff,0x20,0xa2,0xff,0x21,0x02,0xff,0x18,0x81,0xff,
  0x18,0x81,0xff,0x20,0xe2,0xff,0x18,0xc2,0xff,0x18,0xa1,0xff,0x18,0xa2,0xff,0x10,
  0x61,0xff,0x08,0x40,0xff,0x08,0x61,0xff,0x08,0x20,0xff,0x08,0x41,0xff,0x08,0x41,
  0xff,0x00,0x00,0xff,0x00,0x00,0xff,0x00,0x00,0xff,0x10,0x40,0xff,0x41,0x22,0xff,
  0x69,0xe3,0xff,0x82,0xc5,0xff,0x61,0xe4,0xff,0x28,0x81,0xff,0x28,0x81,0xff,0x51,
  0x83,0xff,0x93,0x06,0xff,0x6a,0x24,0xff,0x18,0x61,0xff,0x18,0x61,0xff,0x39,0x02,
  0xff,0x49,0xa3,0xff,0x38,0xe1,0xff,0x41,0x83,0xff,0x41,0x83,0xff,0x39,0x43,0xff,
  0x20,0xa2,0xff,0x31,0x02,0xff,0x51,0xe4,0xff,0x41,0x63,0xff,0x10,0x61,0xff,0x18,
  0xa2,0xff,0x20,0xc2,0xff,0x20,0xc2,0xff,0x39,0x23,0xff,0x51,0xe4,0xff,0x5a,0x04,
  0xff,0x62,0x24,0xff,0x51,0x83,0xff,0x6a,0x04,0xff,0x82,0xe6,0xff,0x8b,0x26,0xff,
  0x6a,0x24,0xff,0x6a,0x24,0xff,0x59,0xc4,0xff,0x49,0x63,0xff,0x49,0x83,0xff,0x39,
  0x43,0xff,0x31,0x22,0xff,0x18,0x81,0xff,0x18,0xa2,0xff,0x18,0xa2,0xff,0x18,0x81,
  0xff,0x18,0x81,0xff,0x18,0x61,0xff,0x31,0x03,0xff,0x41,0x83,0xff,0x51,0xe4,0xff,
  0x49,0x83,0xff,0x41,0x63,0xff,0x39,0x23,0xff,0x41,0x43,0xff,0x41,0x43,0xff,0x41,
  0x22,0xff,0x61,0xe4,0xff,0x93,0x67,0xff,0x72,0x65,0xff,0x28,0xa1,0xff,0x10,0x61,
  0xff,0x20,0xa1,0xff,0x41,0x63,0xff,0x41,0x83,0xff,0x41,0x83,0xff,0x28,0xe2,0xff,
  0x08,0x20,0xff,0x10,0x81,0x00,0x18,0xa2,0x00,0x29,0x44,0x00,0x21,0x24,0x00,0x21,
  0x24,0x00,0x21,0x04,0x00,0x21,0x04,0x00,0x21,0x04,0x00,0x21,0x04,0x00,0x21,0x04,
  0x00,0x21,0x04,0x00,0x21,0x04,0x00,0x21,0x04,0x00,0x21,0x04,0x00,0x21,0x04,0x00,
  0x21,0x04,0x00,0x21,0x04,0x00,0x21,0x04,0x00,0x21,0x04,0x00,0x21,0x04,0x00,0x21,
  0x04,0x00,0x21,0x04,0x00,0x21,0x04,0x00,0x21,0x04,0x00,0x21,0x04,0x00,0x21,0x04,
  0x00,0x21,0x04,0x00,0x21,0x04,0x00,0x21,0x04,0x00,0x21,0x04,0x00,0x21,0x04,0x00,
  0x21,0x04,0x00,0x21,0x04,0x00,0x21,0x04,0x00,0x18,0xe3,0x00,0x18,0xe3,0x00,0x18,
  0xe3,0x00,0x18,0xc2,0x00,0x21,0x03,0x00,0x21,0x23,0x00,0x10,0x82,0x00,0x08,0x41,
  0xff,0x10,0x81,0xff,0x59,0xc3,0xff,0xb4,0x09,0xff,0xb4,0x09,0xff,0x82,0xc6,0xff,
  0x10,0x61,0xff,0x18,0xa2,0xff,0x41,0x83,0xff,0x51,0xa3,0xff,0x59,0xe4,0xff,0x49,
  0x84,0xff,0x59,0xc4,0xff,0x82,0xc6,0xff,0x82,0xc6,0xff,0x8a,0xc5,0xff,0x7a,0x85,
  0xff,0x59,0xa3,0xff,0x41,0x23,0xff,0x41,0x43,0xff,0x49,0x63,0xff,0x49,0xc3,0xff,
  0x30,0xe2,0xff,0x10,0x61,0xff,0x10,0x61,0xff,0x00,0x20,0xff,0x00,0x20,0xff,0x00,
  0x00,0xff,0x08,0x41,0xff,0x10,0x81,0xff,0x20,0xe2,0xff,0x18,0xa2,0xff,0x20,0xa1,
  0xff,0x20,0xa1,0xff,0x29,0x02,0xff,0x20,0xc2,0xff,0x29,0x02,0xff,0x29,0x03,0xff,
  0x18,0xa2,0xff,0x10,0x61,0xff,0x20,0xc2,0xff,0x31,0x23,0xff,0x28,0xe2,0xff,0x28,
  0xe2,0xff,0x28,0xe2,0xff,0x29,0x02,0xff,0x20,0xc2,0xff,0x20,0xe2,0xff,0x29,0x03,
  0xff,0x20,0xc2,0xff,0x20,0xc2,0xff,0x20,0xa2,0xff,0x20,0xa2,0xff,0x29,0x03,0xff,
  0x18,0x81,0xff,0x10,0x81,0xff,0x10,0x81,0xff,0x10,0x61,0xff,0x08,0x40,0xff,0x08,
  0x61,0xff,0x08,0x40,0xff,0x08,0x40,0xff,0x08,0x40,0xff,0x08,0x20,0xff,0x08,0x20,
  0xff,0x08,0x20,0xff,0x31,0x02,0xff,0x6a,0x24,0xff,0x72,0x24,0xff,0x72,0x44,0xff,
  0x51,0xc3,0xff,0x28,0xe2,0xff,0x28,0xe2,0xff,0x31,0x02,0xff,0x30,0xe2,0xff,0x18,
  0x60,0xff,0x28,0xc2,0xff,0x49,0x83,0xff,0x51,0x83,0xff,0x49,0xa3,0xff,0x41,0x62,
  0xff,0x39,0x43,0xff,0x39,0x43,0xff,0x28,0xc2,0xff,0x20,0xc2,0xff,0x10,0x61,0xff,
  0x10,0x61,0xff,0x10,0x61,0xff,0x20,0xa2,0xff,0x31,0x23,0xff,0x39,0x43,0xff,0x39,
  0x43,0xff,0x51,0xc4,0xff,0x72,0x65,0xff,0x6a,0x44,0xff,0x72,0x85,0xff,0x6a,0x24,
  0xff,0x72,0x45,0xff,0x6a,0x44,0xff,0x6a,0x44,0xff,0x59,0xe4,0xff,0x59,0xe4,0xff,
  0x51,0xa4,0xff,0x49,0x83,0xff,0x41,0x83,0xff,0x28,0xe2,0xff,0x29,0x02,0xff,0x10,
  0x61,0xff,0x18,0x81,0xff,0x20,0xc2,0xff,0x31,0x22,0xff,0x31,0x22,0xff,0x41,0x63,
  0xff,0x49,0xc4,0xff,0x41,0x63,0xff,0x41,0x43,0xff,0x41,0x63,0xff,0x51,0xc4,0xff,
  0x51,0xc4,0xff,0x51,0xc4,0xff,0x51,0xc4,0xff,0x49,0x63,0xff,0x6a,0x65,0xff,0x9b,
  0xa8,0xff,0x9b,0x68,0xff,0x51,0xc4,0xff,0x28,0xc2,0xff,0x28,0xc2,0xff,0x31,0x42,
  0xff,0x41,0x63,0xff,0x41,0x63,0xff,0x51,0xc4,0xff,0x49,0xc3,0xff,0x31,0x43,0x00,
  0x10,0x81,0x00,0x18,0xe2,0x00,0x21,0x03,0x00,0x29,0x44,0x00,0x21,0x04,0x00,0x21,
  0x04,0x00,0x21,0x04,0x00,0x21,0x04,0x00,0x21,0x04,0x00,0x21,0x04,0x00,0x21,0x04,
  0x00,0x21,0x04,0x00,0x21,0x04,0x00,0x21,0x04,0x00,0x21,0x04,0x00,0x21,0x04,0x00,
  0x21,0x04,0x00,0x21,0x04,0x00,0x21,0x04,0x00,0x21,0x04,0x00,0x21,0x04,0x00,0x21,
  0x04,0x00,0x21,0x04,0x00,0x21,0x04,0x00,0x21,0x04,0x00,0x21,0x04,0x00,0x21,0x04,
  0x00,0x21,0x04,0x00,0x21,0x04,0x00,0x21,0x04,0x00,0x21,0x04,0x00,0x21,0x04,0x00,
  0x21,0x04,0x00,0x18,0xe3,0x00,0x18,0xe3,0x00,0x18,0xc2,0x00,0x10,0xa2,0x00,0x10,
  0x82,0x00,0x10,0x82,0x00,0x08,0x40,0xff,0x41,0x22,0xff,0x9b,0x67,0xff,0x9b,0x06,
  0xff,0x8a,0xe5,0xff,0x8a,0xe5,0xff,0x61,0xe4,0xff,0x20,0x81,0xff,0x10,0x61,0xff,
  0x30,0xe2,0xff,0x51,0xe4,0xff,0x59,0xe4,0xff,0x49,0x83,0xff,0x59,0xc4,0xff,0x6a,
  0x04,0xff,0x6a,0x04,0xff,0x7a,0x65,0xff,0x61,0xc3,0xff,0x6a,0x04,0xff,0x5a,0x04,
  0xff,0x59,0xe4,0xff,0x49,0x63,0xff,0x41,0x22,0xff,0x41,0x63,0xff,0x20,0xc2,0xff,
  0x20,0xc2,0xff,0x00,0x00,0xff,0x00,0x20,0xff,0x00,0x00,0xff,0x00,0x00,0xff,0x18,
  0xa1,0xff,0x28,0xe2,0xff,0x18,0x61,0xff,0x10,0x61,0xff,0x10,0x61,0xff,0x20,0xe2,
  0xff,0x18,0x81,0xff,0x20,0xc2,0xff,0x20,0xe2,0xff,0x08,0x41,0xff,0x00,0x20,0xff,
  0x18,0xc2,0xff,0x29,0x03,0xff,0x29,0x02,0xff,0x29,0x02,0xff,0x29,0x03,0xff,0x20,
  0xc2,0xff,0x18,0xa2,0xff,0x20,0xc2,0xff,0x20,0xe2,0xff,0x10,0x81,0xff,0x10,0x61,
  0xff,0x20,0xe2,0xff,0x20,0xe2,0xff,0x29,0x03,0xff,0x10,0x81,0xff,0x08,0x41,0xff,
  0x08,0x41,0xff,0x10,0x61,0xff,0x08,0x20,0xff,0x00,0x20,0xff,0x08,0x40,0xff,0x08,
  0x20,0xff,0x08,0x20,0xff,0x08,0x20,0xff,0x20,0x81,0xff,0x28,0xa1,0xff,0x51,0x83,
  0xff,0x69,0xe3,0xff,0x7a,0x44,0xff,0x69,0xc3,0xff,0x38,0xe2,0xff,0x18,0x61,0xff,
  0x18,0x61,0xff,0x10,0x61,0xff,0x08,0x40,0xff,0x20,0xa1,0xff,0x49,0x43,0xff,0x62,
  0x24,0xff,0x41,0x42,0xff,0x38,0xe2,0xff,0x41,0x63,0xff,0x41,0x63,0xff,0x41,0x63,
  0xff,0x39,0x02,0xff,0x41,0xa3,0xff,0x29,0x02,0xff,0x20,0xc2,0xff,0x28,0xe2,0xff,
  0x39,0x43,0xff,0x39,0x02,0xff,0x59,0xe4,0xff,0x59,0xe4,0xff,0x62,0x04,0xff,0x59,
  0xa3,0xff,0x61,0xc4,0xff,0x72,0x65,0xff,0x72,0x64,0xff,0x72,0x65,0xff,0x59,0xe4,
  0xff,0x51,0xa4,0xff,0x51,0x83,0xff,0x51,0x83,0xff,0x5a,0x04,0xff,0x39,0x22,0xff,
  0x18,0xa1,0xff,0x10,0x81,0xff,0x10,0x61,0xff,0x10,0x81,0xff,0x20,0xc2,0xff,0x39,
  0x43,0xff,0x41,0xa3,0xff,0x41,0xa3,0xff,0x39,0x43,0xff,0x41,0x83,0xff,0x41,0x63,
  0xff,0x39,0x43,0xff,0x41,0x43,0xff,0x51,0xc4,0xff,0x62,0x05,0xff,0x6a,0x45,0xff,
  0x6a,0x45,0xff,0x59,0xc4,0xff,0x51,0xa3,0xff,0x59,0xc4,0xff,0x61,0xe4,0xff,0x59,
  0xa3,0xff,0x59,0xc4,0xff,0x62,0x45,0xff,0x51,0xe4,0xff,0x28,0xc2,0xff,0x28,0xc2,
  0xff,0x39,0x42,0xff,0x51,0xc4,0xff,0x49,0xa3,0xff,0x28,0xe2,0x00,0x10,0x61,0x00,
  0x08,0x41,0x00,0x18,0xe3,0x00,0x21,0x24,0x00,0x21,0x24,0x00,0x21,0x24,0x00,0x21,
  0x04,0x00,0x21,0x04,0x00,0x21,0x04,0x00,0x21,0x04,0x00,0x19,0x04,0x00,0x21,0x04,
  0x00,0x21,0x04,0x00,0x21,0x04,0x00,0x21,0x04,0x00,0x21,0x04,0x00,0x21,0x04,0x00,
  0x21,0x04,0x00,0x21,0x04,0x00,0x21,0x04,0x00,0x21,0x04,0x00,0x21,0x04,0x00,0x21,
  0x04,0x00,0x21,0x04,0x00,0x21,0x04,0x00,0x21,0x04,0x00,0x21,0x04,0x00,0x21,0x04,
  0x00,0x21,0x04,0x00,0x21,0x04,0x00,0x21,0x04,0x00,0x21,0x04,0x00,0x18,0xe3,0x00,
  0x18,0xe3,0x00,0x18,0xe3,0x00,0x10,0x82,0x00,0x08,0x41,0xff,0x00,0x00,0xff,0x49,
  0xa3,0xff,0x9b,0x06,0xff,0xa3,0xa7,0xff,0x62,0x04,0xff,0x49,0x63,0xff,0x49,0x63,
  0xff,0x38,0xe2,0xff,0x28,0xe2,0xff,0x20,0xc2,0xff,0x20,0xc2,0xff,0x29,0x02,0xff,
  0x39,0x23,0xff,0x49,0x83,0xff,0x6a,0x65,0xff,0x59,0xa4,0xff,0x59,0xa4,0xff,0x61,
  0xc3,0xff,0x6a,0x04,0xff,0x72,0x64,0xff,0x59,0xc3,0xff,0x59,0xe4,0xff,0x49,0x83,
  0xff,0x41,0x22,0xff,0x49,0x83,0xff,0x31,0x02,0xff,0x31,0x02,0xff,0x00,0x20,0xff,
  0x08,0x40,0xff,0x00,0x20,0xff,0x00,0x00,0xff,0x18,0xa1,0xff,0x20,0xc2,0xff,0x10,
  0x61,0xff,0x10,0x61,0xff,0x10,0x61,0xff,0x18,0xa2,0xff,0x18,0x81,0xff,0x18,0xc2,
  0xff,0x18,0xc2,0xff,0x08,0x41,0xff,0x00,0x20,0xff,0x10,0x81,0xff,0x20,0xe2,0xff,
  0x20,0xe2,0xff,0x20,0xe2,0xff,0x29,0x03,0xff,0x20,0xc2,0xff,0x29,0x03,0xff,0x20,
  0xe2,0xff,0x21,0x03,0xff,0x10,0x81,0xff,0x08,0x41,0xff,0x18,0xc2,0xff,0x18,0xc2,
  0xff,0x29,0x03,0xff,0x10,0xa1,0xff,0x08,0x20,0xff,0x08,0x41,0xff,0x08,0x61,0xff,
  0x08,0x20,0xff,0x00,0x20,0xff,0x00,0x20,0xff,0x08,0x40,0xff,0x08,0x40,0xff,0x20,
  0xa1,0xff,0x59,0xc3,0xff,0x61,0xa3,0xff,0x72,0x44,0xff,0x69,0xc3,0xff,0x82,0x84,
  0xff,0x7a,0x64,0xff,0x49,0x42,0xff,0x10,0x40,0xff,0x10,0x40,0xff,0x08,0x20,0xff,
  0x31,0x02,0xff,0x6a,0x45,0xff,0x61,0xc3,0xff,0x49,0x63,0xff,0x31,0x02,0xff,0x30,
  0xe2,0xff,0x49,0x83,0xff,0x5a,0x24,0xff,0x5a,0x24,0xff,0x51,0xc4,0xff,0x49,0xa3,
  0xff,0x31,0x02,0xff,0x28,0xc2,0xff,0x39,0x63,0xff,0x41,0x83,0xff,0x49,0x83,0xff,
  0x62,0x04,0xff,0x62,0x04,0xff,0x62,0x04,0xff,0x72,0x65,0xff,0x6a,0x45,0xff,0x6a,
  0x45,0xff,0x59,0xc4,0xff,0x49,0x83,0xff,0x49,0x83,0xff,0x5a,0x24,0xff,0x49,0xa4,
  0xff,0x49,0xa4,0xff,0x39,0x43,0xff,0x18,0xa1,0xff,0x08,0x41,0xff,0x08,0x40,0xff,
  0x18,0x81,0xff,0x29,0x22,0xff,0x41,0x83,0xff,0x41,0x83,0xff,0x49,0xc4,0xff,0x49,
  0xc4,0xff,0x41,0x63,0xff,0x39,0x63,0xff,0x39,0x43,0xff,0x41,0x83,0xff,0x51,0xc4,
  0xff,0x62,0x25,0xff,0x62,0x04,0xff,0x6a,0x45,0xff,0x6a,0x45,0xff,0x59,0xc4,0xff,
  0x49,0x63,0xff,0x41,0x43,0xff,0x51,0x84,0xff,0x49,0x63,0xff,0x59,0xe3,0xff,0x6a,
  0x65,0xff,0x7a,0xa6,0xff,0x6a,0x45,0xff,0x6a,0x45,0xff,0x62,0x24,0xff,0x51,0x83,
  0xff,0x59,0xc3,0xff,0x51,0xa3,0xff,0x39,0x02,0x00,0x30,0xe1,0x00,0x20,0xc1,0x00,
  0x18,0xc2,0x00,0x21,0x24,0x00,0x21,0x24,0x00,0x21,0x04,0x00,0x21,0x04,0x00,0x21,
  0x04,0x00,0x21,0x04,0x00,0x19,0x04,0x00,0x21,0x04,0x00,0x21,0x04,0x00,0x21,0x04,
  0x00,0x21,0x04,0x00,0x21,0x04,0x00,0x21,0x04,0x00,0x21,0x04,0x00,0x21,0x04,0x00,
  0x19,0x04,0x00,0x21,0x04,0x00,0x21,0x04,0x00,0x21,0x04,0x00,0x21,0x04,0x00,0x21,
  0x04,0x00,0x21,0x04,0x00,0x21,0x04,0x00,0x21,0x24,0x00,0x21,0x24,0x00,0x21,0x24,
  0x00,0x21,0x24,0x00,0x21,0x04,0x00,0x18,0xe3,0x00,0x18,0xe3,0x00,0x10,0xa2,0x00,
  0x08,0x41,0xff,0x10,0x41,0xff,0x10,0x41,0xff,0x6a,0x25,0xff,0x72,0x44,0xff,0x41,
  0x63,0xff,0x31,0x23,0xff,0x31,0x02,0xff,0x31,0x02,0xff,0x30,0xe2,0xff,0x39,0x43,
  0xff,0x18,0x81,0xff,0x20,0xc2,0xff,0x10,0x61,0xff,0x18,0x81,0xff,0x39,0x43,0xff,
  0x51,0xa3,0xff,0x61,0xc3,0xff,0x61,0xc3,0xff,0x6a,0x24,0xff,0x6a,0x44,0xff,0x6a,
  0x24,0xff,0x51,0x63,0xff,0x41,0x23,0xff,0x39,0x22,0xff,0x49,0x83,0xff,0x38,0xe2,
  0xff,0x30,0xe2,0xff,0x30,0xe2,0xff,0x20,0xa1,0xff,0x08,0x41,0xff,0x00,0x00,0xff,
  0x00,0x00,0xff,0x08,0x20,0xff,0x18,0x61,0xff,0x18,0x61,0xff,0x08,0x20,0xff,0x08,
  0x20,0xff,0x10,0x81,0xff,0x18,0xc2,0xff,0x18,0x81,0xff,0x10,0x61,0xff,0x00,0x20,
  0xff,0x00,0x20,0xff,0x08,0x41,0xff,0x20,0xe2,0xff,0x18,0x81,0xff,0x18,0x81,0xff,
  0x18,0xa2,0xff,0x20,0xc2,0xff,0x29,0x03,0xff,0x20,0xe2,0xff,0x18,0xa2,0xff,0x08,
  0x40,0xff,0x00,0x20,0xff,0x10,0x81,0xff,0x10,0x81,0xff,0x20,0xe3,0xff,0x10,0x61,
  0xff,0x00,0x00,0xff,0x08,0x40,0xff,0x08,0x40,0xff,0x00,0x20,0xff,0x00,0x00,0xff,
  0x00,0x00,0xff,0x08,0x20,0xff,0x08,0x20,0xff,0x59,0xa3,0xff,0x8a,0xe5,0xff,0x7a,
  0x44,0xff,0x7a,0x24,0xff,0x7a,0x24,0xff,0x9b,0x05,0xff,0xc4,0x48,0xff,0x72,0x44,
  0xff,0x20,0x81,0xff,0x20,0x81,0xff,0x41,0x43,0xff,0x72,0x45,0xff,0x82,0xa5,0xff,
  0x61,0xe3,0xff,0x49,0x63,0xff,0x31,0x02,0xff,0x39,0x23,0xff,0x41,0x43,0xff,0x49,
  0xa3,0xff,0x49,0xa3,0xff,0x41,0x63,0xff,0x20,0xa1,0xff,0x20,0xa1,0xff,0x28,0xe2,
  0xff,0x28,0xe2,0xff,0x39,0x22,0xff,0x59,0xe4,0xff,0x6a,0x25,0xff,0x6a,0x25,0xff,
  0x6a,0x04,0xff,0x7a,0xa5,0xff,0x72,0x65,0xff,0x62,0x04,0xff,0x41,0x43,0xff,0x41,
  0x22,0xff,0x49,0x83,0xff,0x49,0xa3,0xff,0x28,0xe2,0xff,0x28,0xe2,0xff,0x10,0x61,
  0xff,0x10,0x61,0xff,0x18,0xc2,0xff,0x20,0xc2,0xff,0x31,0x02,0xff,0x41,0xa3,0xff,
  0x49,0xc4,0xff,0x41,0x43,0xff,0x41,0x83,0xff,0x41,0x83,0xff,0x41,0x63,0xff,0x31,
  0x02,0xff,0x31,0x22,0xff,0x51,0xc4,0xff,0x62,0x04,0xff,0x62,0x04,0xff,0x59,0xc4,
  0xff,0x61,0xe5,0xff,0x61,0xe5,0xff,0x62,0x04,0xff,0x59,0xe4,0xff,0x59,0xe4,0xff,
  0x5a,0x25,0xff,0x49,0x84,0xff,0x41,0x43,0xff,0x41,0x23,0xff,0x72,0x25,0xff,0x8a,
  0xe6,0xff,0x8a,0xe6,0xff,0x8b,0x06,0xff,0x8a,0xc6,0xff,0x93,0x26,0xff,0x82,0x85,
  0xff,0x8a,0xa6,0xff,0x9b,0x27,0xff,0x82,0xc6,0xff,0x20,0xe2,0x00,0x08,0x61,0xff,
  0x08,0x61,0xff,0x21,0x03,0x00,0x21,0x24,0x00,0x21,0x04,0x00,0x21,0x04,0x00,0x19,
  0x04,0x00,0x21,0x04,0x00,0x21,0x04,0x00,0x21,0x04,0x00,0x21,0x04,0x00,0x21,0x04,
  0x00,0x21,0x04,0x00,0x21,0x04,0x00,0x21,0x04,0x00,0x19,0x04,0x00,0x21,0x04,0x00,
  0x21,0x04,0x00,0x21,0x04,0x00,0x21,0x04,0x00,0x21,0x04,0x00,0x21,0x24,0x00,0x21,
  0x24,0x00,0x21,0x24,0x00,0x21,0x24,0x00,0x21,0x24,0x00,0x21,0x24,0x00,0x21,0x24,
  0x00,0x18,0xc2,0x00,0x18,0xc2,0x00,0x08,0x61,0xff,0x28,0xc1,0xff,0x59,0xe3,0xff,
  0x49,0x63,0xff,0x49,0x63,0xff,0x39,0x42,0xff,0x31,0x02,0xff,0x31,0x02,0xff,0x49,
  0x83,0xff,0x49,0x83,0xff,0x5a,0x04,0xff,0x41,0xa3,0xff,0x31,0x02,0xff,0x31,0x22,
  0xff,0x10,0x61,0xff,0x18,0x81,0xff,0x20,0xc2,0xff,0x49,0xa4,0xff,0x6a,0x65,0xff,
  0x6a,0x65,0xff,0x59,0xa3,0xff,0x61,0xe4,0xff,0x8b,0x06,0xff,0x7a,0xa5,0xff,0x5a,
  0x04,0xff,0x30,0xe2,0xff,0x39,0x22,0xff,0x31,0x02,0xff,0x39,0x22,0xff,0x39,0x22,
  0xff,0x41,0x63,0xff,0x20,0xc2,0xff,0x00,0x00,0xff,0x00,0x00,0xff,0x00,0x00,0xff,
  0x10,0x60,0xff,0x18,0xa1,0xff,0x00,0x00,0xff,0x00,0x00,0xff,0x10,0x81,0xff,0x18,
  0xc2,0xff,0x18,0xa1,0xff,0x10,0x61,0xff,0x00,0x20,0xff,0x08,0x40,0xff,0x08,0x41,
  0xff,0x18,0xc2,0xff,0x18,0x81,0xff,0x18,0x81,0xff,0x18,0x81,0xff,0x10,0x61,0xff,
  0x18,0xa1,0xff,0x20,0xe2,0xff,0x10,0x81,0xff,0x00,0x00,0xff,0x00,0x20,0xff,0x10,
  0x61,0xff,0x10,0x61,0xff,0x18,0xc2,0xff,0x08,0x40,0xff,0x00,0x00,0xff,0x08,0x40,
  0xff,0x00,0x20,0xff,0x00,0x00,0xff,0x08,0x20,0xff,0x00,0x00,0xff,0x20,0x60,0xff,
  0x20,0x60,0xff,0x6a,0x03,0xff,0x93,0x05,0xff,0x82,0x63,0xff,0x7a,0x23,0xff,0xab,
  0x87,0xff,0xcc,0x8a,0xff,0x9b,0x67,0xff,0x72,0x03,0xff,0x82,0xa5,0xff,0x82,0xa5,
  0xff,0x93,0x46,0xff,0x7a,0x65,0xff,0x6a,0x03,0xff,0x59,0xc3,0xff,0x59,0xe4,0xff,
  0x51,0xc4,0xff,0x5a,0x04,0xff,0x41,0x63,0xff,0x29,0x02,0xff,0x29,0x02,0xff,0x18,
  0xa1,0xff,0x10,0x61,0xff,0x20,0xe2,0xff,0x39,0x63,0xff,0x28,0xc1,0xff,0x31,0x22,
  0xff,0x39,0x22,0xff,0x41,0x43,0xff,0x41,0x43,0xff,0x49,0xa4,0xff,0x51,0xe4,0xff,
  0x49,0x84,0xff,0x41,0x63,0xff,0x41,0x63,0xff,0x49,0xa3,0xff,0x31,0x02,0xff,0x18,
  0x81,0xff,0x10,0x61,0xff,0x10,0x61,0xff,0x10,0x81,0xff,0x31,0x23,0xff,0x41,0xa4,
  0xff,0x39,0x22,0xff,0x39,0x22,0xff,0x51,0xc4,0xff,0x51,0xc4,0xff,0x51,0xc4,0xff,
  0x49,0xc4,0xff,0x49,0xc4,0xff,0x39,0x43,0xff,0x39,0x43,0xff,0x49,0xa4,0xff,0x62,
  0x25,0xff,0x6a,0x45,0xff,0x72,0x65,0xff,0x6a,0x45,0xff,0x6a,0x45,0xff,0x6a,0x45,
  0xff,0x72,0x65,0xff,0x6a,0x24,0xff,0x6a,0x65,0xff,0x72,0x86,0xff,0x62,0x04,0xff,
  0x51,0xc4,0xff,0x49,0xa4,0xff,0x5a,0x04,0xff,0x62,0x24,0xff,0x62,0x24,0xff,0x61,
  0xe4,0xff,0x51,0xa3,0xff,0x59,0xe3,0xff,0x59,0xe3,0xff,0x62,0x24,0xff,0x59,0xc4,
  0xff,0x51,0xc4,0xff,0x18,0x81,0x00,0x00,0x21,0xff,0x00,0x21,0xff,0x10,0xc2,0x00,
  0x10,0xc3,0x00,0x18,0xe3,0x00,0x18,0xe4,0x00,0x19,0x04,0x00,0x21,0x04,0x00,0x21,
  0x04,0x00,0x21,0x04,0x00,0x21,0x04,0x00,0x19,0x04,0x00,0x19,0x04,0x00,0x21,0x04,
  0x00,0x21,0x04,0x00,0x21,0x04,0x00,0x21,0x04,0x00,0x21,0x04,0x00,0x19,0x04,0x00,
  0x21,0x24,0x00,0x21,0x24,0x00,0x21,0x24,0x00,0x21,0x24,0x00,0x21,0x24,0x00,0x21,
  0x24,0x00,0x21,0x44,0x00,0x21,0x04,0x00,0x21,0x23,0x00,0x10,0xa2,0x00,0x10,0xa2,
  0x00,0x00,0x20,0xff,0x39,0x22,0xff,0x6a,0x24,0xff,0x41,0x62,0xff,0x30,0xe2,0xff,
  0x28,0xc2,0xff,0x49,0xc4,0xff,0x31,0x02,0xff,0x39,0x02,0xff,0x39,0x02,0xff,0x5a,
  0x05,0xff,0x30,0xe2,0xff,0x31,0x02,0xff,0x39,0x23,0xff,0x28,0xc2,0xff,0x20,0xc2,
  0xff,0x10,0x81,0xff,0x31,0x03,0xff,0x51,0xa4,0xff,0x51,0xa4,0xff,0x61,0xc4,0xff,
  0x62,0x04,0xff,0x8a,0xe5,0xff,0x93,0x26,0xff,0x72,0x45,0xff,0x39,0x02,0xff,0x39,
  0x43,0xff,0x28,0xa1,0xff,0x39,0x22,0xff,0x39,0x22,0xff,0x41,0x83,0xff,0x20,0x81,
  0xff,0x00,0x00,0xff,0x00,0x00,0xff,0x00,0x00,0xff,0x08,0x40,0xff,0x10,0x61,0xff,
  0x00,0x00,0xff,0x00,0x00,0xff,0x00,0x20,0xff,0x10,0x81,0xff,0x18,0xc2,0xff,0x08,
  0x40,0xff,0x00,0x20,0xff,0x08,0x41,0xff,0x08,0x20,0xff,0x10,0x61,0xff,0x18,0xa1,
  0xff,0x18,0xa1,0xff,0x18,0x81,0xff,0x08,0x40,0xff,0x10,0x81,0xff,0x10,0x61,0xff,
  0x08,0x40,0xff,0x00,0x00,0xff,0x00,0x00,0xff,0x08,0x40,0xff,0x08,0x40,0xff,0x08,
  0x40,0xff,0x00,0x00,0xff,0x00,0x20,0xff,0x00,0x00,0xff,0x00,0x20,0xff,0x00,0x00,
  0xff,0x08,0x20,0xff,0x20,0x80,0xff,0x49,0x42,0xff,0x49,0x42,0xff,0x69,0xc3,0xff,
  0x7a,0x03,0xff,0x7a,0x23,0xff,0xb3,0xc8,0xff,0xb3,0xe9,0xff,0x62,0x25,0xff,0x28,
  0xa0,0xff,0x69,0xe3,0xff,0x92,0xe5,0xff,0x92,0xe5,0xff,0x82,0xa4,0xff,0x6a,0x04,
  0xff,0x62,0x04,0xff,0x51,0x63,0xff,0x59,0xc3,0xff,0x62,0x04,0xff,0x62,0x25,0xff,
  0x31,0x42,0xff,0x10,0x81,0xff,0x10,0x81,0xff,0x10,0x61,0xff,0x20,0xc1,0xff,0x31,
  0x02,0xff,0x30,0xe2,0xff,0x39,0x63,0xff,0x39,0x62,0xff,0x20,0xc2,0xff,0x20,0xc2,
  0xff,0x20,0xc2,0xff,0x18,0xa1,0xff,0x18,0x81,0xff,0x18,0x61,0xff,0x20,0xc2,0xff,
  0x28,0xc2,0xff,0x28,0xe2,0xff,0x10,0x61,0xff,0x08,0x41,0xff,0x08,0x40,0xff,0x08,
  0x40,0xff,0x20,0xe2,0xff,0x39,0x43,0xff,0x41,0x63,0xff,0x39,0x42,0xff,0x49,0x83,
  0xff,0x49,0x83,0xff,0x51,0xa3,0xff,0x5a,0x04,0xff,0x51,0xc4,0xff,0x51,0xc4,0xff,
  0x41,0x43,0xff,0x49,0x63,0xff,0x5a,0x05,0xff,0x61,0xe4,0xff,0x61,0xe4,0xff,0x72,
  0x85,0xff,0x72,0x65,0xff,0x72,0x65,0xff,0x72,0x65,0xff,0x6a,0x04,0xff,0x6a,0x45,
  0xff,0x61,0xe4,0xff,0x61,0xe4,0xff,0x6a,0x44,0xff,0x6a,0xa5,0xff,0x41,0x83,0xff,
  0x28,0xe2,0xff,0x31,0x23,0xff,0x31,0x23,0xff,0x31,0x02,0xff,0x28,0xc1,0xff,0x28,
  0xc1,0xff,0x20,0xa1,0xff,0x28,0xc1,0xff,0x10,0x40,0xff,0x08,0x20,0xff,0x08,0x20,
  0xff,0x10,0x61,0xff,0x10,0x61,0xff,0x10,0x61,0xff,0x28,0xa1,0x00,0x41,0x42,0xff,
  0x31,0x02,0x00,0x20,0xe3,0x00,0x21,0x04,0x00,0x21,0x04,0x00,0x21,0x04,0x00,0x21,
  0x04,0x00,0x19,0x04,0x00,0x19,0x04,0x00,0x19,0x04,0x00,0x21,0x04,0x00,0x21,0x04,
  0x00,0x21,0x04,0x00,0x19,0x04,0x00,0x19,0x04,0x00,0x19,0x03,0x00,0x19,0x03,0x00,
  0x18,0xe3,0x00,0x21,0x03,0x00,0x21,0x24,0x00,0x20,0xe3,0x00,0x29,0x24,0x00,0x21,
  0x03,0x00,0x18,0xc2,0x00,0x10,0xa1,0x00,0x10,0xa1,0x00,0x08,0x41,0xff,0x20,0xa1,
  0xff,0x39,0x22,0xff,0x31,0x02,0xff,0x41,0x42,0xff,0x51,0xc4,0xff,0x62,0x85,0xff,
  0x51,0xa4,0xff,0x59,0xe5,0xff,0x59,0xe5,0xff,0x6a,0x65,0xff,0x49,0xa4,0xff,0x20,
  0xc2,0xff,0x39,0x02,0xff,0x41,0x83,0xff,0x31,0x23,0xff,0x18,0x81,0xff,0x18,0xa1,
  0xff,0x49,0xa3,0xff,0x49,0xa3,0xff,0x72,0x85,0xff,0x6a,0x04,0xff,0x61,0xe4,0xff,
  0x59,0x83,0xff,0x6a,0x24,0xff,0x59,0xe3,0xff,0x49,0xa3,0xff,0x28,0xe2,0xff,0x29,
  0x02,0xff,0x29,0x02,0xff,0x30,0xe2,0xff,0x28,0xc1,0xff,0x10,0x60,0xff,0x00,0x00,
  0xff,0x00,0x00,0xff,0x10,0x61,0xff,0x10,0x61,0xff,0x00,0x00,0xff,0x00,0x00,0xff,
  0x00,0x00,0xff,0x10,0x81,0xff,0x10,0x81,0xff,0x08,0x61,0xff,0x00,0x20,0xff,0x08,
  0x41,0xff,0x08,0x20,0xff,0x08,0x41,0xff,0x10,0x81,0xff,0x10,0x81,0xff,0x18,0x81,
  0xff,0x10,0x81,0xff,0x10,0x81,0xff,0x08,0x20,0xff,0x08,0x40,0xff,0x00,0x00,0xff,
  0x00,0x00,0xff,0x08,0x20,0xff,0x08,0x20,0xff,0x08,0x20,0xff,0x00,0x00,0xff,0x00,
  0x20,0xff,0x00,0x00,0xff,0x00,0x00,0xff,0x10,0x40,0xff,0x30,0xe1,0xff,0x49,0x21,
  0xff,0x72,0x44,0xff,0x72,0x44,0xff,0x72,0x03,0xff,0x7a,0x23,0xff,0x9b,0x06,0xff,
  0xab,0xe9,0xff,0x30,0xe2,0xff,0x08,0x20,0xff,0x49,0x63,0xff,0x82,0x85,0xff,0x69,
  0xe3,0xff,0x69,0xe3,0xff,0x61,0xe3,0xff,0x61,0xc4,0xff,0x6a,0x24,0xff,0x61,0xe4,
  0xff,0x62,0x04,0xff,0x49,0x83,0xff,0x39,0x43,0xff,0x20,0xc2,0xff,0x18,0xa1,0xff,
  0x18,0xa1,0xff,0x20,0xc2,0xff,0x39,0x63,0xff,0x51,0xc4,0xff,0x51,0xa4,0xff,0x59,
  0xe4,0xff,0x49,0xa3,0xff,0x28,0xe2,0xff,0x20,0xa1,0xff,0x20,0xa1,0xff,0x28,0xe2,
  0xff,0x29,0x02,0xff,0x20,0xc2,0xff,0x20,0xe2,0xff,0x10,0x61,0xff,0x10,0x41,0xff,
  0x08,0x40,0xff,0x18,0x81,0xff,0x20,0xc2,0xff,0x20,0xc2,0xff,0x41,0x83,0xff,0x39,
  0x22,0xff,0x41,0x63,0xff,0x49,0xa3,0xff,0x59,0xe4,0xff,0x62,0x24,0xff,0x62,0x45,
  0xff,0x62,0x04,0xff,0x62,0x25,0xff,0x62,0x25,0xff,0x62,0x04,0xff,0x62,0x05,0xff,
  0x61,0xe4,0xff,0x72,0x65,0xff,0x72,0x65,0xff,0x72,0x65,0xff,0x72,0x65,0xff,0x7a,
  0x85,0xff,0x7a,0x85,0xff,0x6a,0x45,0xff,0x6a,0x85,0xff,0x62,0x24,0xff,0x6a,0x45,
  0xff,0x62,0x04,0xff,0x49,0x83,0xff,0x30,0xe2,0xff,0x20,0xa2,0xff,0x18,0x81,0xff,
  0x18,0x81,0xff,0x51,0xa4,0xff,0x82,0xc6,0xff,0x93,0x47,0xff,0x82,0xa5,0xff,0x82,
  0xa5,0xff,0x7a,0x64,0xff,0x7a,0x64,0xff,0x82,0x84,0xff,0x93,0x05,0xff,0x93,0x05,
  0xff,0x9a,0xe4,0xff,0xb3,0x65,0xff,0xcb,0xc5,0xff,0xab,0x45,0xff,0x31,0x02,0x00,
  0x18,0xe4,0x00,0x21,0x04,0x00,0x21,0x04,0x00,0x21,0x04,0x00,0x19,0x04,0x00,0x19,
  0x04,0x00,0x19,0x04,0x00,0x21,0x04,0x00,0x21,0x04,0x00,0x21,0x04,0x00,0x18,0xe4,
  0x00,0x10,0xc3,0x00,0x5a,0x24,0x00,0x5a,0x24,0x00,0xa3,0x66,0x00,0x9a,0xc5,0x00,
  0x92,0xa4,0x00,0x8a,0x83,0x00,0x51,0x62,0x00,0x31,0x02,0x00,0x20,0xa1,0x00,0x08,
  0x40,0xff,0x08,0x40,0xff,0x08,0x61,0xff,0x10,0x61,0xff,0x20,0xa1,0xff,0x28,0xc2,
  0xff,0x49,0xa3,0xff,0x49,0x83,0xff,0x59,0xc4,0xff,0x72,0xa6,0xff,0x8b,0x47,0xff,
  0x8b,0x47,0xff,0x82,0xc6,0xff,0x51,0xc4,0xff,0x20,0x81,0xff,0x30,0xe2,0xff,0x41,
  0x83,0xff,0x39,0x43,0xff,0x20,0xa1,0xff,0x18,0xa2,0xff,0x20,0xe2,0xff,0x20,0xe2,
  0xff,0x41,0x63,0xff,0x51,0xa3,0xff,0x59,0xe4,0xff,0x38,0xe2,0xff,0x51,0xa4,0xff,
  0x51,0xc3,0xff,0x49,0x62,0xff,0x39,0x42,0xff,0x20,0x81,0xff,0x20,0x81,0xff,0x31,
  0x02,0xff,0x41,0x63,0xff,0x20,0xc1,0xff,0x00,0x00,0xff,0x00,0x00,0xff,0x08,0x20,
  0xff,0x08,0x20,0xff,0x00,0x00,0xff,0x00,0x00,0xff,0x00,0x20,0xff,0x08,0x40,0xff,
  0x10,0x61,0xff,0x08,0x61,0xff,0x00,0x20,0xff,0x08,0x20,0xff,0x00,0x20,0xff,0x08,
  0x20,0xff,0x08,0x20,0xff,0x08,0x20,0xff,0x10,0x61,0xff,0x18,0xa1,0xff,0x18,0xa2,
  0xff,0x08,0x40,0xff,0x00,0x00,0xff,0x00,0x00,0xff,0x00,0x00,0xff,0x00,0x00,0xff,
  0x00,0x00,0xff,0x00,0x00,0xff,0x00,0x00,0xff,0x00,0x00,0xff,0x00,0x00,0xff,0x20,
  0x80,0xff,0x41,0x21,0xff,0x6a,0x24,0xff,0x6a,0x03,0xff,0x71,0xe3,0xff,0x71,0xe3,
  0xff,0x72,0x03,0xff,0xab,0xc8,0xff,0x82,0xa6,0xff,0x18,0x81,0xff,0x08,0x20,0xff,
  0x30,0xe2,0xff,0x7a,0x64,0xff,0x7a,0x64,0xff,0x61,0xc3,0xff,0x61,0xc3,0xff,0x61,
  0xc3,0xff,0x61,0xc3,0xff,0x62,0x04,0xff,0x59,0xc3,0xff,0x41,0x83,0xff,0x28,0xe2,
  0xff,0x20,0xc2,0xff,0x18,0xa1,0xff,0x29,0x02,0xff,0x29,0x02,0xff,0x28,0xc2,0xff,
  0x49,0x83,0xff,0x6a,0x44,0xff,0x62,0x24,0xff,0x49,0x42,0xff,0x41,0x42,0xff,0x41,
  0x43,0xff,0x49,0x63,0xff,0x49,0x63,0xff,0x49,0xa4,0xff,0x51,0xe4,0xff,0x39,0x22,
  0xff,0x18,0x81,0xff,0x10,0x61,0xff,0x18,0x81,0xff,0x31,0x02,0xff,0x41,0x83,0xff,
  0x41,0x43,0xff,0x41,0x43,0xff,0x41,0x42,0xff,0x41,0x63,0xff,0x41,0x63,0xff,0x41,
  0x63,0xff,0x6a,0x44,0xff,0x72,0x65,0xff,0x6a,0x45,0xff,0x62,0x05,0xff,0x6a,0x65,
  0xff,0x6a,0x65,0xff,0x6a,0x45,0xff,0x6a,0x45,0xff,0x6a,0x45,0xff,0x72,0x65,0xff,
  0x6a,0x24,0xff,0x6a,0x45,0xff,0x6a,0x25,0xff,0x6a,0x24,0xff,0x6a,0x24,0xff,0x62,
  0x25,0xff,0x62,0x04,0xff,0x6a,0x45,0xff,0x82,0xe7,0xff,0x6a,0x45,0xff,0x41,0x42,
  0xff,0x28,0x81,0xff,0x39,0x42,0xff,0x41,0x23,0xff,0x41,0x23,0xff,0x72,0x45,0xff,
  0x9b,0x26,0xff,0x9b,0x26,0xff,0x82,0x84,0xff,0x82,0x85,0xff,0x82,0x64,0xff,0x92,
  0xe5,0xff,0x92,0xc5,0xff,0x9a,0xe4,0xff,0x9a,0xe4,0xff,0x9a,0xe4,0xff,0x9a,0xc4,
  0xff,0x9a,0xc3,0xff,0xb3,0x44,0xff,0x41,0x42,0xff,0x10,0xc3,0x00,0x21,0x04,0x00,
  0x21,0x04,0x00,0x21,0x04,0x00,0x19,0x04,0x00,0x19,0x04,0x00,0x19,0x04,0x00,0x21,
  0x04,0x00,0x21,0x04,0x00,0x21,0x04,0x00,0x19,0x04,0x00,0x10,0xc3,0x00,0x49,0xc5,
  0x00,0x49,0xc5,0x00,0x9b,0x26,0x00,0x92,0x83,0x00,0x9a,0xc4,0x00,0x9b,0x04,0x00,
  0x39,0x22,0x00,0x20,0xa2,0x00,0x59,0xc3,0xff,0x28,0xc1,0xff,0x28,0xc1,0xff,0x08,
  0x61,0xff,0x10,0xa1,0xff,0x29,0x02,0xff,0x39,0x22,0xff,0x5a,0x04,0xff,0x49,0x83,
  0xff,0x49,0x84,0xff,0x51,0xc4,0xff,0x6a,0x45,0xff,0x6a,0x45,0xff,0x7a,0x86,0xff,
  0x62,0x25,0xff,0x39,0x23,0xff,0x39,0x43,0xff,0x41,0x43,0xff,0x49,0xc4,0xff,0x39,
  0x43,0xff,0x29,0x02,0xff,0x10,0x61,0xff,0x10,0x61,0xff,0x18,0x81,0xff,0x28,0xc2,
  0xff,0x59,0xe4,0xff,0x5a,0x04,0xff,0x39,0x43,0xff,0x31,0x02,0xff,0x41,0x43,0xff,
  0x39,0x22,0xff,0x28,0xc1,0xff,0x28,0xc1,0xff,0x39,0x42,0xff,0x41,0x83,0xff,0x31,
  0x02,0xff,0x29,0x02,0xff,0x08,0x40,0xff,0x00,0x20,0xff,0x00,0x00,0xff,0x00,0x20,
  0xff,0x00,0x20,0xff,0x00,0x20,0xff,0x08,0x40,0xff,0x10,0x81,0xff,0x10,0x81,0xff,
  0x00,0x20,0xff,0x00,0x20,0xff,0x08,0x20,0xff,0x00,0x20,0xff,0x00,0x20,0xff,0x00,
  0x20,0xff,0x08,0x41,0xff,0x10,0x81,0xff,0x10,0x61,0xff,0x08,0x20,0xff,0x00,0x00,
  0xff,0x00,0x00,0xff,0x00,0x20,0xff,0x00,0x00,0xff,0x00,0x00,0xff,0x00,0x00,0xff,
  0x00,0x00,0xff,0x08,0x20,0xff,0x20,0x81,0xff,0x59,0xc3,0xff,0x6a,0x03,0xff,0x72,
  0x03,0xff,0x82,0x84,0xff,0x93,0x05,0xff,0x93,0x05,0xff,0xab,0x67,0xff,0x7a,0xa6,
  0xff,0x18,0x60,0xff,0x00,0x00,0xff,0x30,0xe2,0xff,0x72,0x85,0xff,0x6a,0x24,0xff,
  0x61,0xc3,0xff,0x61,0xc3,0xff,0x61,0xc3,0xff,0x6a,0x44,0xff,0x72,0x64,0xff,0x5a,
  0x04,0xff,0x31,0x02,0xff,0x20,0xa1,0xff,0x18,0xa1,0xff,0x28,0xe2,0xff,0x41,0x84,
  0xff,0x52,0x04,0xff,0x52,0x04,0xff,0x49,0x83,0xff,0x59,0xe4,0xff,0x59,0xc4,0xff,
  0x59,0xc3,0xff,0x51,0xa3,0xff,0x59,0xc4,0xff,0x49,0x83,0xff,0x49,0xa4,0xff,0x49,
  0xa4,0xff,0x28,0xe2,0xff,0x28,0xe2,0xff,0x10,0x61,0xff,0x08,0x20,0xff,0x10,0x40,
  0xff,0x39,0x63,0xff,0x51,0xc4,0xff,0x62,0x65,0xff,0x5a,0x04,0xff,0x5a,0x04,0xff,
  0x51,0xc4,0xff,0x51,0x83,0xff,0x59,0xe4,0xff,0x62,0x24,0xff,0x82,0xe6,0xff,0x7a,
  0xa6,0xff,0x7a,0xc6,0xff,0x72,0x66,0xff,0x6a,0x66,0xff,0x6a,0x66,0xff,0x6a,0x25,
  0xff,0x6a,0x45,0xff,0x62,0x04,0xff,0x61,0xe4,0xff,0x6a,0x45,0xff,0x72,0x85,0xff,
  0x62,0x04,0xff,0x59,0xc4,0xff,0x59,0xc4,0xff,0x59,0xc3,0xff,0x6a,0x65,0xff,0x59,
  0xe4,0xff,0x31,0x23,0xff,0x31,0x02,0xff,0x72,0xa5,0xff,0x93,0x47,0xff,0x9b,0x87,
  0xff,0x8b,0x26,0xff,0x8b,0x26,0xff,0x7a,0x85,0xff,0x59,0xa3,0xff,0x59,0xa3,0xff,
  0x59,0xa3,0xff,0x61,0xc3,0xff,0x59,0xa3,0xff,0x59,0xe3,0xff,0x51,0x63,0xff,0x59,
  0xa3,0xff,0x59,0xa3,0xff,0x6a,0x24,0xff,0x51,0x84,0xff,0x20,0xa2,0x00,0x28,0xc2,
  0x00,0x20,0xa2,0x00,0x18,0xe3,0x00,0x21,0x04,0x00,0x19,0x04,0x00,0x19,0x04,0x00,
  0x19,0x04,0x00,0x21,0x04,0x00,0x21,0x04,0x00,0x21,0x04,0x00,0x21,0x04,0x00,0x21,
  0x04,0x00,0x19,0x04,0x00,0x10,0xc3,0x00,0x49,0xc5,0x00,0x49,0xc5,0x00,0x9b,0x26,
  0x00,0x92,0x83,0x00,0x9a,0xc4,0x00,0x9b,0x04,0x00,0x39,0x22,0x00,0x20,0xa2,0x00,
  0x59,0xc3,0xff,0x28,0xc1,0xff,0x28,0xc1,0xff,0x08,0x61,0xff,0x10,0xa1,0xff,0x29,
  0x02,0xff,0x39,0x22,0xff,0x5a,0x04,0xff,0x49,0x83,0xff,0x49,0x84,0xff,0x51,0xc4,
  0xff,0x6a,0x45,0xff,0x6a,0x45,0xff,0x7a,0x86,0xff,0x62,0x25,0xff,0x39,0x23,0xff,
  0x39,0x43,0xff,0x41,0x43,0xff,0x49,0xc4,0xff,0x39,0x43,0xff,0x29,0x02,0xff,0x10,
  0x61,0xff,0x10,0x61,0xff,0x18,0x81,0xff,0x28,0xc2,0xff,0x59,0xe4,0xff,0x5a,0x04,
  0xff,0x39,0x43,0xff,0x31,0x02,0xff,0x41,0x43,0xff,0x39,0x22,0xff,0x28,0xc1,0xff,
  0x28,0xc1,0xff,0x39,0x42,0xff,0x41,0x83,0xff,0x31,0x02,0xff,0x29,0x02,0xff,0x08,
  0x40,0xff,0x00,0x20,0xff,0x00,0x00,0xff,0x00,0x20,0xff,0x00,0x20,0xff,0x00,0x20,
  0xff,0x08,0x40,0xff,0x10,0x81,0xff,0x10,0x81,0xff,0x00,0x20,0xff,0x00,0x20,0xff,
  0x08,0x20,0xff,0x00,0x20,0xff,0x00,0x20,0xff,0x00,0x20,0xff,0x08,0x41,0xff,0x10,
  0x81,0xff,0x10,0x61,0xff,0x08,0x20,0xff,0x00,0x00,0xff,0x00,0x00,0xff,0x00,0x20,
  0xff,0x00,0x00,0xff,0x00,0x00,0xff,0x00,0x00,0xff,0x00,0x00,0xff,0x08,0x20,0xff,
  0x20,0x81,0xff,0x59,0xc3,0xff,0x6a,0x03,0xff,0x72,0x03,0xff,0x82,0x84,0xff,0x93,
  0x05,0xff,0x93,0x05,0xff,0xab,0x67,0xff,0x7a,0xa6,0xff,0x18,0x60,0xff,0x00,0x00,
  0xff,0x30,0xe2,0xff,0x72,0x85,0xff,0x6a,0x24,0xff,0x61,0xc3,0xff,0x61,0xc3,0xff,
  0x61,0xc3,0xff,0x6a,0x44,0xff,0x72,0x64,0xff,0x5a,0x04,0xff,0x31,0x02,0xff,0x20,
  0xa1,0xff,0x18,0xa1,0xff,0x28,0xe2,0xff,0x41,0x84,0xff,0x52,0x04,0xff,0x52,0x04,
  0xff,0x49,0x83,0xff,0x59,0xe4,0xff,0x59,0xc4,0xff,0x59,0xc3,0xff,0x51,0xa3,0xff,
  0x59,0xc4,0xff,0x49,0x83,0xff,0x49,0xa4,0xff,0x49,0xa4,0xff,0x28,0xe2,0xff,0x28,
  0xe2,0xff,0x10,0x61,0xff,0x08,0x20,0xff,0x10,0x40,0xff,0x39,0x63,0xff,0x51,0xc4,
  0xff,0x62,0x65,0xff,0x5a,0x04,0xff,0x5a,0x04,0xff,0x51,0xc4,0xff,0x51,0x83,0xff,
  0x59,0xe4,0xff,0x62,0x24,0xff,0x82,0xe6,0xff,0x7a,0xa6,0xff,0x7a,0xc6,0xff,0x72,
  0x66,0xff,0x6a,0x66,0xff,0x6a,0x66,0xff,0x6a,0x25,0xff,0x6a,0x45,0xff,0x62,0x04,
  0xff,0x61,0xe4,0xff,0x6a,0x45,0xff,0x72,0x85,0xff,0x62,0x04,0xff,0x59,0xc4,0xff,
  0x59,0xc4,0xff,0x59,0xc3,0xff,0x6a,0x65,0xff,0x59,0xe4,0xff,0x31,0x23,0xff,0x31,
  0x02,0xff,0x72,0xa5,0xff,0x93,0x47,0xff,0x9b,0x87,0xff,0x8b,0x26,0xff,0x8b,0x26,
  0xff,0x7a,0x85,0xff,0x59,0xa3,0xff,0x59,0xa3,0xff,0x59,0xa3,0xff,0x61,0xc3,0xff,
  0x59,0xa3,0xff,0x59,0xe3,0xff,0x51,0x63,0xff,0x59,0xa3,0xff,0x59,0xa3,0xff,0x6a,
  0x24,0xff,0x51,0x84,0xff,0x20,0xa2,0x00,0x28,0xc2,0x00,0x20,0xa2,0x00,0x18,0xe3,
  0x00,0x21,0x04,0x00,0x19,0x04,0x00,0x19,0x04,0x00,0x19,0x04,0x00,0x21,0x04,0x00,
  0x21,0x04,0x00,0x21,0x04,0x00,0x21,0x04,0x00,0x21,0x04,0x00,0x21,0x04,0x00,0x19,
  0x04,0x00,0x21,0x04,0x00,0x21,0x04,0x00,0x29,0x24,0x00,0x28,0xe3,0x00,0x31,0x23,
  0x00,0x39,0x43,0x00,0x20,0xe2,0x00,0x10,0x62,0x00,0x41,0x63,0xff,0x72,0x64,0xff,
  0x72,0x64,0xff,0x10,0x81,0xff,0x08,0x41,0xff,0x28,0xe2,0xff,0x49,0x63,0xff,0x49,
  0x43,0xff,0x49,0xa4,0xff,0x49,0xc4,0xff,0x28,0xe3,0xff,0x31,0x03,0xff,0x31,0x03,
  0xff,0x59,0xe4,0xff,0x61,0xe4,0xff,0x51,0xa3,0xff,0x39,0x43,0xff,0x39,0x02,0xff,
  0x51,0xc3,0xff,0x51,0xc4,0xff,0x31,0x42,0xff,0x18,0x81,0xff,0x18,0x81,0xff,0x18,
  0x81,0xff,0x10,0x40,0xff,0x29,0x02,0xff,0x49,0xc4,0xff,0x20,0x81,0xff,0x20,0x81,
  0xff,0x41,0x83,0xff,0x30,0xa1,0xff,0x41,0x83,0xff,0x41,0x83,0xff,0x31,0x02,0xff,
  0x28,0xc2,0xff,0x41,0x63,0xff,0x39,0x22,0xff,0x10,0x40,0xff,0x00,0x00,0xff,0x00,
  0x00,0xff,0x08,0x61,0xff,0x08,0x61,0xff,0x00,0x00,0xff,0x08,0x40,0xff,0x10,0x81,
  0xff,0x08,0x61,0xff,0x00,0x20,0xff,0x00,0x20,0xff,0x00,0x20,0xff,0x00,0x20,0xff,
  0x00,0x20,0xff,0x00,0x20,0xff,0x00,0x20,0xff,0x08,0x20,0xff,0x00,0x20,0xff,0x00,
  0x00,0xff,0x00,0x00,0xff,0x00,0x00,0xff,0x00,0x00,0xff,0x00,0x00,0xff,0x00,0x00,
  0xff,0x00,0x00,0xff,0x00,0x00,0xff,0x39,0x63,0xff,0x59,0xc3,0xff,0x61,0xc3,0xff,
  0x61,0x83,0xff,0x72,0x04,0xff,0xab,0xa6,0xff,0xcc,0xc9,0xff,0xcc,0xc9,0xff,0x93,
  0x06,0xff,0x18,0x20,0xff,0x08,0x20,0xff,0x39,0x23,0xff,0x51,0x83,0xff,0x61,0xe3,
  0xff,0x59,0xa3,0xff,0x61,0xc4,0xff,0x59,0x62,0xff,0x59,0x62,0xff,0x62,0x04,0xff,
  0x62,0x04,0xff,0x49,0xa3,0xff,0x28,0xe2,0xff,0x28,0xc2,0xff,0x51,0xc4,0xff,0x62,
  0x25,0xff,0x62,0x04,0xff,0x62,0x24,0xff,0x62,0x24,0xff,0x62,0x04,0xff,0x51,0xa3,
  0xff,0x51,0x83,0xff,0x59,0xe4,0xff,0x59,0xc3,0xff,0x59,0xe4,0xff,0x31,0x02,0xff,
  0x18,0x81,0xff,0x18,0x81,0xff,0x08,0x40,0xff,0x08,0x40,0xff,0x08,0x41,0xff,0x18,
  0xa2,0xff,0x29,0x02,0xff,0x49,0xa4,0xff,0x51,0x63,0xff,0x6a,0x46,0xff,0x59,0xe4,
  0xff,0x59,0xe4,0xff,0x49,0x43,0xff,0x51,0xc4,0xff,0x6a,0x24,0xff,0x6a,0x45,0xff,
  0x62,0x05,0xff,0x5a,0x05,0xff,0x62,0x66,0xff,0x59,0xe4,0xff,0x49,0x83,0xff,0x49,
  0x83,0xff,0x41,0x42,0xff,0x49,0x83,0xff,0x41,0x42,0xff,0x49,0xa3,0xff,0x51,0xa3,
  0xff,0x59,0xe4,0xff,0x62,0x04,0xff,0x72,0x85,0xff,0x72,0x85,0xff,0x72,0x85,0xff,
  0x7a,0xe7,0xff,0x31,0x43,0xff,0x08,0x20,0xff,0x30,0xe2,0xff,0xa3,0xa8,0xff,0xbc,
  0x29,0xff,0xa3,0x87,0xff,0x82,0xa5,0xff,0x82,0xa5,0xff,0x7a,0x65,0xff,0x72,0x24,
  0xff,0x72,0x64,0xff,0x72,0x45,0xff,0x7a,0xa5,0xff,0x6a,0x24,0xff,0x61,0xe4,0xff,
  0x6a,0x24,0xff,0x72,0x44,0xff,0x72,0x44,0xff,0x7a,0x64,0xff,0x6a,0x24,0xff,0x18,
  0xc3,0x00,0x00,0x21,0xff,0x08,0x62,0x00,0x18,0xe3,0x00,0x19,0x04,0x00,0x19,0x04,
  0x00,0x19,0x04,0x00,0x19,0x04,0x00,0x21,0x04,0x00,0x21,0x04,0x00,0x21,0x04,0x00,
  0x19,0x04,0x00,0x21,0x04,0x00,0x21,0x04,0x00,0x21,0x04,0x00,0x21,0x04,0x00,0x21,
  0x04,0x00,0x19,0x04,0x00,0x18,0xc3,0x00,0x20,0xe3,0x00,0x20,0xe3,0x00,0x20,0xe2,
  0x00,0x18,0xa2,0x00,0x18,0x81,0x00,0x72,0x44,0xff,0x72,0x44,0xff,0x39,0x42,0xff,
  0x10,0x81,0xff,0x41,0x83,0xff,0x72,0x65,0xff,0x59,0xc4,0xff,0x49,0x83,0xff,0x51,
  0xe4,0xff,0x41,0x43,0xff,0x41,0x63,0xff,0x41,0x63,0xff,0x49,0x63,0xff,0x62,0x25,
  0xff,0x59,0xe4,0xff,0x49,0xa4,0xff,0x49,0x83,0xff,0x49,0xa3,0xff,0x49,0x63,0xff,
  0x41,0x43,0xff,0x31,0x22,0xff,0x31,0x22,0xff,0x29,0x22,0xff,0x08,0x40,0xff,0x10,
  0x61,0xff,0x18,0x81,0xff,0x08,0x20,0xff,0x20,0xc1,0xff,0x5a,0x05,0xff,0x49,0x63,
  0xff,0x41,0x62,0xff,0x41,0x62,0xff,0x41,0x63,0xff,0x39,0x43,0xff,0x49,0xc3,0xff,
  0x41,0x83,0xff,0x20,0xa1,0xff,0x08,0x40,0xff,0x08,0x40,0xff,0x10,0x81,0xff,0x10,
  0x81,0xff,0x08,0x40,0xff,0x08,0x61,0xff,0x10,0x81,0xff,0x08,0x41,0xff,0x00,0x20,
  0xff,0x00,0x20,0xff,0x00,0x20,0xff,0x00,0x00,0xff,0x00,0x00,0xff,0x00,0x00,0xff,
  0x00,0x20,0xff,0x08,0x40,0xff,0x08,0x41,0xff,0x00,0x00,0xff,0x00,0x20,0xff,0x00,
  0x00,0xff,0x00,0x00,0xff,0x00,0x00,0xff,0x00,0x00,0xff,0x08,0x40,0xff,0x30,0xe2,
  0xff,0x51,0x62,0xff,0x61,0xa2,0xff,0x6a,0x64,0xff,0x49,0x83,0xff,0x49,0x42,0xff,
  0x72,0x65,0xff,0x72,0x64,0xff,0x72,0x64,0xff,0x30,0xa0,0xff,0x30,0xe1,0xff,0x51,
  0xa3,0xff,0x6a,0x65,0xff,0x49,0x63,0xff,0x41,0x42,0xff,0x51,0xa3,0xff,0x62,0x04,
  0xff,0x6a,0x44,0xff,0x6a,0x44,0xff,0x6a,0x45,0xff,0x49,0x83,0xff,0x39,0x22,0xff,
  0x41,0x83,0xff,0x62,0x05,0xff,0x72,0x65,0xff,0x72,0x85,0xff,0x6a,0x04,0xff,0x6a,
  0x45,0xff,0x6a,0x45,0xff,0x62,0x04,0xff,0x61,0xe4,0xff,0x62,0x04,0xff,0x59,0xe4,
  0xff,0x39,0x22,0xff,0x31,0x02,0xff,0x10,0x60,0xff,0x08,0x20,0xff,0x08,0x20,0xff,
  0x08,0x20,0xff,0x10,0x61,0xff,0x18,0x81,0xff,0x39,0x63,0xff,0x49,0xa4,0xff,0x49,
  0x83,0xff,0x6a,0x65,0xff,0x6a,0x46,0xff,0x49,0x83,0xff,0x49,0x83,0xff,0x49,0x63,
  0xff,0x62,0x45,0xff,0x72,0x85,0xff,0x6a,0x45,0xff,0x28,0xc2,0xff,0x18,0x81,0xff,
  0x31,0x02,0xff,0x39,0x23,0xff,0x41,0x63,0xff,0x41,0x63,0xff,0x41,0x63,0xff,0x49,
  0x83,0xff,0x49,0x83,0xff,0x49,0xa4,0xff,0x39,0x23,0xff,0x41,0x84,0xff,0x49,0x63,
  0xff,0x72,0x85,0xff,0x72,0x85,0xff,0x72,0x86,0xff,0x31,0x22,0xff,0x20,0xa1,0xff,
  0x62,0x45,0xff,0x82,0xc6,0xff,0x82,0xa5,0xff,0x7a,0x65,0xff,0x7a,0xa5,0xff,0x61,
  0xe4,0xff,0x61,0xe4,0xff,0x6a,0x04,0xff,0x6a,0x04,0xff,0x6a,0x44,0xff,0x61,0xe4,
  0xff,0x5a,0x04,0xff,0x51,0xa3,0xff,0x51,0x83,0xff,0x62,0x04,0xff,0x59,0xe4,0xff,
  0x59,0xe4,0xff,0x61,0xe3,0xff,0x72,0x85,0xff,0x29,0x02,0x00,0x00,0x41,0xff,0x10,
  0xa2,0x00,0x21,0x24,0x00,0x18,0xe4,0x00,0x19,0x04,0x00,0x19,0x04,0x00,0x19,0x04,
  0x00,0x21,0x04,0x00,0x21,0x04,0x00,0x21,0x04,0x00,0x19,0x04,0x00,0x21,0x04,0x00,
  0x21,0x04,0x00,0x21,0x04,0x00,0x19,0x04,0x00,0x19,0x04,0x00,0x19,0x03,0x00,0x18,
  0xc3,0x00,0x18,0xa3,0x00,0x10,0xa2,0x00,0x18,0xc2,0x00,0x72,0x65,0xff,0x72,0x24,
  0xff,0x82,0x84,0xff,0x82,0x84,0xff,0x82,0xa5,0xff,0x41,0x43,0xff,0x5a,0x04,0xff,
  0x82,0xa5,0xff,0x69,0xe3,0xff,0x61,0xa3,0xff,0x6a,0x45,0xff,0x72,0x65,0xff,0x6a,
  0x65,0xff,0x6a,0x65,0xff,0x59,0xc4,0xff,0x62,0x25,0xff,0x51,0x63,0xff,0x49,0x83,
  0xff,0x49,0xa3,0xff,0x41,0x42,0xff,0x49,0x63,0xff,0x51,0xc3,0xff,0x39,0x02,0xff,
  0x39,0x02,0xff,0x28,0xe2,0xff,0x18,0xa1,0xff,0x08,0x40,0xff,0x08,0x20,0xff,0x08,
  0x20,0xff,0x08,0x40,0xff,0x41,0x43,0xff,0x62,0x25,0xff,0x30,0xc1,0xff,0x30,0xc1,
  0xff,0x39,0x43,0xff,0x5a,0x25,0xff,0x51,0xc4,0xff,0x41,0x23,0xff,0x31,0x02,0xff,
  0x39,0x63,0xff,0x20,0xe2,0xff,0x10,0x61,0xff,0x10,0x61,0xff,0x08,0x20,0xff,0x08,
  0x40,0xff,0x08,0x41,0xff,0x08,0x41,0xff,0x00,0x20,0xff,0x00,0x20,0xff,0x00,0x00,
  0xff,0x00,0x20,0xff,0x10,0x81,0xff,0x10,0x81,0xff,0x10,0x61,0xff,0x00,0x00,0xff,
  0x00,0x00,0xff,0x00,0x20,0xff,0x00,0x00,0xff,0x00,0x00,0xff,0x08,0x40,0xff,0x08,
  0x20,0xff,0x08,0x20,0xff,0x28,0x81,0xff,0x51,0x62,0xff,0x6a,0x44,0xff,0x51,0x83,
  0xff,0x31,0x22,0xff,0x18,0x61,0xff,0x08,0x20,0xff,0x00,0x00,0xff,0x08,0x00,0xff,
  0x08,0x00,0xff,0x41,0x42,0xff,0x82,0xc5,0xff,0x6a,0x04,0xff,0x59,0xa3,0xff,0x51,
  0x83,0xff,0x62,0x24,0xff,0x51,0x83,0xff,0x59,0xe4,0xff,0x62,0x24,0xff,0x62,0x24,
  0xff,0x59,0xe4,0xff,0x49,0x83,0xff,0x51,0xc3,0xff,0x62,0x25,0xff,0x72,0x85,0xff,
  0x59,0xa3,0xff,0x59,0xe4,0xff,0x62,0x04,0xff,0x59,0xc4,0xff,0x59,0xc4,0xff,0x49,
  0x43,0xff,0x59,0xc4,0xff,0x51,0xa3,0xff,0x41,0x63,0xff,0x18,0xa1,0xff,0x10,0x61,
  0xff,0x20,0xa1,0xff,0x29,0x02,0xff,0x29,0x02,0xff,0x20,0xc2,0xff,0x28,0xe2,0xff,
  0x41,0x83,0xff,0x49,0xa4,0xff,0x49,0x63,0xff,0x51,0xa4,0xff,0x6a,0x65,0xff,0x62,
  0x25,0xff,0x49,0x83,0xff,0x49,0x83,0xff,0x51,0xa3,0xff,0x62,0x05,0xff,0x6a,0x25,
  0xff,0x6a,0x45,0xff,0x41,0x63,0xff,0x39,0x23,0xff,0x41,0x64,0xff,0x51,0xc4,0xff,
  0x62,0x25,0xff,0x62,0x25,0xff,0x59,0xc4,0xff,0x62,0x25,0xff,0x5a,0x04,0xff,0x59,
  0xc4,0xff,0x49,0x83,0xff,0x41,0x63,0xff,0x31,0x02,0xff,0x30,0xe2,0xff,0x30,0xe2,
  0xff,0x28,0xe2,0xff,0x28,0xc2,0xff,0x41,0x43,0xff,0x8b,0x27,0xff,0x72,0x64,0xff,
  0x51,0x83,0xff,0x39,0x03,0xff,0x49,0xa3,0xff,0x49,0xc4,0xff,0x49,0xc4,0xff,0x49,
  0x83,0xff,0x39,0x02,0xff,0x41,0x63,0xff,0x39,0x63,0xff,0x30,0xe2,0x00,0x28,0xe2,
  0x00,0x31,0x23,0x00,0x28,0xe2,0x00,0x31,0x23,0x00,0x31,0x23,0x00,0x39,0x43,0x00,
  0x41,0x63,0xff,0x20,0xc2,0x00,0x00,0x21,0xff,0x08,0x41,0xff,0x21,0x04,0x00,0x19,
  0x04,0x00,0x21,0x04,0x00,0x21,0x04,0x00,0x21,0x04,0x00,0x21,0x04,0x00,0x21,0x04,
  0x00,0x21,0x04,0x00,0x19,0x04,0x00,0x19,0x04,0x00,0x21,0x04,0x00,0x19,0x04,0x00,
  0x19,0x04,0x00,0x19,0x04,0x00,0x18,0xe3,0x00,0x18,0xe3,0x00,0x18,0xc3,0x00,0x08,
  0x82,0x00,0x18,0xa1,0x00,0xab,0x86,0xff,0xc4,0x07,0xff,0xab,0x45,0xff,0xab,0x45,
  0xff,0xab,0x86,0xff,0x61,0xc3,0xff,0x41,0x43,0xff,0x72,0x24,0xff,0x92,0xc5,0xff,
  0x9b,0x47,0xff,0x8b,0x07,0xff,0x72,0x45,0xff,0x72,0x65,0xff,0x72,0x65,0xff,0x62,
  0x04,0xff,0x6a,0x65,0xff,0x62,0x04,0xff,0x49,0x83,0xff,0x39,0x22,0xff,0x39,0x22,
  0xff,0x41,0x63,0xff,0x51,0xe4,0xff,0x41,0x63,0xff,0x41,0x63,0xff,0x31,0x22,0xff,
  0x31,0x22,0xff,0x18,0x81,0xff,0x10,0x61,0xff,0x10,0x81,0xff,0x00,0x00,0xff,0x29,
  0x02,0xff,0x72,0x85,0xff,0x49,0x63,0xff,0x49,0x63,0xff,0x20,0xa1,0xff,0x49,0xc4,
  0xff,0x51,0xa4,0xff,0x51,0xa3,0xff,0x49,0xa3,0xff,0x5a,0x25,0xff,0x41,0x63,0xff,
  0x39,0x43,0xff,0x39,0x43,0xff,0x20,0xe1,0xff,0x18,0xa1,0xff,0x08,0x20,0xff,0x08,
  0x40,0xff,0x08,0x40,0xff,0x08,0x40,0xff,0x00,0x00,0xff,0x08,0x20,0xff,0x31,0x43,
  0xff,0x31,0x43,0xff,0x29,0x03,0xff,0x00,0x00,0xff,0x00,0x00,0xff,0x00,0x20,0xff,
  0x08,0x20,0xff,0x08,0x41,0xff,0x31,0x43,0xff,0x41,0x83,0xff,0x41,0x83,0xff,0x62,
  0x24,0xff,0x6a,0x04,0xff,0x6a,0x85,0xff,0x20,0xa1,0xff,0x00,0x00,0xff,0x00,0x00,
  0xff,0x00,0x00,0xff,0x00,0x00,0xff,0x10,0x40,0xff,0x10,0x40,0xff,0x72,0x85,0xff,
  0x93,0x46,0xff,0x61,0xe3,0xff,0x59,0xa3,0xff,0x62,0x04,0xff,0x6a,0x64,0xff,0x51,
  0xa3,0xff,0x51,0xa4,0xff,0x41,0x63,0xff,0x41,0x63,0xff,0x41,0x42,0xff,0x49,0x63,
  0xff,0x62,0x24,0xff,0x51,0xa3,0xff,0x51,0xc4,0xff,0x59,0xc4,0xff,0x51,0xc4,0xff,
  0x41,0x63,0xff,0x39,0x43,0xff,0x39,0x43,0xff,0x41,0x63,0xff,0x39,0x43,0xff,0x20,
  0x81,0xff,0x18,0xa1,0xff,0x18,0xa1,0xff,0x28,0xe2,0xff,0x39,0x63,0xff,0x49,0xa3,
  0xff,0x49,0xa3,0xff,0x39,0x42,0xff,0x39,0x22,0xff,0x51,0xc4,0xff,0x59,0xe4,0xff,
  0x59,0xe4,0xff,0x6a,0x65,0xff,0x6a,0x66,0xff,0x6a,0x45,0xff,0x59,0xe4,0xff,0x59,
  0xe4,0xff,0x62,0x45,0xff,0x59,0xc4,0xff,0x6a,0x45,0xff,0x6a,0x45,0xff,0x62,0x25,
  0xff,0x62,0x25,0xff,0x62,0x45,0xff,0x5a,0x04,0xff,0x62,0x24,0xff,0x62,0x24,0xff,
  0x62,0x04,0xff,0x6a,0x45,0xff,0x72,0x65,0xff,0x72,0x65,0xff,0x82,0xe6,0xff,0x93,
  0x67,0xff,0x5a,0x05,0xff,0x28,0xe2,0xff,0x28,0xe2,0xff,0x49,0xc4,0xff,0x7a,0xe6,
  0xff,0x59,0xc4,0xff,0x31,0x02,0xff,0x51,0xa3,0xff,0x62,0x24,0xff,0x41,0x63,0xff,
  0x41,0x83,0xff,0x31,0x22,0xff,0x31,0x22,0xff,0x41,0x83,0xff,0x49,0xa4,0xff,0x39,
  0x63,0xff,0x28,0xe2,0x00,0x20,0xa2,0x00,0x20,0xc2,0x00,0x29,0x02,0x00,0x28,0xc2,
  0x00,0x31,0x22,0x00,0x31,0x22,0x00,0x28,0xe2,0x00,0x29,0x03,0x00,0x29,0x03,0x00,
  0x08,0x41,0xff,0x08,0x41,0xff,0x21,0x44,0x00,0x21,0x04,0x00,0x21,0x04,0x00,0x21,
  0x04,0x00,0x21,0x04,0x00,0x21,0x04,0x00,0x21,0x04,0x00,0x21,0x04,0x00,0x19,0x04,
  0x00,0x18,0xe4,0x00,0x18,0xe4,0x00,0x18,0xe3,0x00,0x18,0xe4,0x00,0x18,0xe4,0x00,
  0x18,0xe3,0x00,0x18,0xc3,0x00,0x18,0xc3,0x00,0x08,0x61,0xff,0x18,0xa2,0x00,0x9a,
  0xc5,0xff,0xab,0x46,0xff,0x9b,0x05,0xff,0x9b,0x05,0xff,0x8a,0xa4,0xff,0x61,0xc3,
  0xff,0x41,0x43,0xff,0x9b,0x47,0xff,0xb3,0xc7,0xff,0x8a,0x85,0xff,0x72,0x65,0xff,
  0x51,0xa4,0xff,0x59,0xa4,0xff,0x59,0xa4,0xff,0x62,0x04,0xff,0x61,0xe4,0xff,0x6a,
  0x25,0xff,0x49,0x63,0xff,0x41,0x43,0xff,0x49,0xc3,0xff,0x41,0x43,0xff,0x41,0x63,
  0xff,0x41,0x63,0xff,0x41,0x63,0xff,0x39,0x43,0xff,0x28,0xc1,0xff,0x29,0x02,0xff,
  0x18,0x81,0xff,0x20,0xc2,0xff,0x20,0xa2,0xff,0x18,0x81,0xff,0x28,0xc1,0xff,0x61,
  0xe4,0xff,0x61,0xe4,0xff,0x51,0xa3,0xff,0x31,0x02,0xff,0x30,0xc2,0xff,0x51,0xc3,
  0xff,0x59,0xe4,0xff,0x51,0xa3,0xff,0x49,0x63,0xff,0x62,0x04,0xff,0x62,0x04,0xff,
  0x49,0x83,0xff,0x28,0xc1,0xff,0x10,0x41,0xff,0x10,0x61,0xff,0x20,0xc2,0xff,0x20,
  0xc2,0xff,0x00,0x00,0xff,0x00,0x00,0xff,0x20,0xa2,0xff,0x20,0xa2,0xff,0x41,0x63,
  0xff,0x20,0xa1,0xff,0x08,0x40,0xff,0x00,0x00,0xff,0x08,0x20,0xff,0x10,0x41,0xff,
  0x20,0xc2,0xff,0x28,0xe2,0xff,0x28,0xe2,0xff,0x39,0x43,0xff,0x28,0xa1,0xff,0x10,
  0x40,0xff,0x41,0x22,0xff,0x51,0xa3,0xff,0x10,0x20,0xff,0x00,0x00,0xff,0x18,0xa1,
  0xff,0x59,0xa3,0xff,0x59,0xa3,0xff,0x6a,0x04,0xff,0x6a,0x03,0xff,0x72,0x44,0xff,
  0x62,0x04,0xff,0x38,0xe2,0xff,0x41,0x63,0xff,0x51,0xe4,0xff,0x41,0x42,0xff,0x30,
  0xc2,0xff,0x30,0xc2,0xff,0x41,0x83,0xff,0x39,0x43,0xff,0x39,0x22,0xff,0x41,0x42,
  0xff,0x49,0x63,0xff,0x51,0xc4,0xff,0x39,0x63,0xff,0x20,0xc1,0xff,0x18,0x81,0xff,
  0x18,0x81,0xff,0x20,0xc2,0xff,0x28,0xe2,0xff,0x18,0x81,0xff,0x20,0xa1,0xff,0x31,
  0x02,0xff,0x49,0xa3,0xff,0x41,0x43,0xff,0x41,0x43,0xff,0x41,0x43,0xff,0x41,0x43,
  0xff,0x49,0x83,0xff,0x51,0xa4,0xff,0x59,0xc4,0xff,0x6a,0x65,0xff,0x6a,0x65,0xff,
  0x59,0xa4,0xff,0x6a,0x45,0xff,0x62,0x25,0xff,0x62,0x25,0xff,0x62,0x04,0xff,0x62,
  0x45,0xff,0x62,0x45,0xff,0x59,0xc4,0xff,0x6a,0x45,0xff,0x6a,0x45,0xff,0x6a,0x45,
  0xff,0x59,0xe4,0xff,0x59,0xe4,0xff,0x59,0xe4,0xff,0x62,0x05,0xff,0x61,0xe4,0xff,
  0x61,0xe4,0xff,0x8b,0x26,0xff,0x9b,0x46,0xff,0x8b,0x27,0xff,0x31,0x22,0xff,0x30,
  0xe2,0xff,0x30,0xe2,0xff,0x93,0x47,0xff,0xa3,0xa8,0xff,0x62,0x04,0xff,0x49,0x84,
  0xff,0x72,0xa6,0xff,0x8b,0x06,0xff,0x59,0xa3,0xff,0x39,0x22,0xff,0x41,0x43,0xff,
  0x41,0x43,0xff,0x49,0x63,0xff,0x51,0xa3,0xff,0x49,0x63,0xff,0x41,0x43,0xff,0x49,
  0xa4,0xff,0x41,0x63,0xff,0x49,0x84,0xff,0x51,0xc4,0xff,0x51,0xe4,0xff,0x51,0xe4,
  0xff,0x49,0x83,0xff,0x51,0xc4,0xff,0x51,0xc3,0xff,0x41,0x43,0xff,0x20,0xe2,0x00,
  0x18,0xc3,0x00,0x18,0xe4,0x00,0x21,0x04,0x00,0x21,0x04,0x00,0x21,0x04,0x00,0x21,
  0x04,0x00,0x21,0x04,0x00,0x21,0x04,0x00,0x19,0x04,0x00,0x18,0xe4,0x00,0x18,0xe3,
  0x00,0x18,0xe3,0x00,0x18,0xe3,0x00,0x18,0xe3,0x00,0x18,0xe3,0x00,0x18,0xa3,0x00,
  0x18,0xc3,0x00,0x08,0x82,0xff,0x29,0x03,0x00,0xa3,0x67,0xff,0x93,0x06,0xff,0x6a,
  0x04,0xff,0x6a,0x04,0xff,0x6a,0x04,0xff,0x6a,0x04,0xff,0x62,0x05,0xff,0xc4,0x69,
  0xff,0xab,0x87,0xff,0x61,0xc4,0xff,0x49,0x63,0xff,0x51,0xa4,0xff,0x59,0xe4,0xff,
  0x59,0xe4,0xff,0x59,0xe4,0xff,0x6a,0x45,0xff,0x59,0xe4,0xff,0x49,0x63,0xff,0x49,
  0x83,0xff,0x5a,0x04,0xff,0x51,0xa3,0xff,0x59,0xe4,0xff,0x51,0xc4,0xff,0x51,0xc4,
  0xff,0x49,0xc4,0xff,0x31,0x22,0xff,0x31,0x22,0xff,0x28,0xe2,0xff,0x31,0x22,0xff,
  0x41,0x83,0xff,0x29,0x02,0xff,0x00,0x00,0xff,0x28,0xe2,0xff,0x28,0xe2,0xff,0x72,
  0xa6,0xff,0x51,0xa4,0xff,0x28,0xa1,0xff,0x41,0x83,0xff,0x49,0x83,0xff,0x5a,0x04,
  0xff,0x51,0xa3,0xff,0x59,0xc4,0xff,0x59,0xc4,0xff,0x49,0x83,0xff,0x41,0x43,0xff,
  0x28,0xe2,0xff,0x28,0xe2,0xff,0x31,0x02,0xff,0x39,0x22,0xff,0x18,0x81,0xff,0x08,
  0x40,0xff,0x08,0x20,0xff,0x08,0x20,0xff,0x31,0x02,0xff,0x5a,0x05,0xff,0x39,0x83,
  0xff,0x10,0x61,0xff,0x10,0x61,0xff,0x08,0x00,0xff,0x08,0x20,0xff,0x08,0x00,0xff,
  0x08,0x00,0xff,0x10,0x41,0xff,0x10,0x40,0xff,0x49,0x43,0xff,0xe5,0xac,0xff,0xf6,
  0x91,0xff,0x59,0xe3,0xff,0x28,0x81,0xff,0x6a,0x44,0xff,0x82,0xe5,0xff,0x82,0xe5,
  0xff,0x61,0xc3,0xff,0x59,0xa3,0xff,0x6a,0x45,0xff,0x59,0xc3,0xff,0x5a,0x05,0xff,
  0x5a,0x05,0xff,0x41,0x63,0xff,0x41,0x43,0xff,0x39,0x63,0xff,0x39,0x63,0xff,0x41,
  0xa3,0xff,0x30,0xe2,0xff,0x31,0x02,0xff,0x41,0x83,0xff,0x41,0x63,0xff,0x28,0xe2,
  0xff,0x20,0xc2,0xff,0x10,0x61,0xff,0x10,0x61,0xff,0x10,0x61,0xff,0x18,0xa1,0xff,
  0x20,0xa2,0xff,0x31,0x02,0xff,0x39,0x43,0xff,0x39,0x43,0xff,0x49,0xa3,0xff,0x41,
  0x83,0xff,0x41,0x63,0xff,0x41,0x63,0xff,0x51,0xa4,0xff,0x62,0x24,0xff,0x51,0xc4,
  0xff,0x59,0xe5,0xff,0x5a,0x05,0xff,0x62,0x04,0xff,0x62,0x05,0xff,0x61,0xe4,0xff,
  0x59,0xe4,0xff,0x59,0xe4,0xff,0x62,0x25,0xff,0x62,0x04,0xff,0x62,0x25,0xff,0x62,
  0x04,0xff,0x6a,0x45,0xff,0x6a,0x25,0xff,0x6a,0x45,0xff,0x6a,0x45,0xff,0x6a,0x45,
  0xff,0x6a,0x45,0xff,0x62,0x04,0xff,0x62,0x25,0xff,0x62,0x04,0xff,0x82,0xe6,0xff,
  0x82,0xa6,0xff,0x28,0xc2,0xff,0x20,0xa2,0xff,0x5a,0x04,0xff,0x5a,0x04,0xff,0x7a,
  0x65,0xff,0x72,0x64,0xff,0x6a,0x04,0xff,0x6a,0x45,0xff,0x72,0x65,0xff,0x7a,0xa5,
  0xff,0x6a,0x24,0xff,0x51,0xa3,0xff,0x5a,0x04,0xff,0x5a,0x04,0xff,0x62,0x04,0xff,
  0x62,0x04,0xff,0x62,0x24,0xff,0x62,0x04,0xff,0x62,0x25,0xff,0x62,0x04,0xff,0x59,
  0xe4,0xff,0x59,0xe4,0xff,0x62,0x04,0xff,0x62,0x04,0xff,0x59,0xe4,0xff,0x62,0x04,
  0xff,0x61,0xe4,0xff,0x72,0x65,0xff,0x49,0xc4,0xff,0x08,0x61,0xff,0x18,0xe3,0x00,
  0x21,0x24,0x00,0x21,0x24,0x00,0x21,0x04,0x00,0x21,0x04,0x00,0x21,0x04,0x00,0x21,
  0x04,0x00,0x19,0x04,0x00,0x18,0xe4,0x00,0x18,0xe3,0x00,0x18,0xe3,0x00,0x18,0xe3,
  0x00,0x18,0xe3,0x00,0x18,0xe3,0x00,0x10,0xc3,0x00,0x10,0x82,0x00,0x08,0x82,0xff,
  0x51,0xc4,0xff,0x8a,0xa5,0xff,0x7a,0x85,0xff,0x59,0xc4,0xff,0x59,0xc4,0xff,0x72,
  0x44,0xff,0x6a,0x24,0xff,0x41,0x63,0xff,0x82,0xc6,0xff,0x8a,0xa5,0xff,0x6a,0x04,
  0xff,0x59,0xe4,0xff,0x5a,0x04,0xff,0x62,0x45,0xff,0x62,0x45,0xff,0x59,0xe4,0xff,
  0x62,0x04,0xff,0x51,0xa4,0xff,0x39,0x23,0xff,0x31,0x02,0xff,0x39,0x43,0xff,0x62,
  0x25,0xff,0x62,0x24,0xff,0x51,0xc4,0xff,0x51,0xc4,0xff,0x41,0x83,0xff,0x29,0x02,
  0xff,0x28,0xc2,0xff,0x30,0xe2,0xff,0x28,0xe2,0xff,0x31,0x22,0xff,0x39,0x43,0xff,
  0x18,0x82,0xff,0x08,0x41,0xff,0x08,0x41,0xff,0x18,0xa1,0xff,0x39,0x23,0xff,0x39,
  0x22,0xff,0x39,0x02,0xff,0x38,0xe2,0xff,0x51,0xa3,0xff,0x59,0xc4,0xff,0x51,0x83,
  0xff,0x51,0x83,0xff,0x41,0x22,0xff,0x51,0xa3,0xff,0x41,0x42,0xff,0x30,0xe2,0xff,
  0x28,0xa1,0xff,0x39,0x02,0xff,0x31,0x02,0xff,0x08,0x40,0xff,0x00,0x00,0xff,0x00,
  0x00,0xff,0x18,0x81,0xff,0x49,0x83,0xff,0x62,0x05,0xff,0x6a,0x86,0xff,0x72,0x86,
  0xff,0x51,0x84,0xff,0x5a,0x04,0xff,0x6a,0x65,0xff,0x6a,0x65,0xff,0x93,0x87,0xff,
  0xb4,0x29,0xff,0xf6,0x0e,0xff,0xdd,0x4c,0xff,0x62,0x03,0xff,0x49,0x42,0xff,0x82,
  0x85,0xff,0x8a,0xa5,0xff,0x61,0xc2,0xff,0x61,0xc2,0xff,0x59,0x82,0xff,0x59,0xe4,
  0xff,0x41,0x23,0xff,0x62,0x05,0xff,0x9b,0xc9,0xff,0x83,0x48,0xff,0x39,0x23,0xff,
  0x28,0xc2,0xff,0x39,0x43,0xff,0x39,0x43,0xff,0x31,0x02,0xff,0x39,0x43,0xff,0x41,
  0x83,0xff,0x31,0x02,0xff,0x28,0xe2,0xff,0x10,0x81,0xff,0x18,0x81,0xff,0x10,0x61,
  0xff,0x18,0xa1,0xff,0x18,0xa1,0xff,0x18,0x81,0xff,0x31,0x02,0xff,0x51,0xe4,0xff,
  0x49,0x83,0xff,0x39,0x02,0xff,0x41,0x43,0xff,0x49,0xa3,0xff,0x5a,0x04,0xff,0x5a,
  0x04,0xff,0x59,0xc4,0xff,0x51,0xc4,0xff,0x49,0x84,0xff,0x59,0xe4,0xff,0x59,0xe4,
  0xff,0x6a,0x65,0xff,0x62,0x04,0xff,0x62,0x05,0xff,0x62,0x45,0xff,0x62,0x45,0xff,
  0x6a,0x66,0xff,0x51,0xe5,0xff,0x5a,0x25,0xff,0x62,0x45,0xff,0x6a,0x65,0xff,0x62,
  0x04,0xff,0x62,0x05,0xff,0x6a,0x25,0xff,0x6a,0x65,0xff,0x6a,0x65,0xff,0x62,0x05,
  0xff,0x51,0xa3,0xff,0x59,0xc4,0xff,0x49,0x84,0xff,0x41,0x43,0xff,0x51,0x83,0xff,
  0x72,0x25,0xff,0x93,0x67,0xff,0x93,0x67,0xff,0x72,0x45,0xff,0x6a,0x04,0xff,0x6a,
  0x45,0xff,0x72,0x85,0xff,0x59,0xa3,0xff,0x59,0xc4,0xff,0x62,0x04,0xff,0x59,0xe4,
  0xff,0x62,0x04,0xff,0x62,0x04,0xff,0x62,0x25,0xff,0x51,0xa3,0xff,0x59,0xe4,0xff,
  0x59,0xe4,0xff,0x51,0xe4,0xff,0x49,0xa4,0xff,0x51,0xc4,0xff,0x49,0x63,0xff,0x41,
  0x63,0xff,0x41,0x63,0xff,0x41,0x63,0xff,0x39,0x43,0xff,0x39,0x43,0xff,0x6a,0x04,
  0xff,0x39,0x02,0xff,0x00,0x00,0xff,0x10,0xa3,0x00,0x21,0x04,0x00,0x21,0x04,0x00,
  0x21,0x04,0x00,0x21,0x04,0x00,0x21,0x04,0x00,0x21,0x04,0x00,0x19,0x04,0x00,0x18,
  0xe4,0x00,0x10,0xc3,0x00,0x18,0xe4,0x00,0x10,0xc3,0x00,0x10,0xc3,0x00,0x18,0xc3,
  0x00,0x10,0xa2,0x00,0x08,0x41,0xff,0x20,0xc2,0xff,0x7a,0xe6,0xff,0x7a,0x45,0xff,
  0x6a,0x04,0xff,0x62,0x24,0xff,0x62,0x24,0xff,0x7a,0xa5,0xff,0x62,0x04,0xff,0x18,
  0xa2,0xff,0x41,0x43,0xff,0x72,0x45,0xff,0x72,0x65,0xff,0x6a,0x45,0xff,0x62,0x25,
  0xff,0x59,0xe4,0xff,0x59,0xe4,0xff,0x59,0xc4,0xff,0x6a,0x65,0xff,0x62,0x25,0xff,
  0x31,0x23,0xff,0x10,0x61,0xff,0x20,0xc2,0xff,0x49,0x83,0xff,0x59,0xc4,0xff,0x51,
  0xc4,0xff,0x51,0xc4,0xff,0x30,0xe2,0xff,0x20,0xa1,0xff,0x28,0xe2,0xff,0x39,0x43,
  0xff,0x31,0x23,0xff,0x20,0xa1,0xff,0x31,0x02,0xff,0x39,0x42,0xff,0x20,0xc2,0xff,
  0x20,0xc2,0xff,0x00,0x00,0xff,0x00,0x20,0xff,0x18,0x81,0xff,0x28,0xe2,0xff,0x49,
  0xa3,0xff,0x51,0xa3,0xff,0x49,0x63,0xff,0x51,0xa3,0xff,0x51,0xa3,0xff,0x49,0x83,
  0xff,0x51,0xa3,0xff,0x49,0x63,0xff,0x39,0x02,0xff,0x39,0x43,0xff,0x39,0x22,0xff,
  0x28,0xc1,0xff,0x18,0x81,0xff,0x00,0x20,0xff,0x00,0x20,0xff,0x10,0x61,0xff,0x20,
  0x81,0xff,0x39,0x22,0xff,0x62,0x25,0xff,0x9b,0x48,0xff,0xb3,0xe9,0xff,0xcc,0x8a,
  0xff,0xc4,0x69,0xff,0xc4,0x69,0xff,0xf5,0xcd,0xff,0xfe,0xaf,0xff,0xd5,0x0b,0xff,
  0x41,0x21,0xff,0x20,0x60,0xff,0x61,0xc3,0xff,0x82,0x64,0xff,0x6a,0x23,0xff,0x59,
  0xa2,0xff,0x59,0xa2,0xff,0x61,0xc3,0xff,0x62,0x04,0xff,0x41,0x43,0xff,0x51,0xe4,
  0xff,0x7a,0xc7,0xff,0x59,0xe4,0xff,0x30,0xc1,0xff,0x31,0x03,0xff,0x39,0x83,0xff,
  0x39,0x83,0xff,0x31,0x43,0xff,0x20,0xa2,0xff,0x20,0xe2,0xff,0x10,0x81,0xff,0x10,
  0x41,0xff,0x10,0x61,0xff,0x18,0xa1,0xff,0x31,0x23,0xff,0x31,0x43,0xff,0x31,0x43,
  0xff,0x20,0xc1,0xff,0x31,0x22,0xff,0x49,0xa3,0xff,0x51,0xc4,0xff,0x51,0xc4,0xff,
  0x62,0x25,0xff,0x62,0x25,0xff,0x6a,0x86,0xff,0x6a,0x86,0xff,0x5a,0x05,0xff,0x51,
  0xa4,0xff,0x5a,0x05,0xff,0x6a,0x86,0xff,0x5a,0x05,0xff,0x51,0xe4,0xff,0x41,0x63,
  0xff,0x49,0xa4,0xff,0x39,0x63,0xff,0x39,0x63,0xff,0x39,0x63,0xff,0x29,0x02,0xff,
  0x29,0x03,0xff,0x31,0x22,0xff,0x59,0xc4,0xff,0x6a,0x65,0xff,0x72,0x85,0xff,0x6a,
  0x25,0xff,0x62,0x25,0xff,0x62,0x25,0xff,0x59,0xe4,0xff,0x51,0xc4,0xff,0x41,0x83,
  0xff,0x28,0xe2,0xff,0x28,0xc2,0xff,0x83,0x06,0xff,0x8a,0xc6,0xff,0x6a,0x24,0xff,
  0x6a,0x24,0xff,0x51,0xc4,0xff,0x51,0xa4,0xff,0x61,0xe4,0xff,0x6a,0x45,0xff,0x62,
  0x04,0xff,0x62,0x24,0xff,0x62,0x04,0xff,0x59,0xa3,0xff,0x59,0xc4,0xff,0x59,0xc4,
  0xff,0x59,0xe4,0xff,0x49,0x83,0xff,0x49,0x83,0xff,0x39,0x02,0xff,0x31,0x02,0xff,
  0x28,0xc2,0xff,0x20,0xe2,0xff,0x18,0x81,0xff,0x18,0xa1,0xff,0x18,0xa1,0xff,0x10,
  0x61,0xff,0x08,0x41,0xff,0x08,0x41,0xff,0x59,0xe4,0xff,0x31,0x02,0xff,0x00,0x00,
  0xff,0x18,0xe3,0x00,0x21,0x24,0x00,0x21,0x24,0x00,0x21,0x04,0x00,0x21,0x04,0x00,
  0x21,0x04,0x00,0x21,0x04,0x00,0x29,0x24,0x00,0x39,0x84,0xff,0x41,0x84,0xff,0x29,
  0x23,0x00,0x39,0x23,0x00,0x39,0x23,0x00,0x31,0x23,0x00,0x31,0x43,0x00,0x51,0xa4,
  0xff,0x61,0xe4,0xff,0x7a,0xa5,0xff,0x6a,0x44,0xff,0x62,0x24,0xff,0x51,0xa3,0xff,
  0x51,0xa3,0xff,0x59,0xa3,0xff,0x51,0xa4,0xff,0x10,0x81,0xff,0x31,0x03,0xff,0x72,
  0x65,0xff,0x6a,0x25,0xff,0x59,0xc4,0xff,0x6a,0x45,0xff,0x62,0x05,0xff,0x62,0x05,
  0xff,0x59,0xe4,0xff,0x6a,0x45,0xff,0x62,0x25,0xff,0x39,0x23,0xff,0x10,0x61,0xff,
  0x10,0x81,0xff,0x39,0x23,0xff,0x59,0xa4,0xff,0x59,0xe4,0xff,0x59,0xe4,0xff,0x30,
  0xe2,0xff,0x18,0x81,0xff,0x20,0xc2,0xff,0x39,0x43,0xff,0x39,0x22,0xff,0x20,0xa2,
  0xff,0x28,0xe2,0xff,0x39,0x22,0xff,0x39,0x43,0xff,0x39,0x43,0xff,0x18,0xa2,0xff,
  0x10,0x81,0xff,0x00,0x20,0xff,0x18,0x61,0xff,0x41,0x83,0xff,0x49,0xa4,0xff,0x28,
  0xc2,0xff,0x30,0xe2,0xff,0x30,0xe2,0xff,0x49,0xa3,0xff,0x51,0xa4,0xff,0x41,0x43,
  0xff,0x49,0x83,0xff,0x39,0x22,0xff,0x41,0x43,0xff,0x20,0x61,0xff,0x10,0x60,0xff,
  0x08,0x40,0xff,0x08,0x40,0xff,0x00,0x00,0xff,0x10,0x41,0xff,0x39,0x63,0xff,0x30,
  0xe2,0xff,0x62,0x04,0xff,0x93,0x07,0xff,0xab,0xa7,0xff,0xbc,0x28,0xff,0xbc,0x28,
  0xff,0xed,0x8d,0xff,0xc4,0xaa,0xff,0x51,0x82,0xff,0x59,0xc3,0xff,0x82,0xa5,0xff,
  0x72,0x24,0xff,0x59,0xa3,0xff,0x49,0x42,0xff,0x51,0x83,0xff,0x51,0x83,0xff,0x49,
  0x63,0xff,0x49,0x83,0xff,0x49,0xa4,0xff,0x31,0x03,0xff,0x39,0x23,0xff,0x41,0x63,
  0xff,0x41,0x63,0xff,0x39,0x63,0xff,0x18,0xa1,0xff,0x18,0xa1,0xff,0x18,0xa1,0xff,
  0x10,0x61,0xff,0x08,0x41,0xff,0x10,0x61,0xff,0x20,0xc2,0xff,0x29,0x02,0xff,0x39,
  0x63,0xff,0x31,0x02,0xff,0x39,0x63,0xff,0x39,0x63,0xff,0x29,0x02,0xff,0x28,0xe2,
  0xff,0x20,0xa2,0xff,0x39,0x23,0xff,0x51,0xe4,0xff,0x62,0x66,0xff,0x49,0xc4,0xff,
  0x31,0x43,0xff,0x31,0x43,0xff,0x31,0x02,0xff,0x51,0xa3,0xff,0x61,0xe4,0xff,0x62,
  0x45,0xff,0x39,0x63,0xff,0x18,0x81,0xff,0x10,0x81,0xff,0x18,0xa1,0xff,0x10,0x41,
  0xff,0x10,0x41,0xff,0x10,0x61,0xff,0x10,0x81,0xff,0x08,0x41,0xff,0x18,0x81,0xff,
  0x49,0xa4,0xff,0x6a,0x24,0xff,0x6a,0x44,0xff,0x62,0x04,0xff,0x59,0xc4,0xff,0x59,
  0xc4,0xff,0x51,0x83,0xff,0x49,0x83,0xff,0x18,0x81,0xff,0x10,0x41,0xff,0x20,0xa2,
  0xff,0x62,0x04,0xff,0x51,0xc3,0xff,0x41,0x63,0xff,0x41,0x63,0xff,0x41,0x43,0xff,
  0x49,0x83,0xff,0x5a,0x05,0xff,0x59,0xc4,0xff,0x59,0xe4,0xff,0x62,0x24,0xff,0x59,
  0xa3,0xff,0x6a,0x45,0xff,0x59,0xc4,0xff,0x59,0xc4,0xff,0x59,0xe4,0xff,0x62,0x04,
  0xff,0x5a,0x04,0xff,0x49,0x83,0xff,0x41,0x63,0xff,0x41,0x84,0xff,0x49,0xa4,0xff,
  0x39,0x43,0xff,0x41,0x83,0xff,0x41,0x83,0xff,0x20,0xc2,0xff,0x10,0x61,0xff,0x10,
  0x81,0xff,0x62,0x25,0xff,0x41,0x63,0xff,0x10,0x41,0xff,0x31,0x24,0x00,0x21,0x24,
  0x00,0x21,0x24,0x00,0x21,0x04,0x00,0x21,0x04,0x00,0x21,0x04,0x00,0x21,0x04,0x00,
  0x29,0x24,0x00,0x39,0x84,0xff,0x41,0x84,0xff,0x29,0x23,0x00,0x39,0x23,0x00,0x39,
  0x23,0x00,0x31,0x23,0x00,0x31,0x43,0x00,0x51,0xa4,0xff,0x61,0xe4,0xff,0x7a,0xa5,
  0xff,0x6a,0x44,0xff,0x62,0x24,0xff,0x51,0xa3,0xff,0x51,0xa3,0xff,0x59,0xa3,0xff,
  0x51,0xa4,0xff,0x10,0x81,0xff,0x31,0x03,0xff,0x72,0x65,0xff,0x6a,0x25,0xff,0x59,
  0xc4,0xff,0x6a,0x45,0xff,0x62,0x05,0xff,0x62,0x05,0xff,0x59,0xe4,0xff,0x6a,0x45,
  0xff,0x62,0x25,0xff,0x39,0x23,0xff,0x10,0x61,0xff,0x10,0x81,0xff,0x39,0x23,0xff,
  0x59,0xa4,0xff,0x59,0xe4,0xff,0x59,0xe4,0xff,0x30,0xe2,0xff,0x18,0x81,0xff,0x20,
  0xc2,0xff,0x39,0x43,0xff,0x39,0x22,0xff,0x20,0xa2,0xff,0x28,0xe2,0xff,0x39,0x22,
  0xff,0x39,0x43,0xff,0x39,0x43,0xff,0x18,0xa2,0xff,0x10,0x81,0xff,0x00,0x20,0xff,
  0x18,0x61,0xff,0x41,0x83,0xff,0x49,0xa4,0xff,0x28,0xc2,0xff,0x30,0xe2,0xff,0x30,
  0xe2,0xff,0x49,0xa3,0xff,0x51,0xa4,0xff,0x41,0x43,0xff,0x49,0x83,0xff,0x39,0x22,
  0xff,0x41,0x43,0xff,0x20,0x61,0xff,0x10,0x60,0xff,0x08,0x40,0xff,0x08,0x40,0xff,
  0x00,0x00,0xff,0x10,0x41,0xff,0x39,0x63,0xff,0x30,0xe2,0xff,0x62,0x04,0xff,0x93,
  0x07,0xff,0xab,0xa7,0xff,0xbc,0x28,0xff,0xbc,0x28,0xff,0xed,0x8d,0xff,0xc4,0xaa,
  0xff,0x51,0x82,0xff,0x59,0xc3,0xff,0x82,0xa5,0xff,0x72,0x24,0xff,0x59,0xa3,0xff,
  0x49,0x42,0xff,0x51,0x83,0xff,0x51,0x83,0xff,0x49,0x63,0xff,0x49,0x83,0xff,0x49,
  0xa4,0xff,0x31,0x03,0xff,0x39,0x23,0xff,0x41,0x63,0xff,0x41,0x63,0xff,0x39,0x63,
  0xff,0x18,0xa1,0xff,0x18,0xa1,0xff,0x18,0xa1,0xff,0x10,0x61,0xff,0x08,0x41,0xff,
  0x10,0x61,0xff,0x20,0xc2,0xff,0x29,0x02,0xff,0x39,0x63,0xff,0x31,0x02,0xff,0x39,
  0x63,0xff,0x39,0x63,0xff,0x29,0x02,0xff,0x28,0xe2,0xff,0x20,0xa2,0xff,0x39,0x23,
  0xff,0x51,0xe4,0xff,0x62,0x66,0xff,0x49,0xc4,0xff,0x31,0x43,0xff,0x31,0x43,0xff,
  0x31,0x02,0xff,0x51,0xa3,0xff,0x61,0xe4,0xff,0x62,0x45,0xff,0x39,0x63,0xff,0x18,
  0x81,0xff,0x10,0x81,0xff,0x18,0xa1,0xff,0x10,0x41,0xff,0x10,0x41,0xff,0x10,0x61,
  0xff,0x10,0x81,0xff,0x08,0x41,0xff,0x18,0x81,0xff,0x49,0xa4,0xff,0x6a,0x24,0xff,
  0x6a,0x44,0xff,0x62,0x04,0xff,0x59,0xc4,0xff,0x59,0xc4,0xff,0x51,0x83,0xff,0x49,
  0x83,0xff,0x18,0x81,0xff,0x10,0x41,0xff,0x20,0xa2,0xff,0x62,0x04,0xff,0x51,0xc3,
  0xff,0x41,0x63,0xff,0x41,0x63,0xff,0x41,0x43,0xff,0x49,0x83,0xff,0x5a,0x05,0xff,
  0x59,0xc4,0xff,0x59,0xe4,0xff,0x62,0x24,0xff,0x59,0xa3,0xff,0x6a,0x45,0xff,0x59,
  0xc4,0xff,0x59,0xc4,0xff,0x59,0xe4,0xff,0x62,0x04,0xff,0x5a,0x04,0xff,0x49,0x83,
  0xff,0x41,0x63,0xff,0x41,0x84,0xff,0x49,0xa4,0xff,0x39,0x43,0xff,0x41,0x83,0xff,
  0x41,0x83,0xff,0x20,0xc2,0xff,0x10,0x61,0xff,0x10,0x81,0xff,0x62,0x25,0xff,0x41,
  0x63,0xff,0x10,0x41,0xff,0x31,0x24,0x00,0x21,0x24,0x00,0x21,0x24,0x00,0x21,0x04,
  0x00,0x21,0x04,0x00,0x21,0x04,0x00,0x21,0x04,0x00,0x51,0xe5,0xff,0x82,0xc5,0xff,
  0x7a,0x85,0xff,0x41,0x42,0xff,0x69,0xe3,0xff,0x69,0xe3,0xff,0x20,0xa1,0x00,0x39,
  0x64,0xff,0x82,0xc6,0xff,0x6a,0x04,0xff,0x59,0xc3,0xff,0x51,0xc3,0xff,0x59,0xc4,
  0xff,0x41,0x43,0xff,0x41,0x43,0xff,0x51,0xa4,0xff,0x49,0x83,0xff,0x20,0xa2,0xff,
  0x41,0x63,0xff,0x72,0x86,0xff,0x6a,0x04,0xff,0x59,0xe4,0xff,0x62,0x25,0xff,0x6a,
  0x45,0xff,0x6a,0x45,0xff,0x6a,0x65,0xff,0x6a,0x66,0xff,0x61,0xe5,0xff,0x51,0xc4,
  0xff,0x28,0xe2,0xff,0x20,0xc2,0xff,0x51,0xe4,0xff,0x62,0x25,0xff,0x59,0xe4,0xff,
  0x59,0xe4,0xff,0x41,0x83,0xff,0x20,0xe2,0xff,0x20,0xe2,0xff,0x39,0x43,0xff,0x49,
  0x83,0xff,0x41,0x63,0xff,0x41,0x83,0xff,0x30,0xe2,0xff,0x41,0x43,0xff,0x41,0x43,
  0xff,0x49,0xc4,0xff,0x31,0x43,0xff,0x10,0x40,0xff,0x10,0x81,0xff,0x20,0xc2,0xff,
  0x20,0xc2,0xff,0x18,0x61,0xff,0x18,0xa2,0xff,0x18,0xa2,0xff,0x28,0xe2,0xff,0x41,
  0x63,0xff,0x51,0xa4,0xff,0x5a,0x25,0xff,0x49,0x84,0xff,0x41,0x43,0xff,0x28,0xc1,
  0xff,0x20,0xa1,0xff,0x20,0xc2,0xff,0x20,0xc2,0xff,0x10,0x61,0xff,0x08,0x40,0xff,
  0x29,0x23,0xff,0x41,0x63,0xff,0x59,0xe4,0xff,0x61,0xa4,0xff,0x9b,0x47,0xff,0xd5,
  0x0b,0xff,0xd5,0x0b,0xff,0x7a,0xa6,0xff,0x30,0xe2,0xff,0x41,0x22,0xff,0x8a,0xe6,
  0xff,0x8a,0xe5,0xff,0x59,0xa2,0xff,0x51,0xa3,0xff,0x51,0x83,0xff,0x5a,0x04,0xff,
  0x5a,0x04,0xff,0x41,0x43,0xff,0x31,0x02,0xff,0x28,0xe2,0xff,0x29,0x03,0xff,0x18,
  0xa2,0xff,0x20,0xe2,0xff,0x31,0x23,0xff,0x20,0xc2,0xff,0x08,0x20,0xff,0x08,0x20,
  0xff,0x08,0x40,0xff,0x08,0x41,0xff,0x10,0x81,0xff,0x29,0x02,0xff,0x39,0x63,0xff,
  0x30,0xe1,0xff,0x41,0x63,0xff,0x39,0x22,0xff,0x28,0xc2,0xff,0x28,0xc2,0xff,0x28,
  0xe2,0xff,0x28,0xe2,0xff,0x20,0xa1,0xff,0x31,0x22,0xff,0x31,0x22,0xff,0x31,0x02,
  0xff,0x18,0xa1,0xff,0x18,0xa1,0xff,0x18,0xa1,0xff,0x39,0x02,0xff,0x6a,0x65,0xff,
  0x6a,0x65,0xff,0x49,0x84,0xff,0x20,0xc1,0xff,0x18,0x61,0xff,0x20,0xc2,0xff,0x29,
  0x02,0xff,0x20,0xc2,0xff,0x20,0xc2,0xff,0x28,0xe2,0xff,0x29,0x02,0xff,0x31,0x43,
  0xff,0x49,0xa4,0xff,0x6a,0x45,0xff,0x62,0x04,0xff,0x6a,0x45,0xff,0x61,0xe4,0xff,
  0x62,0x04,0xff,0x62,0x04,0xff,0x6a,0x24,0xff,0x59,0xe4,0xff,0x18,0x81,0xff,0x08,
  0x41,0xff,0x31,0x23,0xff,0x49,0x84,0xff,0x49,0x63,0xff,0x49,0x83,0xff,0x49,0x83,
  0xff,0x49,0x84,0xff,0x5a,0x04,0xff,0x62,0x25,0xff,0x6a,0x45,0xff,0x62,0x04,0xff,
  0x6a,0x25,0xff,0x6a,0x24,0xff,0x72,0x85,0xff,0x6a,0x45,0xff,0x6a,0x45,0xff,0x6a,
  0x45,0xff,0x72,0x65,0xff,0x72,0x65,0xff,0x62,0x04,0xff,0x62,0x05,0xff,0x62,0x05,
  0xff,0x62,0x45,0xff,0x62,0x24,0xff,0x6a,0x65,0xff,0x6a,0x65,0xff,0x5a,0x05,0xff,
  0x51,0xc4,0xff,0x5a,0x05,0xff,0x7a,0xa5,0xff,0x72,0x65,0xff,0x62,0x25,0xff,0x39,
  0x43,0xff,0x10,0x82,0x00,0x10,0x82,0x00,0x21,0x04,0x00,0x21,0x04,0x00,0x19,0x04,
  0x00,0x21,0x04,0x00,0x31,0x64,0xff,0x51,0xe4,0xff,0x49,0xa4,0xff,0x38,0xe1,0xff,
  0x82,0x84,0xff,0x82,0x84,0xff,0x10,0x61,0xff,0x08,0x41,0xff,0x49,0x83,0xff,0x51,
  0xa3,0xff,0x51,0x83,0xff,0x49,0x43,0xff,0x59,0xe4,0xff,0x51,0xc4,0xff,0x51,0xc4,
  0xff,0x49,0x83,0xff,0x41,0x43,0xff,0x31,0x23,0xff,0x39,0x23,0xff,0x61,0xe4,0xff,
  0x6a,0x25,0xff,0x51,0xc4,0xff,0x31,0x23,0xff,0x49,0xa4,0xff,0x49,0xa4,0xff,0x59,
  0xe4,0xff,0x59,0xe4,0xff,0x61,0xe4,0xff,0x5a,0x05,0xff,0x39,0x63,0xff,0x31,0x22,
  0xff,0x51,0xc4,0xff,0x62,0x25,0xff,0x59,0xa4,0xff,0x59,0xa4,0xff,0x51,0xa4,0xff,
  0x20,0xe2,0xff,0x18,0xa1,0xff,0x28,0xc2,0xff,0x51,0xc4,0xff,0x59,0xe4,0xff,0x41,
  0x43,0xff,0x39,0x02,0xff,0x41,0x83,0xff,0x41,0x83,0xff,0x39,0x22,0xff,0x41,0x64,
  0xff,0x28,0xe2,0xff,0x28,0xe2,0xff,0x20,0xa2,0xff,0x18,0x81,0xff,0x10,0x61,0xff,
  0x20,0xc2,0xff,0x20,0xc2,0xff,0x10,0x61,0xff,0x30,0xe2,0xff,0x51,0xc4,0xff,0x62,
  0x25,0xff,0x51,0xc4,0xff,0x39,0x02,0xff,0x30,0xc1,0xff,0x39,0x42,0xff,0x20,0xa1,
  0xff,0x20,0xa1,0xff,0x20,0xc2,0xff,0x08,0x20,0xff,0x08,0x20,0xff,0x39,0x43,0xff,
  0x62,0x25,0xff,0x7a,0x25,0xff,0x9b,0x47,0xff,0x72,0xa5,0xff,0x72,0xa5,0xff,0x18,
  0x81,0xff,0x18,0x62,0xff,0x51,0x84,0xff,0x61,0xc3,0xff,0x59,0x83,0xff,0x51,0x83,
  0xff,0x61,0xe4,0xff,0x59,0x83,0xff,0x49,0x43,0xff,0x49,0x43,0xff,0x39,0x02,0xff,
  0x31,0x03,0xff,0x10,0x41,0xff,0x10,0xa1,0xff,0x00,0x00,0xff,0x00,0x20,0xff,0x10,
  0x61,0xff,0x08,0x41,0xff,0x08,0x40,0xff,0x08,0x40,0xff,0x18,0xa1,0xff,0x20,0xc2,
  0xff,0x41,0xa3,0xff,0x41,0x63,0xff,0x38,0xe1,0xff,0x51,0xc4,0xff,0x51,0xc3,0xff,
  0x49,0x83,0xff,0x41,0x43,0xff,0x41,0x43,0xff,0x59,0xc4,0xff,0x6a,0x25,0xff,0x6a,
  0x04,0xff,0x72,0x85,0xff,0x51,0xc4,0xff,0x41,0x43,0xff,0x41,0x63,0xff,0x62,0x45,
  0xff,0x62,0x45,0xff,0x6a,0x45,0xff,0x6a,0x24,0xff,0x61,0xe4,0xff,0x51,0xa4,0xff,
  0x39,0x43,0xff,0x39,0x43,0xff,0x49,0xa4,0xff,0x49,0xa4,0xff,0x49,0x63,0xff,0x49,
  0x63,0xff,0x51,0xe4,0xff,0x49,0x63,0xff,0x5a,0x04,0xff,0x6a,0x45,0xff,0x6a,0x24,
  0xff,0x6a,0x04,0xff,0x62,0x04,0xff,0x49,0x83,0xff,0x49,0x83,0xff,0x49,0x83,0xff,
  0x59,0xe4,0xff,0x49,0x83,0xff,0x18,0x61,0xff,0x28,0xe2,0xff,0x62,0x66,0xff,0x62,
  0x24,0xff,0x59,0xc4,0xff,0x62,0x24,0xff,0x62,0x24,0xff,0x62,0x04,0xff,0x62,0x25,
  0xff,0x59,0xc4,0xff,0x62,0x04,0xff,0x6a,0x24,0xff,0x61,0xe4,0xff,0x6a,0x24,0xff,
  0x72,0x44,0xff,0x72,0x45,0xff,0x72,0x45,0xff,0x72,0x85,0xff,0x6a,0x25,0xff,0x62,
  0x04,0xff,0x62,0x24,0xff,0x62,0x25,0xff,0x51,0xc4,0xff,0x59,0xe4,0xff,0x62,0x04,
  0xff,0x59,0xe4,0xff,0x59,0xe4,0xff,0x61,0xe4,0xff,0x62,0x05,0xff,0x72,0x65,0xff,
  0x6a,0x24,0xff,0x59,0xa3,0xff,0x6a,0x04,0xff,0x20,0xa1,0xff,0x00,0x21,0xff,0x00,
  0x21,0xff,0x18,0xe3,0x00,0x21,0x04,0x00,0x19,0x04,0x00,0x21,0x04,0x00,0x19,0x04,
  0x00,0x18,0xe3,0x00,0x20,0xe4,0x00,0x20,0xe2,0x00,0x51,0xa3,0xff,0x51,0xa3,0xff,
  0x18,0xa1,0xff,0x08,0x20,0xff,0x31,0x03,0xff,0x49,0x83,0xff,0x59,0xe4,0xff,0x59,
  0xe4,0xff,0x62,0x45,0xff,0x59,0xe4,0xff,0x59,0xe4,0xff,0x59,0xc4,0xff,0x6a,0x45,
  0xff,0x52,0x05,0xff,0x39,0x43,0xff,0x62,0x25,0xff,0x72,0x86,0xff,0x39,0x63,0xff,
  0x10,0x81,0xff,0x20,0xa1,0xff,0x20,0xa1,0xff,0x41,0x63,0xff,0x59,0xe4,0xff,0x59,
  0xe4,0xff,0x51,0xc4,0xff,0x31,0x02,0xff,0x28,0xe2,0xff,0x30,0xe2,0xff,0x49,0x63,
  0xff,0x59,0xe4,0xff,0x59,0xe4,0xff,0x5a,0x05,0xff,0x39,0x43,0xff,0x28,0xe2,0xff,
  0x28,0xe2,0xff,0x49,0x83,0xff,0x62,0x45,0xff,0x59,0xc4,0xff,0x41,0x63,0xff,0x52,
  0x04,0xff,0x52,0x04,0xff,0x49,0x83,0xff,0x49,0x63,0xff,0x41,0x83,0xff,0x41,0xa4,
  0xff,0x28,0xe2,0xff,0x18,0xa2,0xff,0x20,0xc2,0xff,0x29,0x02,0xff,0x29,0x02,0xff,
  0x20,0xc2,0xff,0x41,0x83,0xff,0x49,0xa4,0xff,0x49,0x84,0xff,0x49,0x83,0xff,0x49,
  0x43,0xff,0x41,0x22,0xff,0x41,0x83,0xff,0x41,0x43,0xff,0x41,0x43,0xff,0x39,0x43,
  0xff,0x18,0x81,0xff,0x10,0x61,0xff,0x10,0x41,0xff,0x39,0x22,0xff,0xa3,0xe9,0xff,
  0x9b,0xa9,0xff,0x18,0x81,0xff,0x18,0x81,0xff,0x10,0x41,0xff,0x39,0x03,0xff,0x62,
  0x45,0xff,0x59,0xc3,0xff,0x51,0xa3,0xff,0x62,0x04,0xff,0x72,0x85,0xff,0x62,0x24,
  0xff,0x39,0x23,0xff,0x39,0x23,0xff,0x39,0x43,0xff,0x5a,0x05,0xff,0x20,0xc2,0xff,
  0x00,0x20,0xff,0x08,0x41,0xff,0x00,0x20,0xff,0x08,0x41,0xff,0x29,0x02,0xff,0x39,
  0x62,0xff,0x39,0x62,0xff,0x39,0x63,0xff,0x30,0xe2,0xff,0x51,0xa3,0xff,0x61,0xe4,
  0xff,0x6a,0x24,0xff,0x72,0xa5,0xff,0x59,0xe4,0xff,0x30,0xe2,0xff,0x49,0x63,0xff,
  0x49,0x63,0xff,0x7a,0xa6,0xff,0x82,0xc6,0xff,0x72,0x45,0xff,0x72,0x65,0xff,0x59,
  0xe4,0xff,0x61,0xe4,0xff,0x6a,0x45,0xff,0x7a,0xa6,0xff,0x7a,0xa6,0xff,0x72,0x65,
  0xff,0x6a,0x44,0xff,0x62,0x04,0xff,0x62,0x04,0xff,0x59,0xc4,0xff,0x59,0xe4,0xff,
  0x51,0xc4,0xff,0x51,0xc4,0xff,0x51,0xa3,0xff,0x51,0xa3,0xff,0x59,0xe4,0xff,0x49,
  0x83,0xff,0x59,0xe4,0xff,0x61,0xe4,0xff,0x72,0x65,0xff,0x6a,0x45,0xff,0x59,0xe4,
  0xff,0x59,0xe4,0xff,0x41,0x63,0xff,0x41,0x63,0xff,0x31,0x02,0x00,0x41,0x43,0xff,
  0x39,0x42,0xff,0x59,0xe5,0xff,0x6a,0x45,0xff,0x6a,0x45,0xff,0x59,0xe4,0xff,0x62,
  0x04,0xff,0x62,0x04,0xff,0x62,0x24,0xff,0x62,0x25,0xff,0x62,0x25,0xff,0x6a,0x45,
  0xff,0x6a,0x64,0xff,0x6a,0x45,0xff,0x59,0xc3,0xff,0x59,0xe4,0xff,0x72,0x45,0xff,
  0x72,0x45,0xff,0x6a,0x45,0xff,0x6a,0x45,0xff,0x6a,0x25,0xff,0x62,0x25,0xff,0x62,
  0x25,0xff,0x5a,0x05,0xff,0x5a,0x05,0xff,0x59,0xe4,0xff,0x59,0xe4,0xff,0x59,0xe4,
  0xff,0x62,0x05,0xff,0x61,0xe5,0xff,0x62,0x04,0xff,0x59,0xe4,0xff,0x59,0xe4,0xff,
  0x5a,0x04,0xff,0x18,0xa1,0xff,0x00,0x41,0xff,0x00,0x41,0xff,0x18,0xc3,0x00,0x21,
  0x03,0x00,0x19,0x04,0x00,0x21,0x04,0x00,0x21,0x04,0x00,0x21,0x04,0x00,0x19,0x04,
  0x00,0x20,0xe3,0x00,0x10,0x61,0xff,0x10,0x61,0xff,0x10,0x81,0xff,0x39,0x43,0xff,
  0x51,0xc4,0xff,0x49,0x83,0xff,0x59,0xe4,0xff,0x59,0xe4,0xff,0x62,0x04,0xff,0x51,
  0x83,0xff,0x51,0x83,0xff,0x59,0xa4,0xff,0x7a,0x86,0xff,0x62,0x25,0xff,0x28,0xc2,
  0xff,0x51,0xc4,0xff,0x6a,0x25,0xff,0x39,0x43,0xff,0x20,0xa2,0xff,0x39,0x23,0xff,
  0x39,0x23,0xff,0x59,0xe5,0xff,0x62,0x25,0xff,0x51,0x83,0xff,0x51,0xa4,0xff,0x39,
  0x43,0xff,0x28,0xe2,0xff,0x28,0xe2,0xff,0x41,0x63,0xff,0x59,0xc4,0xff,0x59,0xc4,
  0xff,0x59,0xa4,0xff,0x59,0xe4,0xff,0x41,0x83,0xff,0x28,0xc2,0xff,0x28,0xc2,0xff,
  0x51,0xc4,0xff,0x5a,0x05,0xff,0x41,0x22,0xff,0x49,0xa4,0xff,0x49,0xa4,0xff,0x6a,
  0x86,0xff,0x59,0xe4,0xff,0x39,0x02,0xff,0x41,0x63,0xff,0x31,0x03,0xff,0x28,0xe2,
  0xff,0x18,0x82,0xff,0x20,0xa2,0xff,0x20,0xa2,0xff,0x41,0x83,0xff,0x7a,0xa5,0xff,
  0x41,0x43,0xff,0x10,0x41,0xff,0x39,0x22,0xff,0x51,0xc4,0xff,0x49,0x63,0xff,0x39,
  0x02,0xff,0x41,0x63,0xff,0x41,0x63,0xff,0x51,0xc3,0xff,0x31,0x22,0xff,0x18,0x81,
  0xff,0x08,0x41,0xff,0x10,0x61,0xff,0x51,0xe5,0xff,0x51,0xe4,0xff,0x18,0x80,0xff,
  0x18,0x80,0xff,0x49,0xa4,0xff,0x62,0x04,0xff,0x59,0xc3,0xff,0x51,0x83,0xff,0x59,
  0xc3,0xff,0x69,0xe4,0xff,0x6a,0x45,0xff,0x49,0xa3,0xff,0x10,0x61,0xff,0x10,0x61,
  0xff,0x39,0x43,0xff,0x93,0x47,0xff,0x49,0xa3,0xff,0x00,0x00,0xff,0x08,0x41,0xff,
  0x10,0x61,0xff,0x18,0x81,0xff,0x41,0x63,0xff,0x41,0x83,0xff,0x41,0x83,0xff,0x41,
  0x22,0xff,0x41,0x02,0xff,0x59,0xe4,0xff,0x61,0xe4,0xff,0x62,0x04,0xff,0x6a,0x45,
  0xff,0x41,0x63,0xff,0x18,0x81,0xff,0x31,0x02,0xff,0x31,0x02,0xff,0x62,0x25,0xff,
  0x6a,0x25,0xff,0x62,0x04,0xff,0x51,0x83,0xff,0x51,0x83,0xff,0x61,0xe4,0xff,0x72,
  0x45,0xff,0x6a,0x25,0xff,0x6a,0x25,0xff,0x6a,0x05,0xff,0x6a,0x65,0xff,0x59,0xc4,
  0xff,0x59,0xc4,0xff,0x5a,0x04,0xff,0x5a,0x04,0xff,0x51,0x83,0xff,0x51,0xc4,0xff,
  0x51,0xa4,0xff,0x51,0xa4,0xff,0x41,0x43,0xff,0x49,0xa4,0xff,0x51,0xa4,0xff,0x59,
  0xa4,0xff,0x6a,0x45,0xff,0x59,0xc3,0xff,0x51,0xc4,0xff,0x9b,0xa9,0xff,0x8b,0x48,
  0xff,0x8b,0x48,0xff,0x18,0x81,0x00,0x28,0xc2,0x00,0x49,0x63,0xff,0x62,0x05,0xff,
  0x59,0xe4,0xff,0x59,0xe4,0xff,0x59,0xc4,0xff,0x51,0xc4,0xff,0x51,0xc4,0xff,0x49,
  0xa4,0xff,0x62,0x04,0xff,0x6a,0x45,0xff,0x72,0x65,0xff,0x61,0xe4,0xff,0x59,0xe4,
  0xff,0x49,0x83,0xff,0x59,0xe4,0xff,0xac,0x0b,0xff,0xac,0x0b,0xff,0x72,0x65,0xff,
  0x59,0xe4,0xff,0x6a,0x45,0xff,0x59,0xe4,0xff,0x59,0xe5,0xff,0x59,0xe4,0xff,0x59,
  0xe4,0xff,0x51,0xc4,0xff,0x5a,0x05,0xff,0x5a,0x05,0xff,0x51,0x84,0xff,0x51,0xc4,
  0xff,0x49,0x63,0xff,0x41,0x43,0xff,0x51,0x83,0xff,0x49,0x43,0xff,0x10,0x61,0xff,
  0x00,0x41,0xff,0x00,0x41,0xff,0x10,0xa2,0x00,0x21,0x04,0x00,0x19,0x04,0x00,0x21,
  0x04,0x00,0x21,0x04,0x00,0x21,0x04,0x00,0x21,0x04,0x00,0x21,0x24,0x00,0x00,0x41,
  0xff,0x00,0x41,0xff,0x28,0xe2,0xff,0x82,0xc6,0xff,0x72,0x85,0xff,0x59,0xe4,0xff,
  0x62,0x04,0xff,0x51,0xa3,0xff,0x61,0xe4,0xff,0x6a,0x45,0xff,0x6a,0x45,0xff,0x72,
  0x65,0xff,0x8a,0xe6,0xff,0x6a,0x66,0xff,0x20,0xc2,0xff,0x39,0x63,0xff,0x51,0xc4,
  0xff,0x39,0x43,0xff,0x39,0x43,0xff,0x62,0x46,0xff,0x62,0x46,0xff,0x6a,0x45,0xff,
  0x62,0x45,0xff,0x59,0xc4,0xff,0x51,0xc4,0xff,0x49,0xa4,0xff,0x41,0x43,0xff,0x41,
  0x63,0xff,0x5a,0x04,0xff,0x61,0xe4,0xff,0x61,0xe4,0xff,0x6a,0x25,0xff,0x62,0x24,
  0xff,0x59,0xe4,0xff,0x31,0x02,0xff,0x31,0x22,0xff,0x30,0xe2,0xff,0x49,0x84,0xff,
  0x6a,0x45,0xff,0x62,0x25,0xff,0x62,0x25,0xff,0x59,0xe4,0xff,0x59,0xc4,0xff,0x41,
  0x22,0xff,0x41,0x43,0xff,0x39,0x23,0xff,0x39,0x43,0xff,0x29,0x03,0xff,0x28,0xc2,
  0xff,0x28,0xc2,0xff,0x62,0x04,0xff,0x9b,0x47,0xff,0x41,0x63,0xff,0x08,0x41,0xff,
  0x20,0xc2,0xff,0x41,0xa4,0xff,0x49,0xa4,0xff,0x49,0x63,0xff,0x49,0xa3,0xff,0x49,
  0xa3,0xff,0x49,0x42,0xff,0x41,0x63,0xff,0x29,0x02,0xff,0x10,0x61,0xff,0x08,0x41,
  0xff,0x08,0x21,0xff,0x20,0xa1,0xff,0x62,0x24,0xff,0x62,0x24,0xff,0x7a,0x85,0xff,
  0x72,0x65,0xff,0x51,0x83,0xff,0x59,0xa3,0xff,0x72,0x64,0xff,0x61,0xe4,0xff,0x41,
  0x63,0xff,0x18,0xa1,0xff,0x08,0x41,0xff,0x08,0x41,0xff,0x39,0x22,0xff,0x8b,0x06,
  0xff,0x41,0x63,0xff,0x10,0x61,0xff,0x18,0xa2,0xff,0x31,0x43,0xff,0x31,0x02,0xff,
  0x39,0x02,0xff,0x39,0x02,0xff,0x39,0x02,0xff,0x51,0xa3,0xff,0x62,0x24,0xff,0x62,
  0x24,0xff,0x41,0x23,0xff,0x49,0x63,0xff,0x59,0xc4,0xff,0x41,0x83,0xff,0x29,0x02,
  0xff,0x28,0xe2,0xff,0x28,0xe2,0xff,0x31,0x02,0xff,0x51,0xa4,0xff,0x59,0xe4,0xff,
  0x59,0xe4,0xff,0x59,0xe4,0xff,0x62,0x05,0xff,0x6a,0x25,0xff,0x7a,0x86,0xff,0x7a,
  0x86,0xff,0x72,0x85,0xff,0x72,0x65,0xff,0x5a,0x04,0xff,0x59,0xe4,0xff,0x62,0x04,
  0xff,0x62,0x04,0xff,0x5a,0x04,0xff,0x59,0xe4,0xff,0x49,0xa4,0xff,0x49,0xa4,0xff,
  0x41,0x43,0xff,0x49,0xa3,0xff,0x51,0xa4,0xff,0x62,0x25,0xff,0x6a,0x45,0xff,0x59,
  0xe4,0xff,0x51,0xa4,0xff,0x9b,0x89,0xff,0x9b,0xa9,0xff,0x9b,0xa9,0xff,0x28,0xc1,
  0x00,0x28,0xe2,0x00,0x49,0xc4,0xff,0x59,0xe4,0xff,0x62,0x04,0xff,0x59,0xe4,0xff,
  0x51,0xa3,0xff,0x49,0xa3,0xff,0x49,0xa3,0xff,0x39,0x63,0xff,0x49,0xa4,0xff,0x51,
  0xc4,0xff,0x51,0xc4,0xff,0x49,0x83,0xff,0x51,0xc4,0xff,0x51,0x83,0xff,0x59,0xc3,
  0xff,0xcc,0xed,0xff,0xcc,0xed,0xff,0x93,0x48,0xff,0x51,0xa3,0xff,0x62,0x05,0xff,
  0x62,0x05,0xff,0x62,0x25,0xff,0x59,0xe5,0xff,0x59,0xc4,0xff,0x59,0xe4,0xff,0x6a,
  0x65,0xff,0x6a,0x65,0xff,0x51,0xe4,0xff,0x51,0xe4,0xff,0x39,0x03,0xff,0x28,0xe2,
  0xff,0x41,0x63,0xff,0x41,0x63,0xff,0x10,0x61,0xff,0x00,0x21,0xff,0x00,0x21,0xff,
  0x10,0xa2,0x00,0x21,0x03,0x00,0x18,0xe3,0x00,0x21,0x04,0x00,0x21,0x04,0x00,0x21,
  0x04,0x00,0x21,0x04,0x00,0x21,0x24,0x00,0x00,0x41,0xff,0x00,0x41,0xff,0x29,0x02,
  0xff,0x82,0x86,0xff,0x61,0xe4,0xff,0x62,0x24,0xff,0x51,0xc4,0xff,0x51,0xa4,0xff,
  0x59,0xe4,0xff,0x6a,0x24,0xff,0x6a,0x24,0xff,0x72,0x65,0xff,0x7a,0x85,0xff,0x51,
  0xc4,0xff,0x18,0xa2,0xff,0x20,0xc2,0xff,0x49,0x83,0xff,0x39,0x43,0xff,0x39,0x43,
  0xff,0x6a,0x66,0xff,0x6a,0x66,0xff,0x6a,0x25,0xff,0x59,0xc4,0xff,0x5a,0x04,0xff,
  0x59,0xe4,0xff,0x51,0xa3,0xff,0x59,0xe4,0xff,0x59,0xe4,0xff,0x61,0xe4,0xff,0x62,
  0x04,0xff,0x62,0x04,0xff,0x72,0x65,0xff,0x59,0xc4,0xff,0x49,0x63,0xff,0x39,0x43,
  0xff,0x41,0x83,0xff,0x31,0x02,0xff,0x41,0x63,0xff,0x62,0x24,0xff,0x5a,0x25,0xff,
  0x5a,0x25,0xff,0x39,0x23,0xff,0x41,0x23,0xff,0x51,0xc4,0xff,0x51,0xa3,0xff,0x41,
  0x63,0xff,0x49,0x83,0xff,0x30,0xe2,0xff,0x31,0x03,0xff,0x31,0x03,0xff,0x59,0xc4,
  0xff,0x82,0xa5,0xff,0x30,0xe1,0xff,0x10,0x41,0xff,0x10,0x81,0xff,0x18,0x81,0xff,
  0x28,0xe2,0xff,0x41,0x43,0xff,0x51,0xc4,0xff,0x51,0xc4,0xff,0x51,0x63,0xff,0x51,
  0x62,0xff,0x5a,0x04,0xff,0x20,0xc2,0xff,0x10,0x81,0xff,0x18,0x82,0xff,0x49,0x84,
  0xff,0x82,0xe5,0xff,0x82,0xe5,0xff,0x61,0xe3,0xff,0x51,0x62,0xff,0x61,0xe4,0xff,
  0x51,0xa3,0xff,0x59,0xe4,0xff,0x39,0x43,0xff,0x18,0x81,0x00,0x08,0x61,0xff,0x08,
  0x41,0xff,0x08,0x41,0xff,0x30,0xe2,0xff,0x72,0x44,0xff,0x28,0xc2,0xff,0x18,0x81,
  0xff,0x28,0xe2,0xff,0x39,0x22,0xff,0x39,0x02,0xff,0x49,0x83,0xff,0x51,0xc3,0xff,
  0x51,0xc3,0xff,0x62,0x24,0xff,0x59,0xc3,0xff,0x62,0x04,0xff,0x59,0xc4,0xff,0x61,
  0xe4,0xff,0x59,0xe4,0xff,0x41,0x63,0xff,0x20,0xa1,0xff,0x28,0xe2,0xff,0x28,0xe2,
  0xff,0x31,0x02,0xff,0x49,0xa3,0xff,0x49,0x83,0xff,0x59,0xe4,0xff,0x59,0xe4,0xff,
  0x59,0xc4,0xff,0x6a,0x25,0xff,0x72,0x86,0xff,0x72,0x86,0xff,0x72,0x85,0xff,0x62,
  0x25,0xff,0x59,0xe4,0xff,0x62,0x04,0xff,0x59,0xc4,0xff,0x59,0xe4,0xff,0x62,0x04,
  0xff,0x59,0xe4,0xff,0x49,0x63,0xff,0x49,0x63,0xff,0x49,0x83,0xff,0x41,0x22,0xff,
  0x49,0x83,0xff,0x6a,0x25,0xff,0x59,0xe4,0xff,0x49,0x83,0xff,0x31,0x02,0x00,0x31,
  0x02,0x00,0x31,0x02,0x00,0x31,0x02,0x00,0x20,0xa1,0x00,0x28,0xe2,0x00,0x39,0x43,
  0xff,0x41,0x63,0xff,0x59,0xe4,0xff,0x49,0xc4,0xff,0x39,0x22,0xff,0x31,0x02,0xff,
  0x31,0x02,0xff,0x31,0x02,0xff,0x31,0x22,0xff,0x31,0x02,0xff,0x39,0x42,0xff,0x39,
  0x42,0xff,0x49,0x83,0xff,0x59,0xc4,0xff,0x59,0xc3,0xff,0x72,0x65,0xff,0x72,0x65,
  0xff,0x72,0x65,0xff,0x62,0x04,0xff,0x62,0x05,0xff,0x62,0x05,0xff,0x62,0x25,0xff,
  0x62,0x25,0xff,0x62,0x25,0xff,0x62,0x25,0xff,0x5a,0x05,0xff,0x5a,0x05,0xff,0x41,
  0x63,0xff,0x39,0x23,0xff,0x31,0x23,0xff,0x29,0x02,0xff,0x31,0x23,0xff,0x28,0xe2,
  0xff,0x08,0x61,0xff,0x00,0x41,0xff,0x00,0x41,0xff,0x10,0xa2,0x00,0x21,0x24,0x00,
  0x19,0x03,0x00,0x19,0x04,0x00,0x21,0x04,0x00,0x21,0x04,0x00,0x21,0x04,0x00,0x21,
  0x24,0x00,0x00,0x41,0xff,0x00,0x41,0xff,0x31,0x22,0xff,0x8b,0x07,0xff,0x62,0x04,
  0xff,0x49,0x83,0xff,0x49,0x63,0xff,0x49,0x63,0xff,0x59,0xe4,0xff,0x49,0x83,0xff,
  0x49,0x83,0xff,0x62,0x04,0xff,0x59,0xe4,0xff,0x49,0x63,0xff,0x20,0xa2,0xff,0x20,
  0xc2,0xff,0x51,0xc4,0xff,0x39,0x43,0xff,0x20,0xc2,0xff,0x59,0xe5,0xff,0x59,0xe5,
  0xff,0x62,0x25,0xff,0x59,0xe4,0xff,0x59,0xc4,0xff,0x51,0xa4,0xff,0x59,0xc4,0xff,
  0x5a,0x04,0xff,0x59,0xc4,0xff,0x62,0x04,0xff,0x59,0xe4,0xff,0x59,0xe4,0xff,0x59,
  0xc4,0xff,0x51,0xa4,0xff,0x49,0x83,0xff,0x49,0x63,0xff,0x5a,0x04,0xff,0x51,0xc4,
  0xff,0x49,0x84,0xff,0x51,0xa3,0xff,0x39,0x22,0xff,0x39,0x22,0xff,0x30,0xe3,0xff,
  0x41,0x43,0xff,0x41,0x83,0xff,0x51,0xc4,0xff,0x41,0x43,0xff,0x51,0xc4,0xff,0x49,
  0x83,0xff,0x39,0x23,0xff,0x39,0x23,0xff,0x49,0x83,0xff,0x7a,0xa5,0xff,0x20,0xc1,
  0xff,0x18,0x81,0xff,0x20,0xc2,0xff,0x18,0x81,0xff,0x08,0x20,0xff,0x20,0xa1,0xff,
  0x49,0x83,0xff,0x49,0x83,0xff,0x62,0x24,0xff,0x62,0x03,0xff,0x72,0x85,0xff,0x39,
  0x63,0xff,0x10,0x61,0xff,0x49,0xc4,0xff,0x7a,0xa5,0xff,0x6a,0x23,0xff,0x6a,0x23,
  0xff,0x62,0x24,0xff,0x59,0xc4,0xff,0x5a,0x04,0xff,0x41,0x43,0xff,0x28,0xe2,0x00,
  0x18,0x82,0x00,0x18,0x81,0x00,0x18,0xa2,0x00,0x10,0x81,0x00,0x10,0x81,0x00,0x41,
  0x83,0xff,0x6a,0x44,0xff,0x20,0xc2,0xff,0x28,0xe2,0xff,0x41,0x63,0xff,0x49,0x84,
  0xff,0x41,0x42,0xff,0x49,0x83,0xff,0x62,0x24,0xff,0x62,0x24,0xff,0x72,0x65,0xff,
  0x6a,0x04,0xff,0x62,0x24,0xff,0x62,0x04,0xff,0x72,0x65,0xff,0x62,0x04,0xff,0x41,
  0x63,0xff,0x39,0x03,0xff,0x39,0x43,0xff,0x39,0x43,0xff,0x49,0xa4,0xff,0x51,0xc4,
  0xff,0x51,0xa4,0xff,0x62,0x05,0xff,0x62,0x05,0xff,0x62,0x25,0xff,0x62,0x25,0xff,
  0x62,0x25,0xff,0x62,0x25,0xff,0x59,0xe4,0xff,0x59,0xc4,0xff,0x62,0x04,0xff,0x62,
  0x25,0xff,0x59,0xe4,0xff,0x59,0xc4,0xff,0x59,0xe4,0xff,0x51,0xa4,0xff,0x51,0xa4,
  0xff,0x51,0xa4,0xff,0x51,0xe4,0xff,0x41,0x43,0xff,0x51,0xa3,0xff,0x6a,0x45,0xff,
  0x59,0xe4,0xff,0x39,0x22,0x00,0x31,0x02,0x00,0x20,0xa2,0x00,0x10,0x61,0x00,0x10,
  0x61,0x00,0x18,0xa1,0x00,0x31,0x23,0x00,0x39,0x22,0xff,0x39,0x43,0xff,0x49,0xa4,
  0xff,0x49,0xa3,0xff,0x41,0x63,0xff,0x39,0x42,0xff,0x39,0x42,0xff,0x39,0x22,0xff,
  0x41,0x43,0xff,0x39,0x42,0xff,0x41,0x63,0xff,0x51,0xc3,0xff,0x62,0x04,0xff,0x62,
  0x04,0xff,0x62,0x04,0xff,0x61,0xe4,0xff,0x61,0xe4,0xff,0x59,0xe4,0xff,0x59,0xe4,
  0xff,0x62,0x05,0xff,0x51,0xc4,0xff,0x62,0x45,0xff,0x51,0xc4,0xff,0x5a,0x05,0xff,
  0x5a,0x05,0xff,0x41,0x64,0xff,0x41,0x64,0xff,0x20,0xc2,0xff,0x28,0xe3,0xff,0x31,
  0x43,0xff,0x20,0xc2,0xff,0x20,0xc2,0xff,0x18,0xa2,0xff,0x00,0x21,0xff,0x00,0x21,
  0xff,0x00,0x21,0xff,0x08,0x62,0xff,0x10,0xc3,0x00,0x10,0xc3,0x00,0x18,0xe4,0x00,
  0x21,0x04,0x00,0x21,0x04,0x00,0x19,0x04,0x00,0x19,0x04,0x00,0x00,0x40,0xff,0x00,
  0x40,0xff,0x20,0xc2,0xff,0x7a,0x65,0xff,0x49,0x63,0xff,0x49,0x83,0xff,0x62,0x04,
  0xff,0x51,0xa3,0xff,0x51,0xc4,0xff,0x51,0x83,0xff,0x51,0x83,0xff,0x59,0xc4,0xff,
  0x51,0x83,0xff,0x62,0x05,0xff,0x39,0x23,0xff,0x20,0xc2,0xff,0x49,0x84,0xff,0x28,
  0xe2,0xff,0x10,0x61,0xff,0x49,0xa4,0xff,0x49,0xa4,0xff,0x6a,0x25,0xff,0x62,0x04,
  0xff,0x51,0xa4,0xff,0x59,0xc4,0xff,0x51,0xa4,0xff,0x51,0xa4,0xff,0x61,0xe4,0xff,
  0x6a,0x24,0xff,0x59,0xc4,0xff,0x59,0xc4,0xff,0x59,0xc4,0xff,0x51,0xa4,0xff,0x62,
  0x05,0xff,0x51,0xa3,0xff,0x51,0xc3,0xff,0x51,0xa4,0xff,0x49,0x63,0xff,0x51,0x83,
  0xff,0x5a,0x04,0xff,0x5a,0x04,0xff,0x49,0x83,0xff,0x51,0xc4,0xff,0x31,0x02,0xff,
  0x39,0x23,0xff,0x39,0x02,0xff,0x41,0x43,0xff,0x49,0xa4,0xff,0x30,0xe2,0xff,0x30,
  0xe2,0xff,0x49,0x63,0xff,0x6a,0x24,0xff,0x18,0x81,0xff,0x20,0xc2,0xff,0x41,0x84,
  0xff,0x39,0x43,0xff,0x20,0xa1,0xff,0x31,0x22,0xff,0x31,0x02,0xff,0x31,0x02,0xff,
  0x51,0xc3,0xff,0x62,0x24,0xff,0x49,0x83,0xff,0x20,0xa1,0xff,0x18,0x61,0xff,0x51,
  0xa4,0xff,0x62,0x24,0xff,0x49,0x62,0xff,0x49,0x62,0xff,0x41,0x63,0xff,0x39,0x43,
  0x00,0x31,0x22,0x00,0x29,0x02,0x00,0x18,0xa2,0x00,0x18,0xa2,0x00,0x31,0x43,0x00,
  0x29,0x02,0x00,0x18,0x61,0x00,0x18,0x61,0x00,0x51,0xc3,0xff,0x62,0x04,0xff,0x18,
  0x61,0xff,0x28,0xe2,0xff,0x49,0x83,0xff,0x41,0x22,0xff,0x51,0x83,0xff,0x51,0xc4,
  0xff,0x59,0xc4,0xff,0x59,0xc4,0xff,0x6a,0x44,0xff,0x7a,0xa5,0xff,0x6a,0x24,0xff,
  0x59,0xa3,0xff,0x62,0x04,0xff,0x59,0xe4,0xff,0x51,0xa3,0xff,0x62,0x04,0xff,0x6a,
  0x65,0xff,0x6a,0x65,0xff,0x62,0x04,0xff,0x62,0x24,0xff,0x62,0x04,0xff,0x62,0x04,
  0xff,0x61,0xe4,0xff,0x6a,0x25,0xff,0x59,0xe4,0xff,0x59,0xc4,0xff,0x59,0xc4,0xff,
  0x51,0xa4,0xff,0x5a,0x04,0xff,0x59,0xc4,0xff,0x59,0xc4,0xff,0x59,0xc4,0xff,0x62,
  0x04,0xff,0x59,0xa4,0xff,0x59,0xe4,0xff,0x51,0xa3,0xff,0x51,0xa3,0xff,0x51,0xa3,
  0xff,0x49,0x83,0xff,0x59,0xe4,0xff,0x59,0xe4,0xff,0x41,0x43,0xff,0x30,0xe2,0x00,
  0x49,0x83,0xff,0x41,0x84,0xff,0x18,0xa1,0x00,0x18,0xa1,0x00,0x31,0x23,0x00,0x5a,
  0x05,0xff,0x51,0x83,0xff,0x59,0xe4,0xff,0x62,0x04,0xff,0x62,0x05,0xff,0x62,0x25,
  0xff,0x62,0x24,0xff,0x62,0x24,0xff,0x59,0xe4,0xff,0x5a,0x04,0xff,0x59,0xe4,0xff,
  0x62,0x04,0xff,0x62,0x04,0xff,0x62,0x04,0xff,0x6a,0x24,0xff,0x6a,0x24,0xff,0x61,
  0xe4,0xff,0x61,0xe4,0xff,0x62,0x04,0xff,0x51,0xc4,0xff,0x49,0x83,0xff,0x49,0x83,
  0xff,0x51,0xc4,0xff,0x49,0x83,0xff,0x49,0x83,0xff,0x59,0xe4,0xff,0x49,0x84,0xff,
  0x49,0x84,0xff,0x18,0xa1,0xff,0x20,0xc2,0xff,0x39,0x43,0xff,0x30,0xe2,0xff,0x31,
  0x02,0xff,0x51,0xe3,0xff,0x49,0x83,0xff,0x41,0x83,0xff,0x41,0x83,0xff,0x39,0x43,
  0xff,0x39,0x22,0x00,0x41,0x63,0xff,0x31,0x43,0x00,0x21,0x04,0x00,0x21,0x04,0x00,
  0x19,0x04,0x00,0x19,0x04,0x00,0x00,0x40,0xff,0x00,0x40,0xff,0x20,0xc2,0xff,0x7a,
  0x65,0xff,0x49,0x63,0xff,0x49,0x83,0xff,0x62,0x04,0xff,0x51,0xa3,0xff,0x51,0xc4,
  0xff,0x51,0x83,0xff,0x51,0x83,0xff,0x59,0xc4,0xff,0x51,0x83,0xff,0x62,0x05,0xff,
  0x39,0x23,0xff,0x20,0xc2,0xff,0x49,0x84,0xff,0x28,0xe2,0xff,0x10,0x61,0xff,0x49,
  0xa4,0xff,0x49,0xa4,0xff,0x6a,0x25,0xff,0x62,0x04,0xff,0x51,0xa4,0xff,0x59,0xc4,
  0xff,0x51,0xa4,0xff,0x51,0xa4,0xff,0x61,0xe4,0xff,0x6a,0x24,0xff,0x59,0xc4,0xff,
  0x59,0xc4,0xff,0x59,0xc4,0xff,0x51,0xa4,0xff,0x62,0x05,0xff,0x51,0xa3,0xff,0x51,
  0xc3,0xff,0x51,0xa4,0xff,0x49,0x63,0xff,0x51,0x83,0xff,0x5a,0x04,0xff,0x5a,0x04,
  0xff,0x49,0x83,0xff,0x51,0xc4,0xff,0x31,0x02,0xff,0x39,0x23,0xff,0x39,0x02,0xff,
  0x41,0x43,0xff,0x49,0xa4,0xff,0x30,0xe2,0xff,0x30,0xe2,0xff,0x49,0x63,0xff,0x6a,
  0x24,0xff,0x18,0x81,0xff,0x20,0xc2,0xff,0x41,0x84,0xff,0x39,0x43,0xff,0x20,0xa1,
  0xff,0x31,0x22,0xff,0x31,0x02,0xff,0x31,0x02,0xff,0x51,0xc3,0xff,0x62,0x24,0xff,
  0x49,0x83,0xff,0x20,0xa1,0xff,0x18,0x61,0xff,0x51,0xa4,0xff,0x62,0x24,0xff,0x49,
  0x62,0xff,0x49,0x62,0xff,0x41,0x63,0xff,0x39,0x43,0x00,0x31,0x22,0x00,0x29,0x02,
  0x00,0x18,0xa2,0x00,0x18,0xa2,0x00,0x31,0x43,0x00,0x29,0x02,0x00,0x18,0x61,0x00,
  0x18,0x61,0x00,0x51,0xc3,0xff,0x62,0x04,0xff,0x18,0x61,0xff,0x28,0xe2,0xff,0x49,
  0x83,0xff,0x41,0x22,0xff,0x51,0x83,0xff,0x51,0xc4,0xff,0x59,0xc4,0xff,0x59,0xc4,
  0xff,0x6a,0x44,0xff,0x7a,0xa5,0xff,0x6a,0x24,0xff,0x59,0xa3,0xff,0x62,0x04,0xff,
  0x59,0xe4,0xff,0x51,0xa3,0xff,0x62,0x04,0xff,0x6a,0x65,0xff,0x6a,0x65,0xff,0x62,
  0x04,0xff,0x62,0x24,0xff,0x62,0x04,0xff,0x62,0x04,0xff,0x61,0xe4,0xff,0x6a,0x25,
  0xff,0x59,0xe4,0xff,0x59,0xc4,0xff,0x59,0xc4,0xff,0x51,0xa4,0xff,0x5a,0x04,0xff,
  0x59,0xc4,0xff,0x59,0xc4,0xff,0x59,0xc4,0xff,0x62,0x04,0xff,0x59,0xa4,0xff,0x59,
  0xe4,0xff,0x51,0xa3,0xff,0x51,0xa3,0xff,0x51,0xa3,0xff,0x49,0x83,0xff,0x59,0xe4,
  0xff,0x59,0xe4,0xff,0x41,0x43,0xff,0x30,0xe2,0x00,0x49,0x83,0xff,0x41,0x84,0xff,
  0x18,0xa1,0x00,0x18,0xa1,0x00,0x31,0x23,0x00,0x5a,0x05,0xff,0x51,0x83,0xff,0x59,
  0xe4,0xff,0x62,0x04,0xff,0x62,0x05,0xff,0x62,0x25,0xff,0x62,0x24,0xff,0x62,0x24,
  0xff,0x59,0xe4,0xff,0x5a,0x04,0xff,0x59,0xe4,0xff,0x62,0x04,0xff,0x62,0x04,0xff,
  0x62,0x04,0xff,0x6a,0x24,0xff,0x6a,0x24,0xff,0x61,0xe4,0xff,0x61,0xe4,0xff,0x62,
  0x04,0xff,0x51,0xc4,0xff,0x49,0x83,0xff,0x49,0x83,0xff,0x51,0xc4,0xff,0x49,0x83,
  0xff,0x49,0x83,0xff,0x59,0xe4,0xff,0x49,0x84,0xff,0x49,0x84,0xff,0x18,0xa1,0xff,
  0x20,0xc2,0xff,0x39,0x43,0xff,0x30,0xe2,0xff,0x31,0x02,0xff,0x51,0xe3,0xff,0x49,
  0x83,0xff,0x41,0x83,0xff,0x41,0x83,0xff,0x39,0x43,0xff,0x39,0x22,0x00,0x41,0x63,
  0xff,0x31,0x43,0x00,0x21,0x04,0x00,0x21,0x04,0x00,0x19,0x04,0x00,0x19,0x04,0x00,
  0x00,0x41,0xff,0x00,0x41,0xff,0x18,0xa2,0xff,0x62,0x05,0xff,0x49,0x63,0xff,0x49,
  0x83,0xff,0x62,0x24,0xff,0x51,0xa3,0xff,0x51,0xc4,0xff,0x62,0x24,0xff,0x62,0x24,
  0xff,0x61,0xe4,0xff,0x62,0x04,0xff,0x82,0xc6,0xff,0x5a,0x04,0xff,0x31,0x03,0xff,
  0x39,0x43,0xff,0x20,0xc2,0xff,0x08,0x61,0xff,0x49,0xa4,0xff,0x49,0xa4,0xff,0x6a,
  0x45,0xff,0x62,0x04,0xff,0x51,0xc4,0xff,0x59,0xe4,0xff,0x59,0xe4,0xff,0x59,0xe4,
  0xff,0x59,0xe4,0xff,0x6a,0x24,0xff,0x6a,0x25,0xff,0x6a,0x25,0xff,0x72,0x86,0xff,
  0x72,0x65,0xff,0x72,0xa6,0xff,0x59,0xe4,0xff,0x41,0x43,0xff,0x39,0x43,0xff,0x51,
  0xa4,0xff,0x59,0xa4,0xff,0x6a,0x85,0xff,0x6a,0x85,0xff,0x6a,0x24,0xff,0x62,0x25,
  0xff,0x49,0x83,0xff,0x41,0x43,0xff,0x41,0x63,0xff,0x49,0x83,0xff,0x39,0x23,0xff,
  0x39,0x23,0xff,0x39,0x23,0xff,0x59,0xe4,0xff,0x72,0x65,0xff,0x20,0xa1,0xff,0x28,
  0xe2,0xff,0x41,0x43,0xff,0x41,0x43,0xff,0x39,0x22,0xff,0x39,0x63,0xff,0x39,0x22,
  0xff,0x39,0x22,0xff,0x41,0x63,0xff,0x51,0xa3,0xff,0x41,0x63,0xff,0x31,0x02,0xff,
  0x41,0x63,0xff,0x51,0xa4,0xff,0x51,0xa3,0xff,0x41,0x42,0xff,0x41,0x42,0xff,0x31,
  0x03,0x00,0x20,0xa2,0x00,0x28,0xe2,0x00,0x29,0x02,0x00,0x28,0xe2,0x00,0x28,0xe2,
  0x00,0x39,0x63,0x00,0x31,0x22,0x00,0x31,0x02,0x00,0x31,0x02,0x00,0x62,0x04,0xff,
  0x6a,0x24,0xff,0x39,0x22,0xff,0x39,0x43,0xff,0x51,0xa4,0xff,0x59,0xc4,0xff,0x59,
  0xc3,0xff,0x5a,0x04,0xff,0x49,0x83,0xff,0x49,0x83,0xff,0x62,0x04,0xff,0x6a,0x24,
  0xff,0x62,0x24,0xff,0x62,0x25,0xff,0x6a,0x45,0xff,0x59,0xe4,0xff,0x61,0xe4,0xff,
  0x6a,0x45,0xff,0x6a,0x65,0xff,0x6a,0x65,0xff,0x62,0x04,0xff,0x62,0x04,0xff,0x62,
  0x24,0xff,0x6a,0x25,0xff,0x6a,0x25,0xff,0x72,0x86,0xff,0x72,0x45,0xff,0x59,0xc4,
  0xff,0x59,0xc4,0xff,0x62,0x04,0xff,0x62,0x24,0xff,0x59,0xc4,0xff,0x59,0xc4,0xff,
  0x51,0xc3,0xff,0x59,0xe4,0xff,0x51,0xa4,0xff,0x59,0xe4,0xff,0x59,0xc4,0xff,0x59,
  0xc4,0xff,0x51,0xa4,0xff,0x49,0x63,0xff,0x62,0x04,0xff,0x59,0xe4,0xff,0x39,0x43,
  0xff,0x31,0x02,0x00,0x51,0xe4,0xff,0x41,0x83,0xff,0x10,0x61,0xff,0x10,0x61,0xff,
  0x52,0x05,0xff,0x93,0x48,0xff,0x6a,0x45,0xff,0x6a,0x24,0xff,0x72,0x85,0xff,0x72,
  0x45,0xff,0x6a,0x24,0xff,0x6a,0x45,0xff,0x6a,0x45,0xff,0x6a,0x45,0xff,0x62,0x04,
  0xff,0x62,0x04,0xff,0x62,0x24,0xff,0x59,0xe4,0xff,0x62,0x04,0xff,0x62,0x24,0xff,
  0x62,0x24,0xff,0x62,0x24,0xff,0x62,0x24,0xff,0x62,0x45,0xff,0x62,0x04,0xff,0x62,
  0x24,0xff,0x5a,0x04,0xff,0x51,0xc4,0xff,0x59,0xc4,0xff,0x6a,0x45,0xff,0x7a,0x85,
  0xff,0x7a,0xa6,0xff,0x7a,0xa6,0xff,0x31,0x22,0xff,0x29,0x03,0xff,0x51,0xa4,0xff,
  0x7a,0x64,0xff,0x82,0x44,0xff,0x9a,0xe5,0xff,0x92,0x84,0xff,0x9b,0x05,0xff,0x9b,
  0x05,0xff,0x8a,0xa4,0xff,0x8a,0x63,0xff,0xa3,0x05,0xff,0x7a,0x44,0xff,0x21,0x04,
  0x00,0x21,0x04,0x00,0x21,0x04,0x00,0x18,0xe3,0x00,0x00,0x41,0xff,0x00,0x41,0xff,
  0x08,0x41,0xff,0x39,0x23,0xff,0x49,0xa4,0xff,0x41,0x43,0xff,0x39,0x23,0x00,0x39,
  0x23,0x00,0x39,0x43,0xff,0x59,0xe4,0xff,0x59,0xe4,0xff,0x6a,0x04,0xff,0x62,0x04,
  0xff,0x6a,0x25,0xff,0x51,0xe4,0xff,0x28,0xc2,0xff,0x28,0xe2,0xff,0x10,0x61,0xff,
  0x10,0x61,0xff,0x51,0xe5,0xff,0x51,0xe5,0xff,0x62,0x05,0xff,0x51,0xa3,0xff,0x59,
  0xc4,0xff,0x51,0xa4,0xff,0x59,0xc4,0xff,0x5a,0x04,0xff,0x51,0xa4,0xff,0x51,0xa4,
  0xff,0x59,0xe5,0xff,0x59,0xe5,0xff,0x7a,0x86,0xff,0x82,0xe6,0xff,0x72,0x65,0xff,
  0x59,0xc3,0xff,0x49,0x43,0xff,0x51,0xc4,0xff,0x6a,0x45,0xff,0x59,0xc4,0xff,0x51,
  0xa3,0xff,0x51,0xa3,0xff,0x59,0xc4,0xff,0x59,0xa4,0xff,0x6a,0x25,0xff,0x62,0x24,
  0xff,0x41,0x43,0xff,0x41,0x63,0xff,0x39,0x23,0xff,0x39,0x02,0xff,0x39,0x02,0xff,
  0x59,0xc3,0xff,0x6a,0x45,0xff,0x20,0xa1,0xff,0x28,0xc2,0xff,0x39,0x23,0xff,0x39,
  0x42,0xff,0x39,0x22,0xff,0x31,0x02,0xff,0x41,0x63,0xff,0x41,0x63,0xff,0x41,0x63,
  0xff,0x51,0xa3,0xff,0x62,0x04,0xff,0x62,0x25,0xff,0x72,0x85,0xff,0x59,0xe4,0xff,
  0x49,0x63,0xff,0x41,0x63,0xff,0x41,0x63,0xff,0x41,0x63,0xff,0x28,0xe2,0x00,0x31,
  0x23,0x00,0x29,0x03,0x00,0x31,0x22,0x00,0x31,0x02,0x00,0x31,0x02,0x00,0x31,0x22,
  0x00,0x31,0x02,0x00,0x31,0x02,0x00,0x59,0xa3,0xff,0x6a,0x24,0xff,0x41,0x42,0xff,
  0x39,0x02,0xff,0x49,0x83,0xff,0x5a,0x04,0xff,0x51,0xc4,0xff,0x49,0xa3,0xff,0x49,
  0x83,0xff,0x49,0x83,0xff,0x49,0x63,0xff,0x49,0x63,0xff,0x62,0x04,0xff,0x61,0xe4,
  0xff,0x5a,0x05,0xff,0x51,0xc3,0xff,0x62,0x05,0xff,0x62,0x04,0xff,0x61,0xe4,0xff,
  0x61,0xe4,0xff,0x62,0x25,0xff,0x62,0x25,0xff,0x51,0xc4,0xff,0x59,0xc4,0xff,0x72,
  0x66,0xff,0x82,0xc6,0xff,0x72,0x85,0xff,0x51,0xc4,0xff,0x51,0xc4,0xff,0x49,0x63,
  0xff,0x59,0xc4,0xff,0x59,0xe4,0xff,0x59,0xe4,0xff,0x41,0x83,0xff,0x39,0x23,0xff,
  0x39,0x43,0xff,0x49,0xa4,0xff,0x41,0x43,0xff,0x41,0x43,0xff,0x49,0x63,0xff,0x49,
  0x83,0xff,0x51,0x83,0xff,0x51,0xa4,0xff,0x41,0x63,0xff,0x28,0xc2,0x00,0x39,0x23,
  0xff,0x31,0x23,0x00,0x18,0x81,0x00,0x18,0x81,0x00,0x51,0xc5,0xff,0x8a,0xe7,0xff,
  0x72,0x65,0xff,0x6a,0x25,0xff,0x6a,0x25,0xff,0x72,0x45,0xff,0x6a,0x25,0xff,0x62,
  0x04,0xff,0x62,0x04,0xff,0x62,0x04,0xff,0x62,0x04,0xff,0x59,0xe4,0xff,0x59,0xe4,
  0xff,0x62,0x04,0xff,0x62,0x04,0xff,0x59,0xe4,0xff,0x62,0x04,0xff,0x5a,0x04,0xff,
  0x5a,0x04,0xff,0x51,0xc4,0xff,0x49,0x83,0xff,0x51,0xe4,0xff,0x41,0x63,0xff,0x41,
  0x63,0xff,0x41,0x43,0xff,0x72,0x65,0xff,0x82,0xa5,0xff,0x72,0x65,0xff,0x72,0x65,
  0xff,0x28,0xe2,0xff,0x18,0xa2,0xff,0x41,0x43,0xff,0x8a,0xc5,0xff,0x8a,0x84,0xff,
  0x8a,0x43,0xff,0x82,0x23,0xff,0x8a,0x83,0xff,0x8a,0x83,0xff,0x72,0x03,0xff,0x7a,
  0x02,0xff,0xa2,0xc4,0xff,0x72,0x03,0xff,0x21,0x04,0x00,0x21,0x04,0x00,0x21,0x04,
  0x00,0x18,0xe3,0x00,0x08,0x61,0xff,0x08,0x61,0xff,0x10,0x82,0xff,0x31,0x43,0xff,
  0x41,0x63,0xff,0x41,0x43,0xff,0x41,0x63,0xff,0x28,0xe2,0x00,0x20,0xa1,0x00,0x39,
  0x42,0xff,0x39,0x42,0xff,0x5a,0x04,0xff,0x61,0xe4,0xff,0x51,0xa4,0xff,0x20,0xc1,
  0xff,0x10,0x41,0xff,0x28,0xe2,0xff,0x10,0x61,0xff,0x10,0x61,0xff,0x62,0x46,0xff,
  0x62,0x46,0xff,0x6a,0x45,0xff,0x59,0xc4,0xff,0x62,0x25,0xff,0x62,0x25,0xff,0x51,
  0xa3,0xff,0x49,0xa3,0xff,0x41,0x63,0xff,0x41,0x63,0xff,0x49,0x63,0xff,0x49,0x63,
  0xff,0x59,0xe4,0xff,0x6a,0x25,0xff,0x62,0x04,0xff,0x61,0xe4,0xff,0x59,0xe4,0xff,
  0x62,0x04,0xff,0x62,0x45,0xff,0x59,0xc3,0xff,0x5a,0x04,0xff,0x5a,0x04,0xff,0x49,
  0x84,0xff,0x41,0x63,0xff,0x62,0x45,0xff,0x6a,0x65,0xff,0x61,0xe4,0xff,0x51,0xc4,
  0xff,0x41,0x43,0xff,0x49,0x83,0xff,0x49,0x83,0xff,0x6a,0x45,0xff,0x6a,0x24,0xff,
  0x20,0xc2,0xff,0x39,0x23,0xff,0x49,0x83,0xff,0x39,0x42,0xff,0x39,0x42,0xff,0x39,
  0x43,0xff,0x39,0x43,0xff,0x39,0x43,0xff,0x39,0x42,0xff,0x49,0xa3,0xff,0x6a,0x45,
  0xff,0x61,0xe4,0xff,0x6a,0x24,0xff,0x62,0x04,0xff,0x59,0xc4,0xff,0x5a,0x04,0xff,
  0x5a,0x04,0xff,0x5a,0x24,0xff,0x49,0x83,0xff,0x31,0x23,0x00,0x20,0xc2,0x00,0x31,
  0x02,0x00,0x39,0x43,0xff,0x39,0x63,0xff,0x31,0x02,0x00,0x39,0x22,0xff,0x39,0x22,
  0xff,0x61,0xe4,0xff,0x6a,0x85,0xff,0x41,0x63,0xff,0x30,0xe2,0xff,0x31,0x02,0xff,
  0x39,0x42,0xff,0x39,0x02,0xff,0x39,0x43,0xff,0x49,0xa3,0xff,0x49,0xa3,0xff,0x49,
  0x83,0xff,0x49,0x83,0xff,0x62,0x45,0xff,0x51,0xc4,0xff,0x39,0x42,0xff,0x39,0x22,
  0xff,0x49,0x83,0xff,0x5a,0x04,0xff,0x5a,0x04,0xff,0x5a,0x04,0xff,0x49,0xa3,0xff,
  0x41,0x83,0xff,0x31,0x02,0xff,0x31,0x22,0xff,0x41,0x83,0xff,0x5a,0x05,0xff,0x41,
  0x83,0xff,0x28,0xe2,0xff,0x28,0xe2,0xff,0x28,0xe2,0xff,0x39,0x43,0xff,0x31,0x22,
  0xff,0x31,0x23,0xff,0x31,0x02,0xff,0x31,0x23,0xff,0x29,0x02,0xff,0x39,0x63,0xff,
  0x41,0x63,0xff,0x41,0x63,0xff,0x51,0xc4,0xff,0x59,0xe4,0xff,0x62,0x04,0xff,0x59,
  0xe4,0xff,0x51,0xc4,0xff,0x20,0xc1,0x00,0x20,0xc2,0x00,0x20,0xa1,0x00,0x39,0x23,
  0x00,0x39,0x23,0x00,0x51,0xc4,0xff,0x72,0x86,0xff,0x72,0x85,0xff,0x72,0x85,0xff,
  0x6a,0x25,0xff,0x6a,0x25,0xff,0x6a,0x24,0xff,0x6a,0x24,0xff,0x6a,0x24,0xff,0x62,
  0x04,0xff,0x62,0x04,0xff,0x59,0xe4,0xff,0x51,0xc4,0xff,0x59,0xc4,0xff,0x5a,0x04,
  0xff,0x5a,0x04,0xff,0x62,0x45,0xff,0x51,0xc4,0xff,0x51,0xc4,0xff,0x20,0xa1,0xff,
  0x18,0x81,0xff,0x20,0xc2,0xff,0x20,0xc1,0xff,0x29,0x02,0xff,0x28,0xc2,0xff,0x39,
  0x43,0xff,0x41,0x42,0xff,0x30,0xe2,0xff,0x30,0xe2,0xff,0x18,0xa1,0xff,0x20,0xc2,
  0xff,0x20,0xc2,0xff,0x39,0x42,0xff,0x51,0xa3,0xff,0x6a,0x24,0xff,0x72,0x64,0xff,
  0x51,0xc3,0xff,0x51,0xc3,0xff,0x28,0xe2,0xff,0x41,0x42,0xff,0x82,0x84,0xff,0x59,
  0xc3,0xff,0x21,0x04,0x00,0x21,0x04,0x00,0x21,0x03,0x00,0x18,0xe3,0x00,0x08,0x62,
  0xff,0x08,0x62,0xff,0x08,0x61,0xff,0x28,0xe2,0xff,0x49,0x63,0xff,0x51,0xc4,0xff,
  0x52,0x04,0xff,0x28,0xc2,0x00,0x18,0xa1,0x00,0x20,0xe2,0x00,0x20,0xe2,0x00,0x31,
  0x22,0x00,0x49,0x63,0xff,0x49,0x83,0xff,0x18,0x81,0xff,0x08,0x20,0xff,0x20,0xc2,
  0xff,0x08,0x20,0xff,0x08,0x41,0xff,0x5a,0x05,0xff,0x5a,0x05,0xff,0x6a,0x45,0xff,
  0x62,0x25,0xff,0x62,0x25,0xff,0x5a,0x05,0xff,0x49,0xa3,0xff,0x39,0x23,0xff,0x41,
  0x43,0xff,0x51,0xc4,0xff,0x49,0xa4,0xff,0x49,0xa4,0xff,0x51,0xa4,0xff,0x59,0xc4,
  0xff,0x62,0x25,0xff,0x59,0xc3,0xff,0x62,0x24,0xff,0x59,0xc4,0xff,0x51,0x83,0xff,
  0x62,0x04,0xff,0x6a,0x65,0xff,0x6a,0x65,0xff,0x51,0xa4,0xff,0x49,0xa4,0xff,0x39,
  0x22,0xff,0x49,0xa3,0xff,0x6a,0x45,0xff,0x59,0xc4,0xff,0x41,0x23,0xff,0x49,0x63,
  0xff,0x49,0x63,0xff,0x6a,0x45,0xff,0x62,0x04,0xff,0x20,0x81,0xff,0x41,0x43,0xff,
  0x51,0xa4,0xff,0x41,0x42,0xff,0x39,0x22,0xff,0x41,0x83,0xff,0x39,0x23,0xff,0x39,
  0x23,0xff,0x39,0x02,0xff,0x41,0x63,0xff,0x51,0xa3,0xff,0x62,0x25,0xff,0x59,0xc4,
  0xff,0x59,0xa4,0xff,0x59,0xc4,0xff,0x59,0xc3,0xff,0x59,0xc3,0xff,0x5a,0x04,0xff,
  0x49,0x83,0xff,0x31,0x23,0x00,0x31,0x23,0x00,0x41,0x63,0xff,0x39,0x43,0xff,0x41,
  0x63,0xff,0x28,0xe2,0x00,0x39,0x42,0xff,0x39,0x42,0xff,0x51,0xa4,0xff,0x49,0x83,
  0xff,0x41,0x83,0xff,0x39,0x02,0xff,0x51,0xa4,0xff,0x49,0xa3,0xff,0x49,0x63,0xff,
  0x51,0xe4,0xff,0x39,0x42,0xff,0x39,0x42,0xff,0x39,0x43,0xff,0x41,0x43,0xff,0x41,
  0x83,0xff,0x49,0xa3,0xff,0x39,0x22,0xff,0x41,0x42,0xff,0x59,0xe4,0xff,0x51,0xa4,
  0xff,0x51,0xc4,0xff,0x51,0xc4,0xff,0x49,0x83,0xff,0x41,0x63,0xff,0x31,0x22,0xff,
  0x31,0x22,0xff,0x20,0xc2,0xff,0x28,0xe2,0xff,0x20,0xc2,0xff,0x20,0xc2,0xff,0x20,
  0xc2,0xff,0x18,0x81,0xff,0x10,0x81,0xff,0x18,0x81,0xff,0x18,0xa2,0xff,0x18,0x81,
  0xff,0x20,0xe2,0xff,0x18,0x81,0xff,0x28,0xc2,0xff,0x51,0xe4,0xff,0x51,0xe4,0xff,
  0x62,0x24,0xff,0x51,0x83,0xff,0x6a,0x25,0xff,0x59,0xe4,0xff,0x41,0x63,0xff,0x18,
  0xa1,0x00,0x10,0x61,0x00,0x18,0x81,0x00,0x49,0xa4,0xff,0x49,0xa4,0xff,0x49,0xa4,
  0xff,0x41,0x43,0xff,0x62,0x25,0xff,0x6a,0x45,0xff,0x61,0xe4,0xff,0x62,0x04,0xff,
  0x61,0xe4,0xff,0x62,0x24,0xff,0x62,0x24,0xff,0x59,0xc4,0xff,0x51,0xa3,0xff,0x49,
  0x83,0xff,0x49,0x83,0xff,0x49,0x83,0xff,0x59,0xe4,0xff,0x59,0xe4,0xff,0x62,0x05,
  0xff,0x5a,0x05,0xff,0x5a,0x05,0xff,0x49,0x83,0xff,0x39,0x43,0xff,0x39,0x43,0xff,
  0x49,0xc4,0xff,0x49,0xa4,0xff,0x31,0x22,0xff,0x39,0x63,0xff,0x28,0xe2,0xff,0x20,
  0xc2,0xff,0x20,0xc2,0xff,0x18,0xa1,0xff,0x20,0xe2,0xff,0x18,0xa2,0xff,0x20,0xc2,
  0xff,0x28,0xe2,0xff,0x18,0x82,0xff,0x31,0x23,0xff,0x18,0xc3,0xff,0x18,0xc3,0xff,
  0x00,0x21,0xff,0x00,0x41,0xff,0x10,0x82,0x00,0x29,0x23,0x00,0x21,0x04,0x00,0x18,
  0xe4,0x00,0x21,0x04,0x00,0x10,0xc3,0x00,0x00,0x41,0xff,0x00,0x41,0xff,0x08,0x61,
  0xff,0x49,0xe5,0xff,0x72,0x65,0xff,0x59,0xe3,0xff,0x5a,0x04,0xff,0x39,0x22,0xff,
  0x29,0x02,0x00,0x20,0xc2,0x00,0x20,0xc2,0x00,0x28,0xe2,0x00,0x51,0xa4,0xff,0x59,
  0xe4,0xff,0x29,0x02,0xff,0x10,0x61,0xff,0x10,0x81,0xff,0x00,0x20,0xff,0x08,0x61,
  0xff,0x62,0x25,0xff,0x62,0x25,0xff,0x6a,0x45,0xff,0x62,0x25,0xff,0x59,0xe4,0xff,
  0x51,0xc4,0xff,0x49,0x83,0xff,0x39,0x23,0xff,0x49,0xa4,0xff,0x5a,0x05,0xff,0x59,
  0xc4,0xff,0x59,0xc4,0xff,0x62,0x04,0xff,0x59,0xe4,0xff,0x62,0x24,0xff,0x59,0xc4,
  0xff,0x51,0xc3,0xff,0x59,0xe4,0xff,0x62,0x25,0xff,0x59,0xe4,0xff,0x51,0xa4,0xff,
  0x51,0xa4,0xff,0x62,0x04,0xff,0x62,0x25,0xff,0x39,0x22,0xff,0x39,0x43,0xff,0x41,
  0x23,0xff,0x49,0x83,0xff,0x41,0x63,0xff,0x49,0xa4,0xff,0x49,0xa4,0xff,0x62,0x04,
  0xff,0x6a,0x24,0xff,0x31,0x22,0xff,0x41,0x84,0xff,0x59,0xe4,0xff,0x59,0xc4,0xff,
  0x49,0x63,0xff,0x49,0x83,0xff,0x41,0x63,0xff,0x41,0x63,0xff,0x41,0x63,0xff,0x39,
  0x43,0xff,0x41,0x63,0xff,0x49,0xa3,0xff,0x51,0xa4,0xff,0x51,0xc4,0xff,0x5a,0x24,
  0xff,0x49,0x83,0xff,0x49,0x83,0xff,0x41,0x43,0xff,0x39,0x23,0xff,0x41,0x63,0xff,
  0x49,0x84,0xff,0x51,0xc3,0xff,0x41,0x43,0xff,0x41,0x63,0xff,0x31,0x02,0x00,0x51,
  0xa3,0xff,0x51,0xa3,0xff,0x59,0xc4,0xff,0x28,0xe2,0xff,0x39,0x43,0xff,0x59,0xc3,
  0xff,0x72,0x65,0xff,0x72,0x85,0xff,0x6a,0x45,0xff,0x72,0x65,0xff,0x51,0xc4,0xff,
  0x51,0xc4,0xff,0x51,0xc4,0xff,0x41,0x43,0xff,0x39,0x22,0xff,0x41,0x83,0xff,0x51,
  0xc4,0xff,0x51,0xc3,0xff,0x62,0x24,0xff,0x51,0xa4,0xff,0x59,0xc4,0xff,0x59,0xc4,
  0xff,0x51,0xc4,0xff,0x59,0xe4,0xff,0x51,0xc4,0xff,0x49,0xa4,0xff,0x39,0x43,0xff,
  0x41,0x63,0xff,0x39,0x43,0xff,0x41,0x83,0xff,0x41,0x83,0xff,0x39,0x23,0xff,0x31,
  0x02,0xff,0x31,0x02,0xff,0x41,0x84,0xff,0x41,0x63,0xff,0x39,0x63,0xff,0x31,0x02,
  0xff,0x39,0x23,0xff,0x59,0xe4,0xff,0x59,0xe4,0xff,0x6a,0x24,0xff,0x62,0x24,0xff,
  0x62,0x04,0xff,0x49,0x84,0xff,0x30,0xe2,0x00,0x18,0xa1,0x00,0x10,0x81,0x00,0x18,
  0xc2,0x00,0x51,0xe4,0xff,0x51,0xe4,0xff,0x51,0xc4,0xff,0x41,0x63,0xff,0x49,0x83,
  0xff,0x61,0xe4,0xff,0x6a,0x24,0xff,0x6a,0x25,0xff,0x62,0x04,0xff,0x62,0x24,0xff,
  0x62,0x24,0xff,0x49,0x83,0xff,0x41,0x43,0xff,0x39,0x43,0xff,0x49,0x83,0xff,0x59,
  0xe4,0xff,0x62,0x04,0xff,0x62,0x04,0xff,0x62,0x04,0xff,0x6a,0x25,0xff,0x6a,0x25,
  0xff,0x6a,0x45,0xff,0x59,0xe4,0xff,0x59,0xe4,0xff,0x59,0xe4,0xff,0x59,0xe4,0xff,
  0x51,0xc4,0xff,0x49,0xa3,0xff,0x41,0x43,0xff,0x39,0x43,0xff,0x39,0x43,0xff,0x31,
  0x22,0xff,0x39,0x63,0xff,0x29,0x02,0xff,0x31,0x23,0xff,0x29,0x03,0xff,0x28,0xe2,
  0xff,0x39,0x44,0xff,0x31,0x23,0xff,0x31,0x23,0xff,0x08,0x81,0xff,0x08,0x61,0xff,
  0x10,0xa2,0x00,0x29,0x24,0x00,0x21,0x04,0x00,0x18,0xe3,0x00,0x29,0x44,0x00,0x18,
  0xc2,0x00,0x08,0x40,0xff,0x08,0x40,0xff,0x18,0x81,0xff,0x5a,0x05,0xff,0x72,0x64,
  0xff,0x59,0xa3,0xff,0x49,0x63,0xff,0x41,0x83,0xff,0x28,0xe2,0x00,0x18,0x81,0x00,
  0x18,0x81,0x00,0x31,0x02,0x00,0x49,0x83,0xff,0x51,0x83,0xff,0x39,0x43,0xff,0x20,
  0xa1,0xff,0x08,0x41,0xff,0x00,0x20,0xff,0x08,0x20,0xff,0x5a,0x05,0xff,0x5a,0x05,
  0xff,0x5a,0x04,0xff,0x49,0x83,0xff,0x51,0xa4,0xff,0x62,0x25,0xff,0x49,0x83,0xff,
  0x41,0x63,0xff,0x41,0x63,0xff,0x51,0xc4,0xff,0x62,0x24,0xff,0x62,0x24,0xff,0x6a,
  0x44,0xff,0x59,0xe4,0xff,0x59,0xe4,0xff,0x59,0xc4,0xff,0x51,0xa3,0xff,0x62,0x24,
  0xff,0x6a,0x45,0xff,0x41,0x63,0xff,0x39,0x02,0xff,0x39,0x02,0xff,0x51,0xa4,0xff,
  0x62,0x04,0xff,0x51,0xc4,0xff,0x49,0xa4,0xff,0x39,0x23,0xff,0x49,0xa4,0xff,0x39,
  0x42,0xff,0x41,0x43,0xff,0x41,0x43,0xff,0x59,0xe4,0xff,0x72,0x65,0xff,0x41,0x63,
  0xff,0x39,0x03,0xff,0x62,0x24,0xff,0x5a,0x04,0xff,0x51,0xa3,0xff,0x41,0x43,0xff,
  0x41,0x43,0xff,0x41,0x43,0xff,0x41,0x83,0xff,0x39,0x22,0xff,0x41,0x63,0xff,0x49,
  0x83,0xff,0x59,0xe4,0xff,0x49,0x83,0xff,0x49,0x83,0xff,0x39,0x43,0xff,0x39,0x43,
  0xff,0x41,0x63,0xff,0x49,0x63,0xff,0x5a,0x04,0xff,0x49,0x63,0xff,0x51,0xa3,0xff,
  0x51,0xa4,0xff,0x39,0x23,0x00,0x30,0xe1,0x00,0x59,0xc3,0xff,0x59,0xc3,0xff,0x59,
  0xc4,0xff,0x20,0xc2,0xff,0x39,0x43,0xff,0x62,0x04,0xff,0x61,0xe4,0xff,0x6a,0x44,
  0xff,0x6a,0x44,0xff,0x59,0xc4,0xff,0x59,0xc4,0xff,0x59,0xc4,0xff,0x5a,0x04,0xff,
  0x49,0x63,0xff,0x59,0xc4,0xff,0x61,0xe4,0xff,0x62,0x04,0xff,0x51,0xa3,0xff,0x51,
  0xa3,0xff,0x59,0xe4,0xff,0x51,0xa3,0xff,0x51,0xa3,0xff,0x51,0xa3,0xff,0x59,0xe4,
  0xff,0x59,0xe4,0xff,0x5a,0x04,0xff,0x51,0xc4,0xff,0x51,0xa4,0xff,0x62,0x04,0xff,
  0x6a,0x45,0xff,0x6a,0x45,0xff,0x62,0x05,0xff,0x72,0x86,0xff,0x6a,0x25,0xff,0x6a,
  0x24,0xff,0x62,0x24,0xff,0x51,0xc4,0xff,0x41,0x43,0xff,0x51,0xc4,0xff,0x59,0xa4,
  0xff,0x59,0xa4,0xff,0x59,0xe4,0xff,0x62,0x24,0xff,0x49,0x83,0xff,0x28,0xe2,0x00,
  0x31,0x02,0x00,0x18,0xa1,0x00,0x08,0x61,0x00,0x18,0xa1,0x00,0x49,0x83,0xff,0x49,
  0x83,0xff,0x59,0xe4,0xff,0x49,0x83,0xff,0x41,0x43,0xff,0x59,0xe4,0xff,0x61,0xe4,
  0xff,0x6a,0x24,0xff,0x59,0xc4,0xff,0x51,0xc4,0xff,0x51,0xc4,0xff,0x41,0x43,0xff,
  0x31,0x23,0xff,0x28,0xe2,0xff,0x41,0x63,0xff,0x6a,0x45,0xff,0x59,0xc4,0xff,0x59,
  0xa4,0xff,0x62,0x04,0xff,0x59,0xa3,0xff,0x59,0xa3,0xff,0x62,0x24,0xff,0x59,0xc3,
  0xff,0x51,0x83,0xff,0x62,0x04,0xff,0x62,0x24,0xff,0x51,0xa3,0xff,0x41,0x63,0xff,
  0x51,0xa3,0xff,0x51,0xc4,0xff,0x51,0xc4,0xff,0x41,0x43,0xff,0x39,0x22,0xff,0x41,
  0x83,0xff,0x49,0xa4,0xff,0x41,0x43,0xff,0x41,0x63,0xff,0x51,0xc4,0xff,0x51,0xc4,
  0xff,0x51,0xc4,0xff,0x18,0x81,0x00,0x08,0x21,0xff,0x21,0x03,0x00,0x29,0x24,0x00,
  0x18,0xe3,0x00,0x21,0x04,0x00,0x08,0x62,0x00,0x29,0x02,0x00,0x83,0x06,0xff,0x83,
  0x06,0xff,0x72,0x85,0xff,0x6a,0x25,0xff,0x62,0x04,0xff,0x59,0xe3,0xff,0x51,0xa3,
  0xff,0x41,0x63,0xff,0x31,0x23,0x00,0x20,0xc2,0x00,0x20,0xc2,0x00,0x31,0x43,0x00,
  0x51,0xc4,0xff,0x49,0x63,0xff,0x49,0x83,0xff,0x41,0x63,0xff,0x10,0x61,0xff,0x00,
  0x20,0xff,0x08,0x41,0xff,0x59,0xe4,0xff,0x59,0xe4,0xff,0x5a,0x04,0xff,0x49,0x63,
  0xff,0x51,0xc4,0xff,0x62,0x25,0xff,0x59,0xc4,0xff,0x5a,0x05,0xff,0x51,0xc4,0xff,
  0x5a,0x04,0xff,0x6a,0x25,0xff,0x6a,0x25,0xff,0x61,0xe4,0xff,0x5a,0x04,0xff,0x62,
  0x04,0xff,0x59,0xc3,0xff,0x5a,0x04,0xff,0x62,0x24,0xff,0x49,0x83,0xff,0x41,0x43,
  0xff,0x51,0xc4,0xff,0x51,0xc4,0xff,0x49,0x84,0xff,0x51,0xa4,0xff,0x49,0x83,0xff,
  0x62,0x24,0xff,0x59,0xe4,0xff,0x49,0xa3,0xff,0x39,0x43,0xff,0x41,0x63,0xff,0x41,
  0x63,0xff,0x62,0x05,0xff,0x8a,0xe6,0xff,0x59,0xc4,0xff,0x31,0x23,0xff,0x59,0xe4,
  0xff,0x59,0xc4,0xff,0x59,0xc4,0xff,0x51,0xa4,0xff,0x41,0x63,0xff,0x41,0x63,0xff,
  0x41,0x63,0xff,0x49,0xa4,0xff,0x62,0x24,0xff,0x62,0x04,0xff,0x6a,0x45,0xff,0x51,
  0xa3,0xff,0x39,0x23,0xff,0x39,0x43,0xff,0x39,0x43,0xff,0x51,0xa4,0xff,0x62,0x05,
  0xff,0x6a,0x45,0xff,0x59,0xc4,0xff,0x59,0xc4,0xff,0x51,0xc4,0xff,0x39,0x43,0xff,
  0x31,0x02,0x00,0x6a,0x44,0xff,0x6a,0x44,0xff,0x62,0x04,0xff,0x28,0xe2,0xff,0x41,
  0x63,0xff,0x5a,0x04,0xff,0x51,0xa3,0xff,0x51,0xc3,0xff,0x51,0xa3,0xff,0x51,0x83,
  0xff,0x59,0xc4,0xff,0x59,0xc4,0xff,0x61,0xe4,0xff,0x6a,0x24,0xff,0x7a,0xc5,0xff,
  0x6a,0x24,0xff,0x49,0x63,0xff,0x39,0x42,0xff,0x49,0x83,0xff,0x59,0xe4,0xff,0x59,
  0xe4,0xff,0x59,0xe4,0xff,0x59,0xe4,0xff,0x62,0x04,0xff,0x59,0xe4,0xff,0x5a,0x04,
  0xff,0x59,0xc4,0xff,0x51,0xa4,0xff,0x62,0x05,0xff,0x62,0x25,0xff,0x62,0x25,0xff,
  0x72,0x45,0xff,0x72,0x65,0xff,0x59,0xe4,0xff,0x41,0x43,0xff,0x39,0x02,0xff,0x49,
  0x83,0xff,0x49,0x83,0xff,0x62,0x04,0xff,0x59,0xa3,0xff,0x59,0xa3,0xff,0x62,0x24,
  0xff,0x49,0x83,0xff,0x39,0x23,0x00,0x31,0x03,0x00,0x41,0x83,0x00,0x31,0x02,0x00,
  0x08,0x61,0x00,0x20,0xc2,0x00,0x51,0xa4,0xff,0x51,0xa4,0xff,0x59,0xe4,0xff,0x51,
  0xc4,0xff,0x51,0xc4,0xff,0x5a,0x05,0xff,0x59,0xc4,0xff,0x62,0x04,0xff,0x49,0x83,
  0xff,0x41,0x43,0xff,0x41,0x43,0xff,0x39,0x43,0xff,0x39,0x63,0xff,0x28,0xe2,0xff,
  0x41,0x63,0xff,0x62,0x04,0xff,0x61,0xe4,0xff,0x62,0x04,0xff,0x72,0x65,0xff,0x6a,
  0x24,0xff,0x6a,0x24,0xff,0x62,0x24,0xff,0x59,0xe4,0xff,0x59,0xc4,0xff,0x62,0x04,
  0xff,0x6a,0x45,0xff,0x51,0xa4,0xff,0x41,0x42,0xff,0x51,0xc4,0xff,0x5a,0x04,0xff,
  0x5a,0x04,0xff,0x51,0xa3,0xff,0x51,0xa3,0xff,0x51,0xc3,0xff,0x59,0xe4,0xff,0x51,
  0xc4,0xff,0x51,0xa4,0xff,0x49,0x63,0xff,0x51,0x83,0xff,0x51,0x83,0xff,0x31,0x02,
  0x00,0x18,0xc2,0x00,0x29,0x03,0x00,0x21,0x23,0x00,0x19,0x03,0x00,0x18,0xe3,0x00,
  0x00,0x00,0x00,0x18,0x81,0x00,0x7a,0x85,0xff,0x7a,0x85,0xff,0x49,0x83,0xff,0x49,
  0xa3,0xff,0x59,0xc3,0xff,0x51,0xa3,0xff,0x51,0xc3,0xff,0x41,0x23,0xff,0x39,0x63,
  0xff,0x28,0xe2,0x00,0x28,0xe2,0x00,0x28,0xe2,0x00,0x39,0x63,0xff,0x30,0xe2,0x00,
  0x41,0x43,0xff,0x51,0xa4,0xff,0x10,0x61,0xff,0x00,0x00,0xff,0x18,0x81,0xff,0x62,
  0x05,0xff,0x62,0x05,0xff,0x59,0xc3,0xff,0x51,0xc4,0xff,0x51,0xa4,0xff,0x51,0xa3,
  0xff,0x62,0x24,0xff,0x51,0xe4,0xff,0x49,0x83,0xff,0x5a,0x04,0xff,0x62,0x04,0xff,
  0x62,0x04,0xff,0x62,0x04,0xff,0x61,0xe4,0xff,0x62,0x24,0xff,0x59,0xc4,0xff,0x51,
  0xa3,0xff,0x51,0xa4,0xff,0x51,0xc4,0xff,0x59,0xe4,0xff,0x62,0x65,0xff,0x62,0x65,
  0xff,0x41,0x43,0xff,0x49,0x63,0xff,0x51,0xa3,0xff,0x59,0xe4,0xff,0x51,0xc4,0xff,
  0x49,0x83,0xff,0x39,0x23,0xff,0x49,0x84,0xff,0x49,0x84,0xff,0x6a,0x25,0xff,0x82,
  0xa5,0xff,0x51,0xc4,0xff,0x28,0xe2,0xff,0x59,0xc4,0xff,0x61,0xe4,0xff,0x59,0xa3,
  0xff,0x6a,0x45,0xff,0x62,0x04,0xff,0x62,0x04,0xff,0x59,0xe4,0xff,0x51,0xa3,0xff,
  0x6a,0x24,0xff,0x6a,0x45,0xff,0x59,0xe4,0xff,0x49,0x83,0xff,0x41,0x63,0xff,0x49,
  0x84,0xff,0x49,0x84,0xff,0x6a,0x45,0xff,0x62,0x04,0xff,0x61,0xe4,0xff,0x62,0x24,
  0xff,0x59,0xc4,0xff,0x51,0xa3,0xff,0x41,0x43,0xff,0x31,0x02,0x00,0x6a,0x04,0xff,
  0x6a,0x04,0xff,0x61,0xe4,0xff,0x29,0x02,0xff,0x41,0x63,0xff,0x49,0x83,0xff,0x51,
  0xc4,0xff,0x49,0x83,0xff,0x51,0xa4,0xff,0x62,0x25,0xff,0x59,0xe4,0xff,0x59,0xe4,
  0xff,0x59,0xe4,0xff,0x62,0x04,0xff,0x6a,0x44,0xff,0x62,0x04,0xff,0x49,0x63,0xff,
  0x49,0x83,0xff,0x59,0xe4,0xff,0x51,0x83,0xff,0x59,0xe4,0xff,0x59,0xe4,0xff,0x59,
  0xe4,0xff,0x59,0xc4,0xff,0x62,0x04,0xff,0x5a,0x04,0xff,0x51,0xc4,0xff,0x59,0xe5,
  0xff,0x51,0xa4,0xff,0x51,0xa4,0xff,0x51,0xa4,0xff,0x8b,0x07,0xff,0x72,0x85,0xff,
  0x41,0x42,0xff,0x41,0x63,0xff,0x31,0x02,0xff,0x41,0x63,0xff,0x49,0xa3,0xff,0x51,
  0xa3,0xff,0x61,0xe4,0xff,0x61,0xe4,0xff,0x62,0x24,0xff,0x41,0x43,0xff,0x31,0x03,
  0x00,0x31,0x03,0x00,0x49,0x83,0x00,0x39,0x22,0x00,0x10,0x40,0x00,0x28,0xe2,0x00,
  0x51,0xc4,0xff,0x51,0xc4,0xff,0x51,0x83,0xff,0x59,0xc4,0xff,0x62,0x04,0xff,0x59,
  0xe4,0xff,0x49,0x83,0xff,0x49,0x83,0xff,0x41,0x43,0xff,0x39,0x43,0xff,0x39,0x43,
  0xff,0x39,0x23,0xff,0x39,0x43,0xff,0x20,0xc2,0xff,0x39,0x23,0xff,0x62,0x04,0xff,
  0x6a,0x44,0xff,0x62,0x04,0xff,0x72,0xa6,0xff,0x6a,0x25,0xff,0x6a,0x25,0xff,0x59,
  0xe4,0xff,0x59,0xc4,0xff,0x62,0x04,0xff,0x59,0xc4,0xff,0x61,0xe4,0xff,0x59,0xc4,
  0xff,0x49,0x83,0xff,0x41,0x63,0xff,0x51,0xa4,0xff,0x51,0xa4,0xff,0x59,0xe4,0xff,
  0x51,0xa3,0xff,0x49,0x83,0xff,0x5a,0x05,0xff,0x5a,0x04,0xff,0x59,0xe4,0xff,0x49,
  0x63,0xff,0x49,0x63,0xff,0x49,0x63,0xff,0x41,0x43,0xff,0x39,0x43,0xff,0x18,0xa2,
  0x00,0x18,0xc3,0x00,0x10,0xc3,0x00,0x18,0xa1,0x00,0x31,0x22,0x00,0x31,0x02,0x00,
  0x31,0x02,0x00,0x31,0x02,0x00,0x28,0xc2,0x00,0x39,0x43,0xff,0x62,0x24,0xff,0x59,
  0xe3,0xff,0x51,0xa3,0xff,0x49,0x63,0xff,0x49,0xc4,0xff,0x39,0x43,0x00,0x39,0x43,
  0x00,0x28,0xe2,0x00,0x20,0xa2,0x00,0x28,0xe2,0x00,0x41,0x63,0xff,0x59,0xe4,0xff,
  0x28,0xc2,0x00,0x00,0x00,0xff,0x29,0x02,0xff,0x72,0x85,0xff,0x72,0x85,0xff,0x61,
  0xe4,0xff,0x5a,0x04,0xff,0x51,0xa4,0xff,0x51,0xc4,0xff,0x49,0xa3,0xff,0x41,0x63,
  0xff,0x31,0x03,0xff,0x49,0x83,0xff,0x6a,0x25,0xff,0x6a,0x25,0xff,0x6a,0x45,0xff,
  0x62,0x04,0xff,0x62,0x04,0xff,0x51,0xa3,0xff,0x49,0x83,0xff,0x49,0xa4,0xff,0x59,
  0xc4,0xff,0x62,0x04,0xff,0x59,0xe4,0xff,0x59,0xe4,0xff,0x51,0xc4,0xff,0x62,0x25,
  0xff,0x59,0xe4,0xff,0x49,0x83,0xff,0x49,0x63,0xff,0x51,0xc4,0xff,0x41,0x83,0xff,
  0x49,0x84,0xff,0x49,0x84,0xff,0x72,0x65,0xff,0x8a,0xe6,0xff,0x49,0x83,0xff,0x28,
  0xe3,0xff,0x59,0xc4,0xff,0x62,0x24,0xff,0x51,0xa3,0xff,0x62,0x04,0xff,0x6a,0x25,
  0xff,0x6a,0x25,0xff,0x6a,0x25,0xff,0x59,0xe4,0xff,0x62,0x04,0xff,0x59,0xc4,0xff,
  0x51,0x83,0xff,0x51,0xa3,0xff,0x5a,0x04,0xff,0x51,0xc4,0xff,0x51,0xc4,0xff,0x59,
  0xe4,0xff,0x59,0xc4,0xff,0x5a,0x04,0xff,0x59,0xc4,0xff,0x59,0xc3,0xff,0x62,0x04,
  0xff,0x41,0x83,0xff,0x31,0x22,0x00,0x6a,0x24,0xff,0x6a,0x24,0xff,0x62,0x04,0xff,
  0x39,0x42,0xff,0x49,0xa4,0xff,0x51,0xc4,0xff,0x51,0xa4,0xff,0x51,0xa3,0xff,0x5a,
  0x04,0xff,0x62,0x25,0xff,0x59,0xe3,0xff,0x59,0xe3,0xff,0x62,0x24,0xff,0x49,0x83,
  0xff,0x49,0x83,0xff,0x59,0xc4,0xff,0x59,0xc4,0xff,0x62,0x04,0xff,0x62,0x04,0xff,
  0x51,0xc4,0xff,0x5a,0x04,0xff,0x5a,0x04,0xff,0x59,0xe4,0xff,0x59,0xe4,0xff,0x62,
  0x04,0xff,0x62,0x04,0xff,0x59,0xc4,0xff,0x5a,0x05,0xff,0x51,0xa4,0xff,0x59,0xe4,
  0xff,0x59,0xe4,0xff,0x72,0xa6,0xff,0x62,0x24,0xff,0x49,0x63,0xff,0x51,0xc4,0xff,
  0x39,0x43,0xff,0x41,0x63,0xff,0x49,0xa3,0xff,0x51,0xa4,0xff,0x59,0xc4,0xff,0x59,
  0xc4,0xff,0x6a,0x24,0xff,0x59,0xc4,0xff,0x49,0x84,0xff,0x31,0x02,0x00,0x39,0x43,
  0x00,0x28,0xc2,0x00,0x18,0xa1,0x00,0x49,0x83,0xff,0x6a,0x25,0xff,0x6a,0x25,0xff,
  0x59,0xe4,0xff,0x62,0x04,0xff,0x62,0x25,0xff,0x59,0xe4,0xff,0x41,0x63,0xff,0x39,
  0x43,0xff,0x39,0x23,0xff,0x41,0x63,0xff,0x41,0x63,0xff,0x39,0x23,0xff,0x31,0x23,
  0xff,0x31,0x22,0xff,0x51,0xc4,0xff,0x59,0xe4,0xff,0x51,0xa4,0xff,0x41,0x43,0xff,
  0x49,0xa3,0xff,0x49,0x63,0xff,0x49,0x63,0xff,0x49,0x63,0xff,0x51,0xa3,0xff,0x62,
  0x25,0xff,0x59,0xc4,0xff,0x61,0xe4,0xff,0x62,0x04,0xff,0x59,0xe4,0xff,0x41,0x63,
  0xff,0x49,0xa4,0xff,0x49,0xa4,0xff,0x62,0x24,0xff,0x59,0xe4,0xff,0x49,0x83,0xff,
  0x51,0xa4,0xff,0x41,0x63,0xff,0x41,0x43,0xff,0x39,0x02,0xff,0x41,0x63,0xff,0x41,
  0x63,0xff,0x59,0xe4,0xff,0x49,0xc4,0xff,0x08,0x61,0xff,0x10,0xa2,0x00,0x10,0xc3,
  0x00,0x18,0xa1,0x00,0x31,0x22,0x00,0x31,0x02,0x00,0x31,0x02,0x00,0x31,0x02,0x00,
  0x28,0xc2,0x00,0x39,0x43,0xff,0x62,0x24,0xff,0x59,0xe3,0xff,0x51,0xa3,0xff,0x49,
  0x63,0xff,0x49,0xc4,0xff,0x39,0x43,0x00,0x39,0x43,0x00,0x28,0xe2,0x00,0x20,0xa2,
  0x00,0x28,0xe2,0x00,0x41,0x63,0xff,0x59,0xe4,0xff,0x28,0xc2,0x00,0x00,0x00,0xff,
  0x29,0x02,0xff,0x72,0x85,0xff,0x72,0x85,0xff,0x61,0xe4,0xff,0x5a,0x04,0xff,0x51,
  0xa4,0xff,0x51,0xc4,0xff,0x49,0xa3,0xff,0x41,0x63,0xff,0x31,0x03,0xff,0x49,0x83,
  0xff,0x6a,0x25,0xff,0x6a,0x25,0xff,0x6a,0x45,0xff,0x62,0x04,0xff,0x62,0x04,0xff,
  0x51,0xa3,0xff,0x49,0x83,0xff,0x49,0xa4,0xff,0x59,0xc4,0xff,0x62,0x04,0xff,0x59,
  0xe4,0xff,0x59,0xe4,0xff,0x51,0xc4,0xff,0x62,0x25,0xff,0x59,0xe4,0xff,0x49,0x83,
  0xff,0x49,0x63,0xff,0x51,0xc4,0xff,0x41,0x83,0xff,0x49,0x84,0xff,0x49,0x84,0xff,
  0x72,0x65,0xff,0x8a,0xe6,0xff,0x49,0x83,0xff,0x28,0xe3,0xff,0x59,0xc4,0xff,0x62,
  0x24,0xff,0x51,0xa3,0xff,0x62,0x04,0xff,0x6a,0x25,0xff,0x6a,0x25,0xff,0x6a,0x25,
  0xff,0x59,0xe4,0xff,0x62,0x04,0xff,0x59,0xc4,0xff,0x51,0x83,0xff,0x51,0xa3,0xff,
  0x5a,0x04,0xff,0x51,0xc4,0xff,0x51,0xc4,0xff,0x59,0xe4,0xff,0x59,0xc4,0xff,0x5a,
  0x04,0xff,0x59,0xc4,0xff,0x59,0xc3,0xff,0x62,0x04,0xff,0x41,0x83,0xff,0x31,0x22,
  0x00,0x6a,0x24,0xff,0x6a,0x24,0xff,0x62,0x04,0xff,0x39,0x42,0xff,0x49,0xa4,0xff,
  0x51,0xc4,0xff,0x51,0xa4,0xff,0x51,0xa3,0xff,0x5a,0x04,0xff,0x62,0x25,0xff,0x59,
  0xe3,0xff,0x59,0xe3,0xff,0x62,0x24,0xff,0x49,0x83,0xff,0x49,0x83,0xff,0x59,0xc4,
  0xff,0x59,0xc4,0xff,0x62,0x04,0xff,0x62,0x04,0xff,0x51,0xc4,0xff,0x5a,0x04,0xff,
  0x5a,0x04,0xff,0x59,0xe4,0xff,0x59,0xe4,0xff,0x62,0x04,0xff,0x62,0x04,0xff,0x59,
  0xc4,0xff,0x5a,0x05,0xff,0x51,0xa4,0xff,0x59,0xe4,0xff,0x59,0xe4,0xff,0x72,0xa6,
  0xff,0x62,0x24,0xff,0x49,0x63,0xff,0x51,0xc4,0xff,0x39,0x43,0xff,0x41,0x63,0xff,
  0x49,0xa3,0xff,0x51,0xa4,0xff,0x59,0xc4,0xff,0x59,0xc4,0xff,0x6a,0x24,0xff,0x59,
  0xc4,0xff,0x49,0x84,0xff,0x31,0x02,0x00,0x39,0x43,0x00,0x28,0xc2,0x00,0x18,0xa1,
  0x00,0x49,0x83,0xff,0x6a,0x25,0xff,0x6a,0x25,0xff,0x59,0xe4,0xff,0x62,0x04,0xff,
  0x62,0x25,0xff,0x59,0xe4,0xff,0x41,0x63,0xff,0x39,0x43,0xff,0x39,0x23,0xff,0x41,
  0x63,0xff,0x41,0x63,0xff,0x39,0x23,0xff,0x31,0x23,0xff,0x31,0x22,0xff,0x51,0xc4,
  0xff,0x59,0xe4,0xff,0x51,0xa4,0xff,0x41,0x43,0xff,0x49,0xa3,0xff,0x49,0x63,0xff,
  0x49,0x63,0xff,0x49,0x63,0xff,0x51,0xa3,0xff,0x62,0x25,0xff,0x59,0xc4,0xff,0x61,
  0xe4,0xff,0x62,0x04,0xff,0x59,0xe4,0xff,0x41,0x63,0xff,0x49,0xa4,0xff,0x49,0xa4,
  0xff,0x62,0x24,0xff,0x59,0xe4,0xff,0x49,0x83,0xff,0x51,0xa4,0xff,0x41,0x63,0xff,
  0x41,0x43,0xff,0x39,0x02,0xff,0x41,0x63,0xff,0x41,0x63,0xff,0x59,0xe4,0xff,0x49,
  0xc4,0xff,0x08,0x61,0xff,0x10,0xa2,0x00,0x08,0x82,0x00,0x10,0x60,0xff,0x6a,0x04,
  0xff,0x61,0xe3,0xff,0x51,0xa3,0xff,0x51,0xa3,0xff,0x59,0xe4,0xff,0x51,0xc4,0xff,
  0x59,0xc3,0xff,0x51,0xa3,0xff,0x51,0xa3,0xff,0x51,0xa3,0xff,0x49,0x83,0xff,0x39,
  0x43,0xff,0x39,0x43,0xff,0x20,0xc2,0x00,0x18,0x81,0x00,0x29,0x02,0x00,0x31,0x02,
  0x00,0x51,0xa3,0xff,0x31,0x02,0x00,0x00,0x00,0xff,0x39,0x23,0xff,0x6a,0x45,0xff,
  0x6a,0x45,0xff,0x51,0xa3,0xff,0x51,0x83,0xff,0x49,0x63,0xff,0x49,0xa3,0xff,0x39,
  0x43,0xff,0x39,0x43,0xff,0x39,0x22,0xff,0x51,0xc4,0xff,0x62,0x04,0xff,0x62,0x04,
  0xff,0x62,0x04,0xff,0x59,0xe4,0xff,0x51,0xc4,0xff,0x51,0xa3,0xff,0x59,0xe4,0xff,
  0x49,0x63,0xff,0x49,0x83,0xff,0x5a,0x04,0xff,0x51,0x83,0xff,0x51,0x83,0xff,0x51,
  0xa3,0xff,0x62,0x04,0xff,0x59,0xe4,0xff,0x59,0xa4,0xff,0x51,0xa3,0xff,0x62,0x24,
  0xff,0x51,0xa3,0xff,0x39,0x43,0xff,0x39,0x43,0xff,0x62,0x05,0xff,0x72,0x85,0xff,
  0x39,0x43,0xff,0x31,0x03,0xff,0x51,0x83,0xff,0x51,0xc3,0xff,0x51,0xa3,0xff,0x41,
  0x43,0xff,0x49,0x83,0xff,0x49,0x83,0xff,0x62,0x04,0xff,0x6a,0x45,0xff,0x61,0xe4,
  0xff,0x59,0xa4,0xff,0x62,0x04,0xff,0x59,0xa4,0xff,0x59,0xe4,0xff,0x51,0xa4,0xff,
  0x51,0xa4,0xff,0x49,0x63,0xff,0x49,0xa4,0xff,0x51,0xc4,0xff,0x51,0x83,0xff,0x59,
  0xc4,0xff,0x61,0xe4,0xff,0x41,0x63,0xff,0x31,0x22,0x00,0x72,0x64,0xff,0x72,0x64,
  0xff,0x62,0x04,0xff,0x30,0xe2,0xff,0x51,0xc4,0xff,0x59,0xc4,0xff,0x51,0x83,0xff,
  0x62,0x04,0xff,0x61,0xe4,0xff,0x59,0xc4,0xff,0x61,0xe4,0xff,0x61,0xe4,0xff,0x6a,
  0x45,0xff,0x51,0xa3,0xff,0x41,0x63,0xff,0x62,0x04,0xff,0x6a,0x24,0xff,0x51,0xa3,
  0xff,0x59,0xe4,0xff,0x5a,0x04,0xff,0x59,0xe4,0xff,0x59,0xe4,0xff,0x59,0xe4,0xff,
  0x61,0xe4,0xff,0x59,0xa4,0xff,0x59,0xe4,0xff,0x51,0xa3,0xff,0x51,0x84,0xff,0x59,
  0xc4,0xff,0x59,0xe4,0xff,0x59,0xe4,0xff,0x49,0x64,0xff,0x31,0x02,0xff,0x41,0x42,
  0xff,0x49,0x63,0xff,0x39,0x22,0xff,0x41,0x83,0xff,0x31,0x02,0x00,0x51,0x83,0xff,
  0x59,0xa3,0xff,0x59,0xa3,0xff,0x61,0xe4,0xff,0x59,0xe4,0xff,0x49,0x84,0xff,0x18,
  0xa2,0x00,0x18,0x81,0x00,0x10,0x41,0x00,0x18,0x81,0x00,0x51,0xa4,0xff,0x6a,0x24,
  0xff,0x6a,0x24,0xff,0x62,0x04,0xff,0x62,0x25,0xff,0x51,0xa4,0xff,0x41,0x63,0xff,
  0x39,0x23,0xff,0x39,0x63,0xff,0x39,0x23,0xff,0x39,0x23,0xff,0x39,0x23,0xff,0x39,
  0x43,0xff,0x49,0xa4,0xff,0x51,0xc4,0xff,0x72,0x65,0xff,0x59,0xc4,0xff,0x51,0x83,
  0xff,0x49,0x63,0xff,0x51,0xa3,0xff,0x51,0xa4,0xff,0x51,0xa4,0xff,0x62,0x04,0xff,
  0x59,0xa4,0xff,0x59,0xc4,0xff,0x59,0xe4,0xff,0x61,0xe4,0xff,0x59,0xa3,0xff,0x62,
  0x04,0xff,0x51,0x83,0xff,0x49,0x63,0xff,0x49,0x63,0xff,0x51,0xa4,0xff,0x51,0x83,
  0xff,0x59,0xe4,0xff,0x59,0xc4,0xff,0x49,0x63,0xff,0x51,0xa3,0xff,0x49,0x63,0xff,
  0x51,0xc3,0xff,0x51,0xc3,0xff,0x61,0xc3,0xff,0x41,0x63,0xff,0x00,0x20,0xff,0x10,
  0x82,0x00,0x08,0x82,0x00,0x10,0x61,0xff,0x49,0x42,0xff,0x51,0x83,0xff,0x59,0xc3,
  0xff,0x59,0xc3,0xff,0x62,0x44,0xff,0x51,0xc3,0xff,0x59,0xe4,0xff,0x51,0xc3,0xff,
  0x59,0xe4,0xff,0x59,0xc3,0xff,0x49,0xa4,0xff,0x39,0x43,0xff,0x39,0x43,0xff,0x29,
  0x02,0x00,0x20,0xc2,0x00,0x29,0x23,0x00,0x28,0xe2,0x00,0x41,0x63,0xff,0x31,0x23,
  0x00,0x08,0x61,0xff,0x28,0xe2,0xff,0x49,0x83,0xff,0x49,0x83,0xff,0x41,0x62,0xff,
  0x49,0x83,0xff,0x41,0x43,0xff,0x41,0x63,0xff,0x39,0x43,0xff,0x49,0x83,0xff,0x59,
  0xe4,0xff,0x6a,0x45,0xff,0x51,0xa4,0xff,0x51,0xa4,0xff,0x49,0x63,0xff,0x59,0xc4,
  0xff,0x59,0xc4,0xff,0x59,0xe4,0xff,0x59,0xe4,0xff,0x51,0xa3,0xff,0x51,0xc4,0xff,
  0x51,0xa3,0xff,0x62,0x04,0xff,0x62,0x04,0xff,0x62,0x24,0xff,0x59,0xc4,0xff,0x51,
  0xc4,0xff,0x62,0x04,0xff,0x61,0xe4,0xff,0x6a,0x24,0xff,0x62,0x04,0xff,0x51,0xc4,
  0xff,0x51,0xc4,0xff,0x49,0x83,0xff,0x41,0x83,0xff,0x31,0x02,0x00,0x41,0x63,0xff,
  0x51,0xc4,0xff,0x49,0x83,0xff,0x49,0x83,0xff,0x41,0x43,0xff,0x41,0x43,0xff,0x41,
  0x43,0xff,0x51,0xe4,0xff,0x59,0xc4,0xff,0x62,0x04,0xff,0x61,0xe4,0xff,0x62,0x25,
  0xff,0x59,0xe4,0xff,0x59,0xe4,0xff,0x49,0xa4,0xff,0x49,0xa4,0xff,0x49,0x63,0xff,
  0x51,0xa4,0xff,0x59,0xe4,0xff,0x59,0xc4,0xff,0x59,0xe4,0xff,0x59,0xe4,0xff,0x49,
  0xa4,0xff,0x29,0x02,0x00,0x6a,0x44,0xff,0x6a,0x44,0xff,0x59,0xe4,0xff,0x39,0x23,
  0xff,0x51,0xc4,0xff,0x62,0x04,0xff,0x59,0xe4,0xff,0x62,0x04,0xff,0x61,0xe4,0xff,
  0x62,0x05,0xff,0x62,0x04,0xff,0x62,0x04,0xff,0x6a,0x04,0xff,0x61,0xe4,0xff,0x51,
  0xc3,0xff,0x51,0xa4,0xff,0x59,0xe4,0xff,0x61,0xe4,0xff,0x59,0xe4,0xff,0x51,0xc4,
  0xff,0x51,0xc4,0xff,0x51,0xc4,0xff,0x62,0x25,0xff,0x62,0x24,0xff,0x59,0xa4,0xff,
  0x62,0x04,0xff,0x59,0xe4,0xff,0x49,0x84,0xff,0x59,0xe4,0xff,0x62,0x04,0xff,0x62,
  0x04,0xff,0x41,0x43,0xff,0x30,0xe2,0xff,0x39,0x63,0xff,0x41,0x63,0xff,0x41,0x63,
  0xff,0x39,0x43,0xff,0x31,0x22,0x00,0x59,0xe4,0xff,0x6a,0x24,0xff,0x6a,0x24,0xff,
  0x59,0xc3,0xff,0x41,0x43,0xff,0x31,0x23,0x00,0x18,0x81,0x00,0x10,0x81,0x00,0x08,
  0x61,0x00,0x20,0xa1,0x00,0x49,0x83,0xff,0x59,0xe4,0xff,0x59,0xe4,0xff,0x59,0xe4,
  0xff,0x5a,0x04,0xff,0x41,0x83,0xff,0x41,0x63,0xff,0x39,0x43,0xff,0x41,0x63,0xff,
  0x39,0x23,0xff,0x39,0x43,0xff,0x39,0x43,0xff,0x51,0xc4,0xff,0x6a,0x85,0xff,0x62,
  0x25,0xff,0x61,0xe4,0xff,0x59,0xc4,0xff,0x8b,0x07,0xff,0x8b,0x06,0xff,0x6a,0x45,
  0xff,0x61,0xe4,0xff,0x61,0xe4,0xff,0x6a,0x45,0xff,0x59,0xc4,0xff,0x59,0xe4,0xff,
  0x62,0x04,0xff,0x61,0xe4,0xff,0x59,0xc4,0xff,0x62,0x24,0xff,0x61,0xe4,0xff,0x59,
  0xe4,0xff,0x59,0xe4,0xff,0x49,0x83,0xff,0x51,0xa3,0xff,0x59,0xc4,0xff,0x59,0xe4,
  0xff,0x59,0xe4,0xff,0x62,0x24,0xff,0x59,0xc4,0xff,0x51,0xa3,0xff,0x51,0xa3,0xff,
  0x61,0xe4,0xff,0x41,0x63,0xff,0x00,0x40,0xff,0x10,0x82,0x00,0x08,0x62,0xff,0x10,
  0x60,0xff,0x51,0x83,0xff,0x49,0x83,0xff,0x41,0x43,0xff,0x41,0x43,0xff,0x49,0x83,
  0xff,0x49,0x63,0xff,0x49,0x83,0xff,0x39,0x43,0xff,0x41,0x63,0xff,0x51,0xc3,0xff,
  0x49,0x63,0xff,0x41,0x43,0xff,0x41,0x43,0xff,0x41,0x83,0xff,0x31,0x23,0x00,0x20,
  0xc2,0x00,0x29,0x03,0x00,0x20,0xc2,0x00,0x28,0xe2,0x00,0x18,0xa2,0x00,0x10,0x61,
  0xff,0x10,0x81,0x00,0x10,0x81,0x00,0x20,0xc1,0x00,0x39,0x43,0xff,0x49,0x83,0xff,
  0x49,0xa3,0xff,0x41,0x63,0xff,0x49,0x84,0xff,0x5a,0x04,0xff,0x59,0xe4,0xff,0x41,
  0x43,0xff,0x41,0x43,0xff,0x41,0x43,0xff,0x59,0xe4,0xff,0x59,0xe4,0xff,0x49,0x83,
  0xff,0x51,0xc4,0xff,0x51,0xc4,0xff,0x49,0x83,0xff,0x49,0x63,0xff,0x59,0xe4,0xff,
  0x59,0xe4,0xff,0x5a,0x04,0xff,0x49,0x83,0xff,0x51,0xc4,0xff,0x62,0x45,0xff,0x59,
  0xc4,0xff,0x59,0xe4,0xff,0x6a,0x24,0xff,0x62,0x24,0xff,0x62,0x24,0xff,0x49,0xa4,
  0xff,0x39,0x23,0x00,0x31,0x02,0x00,0x41,0x43,0xff,0x51,0xa4,0xff,0x49,0x83,0xff,
  0x49,0x83,0xff,0x51,0xc4,0xff,0x49,0x63,0xff,0x49,0x63,0xff,0x49,0x83,0xff,0x51,
  0xa4,0xff,0x51,0xc4,0xff,0x51,0xa3,0xff,0x59,0xc4,0xff,0x62,0x04,0xff,0x49,0x83,
  0xff,0x49,0x83,0xff,0x49,0x83,0xff,0x51,0xc4,0xff,0x59,0xe4,0xff,0x62,0x05,0xff,
  0x59,0xc4,0xff,0x51,0xa4,0xff,0x59,0xe4,0xff,0x49,0xa4,0xff,0x20,0xe2,0x00,0x39,
  0x22,0x00,0x39,0x22,0x00,0x39,0x43,0xff,0x41,0x63,0xff,0x59,0xe4,0xff,0x59,0xc4,
  0xff,0x59,0xc4,0xff,0x59,0xc4,0xff,0x62,0x25,0xff,0x62,0x05,0xff,0x51,0xa3,0xff,
  0x51,0xa3,0xff,0x59,0xe4,0xff,0x61,0xe4,0xff,0x59,0xc4,0xff,0x41,0x43,0xff,0x51,
  0x83,0xff,0x59,0xe3,0xff,0x51,0xc3,0xff,0x41,0x43,0xff,0x41,0x83,0xff,0x41,0x83,
  0xff,0x51,0xa4,0xff,0x62,0x04,0xff,0x62,0x24,0xff,0x59,0xe4,0xff,0x51,0xa3,0xff,
  0x49,0x83,0xff,0x41,0x63,0xff,0x51,0xa3,0xff,0x51,0xa3,0xff,0x41,0x43,0xff,0x39,
  0x43,0xff,0x31,0x02,0x00,0x31,0x22,0x00,0x39,0x43,0xff,0x39,0x23,0x00,0x31,0x22,
  0x00,0x49,0x83,0xff,0x51,0xa3,0xff,0x51,0xa3,0xff,0x39,0x22,0x00,0x28,0xe2,0x00,
  0x31,0x03,0x00,0x18,0xa2,0x00,0x08,0x61,0x00,0x00,0x20,0x00,0x18,0xc1,0x00,0x41,
  0x63,0xff,0x41,0x22,0xff,0x41,0x22,0xff,0x41,0x63,0xff,0x41,0x63,0xff,0x41,0x83,
  0xff,0x49,0xa4,0xff,0x39,0x43,0xff,0x31,0x23,0xff,0x39,0x43,0xff,0x49,0xa3,0xff,
  0x49,0xa3,0xff,0x59,0xe4,0xff,0x6a,0x45,0xff,0x59,0xe4,0xff,0x51,0xa4,0xff,0x61,
  0xe4,0xff,0x9b,0x68,0xff,0x7a,0xa5,0xff,0x59,0xa3,0xff,0x51,0xa4,0xff,0x51,0xa4,
  0xff,0x59,0xc4,0xff,0x61,0xe4,0xff,0x62,0x04,0xff,0x51,0xa3,0xff,0x59,0xe4,0xff,
  0x59,0xc4,0xff,0x59,0xc3,0xff,0x59,0xa3,0xff,0x51,0xc4,0xff,0x51,0xc4,0xff,0x49,
  0x83,0xff,0x51,0xa3,0xff,0x39,0x02,0xff,0x41,0x63,0xff,0x49,0x83,0xff,0x49,0x63,
  0xff,0x41,0x43,0xff,0x39,0x02,0xff,0x39,0x02,0xff,0x51,0x83,0xff,0x31,0x02,0x00,
  0x00,0x20,0xff,0x08,0x82,0x00,0x08,0x61,0xff,0x08,0x40,0xff,0x39,0x22,0x00,0x31,
  0x22,0x00,0x29,0x03,0x00,0x29,0x03,0x00,0x39,0x43,0x00,0x49,0x63,0xff,0x41,0x63,
  0xff,0x39,0x22,0xff,0x51,0xa3,0xff,0x59,0xe3,0xff,0x59,0xa3,0xff,0x51,0x83,0xff,
  0x51,0x83,0xff,0x59,0xe4,0xff,0x49,0x83,0xff,0x31,0x03,0x00,0x20,0xe3,0x00,0x20,
  0xc2,0x00,0x29,0x02,0x00,0x20,0xe2,0x00,0x10,0x82,0x00,0x08,0x41,0x00,0x08,0x41,
  0x00,0x18,0xa1,0x00,0x41,0x63,0xff,0x49,0x83,0xff,0x49,0xa3,0xff,0x39,0x43,0xff,
  0x39,0x43,0x00,0x31,0x03,0x00,0x39,0x43,0x00,0x31,0x23,0x00,0x31,0x23,0x00,0x49,
  0x84,0xff,0x59,0xe4,0xff,0x51,0xa3,0xff,0x49,0x83,0xff,0x49,0x83,0xff,0x41,0x63,
  0xff,0x51,0xa4,0xff,0x49,0x63,0xff,0x51,0xc4,0xff,0x51,0xc4,0xff,0x51,0xa4,0xff,
  0x49,0x84,0xff,0x51,0xc4,0xff,0x59,0xe4,0xff,0x61,0xe4,0xff,0x62,0x25,0xff,0x6a,
  0x24,0xff,0x6a,0x45,0xff,0x6a,0x45,0xff,0x62,0x04,0xff,0x49,0xa4,0xff,0x31,0x23,
  0x00,0x49,0x84,0xff,0x59,0xe4,0xff,0x59,0xe4,0xff,0x51,0xa3,0xff,0x59,0xe4,0xff,
  0x51,0xa4,0xff,0x51,0xa4,0xff,0x51,0xc4,0xff,0x51,0xc4,0xff,0x49,0x63,0xff,0x49,
  0x83,0xff,0x51,0xc4,0xff,0x51,0xc4,0xff,0x49,0x83,0xff,0x51,0xc4,0xff,0x51,0xc4,
  0xff,0x62,0x25,0xff,0x59,0xe4,0xff,0x59,0xe4,0xff,0x59,0xe4,0xff,0x5a,0x04,0xff,
  0x59,0xc4,0xff,0x51,0xc4,0xff,0x39,0x42,0xff,0x39,0x23,0x00,0x39,0x23,0x00,0x41,
  0x63,0xff,0x59,0xe4,0xff,0x59,0xe4,0xff,0x59,0xe4,0xff,0x59,0xe4,0xff,0x62,0x04,
  0xff,0x59,0xe4,0xff,0x51,0xc4,0xff,0x51,0x83,0xff,0x51,0x83,0xff,0x59,0xe4,0xff,
  0x62,0x04,0xff,0x62,0x24,0xff,0x49,0x83,0xff,0x51,0xa4,0xff,0x49,0x83,0xff,0x49,
  0x83,0xff,0x49,0x83,0xff,0x49,0xc4,0xff,0x49,0xc4,0xff,0x39,0x43,0xff,0x51,0xc4,
  0xff,0x51,0xc4,0xff,0x51,0xa3,0xff,0x41,0x43,0xff,0x49,0x83,0xff,0x31,0x03,0x00,
  0x41,0x84,0xff,0x41,0x84,0xff,0x41,0x63,0xff,0x39,0x43,0xff,0x28,0xe2,0x00,0x39,
  0x23,0x00,0x39,0x22,0x00,0x41,0x83,0x00,0x29,0x02,0x00,0x31,0x22,0x00,0x31,0x02,
  0x00,0x31,0x02,0x00,0x31,0x22,0x00,0x39,0x23,0x00,0x41,0x84,0x00,0x20,0xe2,0x00,
  0x08,0x61,0x00,0x00,0x41,0x00,0x18,0xa1,0x00,0x41,0x63,0xff,0x49,0x63,0xff,0x49,
  0x63,0xff,0x39,0x23,0x00,0x41,0x64,0xff,0x41,0x84,0xff,0x41,0x84,0xff,0x39,0x43,
  0xff,0x41,0x63,0xff,0x49,0x83,0xff,0x62,0x24,0xff,0x62,0x24,0xff,0x61,0xe4,0xff,
  0x59,0xe4,0xff,0x51,0xa3,0xff,0x62,0x24,0xff,0x6a,0x25,0xff,0x6a,0x45,0xff,0x61,
  0xe4,0xff,0x59,0xe4,0xff,0x62,0x04,0xff,0x62,0x04,0xff,0x62,0x04,0xff,0x59,0xc4,
  0xff,0x59,0xc4,0xff,0x59,0xc4,0xff,0x59,0xa3,0xff,0x61,0xc3,0xff,0x61,0xe4,0xff,
  0x49,0x63,0xff,0x41,0x23,0xff,0x41,0x23,0xff,0x49,0x83,0xff,0x51,0xa3,0xff,0x41,
  0x43,0xff,0x41,0x43,0xff,0x39,0x23,0xff,0x49,0x84,0xff,0x49,0x63,0xff,0x49,0x63,
  0xff,0x49,0x63,0xff,0x51,0x83,0xff,0x31,0x02,0x00,0x00,0x20,0xff,0x08,0x82,0x00,
};

const lv_img_dsc_t img_y_pos1 = {
  .header.always_zero = 0,
  .header.cf = LV_IMG_CF_TRUE_COLOR_ALPHA,
  .header.w = 174,
  .header.h = 176,
  .data_size = 91872,
  .data = img_y_pos1_map,
};
