#include "lvgl.h"

static const uint8_t img_fx_static2_map[] = {
  0x18,0xe4,0x00,0x18,0xe4,0x00,0x18,0xe4,0x00,0x18,0xe3,0x00,0x18,0xe3,0x00,0x18,
  0xe3,0x00,0x18,0xe3,0x00,0x18,0xe3,0x00,0x18,0xe3,0x00,0x18,0xe4,0x00,0x18,0xe4,
  0x00,0x18,0xe3,0x00,0x18,0xe3,0x00,0x18,0xe3,0x00,0x18,0xe3,0x00,0x18,0xe3,0x00,
  0x18,0xe3,0x00,0x18,0xe3,0x00,0x18,0xe3,0x00,0x18,0xe3,0x00,0x18,0xe3,0x00,0x18,
  0xe3,0x00,0x18,0xe3,0x00,0x18,0xe3,0x00,0x18,0xe3,0x00,0x18,0xe3,0x00,0x18,0xe3,
  0x00,0x18,0xe3,0x00,0x18,0xe3,0x00,0x18,0xe3,0x00,0x18,0xe3,0x00,0x18,0xe3,0x00,
  0x18,0xe3,0x00,0x18,0xe3,0x00,0x18,0xe3,0x00,0x18,0xe3,0x00,0x18,0xe4,0x00,0x18,
  0xe3,0x00,0x18,0xe3,0x00,0x18,0xe4,0x00,0x18,0xe4,0x00,0x18,0xe4,0x00,0x18,0xe3,
  0x00,0x18,0xe3,0x00,0x18,0xe3,0x00,0x18,0xe4,0x00,0x18,0xe4,0x00,0x18,0xe3,0x00,
  0x18,0xe3,0x00,0x18,0xe4,0x00,0x18,0xe4,0x00,0x18,0xe3,0x00,0x18,0xe3,0x00,0x18,
  0xe3,0x00,0x18,0xe3,0x00,0x18,0xe4,0x00,0x18,0xe4,0x00,0x18,0xe4,0x00,0x18,0xe3,
  0x00,0x18,0xe3,0x00,0x18,0xe3,0x00,0x10,0xc3,0x00,0x08,0x83,0x00,0x10,0xa3,0x00,
  0x18,0xc3,0x00,0x18,0xc3,0x00,0x18,0xc3,0x00,0x18,0xc3,0x00,0x18,0xe3,0x00,0x18,
  0xe3,0x00,0x18,0xe3,0x00,0x18,0xc3,0x00,0x10,0xa3,0x00,0x10,0xa3,0x00,0x10,0xa3,
  0x00,0x10,0xa3,0x00,0x10,0xa3,0x00,0x10,0xa3,0x00,0x10,0xa3,0x00,0x08,0x82,0x00,
  0x21,0x04,0x00,0x21,0x04,0x00,0x21,0x04,0x00,0x21,0x04,0x00,0x18,0xe4,0x00,0x18,
  0xe3,0x00,0x18,0xe3,0x00,0x18,0xe3,0x00,0x18,0xe3,0x00,0x18,0xe3,0x00,0x18,0xe3,
  0x00,0x18,0xe3,0x00,0x18,0xe4,0x00,0x19,0x04,0x00,0x19,0x04,0x00,0x18,0xe4,0x00,
  0x18,0xe3,0x00,0x18,0xe3,0x00,0x18,0xe3,0x00,0x18,0xe3,0x00,0x18,0xe3,0x00,0x18,
  0xe3,0x00,0x18,0xe3,0x00,0x18,0xe3,0x00,0x18,0xe3,0x00,0x18,0xe3,0x00,0x18,0xe3,
  0x00,0x18,0xe3,0x00,0x18,0xe3,0x00,0x18,0xe4,0x00,0x18,0xe4,0x00,0x18,0xe4,0x00,
  0x18,0xe3,0x00,0x18,0xe4,0x00,0x18,0xe3,0x00,0x18,0xe3,0x00,0x18,0xe3,0x00,0x18,
  0xe3,0x00,0x18,0xe3,0x00,0x18,0xe3,0x00,0x18,0xe4,0x00,0x18,0xe3,0x00,0x18,0xe3,
  0x00,0x18,0xe3,0x00,0x18,0xe3,0x00,0x18,0xe3,0x00,0x18,0xe3,0x00,0x18,0xe3,0x00,
  0x18,0xe3,0x00,0x18,0xe3,0x00,0x18,0xe3,0x00,0x18,0xe3,0x00,0x18,0xe3,0x00,0x18,
  0xe3,0x00,0x18,0xe3,0x00,0x18,0xe3,0x00,0x18,0xe3,0x00,0x18,0xe3,0x00,0x18,0xe3,
  0x00,0x18,0xe3,0x00,0x18,0xe3,0x00,0x18,0xe3,0x00,0x18,0xe3,0x00,0x18,0xe3,0x00,
  0x18,0xe3,0x00,0x18,0xe3,0x00,0x18,0xe3,0x00,0x18,0xe3,0x00,0x18,0xe3,0x00,0x18,
  0xe3,0x00,0x18,0xe3,0x00,0x18,0xe3,0x00,0x18,0xe3,0x00,0x18,0xe3,0x00,0x18,0xe3,
  0x00,0x18,0xe3,0x00,0x18,0xe3,0x00,0x18,0xe3,0x00,0x18,0xe3,0x00,0x18,0xe3,0x00,
  0x18,0xe3,0x00,0x18,0xe3,0x00,0x18,0xe4,0x00,0x18,0xe4,0x00,0x18,0xe3,0x00,0x18,
  0xe3,0x00,0x18,0xe3,0x00,0x18,0xe3,0x00,0x18,0xe3,0x00,0x18,0xe3,0x00,0x18,0xe3,
  0x00,0x18,0xe3,0x00,0x18,0xe3,0x00,0x18,0xe3,0x00,0x18,0xe3,0x00,0x18,0xe3,0x00,
  0x18,0xe3,0x00,0x18,0xe3,0x00,0x18,0xe3,0x00,0x18,0xe3,0x00,0x18,0xe3,0x00,0x18,
  0xe3,0x00,0x18,0xe3,0x00,0x18,0xe3,0x00,0x18,0xe3,0x00,0x18,0xe3,0x00,0x18,0xe3,
  0x00,0x18,0xe3,0x00,0x18,0xe3,0x00,0x18,0xe3,0x00,0x18,0xe3,0x00,0x18,0xe3,0x00,
  0x18,0xe3,0x00,0x18,0xe3,0x00,0x18,0xe3,0x00,0x18,0xe3,0x00,0x18,0xe3,0x00,0x18,
  0xe3,0x00,0x18,0xe4,0x00,0x18,0xe3,0x00,0x18,0xe4,0x00,0x18,0xe4,0x00,0x18,0xe4,
  0x00,0x18,0xe4,0x00,0x20,0xe4,0x00,0x18,0xe4,0x00,0x18,0xe3,0x00,0x18,0xe4,0x00,
  0x18,0xe4,0x00,0x18,0xe4,0x00,0x18,0xe4,0x00,0x20,0xe4,0x00,0x18,0xe3,0x00,0x21,
  0x04,0x00,0x20,0xe4,0x00,0x20,0xe4,0x00,0x20,0xe4,0x00,0x18,0xe3,0x00,0x18,0xe3,
  0x00,0x18,0xe3,0x00,0x18,0xe3,0x00,0x18,0xe3,0x00,0x51,0xa2,0xff,0xe4,0xe1,0xff,
  0xd4,0x21,0xff,0xc4,0x01,0xff,0xcc,0x22,0xff,0xd4,0x42,0xff,0xdc,0x82,0xff,0xdc,
  0x82,0xff,0xdc,0x83,0xff,0xdc,0xa3,0xff,0xdc,0xa3,0xff,0xdc,0xa3,0xff,0xdc,0x83,
  0xff,0xd4,0x83,0xff,0xd4,0x83,0xff,0xdc,0x82,0xff,0xdc,0x82,0xff,0xdc,0x83,0xff,
  0xed,0x42,0xff,0x08,0x83,0x00,0x21,0x04,0x00,0x21,0x04,0x00,0x19,0x04,0x00,0x18,
  0xe3,0x00,0x18,0xe3,0x00,0x18,0xe3,0x00,0x18,0xe3,0x00,0x18,0xe3,0x00,0x18,0xe3,
  0x00,0x18,0xe3,0x00,0x18,0xe3,0x00,0x18,0xe4,0x00,0x21,0x04,0x00,0x21,0x04,0x00,
  0x21,0x04,0x00,0x18,0xe3,0x00,0x18,0xe3,0x00,0x18,0xe3,0x00,0x18,0xe3,0x00,0x18,
  0xe3,0x00,0x18,0xe3,0x00,0x18,0xe3,0x00,0x18,0xe3,0x00,0x18,0xe3,0x00,0x18,0xe3,
  0x00,0x18,0xe3,0x00,0x18,0xe3,0x00,0x18,0xe3,0x00,0x18,0xe3,0x00,0x18,0xe4,0x00,
  0x18,0xe4,0x00,0x18,0xe4,0x00,0x18,0xe4,0x00,0x18,0xe4,0x00,0x18,0xe3,0x00,0x18,
  0xe3,0x00,0x18,0xe3,0x00,0x18,0xe3,0x00,0x18,0xe3,0x00,0x18,0xe4,0x00,0x18,0xe3,
  0x00,0x18,0xe3,0x00,0x18,0xe3,0x00,0x18,0xe3,0x00,0x18,0xe3,0x00,0x18,0xe3,0x00,
  0x18,0xe3,0x00,0x18,0xe3,0x00,0x18,0xe3,0x00,0x18,0xe3,0x00,0x18,0xe3,0x00,0x18,
  0xe3,0x00,0x18,0xe3,0x00,0x18,0xe3,0x00,0x18,0xe3,0x00,0x18,0xe3,0x00,0x18,0xe3,
  0x00,0x18,0xe3,0x00,0x18,0xe3,0x00,0x18,0xe3,0x00,0x18,0xe3,0x00,0x18,0xe3,0x00,
  0x18,0xe3,0x00,0x18,0xe3,0x00,0x18,0xe3,0x00,0x18,0xe3,0x00,0x18,0xe3,0x00,0x18,
  0xe3,0x00,0x18,0xe3,0x00,0x18,0xe3,0x00,0x18,0xe3,0x00,0x18,0xe3,0x00,0x18,0xe3,
  0x00,0x18,0xe3,0x00,0x18,0xe3,0x00,0x18,0xe3,0x00,0x18,0xe3,0x00,0x18,0xe3,0x00,
  0x18,0xe3,0x00,0x18,0xe3,0x00,0x18,0xe3,0x00,0x18,0xe3,0x00,0x18,0xe3,0x00,0x18,
  0xe3,0x00,0x18,0xe3,0x00,0x18,0xe3,0x00,0x18,0xe3,0x00,0x18,0xe3,0x00,0x18,0xe3,
  0x00,0x18,0xe3,0x00,0x18,0xe4,0x00,0x18,0xe4,0x00,0x18,0xe4,0x00,0x18,0xe3,0x00,
  0x18,0xe3,0x00,0x18,0xe3,0x00,0x18,0xe3,0x00,0x18,0xe3,0x00,0x18,0xe3,0x00,0x18,
  0xe3,0x00,0x18,0xe3,0x00,0x18,0xe3,0x00,0x18,0xe3,0x00,0x18,0xe3,0x00,0x18,0xe3,
  0x00,0x18,0xe3,0x00,0x18,0xe3,0x00,0x18,0xe3,0x00,0x18,0xe3,0x00,0x18,0xe3,0x00,
  0x18,0xe3,0x00,0x18,0xe4,0x00,0x18,0xe3,0x00,0x18,0xe3,0x00,0x18,0xe3,0x00,0x18,
  0xe3,0x00,0x18,0xe3,0x00,0x18,0xe4,0x00,0x18,0xe4,0x00,0x18,0xe3,0x00,0x18,0xe3,
  0x00,0x18,0xe4,0x00,0x18,0xe4,0x00,0x21,0x04,0x00,0x20,0xe4,0x00,0x18,0xe3,0x00,
  0x18,0xe3,0x00,0x20,0xe4,0x00,0x21,0x04,0x00,0x20,0xe4,0x00,0x20,0xe3,0x00,0x20,
  0xe4,0x00,0x20,0xe4,0x00,0x20,0xe4,0x00,0x21,0x04,0x00,0x20,0xe4,0x00,0x18,0xe4,
  0x00,0x18,0xe3,0x00,0x18,0xe3,0x00,0x18,0xe3,0x00,0x18,0xe3,0x00,0x39,0x62,0xff,
  0xed,0x21,0xff,0xf5,0x00,0xff,0xf4,0xe0,0xff,0xf4,0xe1,0xff,0xf4,0xe1,0xff,0xf5,
  0x01,0xff,0xf5,0x01,0xff,0xf5,0x01,0xff,0xf5,0x02,0xff,0xf5,0x02,0xff,0xf5,0x02,
  0xff,0xf5,0x02,0xff,0xf5,0x02,0xff,0xf5,0x02,0xff,0xf5,0x01,0xff,0xf4,0xe0,0xff,
  0xec,0xc1,0xff,0xed,0x01,0xff,0x08,0xa3,0x00,0x21,0x04,0x00,0x21,0x04,0x00,0x20,
  0xe4,0x00,0x18,0xe4,0x00,0x18,0xe3,0x00,0x18,0xe3,0x00,0x18,0xe3,0x00,0x18,0xc3,
  0x00,0x18,0xe3,0x00,0x18,0xc3,0x00,0x18,0xc3,0x00,0x18,0xe3,0x00,0x20,0xe4,0x00,
  0x21,0x04,0x00,0x20,0xe4,0x00,0x18,0xe3,0x00,0x18,0xc3,0x00,0x18,0xc3,0x00,0x10,
  0xc3,0x00,0x10,0xc3,0x00,0x10,0xc3,0x00,0x10,0xc3,0x00,0x18,0xc3,0x00,0x18,0xc3,
  0x00,0x18,0xc3,0x00,0x18,0xc3,0x00,0x18,0xe3,0x00,0x18,0xe3,0x00,0x21,0x04,0x00,
  0x20,0xe4,0x00,0x20,0xe4,0x00,0x21,0x04,0x00,0x21,0x04,0x00,0x21,0x04,0x00,0x20,
  0xe4,0x00,0x18,0xe3,0x00,0x18,0xe4,0x00,0x18,0xe4,0x00,0x18,0xe3,0x00,0x18,0xe3,
  0x00,0x18,0xe3,0x00,0x18,0xe3,0x00,0x18,0xe3,0x00,0x18,0xe3,0x00,0x18,0xe3,0x00,
  0x18,0xe3,0x00,0x18,0xe3,0x00,0x18,0xe3,0x00,0x18,0xe3,0x00,0x18,0xe3,0x00,0x18,
  0xe3,0x00,0x18,0xe3,0x00,0x18,0xe3,0x00,0x18,0xe3,0x00,0x18,0xe3,0x00,0x18,0xe3,
  0x00,0x18,0xe3,0x00,0x18,0xe3,0x00,0x18,0xe3,0x00,0x18,0xe3,0x00,0x18,0xe3,0x00,
  0x18,0xe3,0x00,0x18,0xe3,0x00,0x18,0xe3,0x00,0x18,0xe3,0x00,0x18,0xe3,0x00,0x18,
  0xe3,0x00,0x18,0xe3,0x00,0x18,0xe3,0x00,0x18,0xe3,0x00,0x18,0xe3,0x00,0x18,0xe3,
  0x00,0x18,0xe3,0x00,0x18,0xe3,0x00,0x18,0xe3,0x00,0x18,0xe3,0x00,0x18,0xe3,0x00,
  0x18,0xe3,0x00,0x18,0xe3,0x00,0x18,0xe3,0x00,0x18,0xe3,0x00,0x18,0xe3,0x00,0x18,
  0xe3,0x00,0x18,0xe3,0x00,0x18,0xe3,0x00,0x18,0xe3,0x00,0x18,0xe3,0x00,0x18,0xe3,
  0x00,0x18,0xe3,0x00,0x18,0xe3,0x00,0x18,0xe3,0x00,0x18,0xe3,0x00,0x18,0xe3,0x00,
  0x18,0xe3,0x00,0x18,0xe3,0x00,0x18,0xe3,0x00,0x18,0xe3,0x00,0x18,0xe3,0x00,0x18,
  0xe3,0x00,0x18,0xe3,0x00,0x18,0xe3,0x00,0x18,0xe3,0x00,0x18,0xe3,0x00,0x18,0xe3,
  0x00,0x18,0xe3,0x00,0x18,0xe3,0x00,0x18,0xe3,0x00,0x18,0xe3,0x00,0x18,0xe3,0x00,
  0x18,0xe4,0x00,0x18,0xe3,0x00,0x18,0xe3,0x00,0x18,0xe3,0x00,0x18,0xe3,0x00,0x18,
  0xe3,0x00,0x18,0xe3,0x00,0x18,0xe3,0x00,0x20,0xe4,0x00,0x18,0xe4,0x00,0x18,0xe4,
  0x00,0x20,0xe4,0x00,0x20,0xe4,0x00,0x18,0xe4,0x00,0x18,0xe3,0x00,0x18,0xe3,0x00,
  0x18,0xe3,0x00,0x20,0xe3,0x00,0x20,0xe4,0x00,0x20,0xe4,0x00,0x21,0x04,0x00,0x21,
  0x04,0x00,0x21,0x04,0x00,0x21,0x04,0x00,0x20,0xe4,0x00,0x20,0xe4,0x00,0x20,0xe4,
  0x00,0x20,0xe4,0x00,0x19,0x04,0x00,0x21,0x04,0x00,0x21,0x04,0x00,0x18,0xe3,0x00,
  0x18,0xe4,0x00,0x08,0xa4,0x00,0x10,0xa4,0x00,0x08,0xa4,0x00,0x08,0xa4,0x00,0x08,
  0xa3,0x00,0x10,0xa4,0x00,0x10,0xc4,0x00,0x10,0xc4,0x00,0x10,0xe4,0x00,0x18,0xe4,
  0x00,0x19,0x04,0x00,0x19,0x04,0x00,0x18,0xe4,0x00,0x10,0xc4,0x00,0x10,0xc4,0x00,
  0x10,0xa3,0x00,0x10,0xa3,0x00,0x08,0xa3,0x00,0x18,0xe4,0x00,0x20,0xe4,0x00,0x19,
  0x04,0x00,0x20,0xe4,0x00,0x21,0x04,0x00,0x21,0x04,0x00,0x20,0xe3,0x00,0x18,0xc2,
  0x00,0xcb,0xc2,0xff,0x9a,0xa2,0xff,0xf4,0xe1,0xff,0xf5,0x22,0xff,0xfd,0x63,0xff,
  0xfd,0xc3,0xff,0xfd,0xa2,0xff,0xfd,0x62,0xff,0xf5,0x22,0xff,0xec,0xc2,0xff,0xec,
  0xa1,0xff,0xec,0x81,0xff,0xec,0x81,0xff,0xec,0x81,0xff,0xec,0x81,0xff,0xec,0x82,
  0xff,0xec,0x82,0xff,0xec,0x82,0xff,0xec,0xa2,0xff,0xec,0xe2,0xff,0x18,0xc3,0x00,
  0x21,0x04,0x00,0x21,0x04,0x00,0x21,0x04,0x00,0x20,0xe4,0x00,0x20,0xe4,0x00,0x18,
  0xe3,0x00,0x18,0xe3,0x00,0x18,0xe3,0x00,0x18,0xe4,0x00,0x18,0xe4,0x00,0x18,0xe4,
  0x00,0x18,0xe3,0x00,0x18,0xe3,0x00,0x18,0xe3,0x00,0x18,0xe3,0x00,0x18,0xe3,0x00,
  0x18,0xe3,0x00,0x18,0xe3,0x00,0x18,0xe3,0x00,0x18,0xe3,0x00,0x18,0xe3,0x00,0x18,
  0xe3,0x00,0x18,0xe3,0x00,0x18,0xe3,0x00,0x18,0xe3,0x00,0x18,0xe3,0x00,0x18,0xe3,
  0x00,0x18,0xe3,0x00,0x18,0xe3,0x00,0x18,0xe3,0x00,0x18,0xe3,0x00,0x18,0xe3,0x00,
  0x18,0xe3,0x00,0x18,0xe3,0x00,0x18,0xe3,0x00,0x18,0xe3,0x00,0x18,0xe3,0x00,0x18,
  0xe3,0x00,0x18,0xe3,0x00,0x18,0xe3,0x00,0x18,0xe3,0x00,0x18,0xe3,0x00,0x18,0xe3,
  0x00,0x18,0xe3,0x00,0x18,0xe3,0x00,0x18,0xe3,0x00,0x18,0xe3,0x00,0x18,0xe3,0x00,
  0x18,0xe3,0x00,0x18,0xe4,0x00,0x18,0xe4,0x00,0x18,0xe3,0x00,0x18,0xe3,0x00,0x18,
  0xe4,0x00,0x18,0xe4,0x00,0x18,0xe3,0x00,0x18,0xe3,0x00,0x18,0xe3,0x00,0x18,0xe3,
  0x00,0x18,0xe3,0x00,0x18,0xe3,0x00,0x18,0xe3,0x00,0x18,0xe4,0x00,0x18,0xe3,0x00,
  0x18,0xe3,0x00,0x18,0xe3,0x00,0x18,0xe3,0x00,0x18,0xe3,0x00,0x18,0xe3,0x00,0x18,
  0xe3,0x00,0x18,0xe3,0x00,0x18,0xe3,0x00,0x18,0xe3,0x00,0x18,0xe3,0x00,0x18,0xe3,
  0x00,0x18,0xe3,0x00,0x18,0xe3,0x00,0x18,0xe3,0x00,0x18,0xe3,0x00,0x18,0xe3,0x00,
  0x18,0xe3,0x00,0x18,0xe3,0x00,0x18,0xe3,0x00,0x18,0xe3,0x00,0x18,0xe3,0x00,0x18,
  0xe3,0x00,0x18,0xe3,0x00,0x18,0xe3,0x00,0x18,0xe3,0x00,0x20,0xe4,0x00,0x20,0xe4,
  0x00,0x21,0x04,0x00,0x21,0x04,0x00,0x18,0xe4,0x00,0x18,0xe3,0x00,0x18,0xe3,0x00,
  0x18,0xe3,0x00,0x18,0xe3,0x00,0x18,0xe3,0x00,0x18,0xe4,0x00,0x21,0x04,0x00,0x21,
  0x04,0x00,0x21,0x04,0x00,0x21,0x04,0x00,0x21,0x04,0x00,0x20,0xe4,0x00,0x18,0xe3,
  0x00,0x18,0xe3,0x00,0x20,0xe3,0x00,0x21,0x04,0x00,0x21,0x04,0x00,0x21,0x04,0x00,
  0x21,0x04,0x00,0x21,0x04,0x00,0x19,0x03,0x00,0x18,0xe3,0x00,0x18,0xe3,0x00,0x18,
  0xc3,0x00,0x18,0xc3,0x00,0x18,0xe3,0x00,0x18,0xe3,0x00,0x18,0xe3,0x00,0x21,0x04,
  0x00,0x21,0x04,0x00,0x21,0x24,0x00,0x21,0x24,0x00,0x21,0x04,0x00,0x21,0x03,0x00,
  0x18,0xe3,0x00,0x18,0xe3,0x00,0x18,0xe3,0x00,0x18,0xe3,0x00,0x18,0xe3,0x00,0x18,
  0xe4,0x00,0x19,0x04,0x00,0x19,0x04,0x00,0x21,0x04,0x00,0x21,0x04,0x00,0x21,0x04,
  0x00,0x21,0x23,0x00,0xec,0x82,0xff,0xe4,0x61,0xff,0xf4,0xc1,0xff,0xfd,0x83,0xff,
  0xfd,0x63,0xff,0xfd,0x63,0xff,0xfd,0x63,0xff,0xf5,0x43,0xff,0xf5,0x42,0xff,0xf5,
  0x02,0xff,0xf4,0xe1,0xff,0xf4,0xa0,0xff,0xf4,0xa0,0xff,0xf4,0xc1,0xff,0xf4,0xc1,
  0xff,0xf4,0xc2,0xff,0xfd,0x02,0xff,0xf5,0x03,0xff,0xf5,0x23,0xff,0xf5,0x22,0xff,
  0x21,0x04,0x00,0x21,0x04,0x00,0x21,0x04,0x00,0x21,0x04,0x00,0x18,0xe4,0x00,0x18,
  0xe3,0x00,0x18,0xe3,0x00,0x18,0xe3,0x00,0x18,0xe3,0x00,0x19,0x04,0x00,0x21,0x04,
  0x00,0x20,0xe4,0x00,0x20,0xe4,0x00,0x18,0xe3,0x00,0x18,0xe3,0x00,0x18,0xe3,0x00,
  0x18,0xe3,0x00,0x18,0xe3,0x00,0x18,0xe3,0x00,0x18,0xe3,0x00,0x18,0xe3,0x00,0x18,
  0xe3,0x00,0x18,0xe3,0x00,0x18,0xe4,0x00,0x18,0xe3,0x00,0x18,0xe3,0x00,0x18,0xe3,
  0x00,0x18,0xe3,0x00,0x18,0xe3,0x00,0x18,0xe3,0x00,0x18,0xe3,0x00,0x18,0xe3,0x00,
  0x18,0xe3,0x00,0x18,0xe3,0x00,0x18,0xe4,0x00,0x18,0xe3,0x00,0x18,0xe3,0x00,0x18,
  0xe3,0x00,0x18,0xe3,0x00,0x18,0xe3,0x00,0x18,0xe3,0x00,0x18,0xe3,0x00,0x18,0xe3,
  0x00,0x18,0xe3,0x00,0x18,0xe3,0x00,0x18,0xe3,0x00,0x18,0xe3,0x00,0x18,0xe3,0x00,
  0x18,0xe3,0x00,0x18,0xe3,0x00,0x18,0xe4,0x00,0x18,0xe4,0x00,0x18,0xe3,0x00,0x18,
  0xe3,0x00,0x18,0xe4,0x00,0x18,0xe3,0x00,0x18,0xe3,0x00,0x18,0xe4,0x00,0x18,0xe3,
  0x00,0x18,0xe3,0x00,0x18,0xe3,0x00,0x18,0xe3,0x00,0x18,0xe4,0x00,0x18,0xe3,0x00,
  0x18,0xe4,0x00,0x18,0xe4,0x00,0x18,0xe4,0x00,0x18,0xe4,0x00,0x18,0xe4,0x00,0x18,
  0xe3,0x00,0x18,0xe3,0x00,0x18,0xe3,0x00,0x18,0xe3,0x00,0x18,0xe3,0x00,0x18,0xe3,
  0x00,0x18,0xe3,0x00,0x18,0xe3,0x00,0x18,0xe3,0x00,0x18,0xe3,0x00,0x18,0xe3,0x00,
  0x18,0xe3,0x00,0x18,0xe4,0x00,0x18,0xe4,0x00,0x18,0xe3,0x00,0x18,0xe3,0x00,0x18,
  0xe3,0x00,0x18,0xe3,0x00,0x18,0xe3,0x00,0x18,0xe3,0x00,0x20,0xe4,0x00,0x21,0x04,
  0x00,0x21,0x04,0x00,0x21,0x04,0x00,0x21,0x04,0x00,0x18,0xe3,0x00,0x18,0xe3,0x00,
  0x18,0xe3,0x00,0x18,0xe3,0x00,0x18,0xe3,0x00,0x18,0xe3,0x00,0x20,0xe3,0x00,0x21,
  0x04,0x00,0x21,0x04,0x00,0x21,0x04,0x00,0x21,0x04,0x00,0x18,0xe3,0x00,0x18,0xe3,
  0x00,0x18,0xe3,0x00,0x18,0xe3,0x00,0x20,0xe3,0x00,0x21,0x04,0x00,0x21,0x04,0x00,
  0x21,0x04,0x00,0x21,0x04,0x00,0x21,0x04,0x00,0x21,0x04,0x00,0x18,0xe3,0x00,0x18,
  0xe3,0x00,0x18,0xc3,0x00,0x18,0xc3,0x00,0x18,0xc3,0x00,0x18,0xe3,0x00,0x18,0xe3,
  0x00,0x18,0xe3,0x00,0x21,0x04,0x00,0x21,0x04,0x00,0x21,0x04,0x00,0x21,0x04,0x00,
  0x21,0x04,0x00,0x21,0x04,0x00,0x18,0xe3,0x00,0x18,0xe3,0x00,0x18,0xe3,0x00,0x18,
  0xe3,0x00,0x18,0xe4,0x00,0x21,0x04,0x00,0x21,0x04,0x00,0x21,0x04,0x00,0x21,0x04,
  0x00,0x21,0x03,0x00,0x21,0x03,0x00,0xec,0x82,0xff,0xe4,0x81,0xff,0xcb,0xc3,0xff,
  0x28,0xc3,0xff,0x29,0x03,0xff,0x29,0x03,0xff,0x20,0xe3,0xff,0x18,0xa3,0xff,0x20,
  0xa2,0xff,0x28,0xe3,0xff,0x72,0x23,0xff,0xf4,0xc1,0xff,0xf4,0xc1,0xff,0xf4,0xc1,
  0xff,0xf4,0xe1,0xff,0xe4,0x44,0xff,0x61,0x83,0xff,0x41,0x64,0xff,0x20,0xe3,0x00,
  0x31,0x23,0x00,0x21,0x04,0x00,0x21,0x04,0x00,0x21,0x04,0x00,0x20,0xe4,0x00,0x18,
  0xe3,0x00,0x18,0xe3,0x00,0x18,0xe3,0x00,0x18,0xe3,0x00,0x18,0xe3,0x00,0x18,0xe3,
  0x00,0x20,0xe4,0x00,0x20,0xe4,0x00,0x20,0xe4,0x00,0x20,0xe3,0x00,0x18,0xe3,0x00,
  0x18,0xe3,0x00,0x18,0xe3,0x00,0x18,0xe3,0x00,0x18,0xe3,0x00,0x18,0xe3,0x00,0x18,
  0xe3,0x00,0x18,0xe4,0x00,0x18,0xe4,0x00,0x18,0xe3,0x00,0x18,0xe3,0x00,0x18,0xe3,
  0x00,0x18,0xe3,0x00,0x18,0xe3,0x00,0x18,0xe3,0x00,0x18,0xe3,0x00,0x18,0xe3,0x00,
  0x18,0xe3,0x00,0x18,0xe3,0x00,0x18,0xe3,0x00,0x18,0xe3,0x00,0x18,0xe3,0x00,0x18,
  0xe3,0x00,0x18,0xe3,0x00,0x18,0xe3,0x00,0x18,0xe3,0x00,0x18,0xe3,0x00,0x18,0xe3,
  0x00,0x18,0xe4,0x00,0x18,0xe3,0x00,0x18,0xe3,0x00,0x18,0xe3,0x00,0x18,0xe3,0x00,
  0x18,0xe3,0x00,0x18,0xe3,0x00,0x18,0xe3,0x00,0x18,0xe4,0x00,0x18,0xe4,0x00,0x18,
  0xe3,0x00,0x18,0xe3,0x00,0x18,0xe3,0x00,0x18,0xe3,0x00,0x18,0xe3,0x00,0x18,0xe4,
  0x00,0x18,0xe4,0x00,0x18,0xe3,0x00,0x18,0xe3,0x00,0x18,0xe3,0x00,0x18,0xe3,0x00,
  0x18,0xe3,0x00,0x18,0xe3,0x00,0x18,0xe3,0x00,0x18,0xe3,0x00,0x18,0xe3,0x00,0x18,
  0xe3,0x00,0x18,0xe3,0x00,0x18,0xe3,0x00,0x18,0xe3,0x00,0x18,0xe3,0x00,0x18,0xe3,
  0x00,0x18,0xe3,0x00,0x18,0xe3,0x00,0x18,0xe3,0x00,0x18,0xe3,0x00,0x18,0xe3,0x00,
  0x18,0xe3,0x00,0x18,0xe3,0x00,0x18,0xe3,0x00,0x18,0xe3,0x00,0x18,0xe3,0x00,0x18,
  0xe3,0x00,0x18,0xe3,0x00,0x18,0xe3,0x00,0x18,0xe3,0x00,0x18,0xe3,0x00,0x21,0x04,
  0x00,0x21,0x04,0x00,0x21,0x24,0x00,0x21,0x04,0x00,0x21,0x03,0x00,0x20,0xe3,0x00,
  0x18,0xe3,0x00,0x18,0xe3,0x00,0x18,0xc3,0x00,0x18,0xe3,0x00,0x18,0xe3,0x00,0x21,
  0x04,0x00,0x21,0x04,0x00,0x21,0x04,0x00,0x21,0x04,0x00,0x18,0xe4,0x00,0x18,0xe3,
  0x00,0x18,0xc3,0x00,0x18,0xc3,0x00,0x18,0xe3,0x00,0x18,0xe3,0x00,0x21,0x04,0x00,
  0x21,0x24,0x00,0x21,0x24,0x00,0x29,0x24,0x00,0x21,0x24,0x00,0x21,0x04,0x00,0x20,
  0xe4,0x00,0x18,0xe3,0x00,0x18,0xc3,0x00,0x18,0xc3,0x00,0x18,0xc3,0x00,0x18,0xe3,
  0x00,0x20,0xe3,0x00,0x21,0x04,0x00,0x21,0x04,0x00,0x21,0x04,0x00,0x21,0x04,0x00,
  0x21,0x04,0x00,0x21,0x04,0x00,0x21,0x04,0x00,0x20,0xe4,0x00,0x18,0xe4,0x00,0x18,
  0xe4,0x00,0x18,0xe4,0x00,0x18,0xe4,0x00,0x18,0xe4,0x00,0x19,0x04,0x00,0x19,0x24,
  0x00,0x20,0xe3,0x00,0x21,0x03,0x00,0x41,0x63,0xff,0xf4,0xa1,0xff,0xec,0x81,0xff,
  0xf4,0xa2,0xff,0xec,0x81,0xff,0xe4,0x81,0xff,0xd4,0x22,0xff,0xbb,0xa3,0xff,0xc3,
  0xc3,0xff,0xe4,0x82,0xff,0xec,0x81,0xff,0xf4,0xa2,0xff,0xf4,0xa0,0xff,0xf4,0xa0,
  0xff,0xf4,0xc1,0xff,0xf4,0xe2,0xff,0xf4,0x82,0xff,0xec,0x42,0xff,0xab,0x22,0xff,
  0x6a,0x43,0xff,0x5a,0x23,0xff,0x21,0x03,0x00,0x20,0xe3,0x00,0x18,0xe3,0x00,0x21,
  0x03,0x00,0x19,0x04,0x00,0x18,0xe3,0x00,0x18,0xe3,0x00,0x18,0xe3,0x00,0x18,0xe3,
  0x00,0x18,0xe3,0x00,0x18,0xe4,0x00,0x08,0x42,0xff,0x08,0x83,0x00,0x08,0x83,0x00,
  0x10,0x83,0x00,0x18,0xc3,0x00,0x18,0xe3,0x00,0x18,0xc3,0x00,0x18,0xe3,0x00,0x18,
  0xe4,0x00,0x18,0xe4,0x00,0x18,0xe4,0x00,0x18,0xe4,0x00,0x18,0xe4,0x00,0x18,0xe3,
  0x00,0x18,0xe3,0x00,0x18,0xe3,0x00,0x18,0xe3,0x00,0x18,0xe3,0x00,0x18,0xe3,0x00,
  0x18,0xe3,0x00,0x18,0xe3,0x00,0x18,0xe3,0x00,0x18,0xe3,0x00,0x18,0xe4,0x00,0x18,
  0xe3,0x00,0x18,0xe3,0x00,0x18,0xe3,0x00,0x18,0xe3,0x00,0x18,0xe3,0x00,0x18,0xe3,
  0x00,0x18,0xe3,0x00,0x18,0xe4,0x00,0x18,0xe4,0x00,0x18,0xe4,0x00,0x18,0xe4,0x00,
  0x18,0xe3,0x00,0x18,0xe3,0x00,0x18,0xe3,0x00,0x18,0xe3,0x00,0x18,0xe3,0x00,0x18,
  0xe4,0x00,0x18,0xe3,0x00,0x18,0xe3,0x00,0x18,0xe3,0x00,0x18,0xe3,0x00,0x18,0xe4,
  0x00,0x18,0xe3,0x00,0x18,0xe3,0x00,0x18,0xe3,0x00,0x18,0xe3,0x00,0x18,0xe3,0x00,
  0x18,0xe3,0x00,0x18,0xe3,0x00,0x18,0xe3,0x00,0x18,0xe3,0x00,0x18,0xe3,0x00,0x18,
  0xe3,0x00,0x18,0xe3,0x00,0x18,0xe3,0x00,0x18,0xe3,0x00,0x18,0xe3,0x00,0x18,0xe3,
  0x00,0x18,0xe3,0x00,0x18,0xe3,0x00,0x18,0xe3,0x00,0x18,0xe3,0x00,0x18,0xe3,0x00,
  0x18,0xe3,0x00,0x18,0xe3,0x00,0x18,0xe3,0x00,0x18,0xe3,0x00,0x18,0xe3,0x00,0x18,
  0xe3,0x00,0x18,0xe3,0x00,0x18,0xe3,0x00,0x18,0xe3,0x00,0x18,0xe3,0x00,0x21,0x04,
  0x00,0x21,0x04,0x00,0x21,0x24,0x00,0x29,0x44,0x00,0xa3,0x43,0xff,0xe4,0x61,0xff,
  0xd4,0x01,0xff,0xd3,0xe1,0xff,0xcb,0xc1,0xff,0xcb,0xc1,0xff,0xd4,0x01,0xff,0xdc,
  0x21,0xff,0xe4,0x62,0xff,0xe4,0x82,0xff,0xe4,0x82,0xff,0xe4,0x81,0xff,0xe4,0x61,
  0xff,0xe4,0x41,0xff,0xe4,0x21,0xff,0xdc,0x21,0xff,0xdc,0x41,0xff,0xdc,0x41,0xff,
  0xe4,0x42,0xff,0xe4,0x62,0xff,0xec,0x82,0xff,0xec,0x82,0xff,0xec,0x82,0xff,0xe4,
  0x82,0xff,0xe4,0x62,0xff,0xdc,0x62,0xff,0xdc,0x42,0xff,0xdc,0x42,0xff,0xd4,0x02,
  0xff,0xcb,0xc1,0xff,0xbb,0x81,0xff,0x49,0x83,0xff,0x20,0xe4,0x00,0x21,0x04,0x00,
  0x21,0x04,0x00,0x21,0x24,0x00,0x21,0x04,0x00,0x21,0x04,0x00,0x21,0x04,0x00,0x21,
  0x04,0x00,0x18,0xe4,0x00,0x18,0xe3,0x00,0x18,0xe3,0x00,0x18,0xe3,0x00,0x20,0xe3,
  0x00,0x29,0x23,0x00,0xf4,0xe2,0xff,0xf4,0x81,0xff,0xec,0x81,0xff,0xec,0x61,0xff,
  0xec,0x81,0xff,0xec,0xa2,0xff,0xec,0xa2,0xff,0xf4,0xa2,0xff,0xec,0xa2,0xff,0xf4,
  0xe2,0xff,0xfd,0x23,0xff,0xf4,0xe2,0xff,0xec,0xc1,0xff,0xec,0xa1,0xff,0xec,0xa1,
  0xff,0xec,0x81,0xff,0xec,0xa1,0xff,0xec,0xa2,0xff,0xec,0x82,0xff,0xe4,0x62,0xff,
  0xe4,0x42,0xff,0xe4,0x21,0xff,0xe4,0x21,0xff,0xec,0x61,0xff,0xec,0x81,0xff,0xec,
  0xa1,0xff,0x51,0x82,0xff,0x21,0x04,0x00,0x21,0x04,0x00,0x21,0x04,0x00,0x21,0x04,
  0x00,0x21,0x24,0x00,0x18,0xe3,0x00,0x08,0x63,0xff,0xfe,0x43,0xff,0xf5,0xc2,0xff,
  0xf5,0xa2,0xff,0xed,0x22,0xff,0x59,0xc5,0xff,0x61,0xe4,0xff,0x72,0x65,0xff,0x6a,
  0x65,0xff,0x29,0x23,0x00,0x21,0x04,0x00,0x18,0xe4,0x00,0x18,0xe3,0x00,0x18,0xe3,
  0x00,0x18,0xe3,0x00,0x18,0xe3,0x00,0x18,0xe3,0x00,0x18,0xe3,0x00,0x18,0xe3,0x00,
  0x18,0xe3,0x00,0x18,0xe3,0x00,0x18,0xe3,0x00,0x18,0xe3,0x00,0x18,0xe3,0x00,0x18,
  0xe3,0x00,0x18,0xe3,0x00,0x18,0xe3,0x00,0x18,0xe4,0x00,0x18,0xe3,0x00,0x18,0xe3,
  0x00,0x18,0xe4,0x00,0x18,0xe3,0x00,0x18,0xe4,0x00,0x18,0xe3,0x00,0x18,0xe4,0x00,
  0x18,0xe4,0x00,0x18,0xe3,0x00,0x18,0xe3,0x00,0x18,0xe3,0x00,0x18,0xe3,0x00,0x18,
  0xe3,0x00,0x18,0xe3,0x00,0x18,0xe3,0x00,0x18,0xe3,0x00,0x18,0xe3,0x00,0x18,0xe3,
  0x00,0x18,0xe3,0x00,0x18,0xe3,0x00,0x18,0xe3,0x00,0x18,0xe3,0x00,0x18,0xe3,0x00,
  0x18,0xe3,0x00,0x18,0xe3,0x00,0x18,0xe3,0x00,0x18,0xe3,0x00,0x18,0xe3,0x00,0x18,
  0xe3,0x00,0x18,0xe3,0x00,0x18,0xe3,0x00,0x18,0xe4,0x00,0x18,0xe3,0x00,0x18,0xe3,
  0x00,0x18,0xe3,0x00,0x18,0xe3,0x00,0x18,0xe3,0x00,0x18,0xe3,0x00,0x18,0xe3,0x00,
  0x18,0xe3,0x00,0x18,0xe3,0x00,0x18,0xe3,0x00,0x18,0xe3,0x00,0x18,0xe3,0x00,0x18,
  0xe3,0x00,0x18,0xe3,0x00,0x18,0xe3,0x00,0x18,0xe3,0x00,0x18,0xe3,0x00,0x18,0xe3,
  0x00,0x21,0x04,0x00,0x21,0x04,0x00,0x21,0x24,0x00,0x29,0x44,0x00,0x9b,0x64,0xff,
  0xf5,0x43,0xff,0xf5,0x42,0xff,0xf5,0x01,0xff,0xf4,0xc1,0xff,0xf4,0xc1,0xff,0xf4,
  0xe2,0xff,0xfd,0x02,0xff,0xf4,0xe2,0xff,0xfc,0xe2,0xff,0xfc,0xc1,0xff,0xf4,0xc1,
  0xff,0xf4,0xa0,0xff,0xf4,0xa0,0xff,0xf4,0x80,0xff,0xf4,0x80,0xff,0xf4,0x80,0xff,
  0xf4,0xa1,0xff,0xf4,0xc1,0xff,0xf4,0xc2,0xff,0xf4,0xc2,0xff,0xf4,0xe2,0xff,0xf4,
  0xe2,0xff,0xf4,0xe2,0xff,0xf4,0xe2,0xff,0xf4,0xc2,0xff,0xf4,0xa1,0xff,0xf4,0x80,
  0xff,0xf4,0x60,0xff,0xec,0xc0,0xff,0xec,0x80,0xff,0xaa,0xe2,0xff,0x41,0x63,0xff,
  0x19,0x04,0x00,0x31,0x43,0x00,0x41,0x64,0xff,0x21,0x24,0x00,0x21,0x04,0x00,0x21,
  0x04,0x00,0x21,0x04,0x00,0x21,0x04,0x00,0x18,0xe3,0x00,0x18,0xe3,0x00,0x18,0xe3,
  0x00,0x18,0xe3,0x00,0x29,0x23,0x00,0xa3,0x22,0xff,0xab,0x62,0xff,0xb3,0x41,0xff,
  0xab,0x02,0xff,0xa3,0x02,0xff,0xab,0x22,0xff,0xab,0x42,0xff,0xab,0x42,0xff,0xa3,
  0x22,0xff,0x6a,0x23,0xff,0x29,0x03,0x00,0x39,0x43,0xff,0x41,0x63,0xff,0x51,0x82,
  0xff,0x51,0x82,0xff,0x59,0x82,0xff,0x59,0x82,0xff,0x51,0xa2,0xff,0x51,0x82,0xff,
  0x51,0x82,0xff,0x49,0xa2,0xff,0x49,0xa2,0xff,0x49,0xa2,0xff,0x51,0xa2,0xff,0x49,
  0x82,0xff,0x49,0xa2,0xff,0x31,0x23,0x00,0x21,0x24,0x00,0x21,0x04,0x00,0x21,0x04,
  0x00,0x21,0x04,0x00,0x21,0x03,0x00,0x18,0xe3,0x00,0x10,0xc3,0x00,0x51,0xe2,0xff,
  0x51,0xc3,0xff,0x5a,0x23,0xff,0x52,0x03,0xff,0x20,0xe4,0x00,0x31,0x44,0x00,0x51,
  0xc4,0xff,0x49,0xa4,0xff,0x29,0x24,0x00,0x21,0x04,0x00,0x18,0xe4,0x00,0x18,0xe4,
  0x00,0x18,0xe4,0x00,0x18,0xe3,0x00,0x18,0xe3,0x00,0x18,0xe3,0x00,0x18,0xe3,0x00,
  0x18,0xe3,0x00,0x18,0xe3,0x00,0x18,0xe3,0x00,0x18,0xe3,0x00,0x18,0xe3,0x00,0x18,
  0xe3,0x00,0x18,0xe3,0x00,0x18,0xe3,0x00,0x18,0xe3,0x00,0x18,0xe3,0x00,0x18,0xe4,
  0x00,0x18,0xe4,0x00,0x18,0xe4,0x00,0x18,0xe4,0x00,0x18,0xe3,0x00,0x18,0xe3,0x00,
  0x18,0xe3,0x00,0x18,0xe4,0x00,0x18,0xe4,0x00,0x18,0xe4,0x00,0x18,0xe4,0x00,0x18,
  0xe4,0x00,0x18,0xe4,0x00,0x18,0xe4,0x00,0x18,0xe4,0x00,0x18,0xe3,0x00,0x18,0xe3,
  0x00,0x18,0xe3,0x00,0x18,0xe3,0x00,0x18,0xe3,0x00,0x18,0xe3,0x00,0x18,0xe3,0x00,
  0x18,0xe3,0x00,0x18,0xe3,0x00,0x18,0xe3,0x00,0x18,0xe3,0x00,0x18,0xe3,0x00,0x18,
  0xe3,0x00,0x18,0xe3,0x00,0x18,0xe3,0x00,0x18,0xe3,0x00,0x18,0xe3,0x00,0x18,0xe3,
  0x00,0x18,0xe3,0x00,0x18,0xe3,0x00,0x18,0xe3,0x00,0x18,0xe3,0x00,0x18,0xe3,0x00,
  0x18,0xe3,0x00,0x18,0xe3,0x00,0x18,0xe3,0x00,0x18,0xe3,0x00,0x18,0xe3,0x00,0x18,
  0xe3,0x00,0x18,0xe3,0x00,0x18,0xe3,0x00,0x18,0xe3,0x00,0x18,0xe3,0x00,0x18,0xe3,
  0x00,0x20,0xe4,0x00,0x21,0x04,0x00,0x21,0x04,0x00,0x21,0x04,0x00,0x21,0x24,0x00,
  0x19,0x04,0x00,0x19,0x04,0x00,0x18,0xe4,0x00,0x18,0xe4,0x00,0x18,0xe4,0x00,0x18,
  0xe4,0x00,0x08,0xa4,0x00,0x49,0xa4,0xff,0xf4,0xe2,0xff,0xfc,0xa1,0xff,0xf4,0xc1,
  0xff,0xf4,0xa0,0xff,0xf4,0xa0,0xff,0xf4,0x80,0xff,0xec,0x80,0xff,0xec,0x81,0xff,
  0xec,0x81,0xff,0xec,0x81,0xff,0xf4,0xa1,0xff,0xf4,0xc1,0xff,0xf4,0xc1,0xff,0xf4,
  0xe2,0xff,0xfd,0x02,0xff,0xfd,0x02,0xff,0xf5,0x02,0xff,0xf4,0xe2,0xff,0xf4,0xc1,
  0xff,0xec,0x81,0xff,0xb3,0x02,0xff,0x10,0xa3,0x00,0x41,0x63,0xff,0xcb,0xa1,0xff,
  0xc3,0x61,0xff,0x21,0x04,0x00,0x82,0x22,0xff,0x8a,0x43,0xff,0x21,0x04,0x00,0x21,
  0x24,0x00,0x21,0x04,0x00,0x21,0x04,0x00,0x21,0x04,0x00,0x18,0xe4,0x00,0x18,0xe3,
  0x00,0x18,0xe3,0x00,0x18,0xc3,0x00,0x18,0xe3,0x00,0x18,0xe3,0x00,0x18,0xc3,0x00,
  0x18,0xc3,0x00,0x18,0xc3,0x00,0x18,0xc3,0x00,0x18,0xe3,0x00,0x18,0xe3,0x00,0x20,
  0xe4,0x00,0x20,0xe4,0x00,0x21,0x04,0x00,0x21,0x04,0x00,0x21,0x04,0x00,0x21,0x03,
  0x00,0x20,0xe3,0x00,0x20,0xe3,0x00,0x20,0xe3,0x00,0x20,0xe3,0x00,0x21,0x03,0x00,
  0x20,0xe3,0x00,0x20,0xe3,0x00,0x18,0xe3,0x00,0x18,0xe3,0x00,0x18,0xe3,0x00,0x18,
  0xe3,0x00,0x21,0x04,0x00,0x21,0x04,0x00,0x21,0x04,0x00,0x21,0x04,0x00,0x21,0x04,
  0x00,0x21,0x04,0x00,0x21,0x04,0x00,0x18,0xe4,0x00,0x18,0xe3,0x00,0x18,0xe3,0x00,
  0x18,0xe3,0x00,0x18,0xe3,0x00,0x20,0xe3,0x00,0x18,0xe3,0x00,0x18,0xe3,0x00,0x18,
  0xe3,0x00,0x19,0x04,0x00,0x21,0x04,0x00,0x21,0x04,0x00,0x21,0x04,0x00,0x21,0x04,
  0x00,0x18,0xe4,0x00,0x18,0xe3,0x00,0x18,0xe3,0x00,0x18,0xe3,0x00,0x18,0xe3,0x00,
  0x18,0xe3,0x00,0x18,0xe3,0x00,0x18,0xe3,0x00,0x18,0xe3,0x00,0x18,0xe3,0x00,0x18,
  0xe3,0x00,0x18,0xe3,0x00,0x18,0xe3,0x00,0x18,0xe3,0x00,0x18,0xe3,0x00,0x18,0xe3,
  0x00,0x20,0xe3,0x00,0x21,0x04,0x00,0x18,0xe3,0x00,0x18,0xe4,0x00,0x18,0xe3,0x00,
  0x18,0xe3,0x00,0x18,0xe3,0x00,0x18,0xe3,0x00,0x18,0xe4,0x00,0x18,0xe3,0x00,0x18,
  0xe4,0x00,0x18,0xe3,0x00,0x18,0xe3,0x00,0x18,0xe3,0x00,0x18,0xe3,0x00,0x18,0xe3,
  0x00,0x18,0xe3,0x00,0x18,0xe3,0x00,0x18,0xe3,0x00,0x18,0xe3,0x00,0x18,0xe3,0x00,
  0x18,0xe3,0x00,0x18,0xe4,0x00,0x18,0xe4,0x00,0x18,0xe3,0x00,0x18,0xe3,0x00,0x18,
  0xe3,0x00,0x18,0xe3,0x00,0x20,0xe3,0x00,0x20,0xe3,0x00,0x20,0xe3,0x00,0x18,0xe3,
  0x00,0x18,0xe3,0x00,0x18,0xe3,0x00,0x18,0xe3,0x00,0x18,0xe3,0x00,0x18,0xe3,0x00,
  0x18,0xe3,0x00,0x18,0xe3,0x00,0x18,0xe3,0x00,0x18,0xe3,0x00,0x18,0xe3,0x00,0x18,
  0xe3,0x00,0x18,0xe3,0x00,0x18,0xe3,0x00,0x18,0xe3,0x00,0x18,0xe3,0x00,0x18,0xe3,
  0x00,0x18,0xe3,0x00,0x21,0x04,0x00,0x21,0x04,0x00,0x21,0x04,0x00,0x21,0x04,0x00,
  0x21,0x04,0x00,0x21,0x04,0x00,0x21,0x04,0x00,0x21,0x04,0x00,0x21,0x04,0x00,0x21,
  0x04,0x00,0x18,0xe3,0x00,0x10,0xc3,0x00,0x39,0x63,0xff,0xf4,0xc2,0xff,0xd3,0xa1,
  0xff,0x72,0x44,0xff,0x59,0xe3,0xff,0x49,0x84,0xff,0x51,0xa3,0xff,0x41,0xc4,0xff,
  0xc3,0xa2,0xff,0xd4,0x02,0xff,0xd4,0x03,0xff,0xdc,0x42,0xff,0xdc,0x23,0xff,0xdc,
  0x43,0xff,0xe4,0x62,0xff,0x93,0x04,0xff,0x39,0x64,0xff,0x39,0x63,0xff,0x39,0x63,
  0xff,0x39,0x43,0xff,0x39,0x22,0xff,0x31,0x02,0x00,0x18,0xe3,0x00,0x20,0xe3,0x00,
  0x49,0xa3,0xff,0x31,0x43,0x00,0x18,0xe4,0x00,0x20,0xe4,0x00,0x21,0x04,0x00,0x21,
  0x04,0x00,0x21,0x04,0x00,0x21,0x04,0x00,0x21,0x04,0x00,0x21,0x04,0x00,0x18,0xe3,
  0x00,0x18,0xe3,0x00,0x18,0xe3,0x00,0x18,0xe3,0x00,0x18,0xc3,0x00,0x18,0xc3,0x00,
  0x18,0xc3,0x00,0x18,0xc3,0x00,0x18,0xc3,0x00,0x18,0xc3,0x00,0x18,0xe3,0x00,0x18,
  0xe3,0x00,0x18,0xe3,0x00,0x18,0xe3,0x00,0x18,0xe3,0x00,0x18,0xe3,0x00,0x18,0xe3,
  0x00,0x18,0xe3,0x00,0x18,0xe3,0x00,0x18,0xe3,0x00,0x20,0xe3,0x00,0x21,0x04,0x00,
  0x20,0xe3,0x00,0x18,0xe3,0x00,0x18,0xe3,0x00,0x18,0xe3,0x00,0x18,0xe3,0x00,0x18,
  0xe3,0x00,0x18,0xe3,0x00,0x18,0xe3,0x00,0x18,0xe3,0x00,0x18,0xe4,0x00,0x20,0xe4,
  0x00,0x18,0xe4,0x00,0x18,0xe4,0x00,0x18,0xe3,0x00,0x18,0xe3,0x00,0x18,0xe3,0x00,
  0x18,0xe3,0x00,0x18,0xe3,0x00,0x18,0xc3,0x00,0x18,0xc3,0x00,0x18,0xe3,0x00,0x18,
  0xe3,0x00,0x18,0xe3,0x00,0x18,0xe3,0x00,0x18,0xe3,0x00,0x18,0xe4,0x00,0x18,0xe4,
  0x00,0x21,0x04,0x00,0x18,0xe4,0x00,0x18,0xe4,0x00,0x18,0xe3,0x00,0x18,0xe3,0x00,
  0x18,0xe4,0x00,0x18,0xe3,0x00,0x18,0xe3,0x00,0x18,0xe3,0x00,0x18,0xe3,0x00,0x18,
  0xe3,0x00,0x18,0xe3,0x00,0x18,0xe3,0x00,0x18,0xe3,0x00,0x18,0xe3,0x00,0x18,0xe3,
  0x00,0x18,0xe3,0x00,0x18,0xe3,0x00,0x18,0xe4,0x00,0x18,0xe3,0x00,0x18,0xe3,0x00,
  0x18,0xe3,0x00,0x18,0xe4,0x00,0x18,0xe4,0x00,0x18,0xe4,0x00,0x18,0xe3,0x00,0x18,
  0xe3,0x00,0x18,0xe4,0x00,0x18,0xe3,0x00,0x18,0xe3,0x00,0x18,0xe3,0x00,0x18,0xe3,
  0x00,0x18,0xe3,0x00,0x18,0xe3,0x00,0x18,0xe3,0x00,0x18,0xe3,0x00,0x18,0xe3,0x00,
  0x18,0xe3,0x00,0x18,0xe3,0x00,0x18,0xe4,0x00,0x18,0xe4,0x00,0x08,0x82,0x00,0x08,
  0x82,0x00,0x08,0x62,0xff,0x08,0x42,0xff,0x08,0x42,0xff,0x08,0x42,0xff,0x00,0x42,
  0xff,0x00,0x22,0xff,0x00,0x22,0xff,0x00,0x22,0xff,0x00,0x22,0xff,0x00,0x42,0xff,
  0x00,0x42,0xff,0x08,0x42,0xff,0x08,0x42,0xff,0x08,0x62,0xff,0x18,0xe4,0x00,0x18,
  0xe3,0x00,0x18,0xe3,0x00,0x18,0xe3,0x00,0x18,0xe3,0x00,0x18,0xe3,0x00,0x18,0xe3,
  0x00,0x18,0xe3,0x00,0x18,0xe3,0x00,0x21,0x04,0x00,0x18,0xe3,0x00,0x18,0xe3,0x00,
  0x18,0xe3,0x00,0x18,0xe3,0x00,0x18,0xe3,0x00,0x18,0xe3,0x00,0x18,0xe3,0x00,0x18,
  0xe3,0x00,0x18,0xe3,0x00,0x18,0xe3,0x00,0x10,0xc3,0x00,0x20,0xc3,0x00,0x18,0xa3,
  0x00,0x20,0xc3,0x00,0x18,0xe3,0x00,0x19,0x03,0x00,0x18,0xe3,0x00,0x18,0xe3,0x00,
  0x10,0xc3,0x00,0x59,0xc3,0xff,0x7a,0x63,0xff,0x9a,0xe3,0xff,0xab,0x42,0xff,0xab,
  0x43,0xff,0xb3,0x42,0xff,0x9a,0xe3,0xff,0x51,0xa4,0xff,0x21,0x04,0x00,0x21,0x04,
  0x00,0x21,0x04,0x00,0x21,0x04,0x00,0x20,0xe3,0x00,0x18,0xe3,0x00,0x18,0xe3,0x00,
  0x18,0xe3,0x00,0x18,0xe3,0x00,0x18,0xe3,0x00,0x18,0xe3,0x00,0x18,0xe3,0x00,0x18,
  0xe3,0x00,0x19,0x04,0x00,0x21,0x04,0x00,0x21,0x04,0x00,0x21,0x04,0x00,0x20,0xe4,
  0x00,0x18,0xe3,0x00,0x18,0xe3,0x00,0x18,0xc3,0x00,0x18,0xc3,0x00,0x18,0xc2,0x00,
  0x18,0xc3,0x00,0x18,0xc2,0x00,0x10,0xc3,0x00,0x18,0xc3,0x00,0x18,0xc3,0x00,0x18,
  0xc3,0x00,0x18,0xc3,0x00,0x18,0xc3,0x00,0x18,0xc3,0x00,0x18,0xc3,0x00,0x18,0xc3,
  0x00,0x18,0xe3,0x00,0x18,0xe3,0x00,0x20,0xe3,0x00,0x21,0x04,0x00,0x21,0x04,0x00,
  0x21,0x04,0x00,0x21,0x04,0x00,0x21,0x04,0x00,0x21,0x03,0x00,0x21,0x03,0x00,0x18,
  0xe3,0x00,0x18,0xe3,0x00,0x18,0xe3,0x00,0x18,0xe3,0x00,0x18,0xe3,0x00,0x18,0xe3,
  0x00,0x18,0xe3,0x00,0x18,0xe3,0x00,0x18,0xe3,0x00,0x18,0xe3,0x00,0x18,0xe3,0x00,
  0x18,0xe3,0x00,0x18,0xe3,0x00,0x18,0xe3,0x00,0x18,0xe3,0x00,0x18,0xe3,0x00,0x18,
  0xe3,0x00,0x18,0xe3,0x00,0x18,0xe3,0x00,0x18,0xe3,0x00,0x18,0xe4,0x00,0x18,0xe4,
  0x00,0x18,0xe4,0x00,0x19,0x04,0x00,0x18,0xe4,0x00,0x18,0xe3,0x00,0x18,0xe3,0x00,
  0x18,0xe3,0x00,0x18,0xe3,0x00,0x18,0xe3,0x00,0x18,0xe3,0x00,0x18,0xe3,0x00,0x18,
  0xe3,0x00,0x18,0xe3,0x00,0x18,0xe4,0x00,0x08,0x42,0xff,0x08,0x82,0x00,0x08,0x62,
  0xff,0x08,0x82,0x00,0x18,0xe3,0x00,0x18,0xe3,0x00,0x18,0xe4,0x00,0x18,0xe4,0x00,
  0x18,0xe4,0x00,0x18,0xe3,0x00,0x18,0xe3,0x00,0x18,0xe3,0x00,0x18,0xe4,0x00,0x18,
  0xe3,0x00,0x18,0xe3,0x00,0x18,0xe3,0x00,0x18,0xe4,0x00,0x18,0xe4,0x00,0x18,0xe3,
  0x00,0x18,0xe3,0x00,0x18,0xe3,0x00,0x18,0xe3,0x00,0x18,0xe3,0x00,0x18,0xe3,0x00,
  0x18,0xe3,0x00,0x18,0xe3,0x00,0x18,0xe3,0x00,0x18,0xe3,0x00,0x18,0xc3,0x00,0x7a,
  0x21,0xff,0xab,0x61,0xff,0xc3,0xe1,0xff,0xb3,0x81,0xff,0xab,0x22,0xff,0xa3,0x21,
  0xff,0xa3,0x01,0xff,0xa2,0xe1,0xff,0x9a,0xe1,0xff,0x9a,0xe1,0xff,0xa3,0x01,0xff,
  0xab,0x21,0xff,0xb3,0x41,0xff,0xb3,0x61,0xff,0xab,0x41,0xff,0xb3,0x80,0xff,0x29,
  0x03,0x00,0x18,0xc3,0x00,0x18,0xe3,0x00,0x18,0xe3,0x00,0x18,0xe3,0x00,0x18,0xe3,
  0x00,0x18,0xe3,0x00,0x18,0xe3,0x00,0x18,0xe3,0x00,0x21,0x03,0x00,0x20,0xe3,0x00,
  0x20,0xe3,0x00,0x20,0xe4,0x00,0x18,0xe3,0x00,0x18,0xe3,0x00,0x18,0xe3,0x00,0x18,
  0xe3,0x00,0x18,0xc3,0x00,0x18,0xc3,0x00,0x18,0xc3,0x00,0x10,0xc3,0x00,0x18,0xc3,
  0x00,0x20,0xe3,0x00,0x20,0xe3,0x00,0x20,0xe3,0x00,0x18,0xe3,0x00,0x18,0xe3,0x00,
  0x18,0xe3,0x00,0x18,0xe3,0x00,0x10,0xa3,0x00,0x10,0xa3,0x00,0x10,0xa4,0x00,0x18,
  0xa4,0x00,0x18,0xc4,0x00,0x18,0xc4,0x00,0x18,0xe5,0x00,0x18,0xe4,0x00,0x19,0x04,
  0x00,0x21,0x04,0x00,0x19,0x04,0x00,0x19,0x04,0x00,0x18,0xe3,0x00,0x18,0xe3,0x00,
  0x18,0xe3,0x00,0x18,0xe3,0x00,0x18,0xe3,0x00,0x18,0xe3,0x00,0x18,0xe3,0x00,0x18,
  0xe3,0x00,0x18,0xe3,0x00,0x18,0xe4,0x00,0x21,0x04,0x00,0x21,0x04,0x00,0x21,0x04,
  0x00,0x20,0xe4,0x00,0x18,0xe3,0x00,0x18,0xe3,0x00,0x18,0xe3,0x00,0x18,0xc3,0x00,
  0x18,0xc3,0x00,0x10,0x83,0x00,0xbb,0xc2,0xff,0x10,0xa3,0x00,0x18,0xc3,0x00,0x18,
  0xc3,0x00,0x18,0xa3,0x00,0x18,0xa2,0x00,0x18,0xa2,0x00,0x18,0xa3,0x00,0x10,0xa2,
  0x00,0x18,0xa2,0x00,0x18,0xc3,0x00,0x18,0xe3,0x00,0x20,0xe3,0x00,0x21,0x04,0x00,
  0x21,0x04,0x00,0x21,0x04,0x00,0x21,0x04,0x00,0x20,0xe4,0x00,0x21,0x04,0x00,0x18,
  0xc3,0x00,0x18,0xe3,0x00,0x18,0xe3,0x00,0x18,0xe3,0x00,0x18,0xe3,0x00,0x18,0xe3,
  0x00,0x18,0xe4,0x00,0x18,0xe4,0x00,0x18,0xe3,0x00,0x18,0xe3,0x00,0x18,0xe3,0x00,
  0x18,0xe3,0x00,0x18,0xe3,0x00,0x18,0xe3,0x00,0x18,0xe3,0x00,0x18,0xe3,0x00,0x18,
  0xe3,0x00,0x18,0xe3,0x00,0x18,0xe3,0x00,0x18,0xe3,0x00,0x18,0xe3,0x00,0x18,0xe4,
  0x00,0x18,0xe4,0x00,0x18,0xe4,0x00,0x18,0xe4,0x00,0x18,0xe4,0x00,0x18,0xe4,0x00,
  0x18,0xe4,0x00,0x18,0xe3,0x00,0x18,0xe3,0x00,0x18,0xe3,0x00,0x18,0xe3,0x00,0x18,
  0xe3,0x00,0x18,0xe3,0x00,0x20,0xe3,0x00,0x18,0xc2,0x00,0xbb,0xa0,0xff,0xb3,0x41,
  0xff,0xbb,0x81,0xff,0xc3,0xa1,0xff,0x31,0x03,0x00,0x18,0xe3,0x00,0x18,0xe3,0x00,
  0x18,0xe4,0x00,0x18,0xe4,0x00,0x18,0xe4,0x00,0x18,0xe3,0x00,0x18,0xe3,0x00,0x18,
  0xe4,0x00,0x18,0xe3,0x00,0x18,0xe3,0x00,0x18,0xe4,0x00,0x18,0xe4,0x00,0x18,0xe4,
  0x00,0x18,0xe3,0x00,0x18,0xe3,0x00,0x18,0xe3,0x00,0x18,0xe3,0x00,0x18,0xe3,0x00,
  0x18,0xe3,0x00,0x18,0xe3,0x00,0x18,0xe3,0x00,0x18,0xe3,0x00,0x18,0xe3,0x00,0x18,
  0xc3,0x00,0xfd,0x43,0xff,0xfd,0x61,0xff,0xfd,0x61,0xff,0xfd,0x61,0xff,0xfd,0x81,
  0xff,0xf5,0x61,0xff,0xf5,0x41,0xff,0xed,0x21,0xff,0xed,0x01,0xff,0xed,0x21,0xff,
  0xf5,0x21,0xff,0xf5,0x41,0xff,0xfd,0x61,0xff,0xfd,0x80,0xff,0xfd,0x60,0xff,0xfd,
  0xc0,0xff,0x69,0xe3,0xff,0x69,0xe4,0xff,0x59,0xa4,0xff,0x18,0xe4,0x00,0x18,0xe3,
  0x00,0x18,0xe3,0x00,0x18,0xe3,0x00,0x18,0xe4,0x00,0x18,0xe3,0x00,0x21,0x04,0x00,
  0x21,0x04,0x00,0x18,0xe4,0x00,0x18,0xe3,0x00,0x18,0xe3,0x00,0x18,0xe3,0x00,0x18,
  0xc3,0x00,0x18,0xc3,0x00,0x18,0xc3,0x00,0x18,0xc2,0x00,0x18,0xc2,0x00,0x18,0xc3,
  0x00,0x18,0xe3,0x00,0x20,0xe3,0x00,0x21,0x04,0x00,0x21,0x04,0x00,0x21,0x04,0x00,
  0x18,0xe3,0x00,0x18,0xe3,0x00,0x18,0xe3,0x00,0x18,0xc3,0x00,0x18,0xc3,0x00,0x18,
  0xc3,0x00,0x18,0xe3,0x00,0x18,0xe3,0x00,0x18,0xe4,0x00,0x18,0xe4,0x00,0x18,0xe4,
  0x00,0x18,0xe4,0x00,0x18,0xe3,0x00,0x18,0xe3,0x00,0x18,0xe3,0x00,0x18,0xe3,0x00,
  0x18,0xe4,0x00,0x18,0xe3,0x00,0x18,0xe3,0x00,0x18,0xe3,0x00,0x21,0x03,0x00,0x21,
  0x04,0x00,0x20,0xe3,0x00,0x20,0xe3,0x00,0x18,0xe3,0x00,0x18,0xe3,0x00,0x18,0xe3,
  0x00,0x19,0x04,0x00,0x18,0xe3,0x00,0x18,0xe3,0x00,0x18,0xe3,0x00,0x21,0x03,0x00,
  0xb3,0x61,0xff,0xbb,0x81,0xff,0xcc,0x02,0xff,0xdc,0x41,0xff,0xd4,0x02,0xff,0xcb,
  0xe1,0xff,0xd4,0x01,0xff,0xdc,0x21,0xff,0xdc,0x21,0xff,0xdc,0x41,0xff,0xdc,0x22,
  0xff,0xdc,0x41,0xff,0x6a,0x02,0xff,0x41,0xa3,0xff,0x62,0x04,0xff,0x18,0xe3,0x00,
  0x21,0x03,0x00,0x21,0x04,0x00,0x21,0x04,0x00,0x21,0x04,0x00,0x72,0x42,0xff,0x9a,
  0xc2,0xff,0xc3,0x63,0xff,0x18,0xc3,0x00,0x18,0xe3,0x00,0x18,0xe3,0x00,0x18,0xe4,
  0x00,0x18,0xe3,0x00,0x18,0xe3,0x00,0x18,0xe3,0x00,0x18,0xe3,0x00,0x18,0xe3,0x00,
  0x18,0xe3,0x00,0x18,0xe3,0x00,0x18,0xe3,0x00,0x18,0xe3,0x00,0x18,0xe3,0x00,0x18,
  0xe3,0x00,0x18,0xe3,0x00,0x18,0xe3,0x00,0x18,0xe3,0x00,0x18,0xe3,0x00,0x18,0xe3,
  0x00,0x18,0xe3,0x00,0x18,0xe4,0x00,0x18,0xe3,0x00,0x18,0xe4,0x00,0x18,0xe3,0x00,
  0x18,0xe3,0x00,0x18,0xe3,0x00,0x18,0xe3,0x00,0x18,0xe3,0x00,0x18,0xe3,0x00,0x18,
  0xe4,0x00,0x18,0xe4,0x00,0x21,0x04,0x00,0x21,0x04,0x00,0x20,0xe2,0x00,0xed,0x21,
  0xff,0xf5,0x01,0xff,0xf5,0x01,0xff,0xec,0xa1,0xff,0x41,0x42,0xff,0x21,0x24,0x00,
  0x18,0xe3,0x00,0x18,0xe4,0x00,0x18,0xe3,0x00,0x18,0xe3,0x00,0x18,0xe3,0x00,0x18,
  0xe3,0x00,0x18,0xe4,0x00,0x18,0xe3,0x00,0x18,0xe3,0x00,0x18,0xe4,0x00,0x18,0xe3,
  0x00,0x18,0xe3,0x00,0x18,0xe3,0x00,0x18,0xe4,0x00,0x18,0xe3,0x00,0x18,0xe3,0x00,
  0x18,0xe3,0x00,0x18,0xe3,0x00,0x18,0xe3,0x00,0x18,0xe3,0x00,0x18,0xe3,0x00,0x18,
  0xe3,0x00,0x19,0x04,0x00,0x08,0x83,0x00,0x10,0xa3,0x00,0x10,0xa3,0x00,0x08,0xa3,
  0x00,0x08,0x83,0x00,0x08,0x83,0x00,0x08,0x83,0x00,0x08,0x63,0xff,0x00,0x63,0xff,
  0x08,0x63,0xff,0x08,0x83,0x00,0x08,0x83,0x00,0x08,0x83,0x00,0x08,0xa4,0x00,0x10,
  0xa4,0x00,0x08,0xa4,0x00,0x19,0x05,0x00,0x19,0x04,0x00,0x21,0x04,0x00,0x18,0xe4,
  0x00,0x18,0xe3,0x00,0x18,0xe3,0x00,0x18,0xe3,0x00,0x18,0xe3,0x00,0x18,0xe3,0x00,
  0x18,0xe3,0x00,0x18,0xe3,0x00,0x18,0xe4,0x00,0x18,0xe3,0x00,0x18,0xe3,0x00,0x18,
  0xc3,0x00,0x18,0xc3,0x00,0x10,0xc3,0x00,0x10,0x82,0x00,0x21,0x03,0x00,0x21,0x03,
  0x00,0x29,0x23,0x00,0x31,0x63,0x00,0x21,0x04,0x00,0x29,0x04,0x00,0x21,0x04,0x00,
  0x21,0x04,0x00,0x18,0xe3,0x00,0x18,0xe3,0x00,0x18,0xe3,0x00,0x18,0xe3,0x00,0x18,
  0xe3,0x00,0x18,0xc3,0x00,0x18,0xe3,0x00,0x18,0xe3,0x00,0x18,0xe3,0x00,0x18,0xe3,
  0x00,0x18,0xe3,0x00,0x18,0xe3,0x00,0x18,0xe3,0x00,0x18,0xe3,0x00,0x18,0xe3,0x00,
  0x18,0xe3,0x00,0x18,0xe3,0x00,0x20,0xe4,0x00,0x21,0x04,0x00,0x21,0x04,0x00,0x21,
  0x04,0x00,0x21,0x04,0x00,0x21,0x24,0x00,0x21,0x03,0x00,0x20,0xe3,0x00,0x20,0xe3,
  0x00,0x18,0xe3,0x00,0x18,0xe3,0x00,0x18,0xe3,0x00,0x18,0xc3,0x00,0x18,0xc3,0x00,
  0x00,0x61,0xff,0xec,0xc1,0xff,0xe4,0xa1,0xff,0xec,0xc1,0xff,0xec,0xe1,0xff,0xec,
  0xc1,0xff,0xec,0xa1,0xff,0xec,0x81,0xff,0xec,0x80,0xff,0xe4,0x60,0xff,0xe4,0x60,
  0xff,0xe4,0x80,0xff,0xec,0x80,0xff,0x18,0xc3,0x00,0x18,0xc3,0x00,0x49,0xa3,0xff,
  0x18,0xe4,0x00,0x20,0xe3,0x00,0x21,0x04,0x00,0x21,0x04,0x00,0x18,0xe3,0x00,0xe4,
  0x02,0xff,0xdb,0xc2,0xff,0xec,0x02,0xff,0x21,0x03,0x00,0x21,0x04,0x00,0x18,0xe4,
  0x00,0x18,0xe3,0x00,0x18,0xe3,0x00,0x18,0xe3,0x00,0x18,0xe3,0x00,0x18,0xe3,0x00,
  0x18,0xe3,0x00,0x18,0xe3,0x00,0x18,0xe3,0x00,0x18,0xe3,0x00,0x18,0xe4,0x00,0x18,
  0xe3,0x00,0x18,0xe3,0x00,0x18,0xe3,0x00,0x18,0xe3,0x00,0x18,0xe3,0x00,0x18,0xe3,
  0x00,0x18,0xe3,0x00,0x18,0xe3,0x00,0x18,0xe3,0x00,0x18,0xe3,0x00,0x18,0xe4,0x00,
  0x18,0xe3,0x00,0x18,0xe3,0x00,0x18,0xe3,0x00,0x18,0xe3,0x00,0x18,0xe3,0x00,0x18,
  0xe3,0x00,0x20,0xe4,0x00,0x20,0xe4,0x00,0x21,0x04,0x00,0x21,0x04,0x00,0x18,0xe4,
  0x00,0x10,0xc3,0x00,0x10,0xc3,0x00,0x18,0xc3,0x00,0x18,0xe4,0x00,0x18,0xe4,0x00,
  0x18,0xe3,0x00,0x18,0xe4,0x00,0x18,0xe4,0x00,0x18,0xe4,0x00,0x18,0xe3,0x00,0x18,
  0xe3,0x00,0x18,0xe3,0x00,0x18,0xe3,0x00,0x18,0xe3,0x00,0x18,0xe3,0x00,0x18,0xe3,
  0x00,0x18,0xe3,0x00,0x18,0xe3,0x00,0x18,0xe3,0x00,0x18,0xe4,0x00,0x18,0xe3,0x00,
  0x18,0xe3,0x00,0x18,0xe3,0x00,0x18,0xe3,0x00,0x18,0xe3,0x00,0x18,0xe3,0x00,0x18,
  0xe4,0x00,0x18,0xe3,0x00,0x18,0xe4,0x00,0x18,0xe4,0x00,0x18,0xe3,0x00,0x19,0x03,
  0x00,0x19,0x03,0x00,0x19,0x04,0x00,0x18,0xe3,0x00,0x18,0xe3,0x00,0x18,0xe3,0x00,
  0x18,0xe3,0x00,0x18,0xe3,0x00,0x21,0x04,0x00,0x21,0x04,0x00,0x21,0x04,0x00,0x21,
  0x04,0x00,0x21,0x04,0x00,0x21,0x04,0x00,0x21,0x04,0x00,0x18,0xe4,0x00,0x18,0xe3,
  0x00,0x18,0xe3,0x00,0x18,0xe3,0x00,0x18,0xe3,0x00,0x18,0xe3,0x00,0x18,0xe3,0x00,
  0x18,0xe3,0x00,0x18,0xe3,0x00,0x18,0xe4,0x00,0x18,0xe3,0x00,0x18,0xe3,0x00,0x18,
  0xe3,0x00,0x18,0xe3,0x00,0x18,0xc3,0x00,0x10,0xa2,0x00,0xe4,0xe3,0xff,0xe4,0xc3,
  0xff,0xec,0xc3,0xff,0xec,0xc3,0xff,0xf5,0x04,0xff,0xcb,0xa4,0xff,0x39,0x43,0xff,
  0x21,0x24,0x00,0x21,0x04,0x00,0x21,0x04,0x00,0x18,0xe3,0x00,0x18,0xe3,0x00,0x18,
  0xe3,0x00,0x18,0xc3,0x00,0x18,0xc3,0x00,0x18,0xc3,0x00,0x18,0xc3,0x00,0x18,0xc3,
  0x00,0x18,0xc3,0x00,0x18,0xc3,0x00,0x18,0xc3,0x00,0x18,0xc3,0x00,0x18,0xc3,0x00,
  0x18,0xe3,0x00,0x18,0xe3,0x00,0x18,0xe3,0x00,0x18,0xe3,0x00,0x21,0x04,0x00,0x21,
  0x04,0x00,0x21,0x04,0x00,0x21,0x04,0x00,0x21,0x03,0x00,0x18,0x82,0x00,0x18,0xa2,
  0x00,0x18,0xa2,0x00,0x18,0xe3,0x00,0x18,0xe3,0x00,0x18,0xe3,0x00,0x18,0xc3,0x00,
  0x18,0xc3,0x00,0x10,0x82,0x00,0x8a,0xc3,0xff,0x72,0x63,0xff,0x7a,0x83,0xff,0x72,
  0x63,0xff,0x72,0x63,0xff,0x7a,0x83,0xff,0x7a,0xa3,0xff,0x82,0xa3,0xff,0x8a,0xa2,
  0xff,0x82,0xa2,0xff,0x7a,0x62,0xff,0x6a,0x22,0xff,0x18,0xc3,0x00,0x18,0xe3,0x00,
  0x18,0xe3,0x00,0x18,0xe3,0x00,0x18,0xe3,0x00,0x21,0x03,0x00,0x21,0x04,0x00,0x21,
  0x24,0x00,0x18,0xe3,0x00,0x10,0xc4,0x00,0x10,0xc4,0x00,0x21,0x04,0x00,0x21,0x04,
  0x00,0x18,0xe3,0x00,0x18,0xe3,0x00,0x18,0xe3,0x00,0x18,0xe3,0x00,0x18,0xe3,0x00,
  0x18,0xe3,0x00,0x18,0xe3,0x00,0x18,0xe3,0x00,0x18,0xe3,0x00,0x18,0xe3,0x00,0x18,
  0xe4,0x00,0x19,0x04,0x00,0x18,0xe3,0x00,0x18,0xe3,0x00,0x18,0xe4,0x00,0x18,0xe4,
  0x00,0x18,0xe4,0x00,0x18,0xe4,0x00,0x20,0xe4,0x00,0x18,0xe4,0x00,0x18,0xe4,0x00,
  0x18,0xe3,0x00,0x18,0xe3,0x00,0x18,0xe3,0x00,0x18,0xe3,0x00,0x18,0xe3,0x00,0x18,
  0xe3,0x00,0x18,0xe3,0x00,0x18,0xe3,0x00,0x18,0xe3,0x00,0x18,0xe4,0x00,0x20,0xe3,
  0x00,0x18,0xe3,0x00,0x18,0xe3,0x00,0x18,0xe3,0x00,0x18,0xe3,0x00,0x20,0xe3,0x00,
  0x20,0xe4,0x00,0x21,0x04,0x00,0x21,0x04,0x00,0x18,0xe4,0x00,0x18,0xe4,0x00,0x18,
  0xe4,0x00,0x18,0xe4,0x00,0x18,0xe3,0x00,0x18,0xe3,0x00,0x18,0xe4,0x00,0x18,0xe3,
  0x00,0x18,0xe3,0x00,0x18,0xe3,0x00,0x18,0xe3,0x00,0x18,0xe3,0x00,0x18,0xe3,0x00,
  0x18,0xe3,0x00,0x18,0xe3,0x00,0x18,0xe3,0x00,0x18,0xe3,0x00,0x18,0xe3,0x00,0x18,
  0xe3,0x00,0x18,0xe4,0x00,0x18,0xe3,0x00,0x18,0xe3,0x00,0x18,0xe3,0x00,0x18,0xe3,
  0x00,0x18,0xe3,0x00,0x18,0xe3,0x00,0x18,0xe3,0x00,0x18,0xe3,0x00,0x18,0xe3,0x00,
  0x18,0xe3,0x00,0x18,0xe3,0x00,0x18,0xe3,0x00,0x20,0xe3,0x00,0x21,0x04,0x00,0x21,
  0x04,0x00,0x19,0x04,0x00,0x19,0x04,0x00,0x18,0xe3,0x00,0x18,0xe3,0x00,0x18,0xe3,
  0x00,0x18,0xe3,0x00,0x18,0xe3,0x00,0x18,0xe3,0x00,0x18,0xe3,0x00,0x18,0xe3,0x00,
  0x18,0xe3,0x00,0x18,0xe3,0x00,0x18,0xe3,0x00,0x18,0xe4,0x00,0x18,0xe3,0x00,0x18,
  0xe3,0x00,0x18,0xe3,0x00,0x18,0xc3,0x00,0x18,0xc3,0x00,0x10,0xa3,0x00,0xd4,0x03,
  0xff,0xc3,0xe3,0xff,0xcb,0xe3,0xff,0xd4,0x23,0xff,0x9b,0x44,0xff,0x31,0x24,0x00,
  0x21,0x04,0x00,0x21,0x04,0x00,0x21,0x04,0x00,0x21,0x04,0x00,0x18,0xe3,0x00,0x18,
  0xe3,0x00,0x18,0xc3,0x00,0x18,0xc3,0x00,0x18,0xc3,0x00,0x18,0xc3,0x00,0x18,0xc3,
  0x00,0x18,0xc3,0x00,0x18,0xc2,0x00,0x18,0xa2,0x00,0x18,0xa2,0x00,0x18,0xc2,0x00,
  0x18,0xc3,0x00,0x18,0xc3,0x00,0x18,0xe3,0x00,0x20,0xe3,0x00,0x21,0x04,0x00,0x21,
  0x04,0x00,0x21,0x04,0x00,0x20,0xe3,0x00,0x21,0x04,0x00,0x39,0x42,0xff,0xf5,0x62,
  0xff,0xed,0x22,0xff,0xe5,0x24,0xff,0x10,0xa3,0x00,0x18,0xe3,0x00,0x18,0xe3,0x00,
  0x18,0xc3,0x00,0x18,0xc3,0x00,0x18,0xe3,0x00,0x19,0x04,0x00,0x21,0x04,0x00,0x21,
  0x04,0x00,0x21,0x04,0x00,0x21,0x04,0x00,0x21,0x04,0x00,0x21,0x04,0x00,0x21,0x04,
  0x00,0x21,0x04,0x00,0x21,0x04,0x00,0x20,0xe3,0x00,0x18,0xe3,0x00,0x18,0xc3,0x00,
  0x18,0xe3,0x00,0x18,0xe3,0x00,0x18,0xe3,0x00,0x18,0xe3,0x00,0x20,0xe3,0x00,0x21,
  0x04,0x00,0x21,0x04,0x00,0x21,0x04,0x00,0x21,0x04,0x00,0x21,0x03,0x00,0x21,0x04,
  0x00,0x18,0xe3,0x00,0x18,0xe3,0x00,0x18,0xe3,0x00,0x18,0xe3,0x00,0x18,0xe3,0x00,
  0x18,0xe3,0x00,0x18,0xe3,0x00,0x18,0xe3,0x00,0x18,0xe4,0x00,0x19,0x04,0x00,0x20,
  0xe4,0x00,0x21,0x04,0x00,0x21,0x04,0x00,0x21,0x04,0x00,0x21,0x04,0x00,0x21,0x04,
  0x00,0x21,0x04,0x00,0x21,0x04,0x00,0x20,0xe4,0x00,0x20,0xe4,0x00,0x18,0xe3,0x00,
  0x18,0xe3,0x00,0x18,0xc3,0x00,0x18,0xc3,0x00,0x18,0xc3,0x00,0x18,0xc3,0x00,0x18,
  0xc3,0x00,0x18,0xc3,0x00,0x18,0xe3,0x00,0x18,0xe3,0x00,0x18,0xe3,0x00,0x18,0xe3,
  0x00,0x18,0xe3,0x00,0x18,0xe3,0x00,0x18,0xe3,0x00,0x18,0xe3,0x00,0x18,0xe3,0x00,
  0x20,0xe3,0x00,0x21,0x04,0x00,0x21,0x04,0x00,0x21,0x04,0x00,0x21,0x04,0x00,0x21,
  0x04,0x00,0x21,0x04,0x00,0x21,0x04,0x00,0x18,0xe4,0x00,0x18,0xe4,0x00,0x18,0xe4,
  0x00,0x18,0xe3,0x00,0x18,0xe3,0x00,0x18,0xe3,0x00,0x18,0xe3,0x00,0x18,0xe3,0x00,
  0x18,0xe3,0x00,0x18,0xe3,0x00,0x18,0xe3,0x00,0x18,0xe3,0x00,0x18,0xe3,0x00,0x18,
  0xe3,0x00,0x18,0xe3,0x00,0x18,0xe4,0x00,0x18,0xe3,0x00,0x18,0xe3,0x00,0x18,0xe3,
  0x00,0x18,0xe3,0x00,0x18,0xe3,0x00,0x18,0xe3,0x00,0x18,0xe3,0x00,0x18,0xe3,0x00,
  0x18,0xe3,0x00,0x18,0xe3,0x00,0x18,0xe4,0x00,0x18,0xe3,0x00,0x21,0x04,0x00,0x18,
  0xe3,0x00,0x18,0xe3,0x00,0x18,0xe4,0x00,0x18,0xe4,0x00,0x18,0xe3,0x00,0x18,0xe3,
  0x00,0x18,0xe3,0x00,0x18,0xe3,0x00,0x18,0xe3,0x00,0x18,0xe3,0x00,0x18,0xe3,0x00,
  0x18,0xe3,0x00,0x18,0xe3,0x00,0x18,0xe3,0x00,0x18,0xe3,0x00,0x18,0xe3,0x00,0x18,
  0xe3,0x00,0x18,0xe3,0x00,0x18,0xe3,0x00,0x18,0xc3,0x00,0x18,0xc3,0x00,0x18,0xe3,
  0x00,0x18,0xe4,0x00,0x21,0x04,0x00,0x21,0x04,0x00,0x21,0x04,0x00,0x21,0x04,0x00,
  0x21,0x04,0x00,0x21,0x04,0x00,0x21,0x04,0x00,0x18,0xe3,0x00,0x18,0xe3,0x00,0x18,
  0xe3,0x00,0x18,0xe3,0x00,0x18,0xe3,0x00,0x18,0xe3,0x00,0x10,0xa3,0x00,0x08,0x62,
  0xff,0x08,0x83,0x00,0x08,0x42,0xff,0x00,0x22,0xff,0x00,0x22,0xff,0x00,0x22,0xff,
  0x00,0x42,0xff,0x08,0x83,0x00,0x10,0xa3,0x00,0x20,0xe3,0x00,0x21,0x03,0x00,0x21,
  0x04,0x00,0x21,0x04,0x00,0x21,0x03,0x00,0x20,0xe3,0x00,0x18,0xe3,0x00,0x18,0xe3,
  0x00,0x41,0x43,0xff,0x6a,0x24,0xff,0x18,0xc4,0x00,0x18,0xe3,0x00,0x18,0xe3,0x00,
  0x18,0xe3,0x00,0x18,0xe3,0x00,0x18,0xe3,0x00,0x18,0xe3,0x00,0x18,0xe3,0x00,0x18,
  0xe3,0x00,0x21,0x03,0x00,0x21,0x04,0x00,0x21,0x04,0x00,0x19,0x03,0x00,0x18,0xe3,
  0x00,0x18,0xe3,0x00,0x18,0xe2,0x00,0x18,0xe3,0x00,0x18,0xe3,0x00,0x18,0xe3,0x00,
  0x20,0xe3,0x00,0x20,0xe3,0x00,0x20,0xe3,0x00,0x18,0xc3,0x00,0x18,0xe3,0x00,0x18,
  0xe3,0x00,0x21,0x04,0x00,0x21,0x04,0x00,0x21,0x04,0x00,0x21,0x04,0x00,0x21,0x04,
  0x00,0x18,0xe4,0x00,0x18,0xe3,0x00,0x18,0xe3,0x00,0x18,0xe3,0x00,0x18,0xc3,0x00,
  0x18,0xc3,0x00,0x18,0xc3,0x00,0x18,0xe3,0x00,0x18,0xe3,0x00,0x18,0xe4,0x00,0x21,
  0x04,0x00,0x21,0x04,0x00,0x21,0x04,0x00,0x21,0x04,0x00,0x21,0x04,0x00,0x21,0x04,
  0x00,0x21,0x04,0x00,0x21,0x24,0x00,0x21,0x04,0x00,0x20,0xe3,0x00,0x18,0xa3,0x00,
  0x10,0x63,0x00,0x08,0x42,0xff,0x00,0x22,0xff,0x00,0x22,0xff,0x00,0x22,0xff,0x00,
  0x22,0xff,0x00,0x22,0xff,0x08,0x42,0xff,0x08,0x63,0x00,0x10,0x83,0x00,0x10,0x83,
  0x00,0x10,0x83,0x00,0x10,0x63,0x00,0x10,0x63,0x00,0x10,0x62,0x00,0x08,0x63,0xff,
  0x08,0x63,0xff,0x08,0x82,0xff,0x18,0xa3,0x00,0x21,0x04,0x00,0x21,0x04,0x00,0x21,
  0x04,0x00,0x21,0x04,0x00,0x21,0x04,0x00,0x19,0x04,0x00,0x20,0xe4,0x00,0x18,0xe3,
  0x00,0x18,0xe3,0x00,0x18,0xe3,0x00,0x18,0xe3,0x00,0x18,0xe3,0x00,0x18,0xe3,0x00,
  0x18,0xe3,0x00,0x18,0xe3,0x00,0x18,0xe3,0x00,0x18,0xe3,0x00,0x18,0xe3,0x00,0x18,
  0xe4,0x00,0x18,0xe4,0x00,0x18,0xe4,0x00,0x18,0xe4,0x00,0x18,0xe4,0x00,0x18,0xe3,
  0x00,0x18,0xe3,0x00,0x18,0xe3,0x00,0x18,0xe3,0x00,0x18,0xe3,0x00,0x18,0xe3,0x00,
  0x18,0xe3,0x00,0x18,0xe3,0x00,0x18,0xe3,0x00,0x21,0x04,0x00,0x18,0xe3,0x00,0x18,
  0xe4,0x00,0x18,0xe3,0x00,0x18,0xe3,0x00,0x18,0xe3,0x00,0x18,0xe3,0x00,0x18,0xe3,
  0x00,0x18,0xe3,0x00,0x18,0xe3,0x00,0x18,0xe3,0x00,0x18,0xe4,0x00,0x18,0xe4,0x00,
  0x18,0xe3,0x00,0x18,0xe3,0x00,0x18,0xe3,0x00,0x18,0xe3,0x00,0x18,0xe3,0x00,0x18,
  0xc3,0x00,0x18,0xe3,0x00,0x18,0xe3,0x00,0x18,0xe3,0x00,0x18,0xe3,0x00,0x18,0xe3,
  0x00,0x18,0xe3,0x00,0x21,0x04,0x00,0x21,0x04,0x00,0x21,0x04,0x00,0x21,0x04,0x00,
  0x21,0x04,0x00,0x21,0x04,0x00,0x21,0x04,0x00,0x18,0xe3,0x00,0x18,0xe3,0x00,0x18,
  0xe3,0x00,0x18,0xe3,0x00,0x18,0xe3,0x00,0x21,0x04,0x00,0x21,0x04,0x00,0x8a,0xa2,
  0xff,0xfd,0xc3,0xff,0xfd,0x82,0xff,0xfd,0x61,0xff,0xfd,0x20,0xff,0xf5,0x00,0xff,
  0xf5,0x00,0xff,0xf4,0xe0,0xff,0xfc,0xe0,0xff,0xfc,0x60,0xff,0xf4,0x20,0xff,0x61,
  0xc2,0xff,0x21,0x03,0x00,0x20,0xe3,0x00,0x18,0xe3,0x00,0x20,0xe3,0x00,0x18,0xe3,
  0x00,0x18,0xc3,0x00,0x18,0xe3,0x00,0x20,0xe4,0x00,0x21,0x04,0x00,0x20,0xe3,0x00,
  0x21,0x04,0x00,0x21,0x04,0x00,0x21,0x04,0x00,0x21,0x04,0x00,0x21,0x03,0x00,0x20,
  0xe3,0x00,0x20,0xe3,0x00,0x20,0xe3,0x00,0x20,0xe3,0x00,0x20,0xe4,0x00,0x18,0xe3,
  0x00,0x18,0xc3,0x00,0x49,0x62,0xff,0x49,0xa3,0xff,0x51,0xa3,0xff,0x59,0xc3,0xff,
  0x62,0x03,0xff,0x5a,0x03,0xff,0x5a,0x03,0xff,0x59,0xe3,0xff,0x59,0xc3,0xff,0x51,
  0xc3,0xff,0x51,0xa3,0xff,0x41,0xa4,0xff,0x39,0x83,0xff,0x39,0x83,0xff,0x29,0x23,
  0x00,0x28,0xe2,0x00,0x18,0xc3,0x00,0x18,0xc3,0x00,0x18,0xc3,0x00,0x18,0xa3,0x00,
  0x29,0x03,0x00,0x10,0xa2,0x00,0x18,0xc3,0x00,0x18,0xe3,0x00,0x18,0xe3,0x00,0x18,
  0xe4,0x00,0x21,0x04,0x00,0x21,0x04,0x00,0x21,0x04,0x00,0x21,0x04,0x00,0x21,0x24,
  0x00,0x21,0x24,0x00,0x29,0x04,0x00,0xd3,0x82,0xff,0xd3,0xa2,0xff,0xfd,0x00,0xff,
  0xfd,0x41,0xff,0xfd,0x41,0xff,0xfd,0x61,0xff,0xfd,0x40,0xff,0xfd,0x21,0xff,0xfd,
  0x21,0xff,0xfd,0x21,0xff,0xfd,0x21,0xff,0xfd,0x41,0xff,0xfd,0x61,0xff,0xfd,0x62,
  0xff,0xfd,0x62,0xff,0xfd,0x62,0xff,0xfd,0x82,0xff,0xfd,0x61,0xff,0xfd,0x41,0xff,
  0xf5,0x41,0xff,0xf5,0x20,0xff,0xf5,0x00,0xff,0xa3,0x42,0xff,0x21,0x04,0x00,0x21,
  0x04,0x00,0x21,0x04,0x00,0x21,0x04,0x00,0x21,0x04,0x00,0x18,0xe4,0x00,0x18,0xe3,
  0x00,0x18,0xe3,0x00,0x18,0xe3,0x00,0x18,0xe4,0x00,0x18,0xe4,0x00,0x18,0xe4,0x00,
  0x18,0xe3,0x00,0x18,0xe3,0x00,0x18,0xe3,0x00,0x18,0xe3,0x00,0x18,0xe3,0x00,0x18,
  0xe4,0x00,0x18,0xe3,0x00,0x18,0xe3,0x00,0x18,0xe3,0x00,0x18,0xe3,0x00,0x18,0xe3,
  0x00,0x18,0xe3,0x00,0x18,0xe4,0x00,0x18,0xe3,0x00,0x20,0xe3,0x00,0x20,0xe4,0x00,
  0x18,0xe3,0x00,0x18,0xe4,0x00,0x18,0xe4,0x00,0x19,0x04,0x00,0x21,0x04,0x00,0x20,
  0xe4,0x00,0x20,0xe4,0x00,0x18,0xe4,0x00,0x18,0xe3,0x00,0x18,0xe3,0x00,0x18,0xe3,
  0x00,0x18,0xe3,0x00,0x18,0xe3,0x00,0x18,0xe3,0x00,0x18,0xe3,0x00,0x20,0xe4,0x00,
  0x21,0x04,0x00,0x21,0x04,0x00,0x18,0xe4,0x00,0x18,0xe3,0x00,0x18,0xe3,0x00,0x18,
  0xe3,0x00,0x18,0xe3,0x00,0x18,0xc3,0x00,0x18,0xe3,0x00,0x18,0xe3,0x00,0x18,0xe3,
  0x00,0x18,0xe3,0x00,0x18,0xe3,0x00,0x21,0x04,0x00,0x21,0x04,0x00,0x21,0x04,0x00,
  0x21,0x04,0x00,0x21,0x04,0x00,0x20,0xe3,0x00,0x18,0xe3,0x00,0x18,0xe3,0x00,0x18,
  0xe3,0x00,0x18,0xe3,0x00,0x18,0xe3,0x00,0x18,0xe3,0x00,0x21,0x04,0x00,0x21,0x04,
  0x00,0x31,0x43,0x00,0x49,0x83,0xff,0x59,0xc2,0xff,0xd4,0x22,0xff,0xf4,0xa1,0xff,
  0xf4,0x81,0xff,0xf4,0x81,0xff,0xfc,0xa0,0xff,0x31,0x03,0x00,0x20,0xe4,0x00,0x28,
  0xe3,0x00,0x18,0xa3,0x00,0x20,0xe3,0x00,0x18,0xe3,0x00,0x18,0xe3,0x00,0x18,0xc3,
  0x00,0x18,0xc3,0x00,0x18,0xc3,0x00,0x18,0xc3,0x00,0x18,0xe4,0x00,0x18,0xe4,0x00,
  0x21,0x04,0x00,0x21,0x04,0x00,0x21,0x04,0x00,0x21,0x04,0x00,0x21,0x04,0x00,0x21,
  0x04,0x00,0x21,0x04,0x00,0x21,0x04,0x00,0x21,0x04,0x00,0x20,0xe4,0x00,0x18,0xe4,
  0x00,0x18,0xc3,0x00,0x10,0xa3,0x00,0x9b,0x03,0xff,0xdc,0x22,0xff,0xec,0x61,0xff,
  0xe4,0x21,0xff,0xec,0x81,0xff,0xec,0xc2,0xff,0xf4,0xc2,0xff,0xf4,0xe2,0xff,0xf4,
  0xc2,0xff,0xf4,0xc2,0xff,0xf4,0xc2,0xff,0xf4,0xe2,0xff,0xf4,0xe2,0xff,0xfd,0x02,
  0xff,0xec,0x42,0xff,0xf4,0xc1,0xff,0x00,0x22,0xff,0x08,0x42,0xff,0x00,0x42,0xff,
  0x00,0x43,0xff,0x08,0x63,0x00,0x08,0x63,0xff,0x08,0x83,0x00,0x10,0xc3,0x00,0x18,
  0xc3,0x00,0x18,0xc3,0x00,0x18,0xe3,0x00,0x10,0xc3,0x00,0x10,0xc3,0x00,0x21,0x24,
  0x00,0x21,0x24,0x00,0x21,0x04,0x00,0x21,0x04,0x00,0x30,0xe2,0x00,0x18,0x82,0xff,
  0xfd,0x82,0xff,0xf5,0x22,0xff,0xf5,0x22,0xff,0xfd,0x01,0xff,0xfc,0xe0,0xff,0xf4,
  0xc1,0xff,0xf4,0xc1,0xff,0xf4,0xc1,0xff,0xf4,0xe1,0xff,0xf4,0xe1,0xff,0xfd,0x01,
  0xff,0xfd,0x02,0xff,0xfd,0x02,0xff,0xfd,0x02,0xff,0xfd,0x02,0xff,0xf4,0xe1,0xff,
  0xf4,0xc0,0xff,0xec,0xa0,0xff,0xec,0xa0,0xff,0xec,0xa0,0xff,0x9b,0x01,0xff,0x18,
  0xe3,0x00,0x18,0xe3,0x00,0x18,0xe3,0x00,0x18,0xe4,0x00,0x19,0x04,0x00,0x20,0xe4,
  0x00,0x18,0xe3,0x00,0x18,0xe3,0x00,0x18,0xe3,0x00,0x21,0x04,0x00,0x21,0x04,0x00,
  0x21,0x04,0x00,0x21,0x04,0x00,0x21,0x04,0x00,0x21,0x04,0x00,0x18,0xe4,0x00,0x18,
  0xe4,0x00,0x18,0xe4,0x00,0x18,0xe3,0x00,0x18,0xe3,0x00,0x18,0xe3,0x00,0x18,0xe3,
  0x00,0x18,0xe3,0x00,0x18,0xe4,0x00,0x20,0xe4,0x00,0x20,0xe3,0x00,0x18,0xe3,0x00,
  0x18,0xe3,0x00,0x18,0xe4,0x00,0x20,0xe4,0x00,0x19,0x04,0x00,0x19,0x03,0x00,0x20,
  0xe4,0x00,0x20,0xe4,0x00,0x21,0x04,0x00,0x18,0xe3,0x00,0x18,0xe3,0x00,0x18,0xe3,
  0x00,0x18,0xe3,0x00,0x18,0xc3,0x00,0x18,0xe3,0x00,0x18,0xe3,0x00,0x20,0xe3,0x00,
  0x21,0x04,0x00,0x21,0x04,0x00,0x21,0x04,0x00,0x21,0x04,0x00,0x18,0xe4,0x00,0x18,
  0xe3,0x00,0x18,0xe3,0x00,0x18,0xe3,0x00,0x18,0xe3,0x00,0x18,0xc3,0x00,0x18,0xc3,
  0x00,0x18,0xe3,0x00,0x18,0xe3,0x00,0x20,0xe3,0x00,0x21,0x03,0x00,0x21,0x04,0x00,
  0x21,0x04,0x00,0x21,0x04,0x00,0x21,0x03,0x00,0x20,0xe3,0x00,0x18,0xe3,0x00,0x18,
  0xc3,0x00,0x18,0xc3,0x00,0x18,0xc3,0x00,0x18,0xe3,0x00,0x18,0xe3,0x00,0x21,0x04,
  0x00,0x29,0x04,0x00,0x21,0x03,0x00,0x29,0x23,0x00,0x29,0x43,0x00,0x6a,0x44,0xff,
  0xf4,0xa2,0xff,0xf4,0xa2,0xff,0xec,0x82,0xff,0xfc,0xa1,0xff,0x51,0xc5,0xff,0x20,
  0xe3,0x00,0x20,0xe3,0x00,0x18,0xc3,0x00,0x18,0xc3,0x00,0x18,0xc3,0x00,0x18,0xc2,
  0x00,0x18,0xc3,0x00,0x18,0xc3,0x00,0x18,0xc3,0x00,0x18,0xe3,0x00,0x21,0x04,0x00,
  0x21,0x04,0x00,0x21,0x04,0x00,0x21,0x03,0x00,0x21,0x04,0x00,0x21,0x04,0x00,0x21,
  0x04,0x00,0x21,0x24,0x00,0x21,0x24,0x00,0x21,0x04,0x00,0x21,0x04,0x00,0x21,0x04,
  0x00,0x18,0xe3,0x00,0x18,0xc3,0x00,0x10,0xc2,0x00,0x10,0xa2,0x00,0x10,0x82,0x00,
  0x7a,0x42,0xff,0xe4,0x01,0xff,0x69,0xe3,0xff,0x49,0x44,0xff,0xf4,0xc0,0xff,0xf4,
  0xc1,0xff,0xf4,0xc1,0xff,0xfc,0xc1,0xff,0xfc,0xe1,0xff,0xfc,0xe1,0xff,0xfd,0x02,
  0xff,0xfc,0xe1,0xff,0xfc,0xe1,0xff,0xf4,0xc0,0xff,0xf4,0xc0,0xff,0xfd,0x00,0xff,
  0xfc,0xe0,0xff,0xfc,0xe0,0xff,0xf4,0xe0,0xff,0xfd,0x00,0xff,0xfd,0x01,0xff,0xb3,
  0x23,0xff,0xdc,0x01,0xff,0xe4,0x21,0xff,0xf4,0x81,0xff,0xec,0xc2,0xff,0xfd,0x61,
  0xff,0x10,0xa3,0x00,0x21,0x04,0x00,0x20,0xe3,0x00,0x18,0xa3,0x00,0x10,0x83,0x00,
  0xd3,0xc1,0xff,0xfd,0x61,0xff,0xfd,0x43,0xff,0xfd,0x22,0xff,0xfd,0x22,0xff,0xfc,
  0xe1,0xff,0xfc,0xe1,0xff,0xf4,0xc1,0xff,0xf4,0xc1,0xff,0xf4,0xc1,0xff,0xfc,0xe1,
  0xff,0xfc,0xe2,0xff,0xfd,0x02,0xff,0xfd,0x22,0xff,0xfd,0x22,0xff,0xfd,0x22,0xff,
  0xfd,0x22,0xff,0xfd,0x01,0xff,0xf4,0xc0,0xff,0x7a,0x41,0xff,0x08,0x41,0xff,0x6a,
  0x01,0xff,0x18,0xe3,0x00,0x18,0xe3,0x00,0x18,0xe3,0x00,0x20,0xe4,0x00,0x20,0xe4,
  0x00,0x21,0x04,0x00,0x18,0xe4,0x00,0x18,0xe4,0x00,0x18,0xe4,0x00,0x21,0x04,0x00,
  0x21,0x04,0x00,0x21,0x24,0x00,0x29,0x24,0x00,0x29,0x24,0x00,0x21,0x24,0x00,0x18,
  0xe4,0x00,0x18,0xe4,0x00,0x18,0xe4,0x00,0x18,0xe4,0x00,0x18,0xe4,0x00,0x18,0xe4,
  0x00,0x18,0xe4,0x00,0x18,0xe4,0x00,0x20,0xe4,0x00,0x18,0xe4,0x00,0x18,0xe4,0x00,
  0x18,0xe4,0x00,0x18,0xe4,0x00,0x18,0xe4,0x00,0x20,0xe3,0x00,0x18,0xe4,0x00,0x18,
  0xe4,0x00,0x19,0x04,0x00,0x20,0xe4,0x00,0x21,0x04,0x00,0x20,0xe4,0x00,0x18,0xe3,
  0x00,0x18,0xe3,0x00,0x18,0xe3,0x00,0x18,0xe3,0x00,0x62,0x23,0xff,0x92,0xa2,0xff,
  0x8a,0xa3,0xff,0x8a,0xc3,0xff,0x92,0xe2,0xff,0x9a,0xe2,0xff,0xab,0x42,0xff,0x18,
  0xe4,0x00,0x21,0x04,0x00,0x21,0x04,0x00,0x18,0xe4,0x00,0x18,0xe3,0x00,0x18,0xe3,
  0x00,0x18,0xe4,0x00,0x21,0x02,0x00,0x29,0x02,0x00,0x29,0x03,0x00,0x31,0x02,0x00,
  0x31,0x23,0x00,0x31,0x23,0x00,0x29,0x03,0x00,0x29,0x03,0x00,0x29,0x03,0x00,0x29,
  0x02,0x00,0x31,0x22,0x00,0x39,0x42,0xff,0x20,0xe3,0x00,0x18,0xc3,0x00,0x18,0xe3,
  0x00,0x51,0xe3,0xff,0x8a,0xa1,0xff,0x9a,0xe2,0xff,0x9b,0x02,0xff,0xa3,0x22,0xff,
  0xdc,0x21,0xff,0xe4,0x01,0xff,0xec,0x82,0xff,0xec,0x82,0xff,0xec,0x62,0xff,0xec,
  0xc2,0xff,0xe4,0xa2,0xff,0xcc,0x03,0xff,0xcb,0xe3,0xff,0xc3,0xe3,0xff,0xc3,0xc4,
  0xff,0xa3,0x23,0xff,0x41,0x63,0xff,0x10,0xa3,0x00,0x10,0x83,0x00,0x41,0x83,0xff,
  0x7a,0x83,0xff,0x7a,0x43,0xff,0x72,0x63,0xff,0x6a,0x24,0xff,0x62,0x23,0xff,0x62,
  0x04,0xff,0x62,0x24,0xff,0x72,0x23,0xff,0x72,0x63,0xff,0x8a,0xa3,0xff,0xa3,0x02,
  0xff,0xab,0x22,0xff,0xab,0x22,0xff,0xa3,0x03,0xff,0xa2,0xe2,0xff,0xcb,0xa1,0xff,
  0xd4,0x02,0xff,0xe4,0x61,0xff,0xec,0x81,0xff,0xec,0x81,0xff,0xe4,0x42,0xff,0xf4,
  0xa1,0xff,0xf4,0xa1,0xff,0xf4,0xa0,0xff,0xfc,0xc1,0xff,0xfc,0xe1,0xff,0xf4,0xe2,
  0xff,0xf4,0xe2,0xff,0xfc,0xe2,0xff,0xf4,0xc1,0xff,0xf4,0xa0,0xff,0xf4,0xa0,0xff,
  0xf4,0xa0,0xff,0xf4,0xa0,0xff,0xf4,0xa0,0xff,0xf4,0xc0,0xff,0xf4,0xc0,0xff,0xf4,
  0xc1,0xff,0xfc,0xc1,0xff,0xf4,0x60,0xff,0xf4,0x61,0xff,0xf4,0x80,0xff,0xf4,0xa0,
  0xff,0xf4,0xe1,0xff,0x18,0xc3,0x00,0x19,0x03,0x00,0x9b,0x23,0xff,0xec,0xe3,0xff,
  0xf5,0x24,0xff,0xfd,0x82,0xff,0xfd,0x82,0xff,0xfd,0x62,0xff,0xfd,0x62,0xff,0xfd,
  0x21,0xff,0xfd,0x01,0xff,0xfd,0x01,0xff,0xfc,0xc0,0xff,0xf4,0xc0,0xff,0xf4,0xc0,
  0xff,0xf4,0xc1,0xff,0xfc,0xc1,0xff,0xbb,0xa3,0xff,0x62,0x45,0xff,0x62,0x24,0xff,
  0x41,0xa4,0xff,0x39,0x64,0xff,0x31,0x43,0x00,0x21,0x03,0x00,0x20,0xe4,0x00,0x31,
  0x43,0x00,0x29,0x03,0x00,0x18,0xe3,0x00,0x18,0xe3,0x00,0x18,0xe3,0x00,0x20,0xe4,
  0x00,0x20,0xe4,0x00,0x21,0x04,0x00,0x21,0x04,0x00,0x20,0xc2,0x00,0x20,0xc2,0x00,
  0xb3,0x82,0xff,0xbb,0x81,0xff,0xbb,0x62,0xff,0xbb,0x62,0xff,0xb3,0x62,0xff,0xb3,
  0x62,0xff,0x18,0xe4,0x00,0x18,0xe3,0x00,0x18,0xe3,0x00,0x18,0xe3,0x00,0x18,0xe4,
  0x00,0x18,0xe3,0x00,0x20,0xe4,0x00,0x20,0xe4,0x00,0x20,0xe4,0x00,0x18,0xe3,0x00,
  0x18,0xe3,0x00,0x18,0xe3,0x00,0x18,0xe4,0x00,0x18,0xe3,0x00,0x20,0xe4,0x00,0x20,
  0xe4,0x00,0x21,0x04,0x00,0x21,0x04,0x00,0x18,0xe4,0x00,0x20,0xe4,0x00,0x20,0xe4,
  0x00,0x18,0xe3,0x00,0x18,0xe3,0x00,0x18,0xe3,0x00,0x18,0xe3,0x00,0xa3,0x43,0xff,
  0xe4,0x62,0xff,0xec,0x62,0xff,0xf4,0xc1,0xff,0xfd,0x01,0xff,0xfd,0x41,0xff,0xf4,
  0xe2,0xff,0x19,0x04,0x00,0x21,0x04,0x00,0x21,0x04,0x00,0x21,0x04,0x00,0x21,0x04,
  0x00,0x21,0x04,0x00,0x18,0xe4,0x00,0xfe,0x02,0xff,0xfd,0xa1,0xff,0xfd,0x82,0xff,
  0xfc,0xe1,0xff,0xfc,0xe1,0xff,0xfc,0xc1,0xff,0xfc,0xc1,0xff,0xfc,0xc1,0xff,0xf4,
  0xa1,0xff,0xf4,0xa1,0xff,0xfd,0x01,0xff,0xf5,0x41,0xff,0x31,0x22,0x00,0x18,0xe3,
  0x00,0x18,0xe3,0x00,0xbb,0xe4,0xff,0xf5,0x02,0xff,0xfd,0x21,0xff,0xfd,0x41,0xff,
  0xfd,0x22,0xff,0xfc,0xe1,0xff,0xfd,0x01,0xff,0xfc,0xc1,0xff,0xfc,0xe1,0xff,0xfc,
  0xc1,0xff,0xfc,0xe1,0xff,0xfc,0xe0,0xff,0xfd,0xa2,0xff,0xfd,0xa2,0xff,0xfd,0xa2,
  0xff,0xfd,0xc2,0xff,0xfd,0xc1,0xff,0xfd,0x62,0xff,0xfd,0x83,0xff,0xfd,0x84,0xff,
  0xfc,0xe1,0xff,0xf5,0x02,0xff,0xf4,0xe2,0xff,0xf4,0xe1,0xff,0xf4,0xc1,0xff,0xf4,
  0xc1,0xff,0xf4,0xc1,0xff,0xf4,0xc1,0xff,0xf4,0xe2,0xff,0xf4,0xe2,0xff,0xf4,0xe2,
  0xff,0xf4,0xe2,0xff,0xf4,0xc1,0xff,0xf4,0xa0,0xff,0xec,0x80,0xff,0xec,0x80,0xff,
  0xec,0x80,0xff,0xf4,0xc0,0xff,0xf4,0xc0,0xff,0xf4,0xc1,0xff,0xf4,0xc1,0xff,0xf4,
  0xa0,0xff,0xec,0x81,0xff,0xec,0x81,0xff,0xf4,0xa0,0xff,0xf4,0xa0,0xff,0xdc,0x22,
  0xff,0xf4,0x81,0xff,0xfc,0xc1,0xff,0xfc,0xe1,0xff,0xf4,0xe1,0xff,0xf4,0xe1,0xff,
  0xec,0xc0,0xff,0xec,0xa1,0xff,0xec,0xa1,0xff,0xec,0xa1,0xff,0xf4,0xe1,0xff,0xfd,
  0x20,0xff,0xfd,0x20,0xff,0xfc,0x80,0xff,0xcb,0xc1,0xff,0x31,0x43,0x00,0x21,0x03,
  0x00,0x20,0xe3,0x00,0x10,0xc3,0x00,0x21,0x04,0x00,0x21,0x03,0x00,0x21,0x03,0x00,
  0x29,0x03,0x00,0x31,0x23,0x00,0x31,0x43,0x00,0x39,0x63,0xff,0x39,0x63,0xff,0x31,
  0x43,0x00,0x31,0x43,0x00,0x18,0xe3,0x00,0x93,0x03,0xff,0x92,0xc2,0xff,0x72,0x43,
  0xff,0x6a,0x23,0xff,0x6a,0x43,0xff,0x72,0x63,0xff,0x9a,0xc2,0xff,0xab,0x42,0xff,
  0xa3,0x22,0xff,0x29,0x24,0x00,0x29,0x24,0x00,0x21,0x24,0x00,0x21,0x03,0x00,0x20,
  0xe3,0x00,0x21,0x03,0x00,0x18,0xe3,0x00,0x18,0xe3,0x00,0x18,0xe3,0x00,0x20,0xe3,
  0x00,0x21,0x04,0x00,0x21,0x04,0x00,0x21,0x04,0x00,0x21,0x03,0x00,0x6a,0x04,0xff,
  0x61,0xe3,0xff,0xf5,0x03,0xff,0xf5,0x21,0xff,0xf5,0x21,0xff,0xf5,0x21,0xff,0xf5,
  0x42,0xff,0xfd,0x42,0xff,0x18,0xe3,0x00,0x18,0xe3,0x00,0x18,0xe3,0x00,0x20,0xe3,
  0x00,0x18,0xe3,0x00,0x20,0xe4,0x00,0x20,0xe3,0x00,0x20,0xe3,0x00,0x18,0xe3,0x00,
  0x18,0xe3,0x00,0x18,0xe3,0x00,0x18,0xe3,0x00,0x20,0xe3,0x00,0x18,0xe3,0x00,0x21,
  0x04,0x00,0x20,0xe4,0x00,0x21,0x04,0x00,0x21,0x04,0x00,0x18,0xe4,0x00,0x18,0xe4,
  0x00,0x18,0xe3,0x00,0x18,0xe3,0x00,0x18,0xe3,0x00,0x18,0xe3,0x00,0x19,0x04,0x00,
  0x18,0xe4,0x00,0x18,0xe4,0x00,0x18,0xe4,0x00,0x18,0xe4,0x00,0x18,0xc4,0x00,0x18,
  0xc3,0x00,0x18,0xa3,0x00,0x18,0xe3,0x00,0x18,0xe3,0x00,0x18,0xe3,0x00,0x21,0x04,
  0x00,0x21,0x04,0x00,0x21,0x04,0x00,0x21,0x24,0x00,0x18,0xe3,0x00,0x10,0xa2,0x00,
  0x18,0xa2,0x00,0xfd,0x22,0xff,0xf4,0xc1,0xff,0xf4,0xc1,0xff,0xfc,0xc1,0xff,0xfc,
  0xc1,0xff,0xfc,0xc1,0xff,0xfc,0xe0,0xff,0x59,0x82,0xff,0x29,0x23,0x00,0x21,0x03,
  0x00,0x21,0x04,0x00,0x18,0xe3,0x00,0x10,0x83,0x00,0x00,0x62,0xff,0x00,0x42,0xff,
  0x00,0x41,0xff,0x00,0x21,0xff,0xfd,0x42,0xff,0xfc,0xe1,0xff,0xfc,0xe1,0xff,0xfc,
  0xe1,0xff,0xfc,0xc1,0xff,0xf4,0xc1,0xff,0xf5,0x02,0xff,0x18,0x82,0xff,0x18,0x82,
  0xff,0x10,0x82,0xff,0x18,0xa3,0xff,0x20,0xe3,0xff,0xb3,0x22,0xff,0xd4,0x03,0xff,
  0x82,0x23,0xff,0xfc,0xc2,0xff,0xfd,0x01,0xff,0xfd,0x01,0xff,0xfc,0xe1,0xff,0xfc,
  0xe0,0xff,0xfc,0xe0,0xff,0xfc,0xe1,0xff,0xfc,0xe1,0xff,0xf5,0x01,0xff,0xf5,0x02,
  0xff,0xf5,0x02,0xff,0xf5,0x02,0xff,0xf4,0xe1,0xff,0xf4,0xc1,0xff,0xf4,0xa0,0xff,
  0xf4,0xa0,0xff,0xf4,0xc0,0xff,0xf4,0xe1,0xff,0xf4,0xe1,0xff,0xf5,0x01,0xff,0xf4,
  0xe1,0xff,0xf4,0xc0,0xff,0xec,0x80,0xff,0xec,0x80,0xff,0xec,0x80,0xff,0xf4,0xc1,
  0xff,0x10,0xa3,0x00,0x20,0xe3,0x00,0x18,0xe4,0x00,0x10,0xa4,0x00,0x10,0xa4,0x00,
  0x10,0xc4,0x00,0x10,0xa3,0x00,0x10,0xa3,0x00,0x10,0xa3,0x00,0x10,0xa3,0x00,0x10,
  0xa3,0x00,0x10,0xa3,0x00,0x10,0x83,0x00,0x10,0xc4,0x00,0x18,0xe4,0x00,0x21,0x24,
  0x00,0x21,0x04,0x00,0x21,0x04,0x00,0x18,0xe3,0x00,0x18,0xc3,0x00,0x18,0xc3,0x00,
  0x18,0xe3,0x00,0x18,0xe3,0x00,0x18,0xe3,0x00,0x21,0x04,0x00,0x21,0x04,0x00,0x21,
  0x24,0x00,0x21,0x04,0x00,0x21,0x04,0x00,0x20,0xe4,0x00,0x18,0xe3,0x00,0x18,0xe3,
  0x00,0x18,0xc3,0x00,0x18,0xc3,0x00,0x18,0xc3,0x00,0x20,0xe3,0x00,0x20,0xe4,0x00,
  0x18,0xe4,0x00,0x20,0xe4,0x00,0x21,0x04,0x00,0x21,0x04,0x00,0x21,0x04,0x00,0x21,
  0x04,0x00,0x20,0xe4,0x00,0x18,0xe3,0x00,0x20,0xe4,0x00,0x18,0xe4,0x00,0x20,0xe3,
  0x00,0x20,0xe4,0x00,0x21,0x04,0x00,0x21,0x04,0x00,0x21,0x04,0x00,0x21,0x04,0x00,
  0x18,0xe4,0x00,0x18,0xe4,0x00,0x10,0xa3,0x00,0x08,0xa3,0x00,0x08,0x83,0x00,0x08,
  0x83,0x00,0x08,0x83,0x00,0x08,0x83,0x00,0x18,0xe4,0x00,0x18,0xe4,0x00,0x18,0xe3,
  0x00,0x18,0xe4,0x00,0x18,0xe3,0x00,0x18,0xe3,0x00,0x18,0xe3,0x00,0x18,0xe3,0x00,
  0x18,0xe3,0x00,0x18,0xe3,0x00,0x18,0xe3,0x00,0x18,0xe3,0x00,0x20,0xe4,0x00,0x21,
  0x04,0x00,0x21,0x04,0x00,0x21,0x04,0x00,0x20,0xe4,0x00,0x20,0xe4,0x00,0x18,0xe3,
  0x00,0x18,0xe3,0x00,0x18,0xe3,0x00,0x18,0xe3,0x00,0x18,0xe3,0x00,0x20,0xe4,0x00,
  0x21,0x04,0x00,0x21,0x24,0x00,0x21,0x03,0x00,0x21,0x04,0x00,0x21,0x03,0x00,0x20,
  0xe3,0x00,0x20,0xe3,0x00,0x18,0xe3,0x00,0x18,0xe3,0x00,0x18,0xe3,0x00,0x18,0xe3,
  0x00,0x21,0x03,0x00,0x21,0x04,0x00,0x21,0x24,0x00,0x29,0x44,0x00,0x19,0x03,0x00,
  0x21,0x03,0x00,0x18,0xa3,0x00,0xfd,0x21,0xff,0xf4,0xc1,0xff,0xf4,0xa1,0xff,0xf4,
  0xc1,0xff,0xfc,0xc1,0xff,0xfc,0xc1,0xff,0xfc,0xe1,0xff,0x51,0xa3,0xff,0x21,0x03,
  0x00,0x21,0x04,0x00,0x21,0x04,0x00,0x18,0xe3,0x00,0x18,0xe3,0x00,0x18,0xc3,0x00,
  0x18,0xc2,0x00,0x18,0xe2,0x00,0x08,0x82,0xff,0xfd,0x22,0xff,0xf4,0xc1,0xff,0xfc,
  0xe1,0xff,0xfc,0xe1,0xff,0xfc,0xc1,0xff,0xf4,0xc1,0xff,0xf5,0x22,0xff,0x10,0xa3,
  0xff,0x20,0xe3,0xff,0x21,0x03,0xff,0x29,0x03,0xff,0x21,0x23,0xff,0xa2,0xc2,0xff,
  0x79,0xe2,0xff,0x49,0x02,0xff,0xf4,0xa3,0xff,0xfd,0x01,0xff,0xfd,0x01,0xff,0xfc,
  0xe1,0xff,0xfc,0xe0,0xff,0xfc,0xe0,0xff,0xfd,0x21,0xff,0xfd,0x41,0xff,0xf5,0x01,
  0xff,0xfd,0x21,0xff,0xfd,0x21,0xff,0xfd,0x21,0xff,0xfd,0x01,0xff,0xfc,0xe1,0xff,
  0xf4,0xa0,0xff,0xfc,0xc0,0xff,0xfd,0x00,0xff,0xfd,0x81,0xff,0xfd,0x81,0xff,0xfd,
  0x81,0xff,0xfd,0x21,0xff,0xfc,0xe0,0xff,0xf4,0x80,0xff,0xf4,0x80,0xff,0xf4,0xa0,
  0xff,0xf4,0xe0,0xff,0x10,0x83,0x00,0x39,0x43,0xff,0x31,0x43,0x00,0x18,0xe4,0x00,
  0x19,0x04,0x00,0x21,0x04,0x00,0x20,0xe3,0x00,0x18,0xe3,0x00,0x18,0xc3,0x00,0x18,
  0xe3,0x00,0x18,0xe3,0x00,0x20,0xe3,0x00,0x20,0xe3,0x00,0x20,0xe4,0x00,0x19,0x04,
  0x00,0x19,0x04,0x00,0x19,0x04,0x00,0x19,0x03,0x00,0x18,0xe3,0x00,0x18,0xe3,0x00,
  0x18,0xe3,0x00,0x18,0xe3,0x00,0x18,0xe3,0x00,0x19,0x03,0x00,0x21,0x04,0x00,0x21,
  0x04,0x00,0x21,0x04,0x00,0x21,0x04,0x00,0x21,0x04,0x00,0x18,0xe3,0x00,0x18,0xe3,
  0x00,0x18,0xe3,0x00,0x18,0xc3,0x00,0x18,0xc3,0x00,0x18,0xe3,0x00,0x18,0xe3,0x00,
  0x21,0x04,0x00,0x21,0x04,0x00,0x21,0x04,0x00,0x21,0x04,0x00,0x21,0x04,0x00,0x21,
  0x04,0x00,0x21,0x04,0x00,0x20,0xe4,0x00,0x18,0xe3,0x00,0x20,0xe4,0x00,0x20,0xe4,
  0x00,0x21,0x04,0x00,0x21,0x04,0x00,0x21,0x04,0x00,0x21,0x04,0x00,0x21,0x04,0x00,
  0x21,0x04,0x00,0x21,0x04,0x00,0x21,0x04,0x00,0x18,0xe3,0x00,0x18,0xe3,0x00,0x18,
  0xe3,0x00,0x18,0xe3,0x00,0x18,0xe3,0x00,0x18,0xe3,0x00,0x18,0xe4,0x00,0x20,0xe4,
  0x00,0x18,0xe4,0x00,0x18,0xe4,0x00,0x18,0xe3,0x00,0x18,0xe3,0x00,0x18,0xe3,0x00,
  0x18,0xe3,0x00,0x18,0xe3,0x00,0x18,0xe3,0x00,0x18,0xe3,0x00,0x18,0xe4,0x00,0x19,
  0x04,0x00,0x21,0x04,0x00,0x21,0x04,0x00,0x21,0x04,0x00,0x21,0x04,0x00,0x21,0x04,
  0x00,0x18,0xe3,0x00,0x18,0xe3,0x00,0x18,0xe3,0x00,0x18,0xe3,0x00,0x18,0xe3,0x00,
  0x18,0xe4,0x00,0x21,0x04,0x00,0x21,0x04,0x00,0x21,0x04,0x00,0x21,0x04,0x00,0x21,
  0x03,0x00,0x20,0xe3,0x00,0x18,0xc2,0x00,0x18,0xc2,0x00,0x18,0xe3,0x00,0x18,0xe3,
  0x00,0x21,0x03,0x00,0x21,0x24,0x00,0x29,0x44,0x00,0x29,0x24,0x00,0xbb,0xe3,0xff,
  0xcc,0x22,0xff,0xdc,0x42,0xff,0xe4,0x62,0xff,0xfc,0xe1,0xff,0xfc,0xc1,0xff,0xfc,
  0xc1,0xff,0xfc,0xc1,0xff,0xf4,0xc1,0xff,0xfc,0xe1,0xff,0xfd,0x02,0xff,0x49,0x43,
  0xff,0x20,0xc2,0x00,0x18,0xc3,0x00,0x20,0xe3,0x00,0x20,0xe3,0x00,0x18,0xc3,0x00,
  0x18,0xc2,0x00,0x18,0xc2,0x00,0x18,0xc2,0x00,0x10,0xa2,0x00,0xfd,0x22,0xff,0xfc,
  0xc1,0xff,0xfc,0xc1,0xff,0xfc,0xe1,0xff,0xfc,0xc1,0xff,0xf4,0xe1,0xff,0xe4,0x61,
  0xff,0xd4,0x42,0xff,0xc3,0xe2,0xff,0xd4,0x22,0xff,0xd4,0x42,0xff,0xe4,0x82,0xff,
  0xfd,0x01,0xff,0xfd,0x01,0xff,0xfd,0x01,0xff,0xfd,0x01,0xff,0xfd,0x02,0xff,0xfd,
  0x01,0xff,0xfc,0xe1,0xff,0xf4,0xe1,0xff,0xf4,0xe1,0xff,0x30,0xc3,0xff,0x20,0xa3,
  0xff,0x49,0x42,0xff,0x39,0x43,0xff,0x31,0x23,0xff,0x31,0x24,0xff,0x31,0x23,0xff,
  0x31,0x42,0xff,0xec,0xa1,0xff,0xc3,0xa2,0xff,0x41,0x03,0xff,0x20,0xa3,0xff,0x18,
  0xa3,0xff,0x20,0xc4,0xff,0x29,0x03,0xff,0x31,0x24,0xff,0x28,0xe4,0x00,0x18,0xc4,
  0x00,0x08,0x83,0x00,0x10,0x63,0x00,0x18,0xe4,0x00,0x18,0xe4,0x00,0x21,0x04,0x00,
  0x21,0x04,0x00,0x21,0x04,0x00,0x21,0x04,0x00,0x19,0x03,0x00,0x21,0x04,0x00,0x19,
  0x03,0x00,0x18,0xe3,0x00,0x18,0xe3,0x00,0x18,0xc3,0x00,0x18,0xe3,0x00,0x18,0xe3,
  0x00,0x18,0xe3,0x00,0x18,0xe3,0x00,0x18,0xe3,0x00,0x18,0xe3,0x00,0x18,0xc3,0x00,
  0x18,0xc3,0x00,0x18,0xe3,0x00,0x18,0xe3,0x00,0x18,0xe3,0x00,0x21,0x04,0x00,0x21,
  0x04,0x00,0x21,0x04,0x00,0x21,0x04,0x00,0x21,0x03,0x00,0x21,0x03,0x00,0x18,0xe3,
  0x00,0x18,0xe3,0x00,0x18,0xe3,0x00,0x18,0xe3,0x00,0x18,0xe3,0x00,0x18,0xe3,0x00,
  0x18,0xe3,0x00,0x18,0xe3,0x00,0x21,0x03,0x00,0x21,0x04,0x00,0x21,0x04,0x00,0x21,
  0x04,0x00,0x21,0x04,0x00,0x19,0x04,0x00,0x19,0x04,0x00,0x19,0x04,0x00,0x21,0x04,
  0x00,0x21,0x04,0x00,0x21,0x04,0x00,0x21,0x04,0x00,0x21,0x04,0x00,0x21,0x04,0x00,
  0x21,0x04,0x00,0x21,0x04,0x00,0x20,0xe4,0x00,0x18,0xe4,0x00,0x18,0xe3,0x00,0x18,
  0xe3,0x00,0x18,0xe3,0x00,0x18,0xe3,0x00,0x18,0xe3,0x00,0x18,0xe3,0x00,0x20,0xe4,
  0x00,0x20,0xe3,0x00,0x21,0x04,0x00,0x21,0x03,0x00,0x21,0x03,0x00,0x21,0x03,0x00,
  0x21,0x03,0x00,0x21,0x03,0x00,0x20,0xe3,0x00,0x20,0xe3,0x00,0x20,0xe3,0x00,0x20,
  0xe3,0x00,0x20,0xe3,0x00,0x20,0xe3,0x00,0x20,0xe3,0x00,0x20,0xe3,0x00,0x18,0xe3,
  0x00,0x18,0xe3,0x00,0x18,0xe3,0x00,0x18,0xe3,0x00,0x18,0xe3,0x00,0x20,0xe4,0x00,
  0x21,0x04,0x00,0x20,0xe3,0x00,0x21,0x03,0x00,0x20,0xc3,0x00,0xdc,0x81,0xff,0xd4,
  0x02,0xff,0xd4,0x02,0xff,0xd4,0x02,0xff,0xcb,0xe1,0xff,0xcb,0xc1,0xff,0xc3,0xc2,
  0xff,0xc3,0xc2,0xff,0xcb,0xc2,0xff,0xcc,0x02,0xff,0xd4,0x22,0xff,0xcc,0x04,0xff,
  0xfd,0x02,0xff,0xf4,0xe2,0xff,0xf4,0xe2,0xff,0xf4,0xc1,0xff,0xfc,0xc1,0xff,0xfc,
  0xc1,0xff,0xfc,0xc1,0xff,0xfc,0xe1,0xff,0xfc,0xe1,0xff,0xfc,0xe1,0xff,0xfc,0xe1,
  0xff,0xfd,0x01,0xff,0xfd,0x20,0xff,0xd3,0xc1,0xff,0x51,0xa4,0xff,0x39,0x63,0xff,
  0x31,0x43,0x00,0x29,0x23,0x00,0x21,0x03,0x00,0x20,0xe3,0x00,0x41,0x63,0xff,0xfd,
  0x21,0xff,0xfc,0xe1,0xff,0xfc,0xe1,0xff,0xfc,0xe1,0xff,0xfc,0xe1,0xff,0xfc,0xe1,
  0xff,0xf4,0xe0,0xff,0xf4,0xc0,0xff,0xf4,0xc1,0xff,0xf4,0xe1,0xff,0xf4,0xe1,0xff,
  0xf4,0xe2,0xff,0xf4,0xe2,0xff,0xf4,0xc2,0xff,0xf4,0xc2,0xff,0xfc,0xe1,0xff,0xfc,
  0xe1,0xff,0xfc,0xe1,0xff,0xfc,0xe1,0xff,0xf4,0xe1,0xff,0xf5,0x02,0xff,0x10,0x63,
  0xff,0x10,0x83,0xff,0x18,0x83,0xff,0x18,0xa3,0xff,0x18,0xa3,0xff,0x10,0xa4,0xff,
  0x18,0xc3,0xff,0x39,0x63,0xff,0xec,0xa1,0xff,0xcb,0xc2,0xff,0x18,0xa4,0xff,0x18,
  0xa3,0xff,0x18,0xc3,0xff,0x18,0xc3,0xff,0x18,0xe3,0xff,0x18,0xc3,0xff,0x20,0xc2,
  0x00,0x10,0xa2,0x00,0x10,0xa2,0x00,0x18,0xa2,0x00,0x18,0xe3,0x00,0x18,0xe3,0x00,
  0x21,0x04,0x00,0x21,0x04,0x00,0x21,0x04,0x00,0x21,0x04,0x00,0x21,0x04,0x00,0x21,
  0x04,0x00,0x21,0x24,0x00,0x20,0xe3,0x00,0x18,0xc3,0x00,0x18,0xc3,0x00,0x18,0xc3,
  0x00,0x18,0xc3,0x00,0x18,0xc3,0x00,0x18,0xe3,0x00,0x18,0xc3,0x00,0x18,0xe3,0x00,
  0x18,0xe3,0x00,0x20,0xe3,0x00,0x21,0x04,0x00,0x21,0x04,0x00,0x21,0x24,0x00,0x21,
  0x24,0x00,0x21,0x04,0x00,0x21,0x04,0x00,0x21,0x04,0x00,0x20,0xe3,0x00,0x20,0xe3,
  0x00,0x18,0xe3,0x00,0x18,0xe3,0x00,0x18,0xe3,0x00,0x18,0xe3,0x00,0x18,0xe3,0x00,
  0x20,0xe3,0x00,0x20,0xe3,0x00,0x20,0xe3,0x00,0x18,0xe3,0x00,0x20,0xe3,0x00,0x18,
  0xe3,0x00,0x20,0xe4,0x00,0x20,0xe4,0x00,0x21,0x03,0x00,0x19,0x04,0x00,0x19,0x04,
  0x00,0x20,0xe4,0x00,0x21,0x04,0x00,0x21,0x04,0x00,0x21,0x04,0x00,0x21,0x04,0x00,
  0x21,0x04,0x00,0x21,0x04,0x00,0x21,0x04,0x00,0x18,0xe4,0x00,0x18,0xe3,0x00,0x18,
  0xe3,0x00,0x18,0xe3,0x00,0x18,0xe3,0x00,0x18,0xe3,0x00,0x18,0xe3,0x00,0x18,0xe3,
  0x00,0x29,0x03,0x00,0x18,0xa2,0x00,0x31,0x02,0x00,0x31,0x22,0x00,0x31,0x43,0x00,
  0x31,0x43,0x00,0x31,0x22,0x00,0x31,0x22,0x00,0x31,0x02,0x00,0x29,0x02,0x00,0x28,
  0xe2,0x00,0x20,0xe2,0x00,0x20,0xc2,0x00,0x20,0xc2,0x00,0x18,0xa2,0x00,0x20,0xc2,
  0x00,0x10,0xc3,0x00,0x10,0xa3,0x00,0x18,0xe3,0x00,0x20,0xe4,0x00,0x21,0x04,0x00,
  0x31,0x45,0x00,0xab,0x42,0xff,0xfd,0x41,0xff,0xf5,0x02,0xff,0xfd,0x03,0xff,0xfd,
  0x01,0xff,0xfc,0xe1,0xff,0xfc,0xe1,0xff,0xfc,0xc0,0xff,0xfc,0xc0,0xff,0xfc,0xc0,
  0xff,0xfc,0xc0,0xff,0xfc,0xe1,0xff,0xfc,0xe1,0xff,0xfd,0x02,0xff,0xfd,0x02,0xff,
  0xfd,0x02,0xff,0xfd,0x22,0xff,0xfd,0x01,0xff,0xfc,0xe1,0xff,0xfc,0xc1,0xff,0xfc,
  0xc1,0xff,0xfc,0xc1,0xff,0xfc,0xe1,0xff,0xfc,0xe1,0xff,0xfc,0xe1,0xff,0xfc,0xe1,
  0xff,0xfc,0xc1,0xff,0xfc,0xe0,0xff,0xf4,0xc0,0xff,0xf4,0xc1,0xff,0xf4,0xa1,0xff,
  0xf4,0xe2,0xff,0xfd,0x02,0xff,0xfd,0x22,0xff,0xfd,0x42,0xff,0xfd,0x42,0xff,0xfd,
  0x42,0xff,0xfd,0x02,0xff,0xfd,0x02,0xff,0xfd,0x02,0xff,0xfd,0x02,0xff,0xfd,0x02,
  0xff,0xfc,0xe1,0xff,0xf4,0xe1,0xff,0xf4,0xe1,0xff,0xf4,0xe1,0xff,0xf4,0xe1,0xff,
  0xf4,0xe1,0xff,0xf4,0xe1,0xff,0xf4,0xc1,0xff,0xf4,0xc1,0xff,0xf4,0xa1,0xff,0xf4,
  0xa1,0xff,0xf4,0xc1,0xff,0xfc,0xc1,0xff,0xfc,0xe0,0xff,0xfc,0xc0,0xff,0xf4,0xc0,
  0xff,0xf5,0x01,0xff,0xf5,0x21,0xff,0xf5,0x21,0xff,0xf4,0xe1,0xff,0xfd,0x01,0xff,
  0xfd,0x02,0xff,0xfd,0x01,0xff,0xfd,0x22,0xff,0xf4,0xc2,0xff,0xfc,0xe1,0xff,0xfd,
  0x21,0xff,0xfd,0x21,0xff,0xfd,0x21,0xff,0xfd,0x01,0xff,0xfc,0xe1,0xff,0xf4,0xe1,
  0xff,0x08,0x63,0x00,0x00,0x63,0xff,0x00,0x62,0xff,0x00,0x63,0xff,0x08,0x63,0x00,
  0x08,0x83,0x00,0x10,0xa4,0x00,0x10,0xc4,0x00,0x10,0xa4,0x00,0x10,0xa4,0x00,0x10,
  0xa4,0x00,0x10,0xa4,0x00,0x10,0xa4,0x00,0x31,0x04,0x00,0x82,0xe5,0xff,0x00,0x43,
  0xff,0x08,0x62,0x00,0x08,0x62,0xff,0x10,0xa3,0x00,0x10,0x83,0x00,0xa3,0x64,0xff,
  0xbb,0xa1,0xff,0xbb,0x82,0xff,0xc3,0xc1,0xff,0xd4,0x02,0xff,0xdc,0x42,0xff,0xdc,
  0x41,0xff,0x8b,0x04,0xff,0x18,0xc3,0x00,0x18,0xe4,0x00,0x18,0xe4,0x00,0x18,0xc3,
  0x00,0x82,0x42,0xff,0x18,0xc3,0x00,0x18,0xe3,0x00,0x18,0xe3,0x00,0x18,0xe4,0x00,
  0x20,0xe4,0x00,0x29,0x23,0x00,0x8a,0x62,0xff,0x7a,0x42,0xff,0x39,0x43,0x00,0x20,
  0xe3,0x00,0x18,0xe4,0x00,0x18,0xe4,0x00,0x21,0x04,0x00,0x21,0x04,0x00,0x20,0xe4,
  0x00,0x18,0xe4,0x00,0x18,0xe4,0x00,0x20,0xe4,0x00,0x20,0xe4,0x00,0x20,0xe4,0x00,
  0x18,0xe4,0x00,0x18,0xe3,0x00,0x18,0xe4,0x00,0x18,0xe4,0x00,0x18,0xe3,0x00,0x18,
  0xe3,0x00,0x18,0xe3,0x00,0x18,0xe3,0x00,0x18,0xe3,0x00,0x18,0xe3,0x00,0x18,0xe3,
  0x00,0x18,0xe3,0x00,0x92,0xc2,0xff,0xf4,0xe1,0xff,0xf5,0x00,0xff,0xf5,0x00,0xff,
  0xfd,0x00,0xff,0xfd,0x20,0xff,0xfd,0x20,0xff,0xfd,0x20,0xff,0xfd,0x00,0xff,0xfc,
  0xe0,0xff,0xf4,0xc0,0xff,0xf4,0xc0,0xff,0xec,0xc0,0xff,0xec,0xa0,0xff,0xe4,0x80,
  0xff,0xcb,0xa1,0xff,0x31,0x24,0x00,0x59,0xc5,0xff,0x20,0xe3,0x00,0x21,0x04,0x00,
  0x29,0x24,0x00,0x31,0x65,0xff,0xbb,0xc1,0xff,0xfd,0xc1,0xff,0xf5,0x43,0xff,0xf5,
  0x43,0xff,0xfd,0x41,0xff,0xfd,0x21,0xff,0xfd,0x00,0xff,0xf4,0xe0,0xff,0xf4,0xc0,
  0xff,0xfc,0xc0,0xff,0xfc,0xe0,0xff,0xfd,0x01,0xff,0xfd,0x01,0xff,0xfd,0x01,0xff,
  0xfd,0x02,0xff,0xfd,0x01,0xff,0xfd,0x01,0xff,0xfc,0xe1,0xff,0xfc,0xc1,0xff,0xfc,
  0xa0,0xff,0xf4,0xa1,0xff,0xf4,0xc1,0xff,0xf4,0xc1,0xff,0xfc,0xc1,0xff,0xfc,0xe1,
  0xff,0xfc,0xe1,0xff,0xfc,0xe1,0xff,0xfc,0xc0,0xff,0xfc,0xc0,0xff,0xfd,0x01,0xff,
  0xfd,0x21,0xff,0xfd,0x41,0xff,0xfd,0x82,0xff,0xfd,0x62,0xff,0xfd,0x62,0xff,0xfd,
  0x42,0xff,0xfd,0x23,0xff,0xfd,0x02,0xff,0xfd,0x02,0xff,0xfd,0x02,0xff,0xfd,0x02,
  0xff,0xfd,0x02,0xff,0xfd,0x02,0xff,0xfd,0x01,0xff,0xb3,0xa3,0xff,0x9b,0x03,0xff,
  0xa3,0x22,0xff,0xab,0x42,0xff,0xa3,0x42,0xff,0x92,0xe2,0xff,0x82,0x82,0xff,0x82,
  0xa3,0xff,0xd4,0x02,0xff,0xec,0xc1,0xff,0xf4,0xc0,0xff,0xf4,0xe1,0xff,0xfc,0xe1,
  0xff,0xfc,0xe1,0xff,0xfc,0xc1,0xff,0xfc,0xc1,0xff,0xfc,0xc0,0xff,0xf4,0xc1,0xff,
  0xf4,0xc1,0xff,0xf4,0xc2,0xff,0xf4,0xe2,0xff,0xfc,0xe2,0xff,0xfc,0xe2,0xff,0xfc,
  0xe2,0xff,0xfc,0xe2,0xff,0xf4,0xe2,0xff,0xf4,0xe2,0xff,0xf4,0xc2,0xff,0xf4,0xc1,
  0xff,0xf4,0xa1,0xff,0xf4,0xa1,0xff,0xf4,0xc1,0xff,0xf4,0xc1,0xff,0xf4,0xe1,0xff,
  0xf5,0x01,0xff,0xf5,0x21,0xff,0xfd,0x41,0xff,0xfd,0x61,0xff,0xfd,0x61,0xff,0xfd,
  0x41,0xff,0xfd,0x61,0xff,0xfd,0x21,0xff,0xfc,0xe0,0xff,0xfc,0xe0,0xff,0xf4,0xa1,
  0xff,0xec,0xa1,0xff,0xec,0xa2,0xff,0xdc,0x03,0xff,0xe4,0x42,0xff,0xe4,0x41,0xff,
  0xf4,0xc0,0xff,0xfc,0xc0,0xff,0xfc,0xc0,0xff,0xfc,0xe0,0xff,0xfd,0x01,0xff,0xf5,
  0x01,0xff,0xf5,0x22,0xff,0xfd,0x01,0xff,0xfd,0x41,0xff,0x7a,0x83,0xff,0x10,0xc3,
  0x00,0x6a,0x03,0xff,0x92,0x01,0xff,0x20,0xe3,0x00,0x18,0xe3,0x00,0x18,0xe4,0x00,
  0x21,0x04,0x00,0x21,0x04,0x00,0x31,0x43,0x00,0xbb,0x42,0xff,0x8a,0x21,0xff,0x39,
  0x83,0xff,0x21,0x03,0x00,0x19,0x04,0x00,0x18,0xe3,0x00,0x18,0xe3,0x00,0x18,0xe4,
  0x00,0x18,0xe4,0x00,0x18,0xe3,0x00,0x18,0xe3,0x00,0x18,0xe3,0x00,0x18,0xe3,0x00,
  0x18,0xe3,0x00,0x18,0xe3,0x00,0x18,0xe3,0x00,0x18,0xe3,0x00,0x18,0xe3,0x00,0x18,
  0xe3,0x00,0x18,0xe3,0x00,0x18,0xe3,0x00,0x18,0xe3,0x00,0x18,0xe3,0x00,0x18,0xe3,
  0x00,0x18,0xe3,0x00,0x18,0xe3,0x00,0x18,0xc2,0x00,0x10,0xa2,0x00,0x10,0xa2,0x00,
  0x10,0xc3,0x00,0x18,0xc3,0x00,0x18,0xe3,0x00,0x20,0xe3,0x00,0x21,0x03,0x00,0x21,
  0x03,0x00,0x18,0xe3,0x00,0x18,0xc3,0x00,0x10,0xa3,0x00,0x10,0xa3,0x00,0x10,0xa3,
  0x00,0x10,0xc3,0x00,0x18,0xe2,0x00,0x18,0xe3,0x00,0x20,0xe3,0x00,0x21,0x04,0x00,
  0x21,0x04,0x00,0x21,0x04,0x00,0x21,0x24,0x00,0x8b,0x23,0xff,0xd4,0x62,0xff,0xc4,
  0x02,0xff,0xcb,0xe1,0xff,0xc3,0xc1,0xff,0xc3,0xc1,0xff,0xc3,0xc1,0xff,0xec,0xa1,
  0xff,0xf4,0xc1,0xff,0xf4,0xa1,0xff,0xf4,0xc1,0xff,0xfc,0xc1,0xff,0xfc,0xe1,0xff,
  0xfd,0x02,0xff,0xfd,0x02,0xff,0xfd,0x01,0xff,0xfc,0xc1,0xff,0xec,0x61,0xff,0xec,
  0x41,0xff,0xec,0x41,0xff,0xec,0x61,0xff,0xec,0x61,0xff,0xec,0x61,0xff,0xec,0x41,
  0xff,0xf4,0x61,0xff,0xf4,0x81,0xff,0xfc,0xc1,0xff,0xfc,0xc0,0xff,0xf4,0xc0,0xff,
  0x29,0x23,0x00,0x18,0xe4,0x00,0x18,0xe4,0x00,0x10,0xc3,0x00,0x10,0xa3,0x00,0x10,
  0xc3,0x00,0x10,0xc3,0x00,0x10,0xa3,0x00,0xfd,0x22,0xff,0xf4,0xe2,0xff,0xf5,0x03,
  0xff,0xfd,0x23,0xff,0xf5,0x03,0xff,0xfd,0x22,0xff,0xfd,0x61,0xff,0x18,0xe3,0x00,
  0x20,0xe4,0x00,0x18,0xe3,0x00,0x18,0xc3,0x00,0x18,0xc3,0x00,0x10,0xa3,0x00,0x21,
  0x03,0x00,0x20,0xe3,0x00,0x6a,0x43,0xff,0xb3,0x61,0xff,0x9b,0x02,0xff,0x92,0xc2,
  0xff,0x82,0x84,0xff,0xfd,0x22,0xff,0xfc,0xe1,0xff,0xf4,0xe1,0xff,0xfc,0xc1,0xff,
  0xfc,0xc0,0xff,0xfc,0xc1,0xff,0xfc,0xe2,0xff,0xfc,0xe2,0xff,0xfc,0xe2,0xff,0xfc,
  0xe2,0xff,0xfc,0xe1,0xff,0xfc,0xe1,0xff,0xfc,0xe1,0xff,0xfc,0xe1,0xff,0xfc,0xe1,
  0xff,0xf4,0xc1,0xff,0xf4,0xa1,0xff,0xf4,0xa0,0xff,0xf4,0x80,0xff,0xf4,0x80,0xff,
  0xf4,0x80,0xff,0xf4,0x80,0xff,0xf4,0xc1,0xff,0xf4,0xc1,0xff,0xf4,0xe2,0xff,0xf4,
  0xe2,0xff,0xf4,0xe2,0xff,0xf4,0xc2,0xff,0xf4,0xc1,0xff,0xf4,0xa1,0xff,0xf4,0x81,
  0xff,0xec,0x81,0xff,0xec,0x41,0xff,0x6a,0x03,0xff,0x08,0x83,0x00,0xc3,0xe4,0xff,
  0xf5,0x40,0xff,0xf5,0x00,0xff,0xf5,0x00,0xff,0xfd,0x20,0xff,0xfd,0x20,0xff,0xfd,
  0x40,0xff,0xfd,0x41,0xff,0xfd,0x61,0xff,0xf4,0xe1,0xff,0xed,0x01,0xff,0x28,0xe3,
  0x00,0x19,0x04,0x00,0x18,0xe3,0x00,0x31,0x02,0x00,0x19,0x04,0x00,0x18,0xe3,0x00,
  0x19,0x04,0x00,0x21,0x04,0x00,0x21,0x04,0x00,0x19,0x04,0x00,0x18,0xc3,0x00,0x18,
  0xe3,0x00,0x18,0xe3,0x00,0x18,0xe3,0x00,0x18,0xe4,0x00,0x18,0xe3,0x00,0x18,0xe3,
  0x00,0x18,0xe3,0x00,0x18,0xe4,0x00,0x18,0xe4,0x00,0x18,0xe3,0x00,0x18,0xe3,0x00,
  0x18,0xe3,0x00,0x18,0xe3,0x00,0x18,0xe3,0x00,0x18,0xe4,0x00,0x18,0xe3,0x00,0x18,
  0xe3,0x00,0x18,0xe3,0x00,0x18,0xe3,0x00,0x18,0xe3,0x00,0x18,0xe4,0x00,0x18,0xe4,
  0x00,0x18,0xe4,0x00,0x18,0xe4,0x00,0x18,0xe3,0x00,0x18,0xe3,0x00,0x18,0xc3,0x00,
  0x18,0xc3,0x00,0x18,0xc3,0x00,0x18,0xe3,0x00,0x18,0xe3,0x00,0x18,0xe3,0x00,0x18,
  0xe4,0x00,0x18,0xe4,0x00,0x18,0xe3,0x00,0x18,0xe3,0x00,0x18,0xe3,0x00,0x18,0xc3,
  0x00,0x18,0xc3,0x00,0x18,0xc3,0x00,0x18,0xc3,0x00,0x18,0xe3,0x00,0x18,0xe3,0x00,
  0x18,0xe4,0x00,0x21,0x04,0x00,0x21,0x04,0x00,0x21,0x04,0x00,0x21,0x04,0x00,0x21,
  0x24,0x00,0x21,0x04,0x00,0x21,0x03,0x00,0x20,0xe3,0x00,0x18,0xc3,0x00,0x10,0xc3,
  0x00,0xb3,0x43,0xff,0xb3,0x22,0xff,0xb3,0x03,0xff,0xab,0x03,0xff,0xb3,0x03,0xff,
  0xb3,0x03,0xff,0xb3,0x02,0xff,0xb3,0x02,0xff,0xaa,0xe3,0xff,0x9a,0xa3,0xff,0x82,
  0x64,0xff,0x72,0x24,0xff,0x6a,0x04,0xff,0x69,0xe4,0xff,0x69,0xe4,0xff,0x71,0xe4,
  0xff,0x69,0xe4,0xff,0x69,0xe4,0xff,0x7a,0x24,0xff,0x49,0x84,0xff,0x49,0xa4,0xff,
  0x59,0xc3,0xff,0x21,0x24,0x00,0x21,0x04,0x00,0x21,0x04,0x00,0x21,0x04,0x00,0x18,
  0xe3,0x00,0x18,0xe3,0x00,0x18,0xe3,0x00,0x18,0xe3,0x00,0x18,0xc3,0x00,0x18,0xc3,
  0x00,0x18,0xc3,0x00,0x20,0xe4,0x00,0x18,0xe4,0x00,0x18,0xc3,0x00,0x10,0xc3,0x00,
  0x19,0x04,0x00,0x18,0xe3,0x00,0x18,0xe3,0x00,0x18,0xe3,0x00,0x18,0xc3,0x00,0x18,
  0xc3,0x00,0x10,0xa2,0x00,0x18,0xc3,0x00,0x18,0xc3,0x00,0x21,0x04,0x00,0x29,0x24,
  0x00,0x31,0x44,0x00,0x31,0x24,0x00,0xfd,0xa1,0xff,0xfd,0x42,0xff,0xfd,0x22,0xff,
  0xfd,0x01,0xff,0xfc,0xe1,0xff,0xfd,0x01,0xff,0xfd,0x41,0xff,0xfd,0x62,0xff,0xfd,
  0x82,0xff,0xfd,0x41,0xff,0xfd,0x41,0xff,0xfd,0x41,0xff,0xfd,0x21,0xff,0xfd,0x21,
  0xff,0xfd,0x01,0xff,0xfc,0xe1,0xff,0xfc,0xe1,0xff,0xf4,0xc1,0xff,0xf4,0xa1,0xff,
  0xf4,0xa1,0xff,0xf4,0x81,0xff,0xf4,0xa1,0xff,0xf4,0xc1,0xff,0xfd,0x61,0xff,0xfd,
  0x81,0xff,0xfd,0x61,0xff,0xfd,0x42,0xff,0xfc,0xc1,0xff,0xec,0x61,0xff,0xe4,0x21,
  0xff,0x9a,0xe2,0xff,0x51,0xe4,0xff,0x49,0x82,0xff,0x18,0xe3,0x00,0x18,0xc3,0x00,
  0x08,0x83,0x00,0x00,0x63,0xff,0x00,0x63,0xff,0x00,0x43,0xff,0x00,0x43,0xff,0x00,
  0x43,0xff,0x00,0x23,0xff,0x00,0x43,0xff,0x08,0x83,0x00,0x10,0xa3,0x00,0x18,0xe4,
  0x00,0x21,0x04,0x00,0x21,0x24,0x00,0x21,0x04,0x00,0x21,0x04,0x00,0x21,0x04,0x00,
  0x19,0x04,0x00,0x21,0x04,0x00,0x21,0x04,0x00,0x21,0x04,0x00,0x18,0xe4,0x00,0x18,
  0xe3,0x00,0x18,0xe3,0x00,0x18,0xe3,0x00,0x18,0xe3,0x00,0x18,0xe3,0x00,0x18,0xe4,
  0x00,0x18,0xe4,0x00,0x18,0xe4,0x00,0x18,0xe4,0x00,0x18,0xe4,0x00,0x18,0xe4,0x00,
  0x18,0xe3,0x00,0x18,0xe3,0x00,0x18,0xe3,0x00,0x18,0xe3,0x00,0x18,0xe3,0x00,0x18,
  0xe4,0x00,0x18,0xe4,0x00,0x18,0xe4,0x00,0x18,0xe4,0x00,0x21,0x04,0x00,0x21,0x04,
  0x00,0x18,0xe4,0x00,0x18,0xe4,0x00,0x18,0xe4,0x00,0x20,0xe4,0x00,0x18,0xe3,0x00,
  0x18,0xe3,0x00,0x18,0xe3,0x00,0x18,0xe3,0x00,0x18,0xc3,0x00,0x18,0xe3,0x00,0x18,
  0xe3,0x00,0x18,0xe3,0x00,0x18,0xe3,0x00,0x18,0xe3,0x00,0x18,0xe3,0x00,0x18,0xe3,
  0x00,0x18,0xe3,0x00,0x18,0xe3,0x00,0x18,0xe3,0x00,0x18,0xe3,0x00,0x18,0xe3,0x00,
  0x18,0xe3,0x00,0x18,0xe3,0x00,0x18,0xe4,0x00,0x18,0xe4,0x00,0x18,0xe4,0x00,0x20,
  0xe3,0x00,0x20,0xe3,0x00,0x18,0xe3,0x00,0x18,0xe3,0x00,0x18,0xe3,0x00,0x18,0xc3,
  0x00,0x18,0xc2,0x00,0x10,0x82,0x00,0x10,0xa2,0x00,0x18,0xc2,0x00,0x20,0xe3,0x00,
  0x29,0x03,0x00,0x29,0x03,0x00,0x29,0x03,0x00,0x29,0x03,0x00,0x20,0xe4,0x00,0x21,
  0x04,0x00,0x21,0x03,0x00,0x21,0x03,0x00,0x21,0x03,0x00,0x29,0x03,0x00,0x29,0x03,
  0x00,0x31,0x23,0x00,0x31,0x24,0x00,0x31,0x44,0x00,0x41,0x63,0xff,0x29,0x04,0x00,
  0x21,0x04,0x00,0x21,0x04,0x00,0x21,0x24,0x00,0x21,0x04,0x00,0x21,0x04,0x00,0x18,
  0xe3,0x00,0x18,0xe3,0x00,0x18,0xc3,0x00,0x18,0xc3,0x00,0x18,0xc3,0x00,0x18,0xa2,
  0x00,0x18,0xc2,0x00,0x18,0xc2,0x00,0x18,0xe3,0x00,0x18,0xe3,0x00,0x18,0xe3,0x00,
  0x18,0xe3,0x00,0x18,0xe3,0x00,0x18,0xe3,0x00,0x18,0xe3,0x00,0x18,0xe3,0x00,0x18,
  0xe3,0x00,0x18,0xc3,0x00,0x18,0xc3,0x00,0x18,0xa2,0x00,0x18,0xa2,0x00,0x18,0xc2,
  0x00,0x18,0xc3,0x00,0x20,0xe3,0x00,0x21,0x23,0x00,0x21,0x03,0x00,0x41,0x63,0xff,
  0x6a,0x24,0xff,0x31,0x03,0xff,0x20,0xe3,0xff,0x18,0xa3,0xff,0x10,0x83,0xff,0x10,
  0x83,0xff,0x10,0x63,0xff,0x08,0x62,0xff,0x08,0x42,0xff,0x08,0x42,0xff,0x08,0x42,
  0xff,0x10,0x62,0xff,0x10,0x63,0xff,0x10,0x83,0xff,0x49,0xa3,0xff,0xf4,0xc1,0xff,
  0xf4,0xa1,0xff,0xf4,0xa1,0xff,0xf4,0xa1,0xff,0xf4,0xa0,0xff,0xf4,0xe1,0xff,0x20,
  0xc3,0x00,0x18,0xa3,0x00,0x18,0xa3,0x00,0x10,0x83,0x00,0x10,0xa3,0x00,0x18,0xc3,
  0x00,0x18,0xc4,0x00,0x18,0xe4,0x00,0x20,0xe4,0x00,0x21,0x04,0x00,0x18,0xe4,0x00,
  0x18,0xe3,0x00,0x18,0xe3,0x00,0x18,0xc3,0x00,0x18,0xc2,0x00,0x10,0xa2,0x00,0x10,
  0xa2,0x00,0x10,0xa2,0x00,0x10,0xa2,0x00,0x10,0xa2,0x00,0x10,0xc3,0x00,0x18,0xe3,
  0x00,0x19,0x04,0x00,0x21,0x24,0x00,0x21,0x24,0x00,0x21,0x24,0x00,0x21,0x24,0x00,
  0x21,0x04,0x00,0x21,0x04,0x00,0x18,0xe4,0x00,0x18,0xe4,0x00,0x18,0xe3,0x00,0x18,
  0xe3,0x00,0x18,0xc3,0x00,0x18,0xe3,0x00,0x18,0xe3,0x00,0x18,0xe3,0x00,0x18,0xe3,
  0x00,0x18,0xe4,0x00,0x21,0x04,0x00,0x21,0x04,0x00,0x21,0x04,0x00,0x21,0x04,0x00,
  0x18,0xe4,0x00,0x18,0xe3,0x00,0x18,0xe3,0x00,0x18,0xe3,0x00,0x18,0xe3,0x00,0x18,
  0xe3,0x00,0x18,0xe3,0x00,0x20,0xe4,0x00,0x21,0x04,0x00,0x21,0x04,0x00,0x20,0xe3,
  0x00,0x20,0xe4,0x00,0x18,0xe4,0x00,0x18,0xe3,0x00,0x18,0xe3,0x00,0x18,0xe3,0x00,
  0x18,0xe3,0x00,0x18,0xe3,0x00,0x18,0xe3,0x00,0x18,0xe3,0x00,0x18,0xe3,0x00,0x18,
  0xe3,0x00,0x18,0xe3,0x00,0x18,0xe3,0x00,0x18,0xe3,0x00,0x18,0xe3,0x00,0x18,0xe3,
  0x00,0x18,0xe3,0x00,0x18,0xe3,0x00,0x18,0xe3,0x00,0x18,0xe3,0x00,0x18,0xe3,0x00,
  0x18,0xe3,0x00,0x18,0xe3,0x00,0x18,0xe3,0x00,0x18,0xe3,0x00,0x18,0xe3,0x00,0x18,
  0xe3,0x00,0x18,0xe3,0x00,0x18,0xe3,0x00,0x18,0xe3,0x00,0x18,0xe3,0x00,0x18,0xe3,
  0x00,0x18,0xc3,0x00,0x18,0xc3,0x00,0x18,0xc3,0x00,0x18,0xc3,0x00,0x18,0xe3,0x00,
  0x18,0xe3,0x00,0x21,0x04,0x00,0x21,0x04,0x00,0x20,0xe4,0x00,0x18,0xe3,0x00,0x18,
  0xe3,0x00,0x18,0xc3,0x00,0x18,0xc3,0x00,0x18,0xc3,0x00,0x18,0xc3,0x00,0x18,0xe3,
  0x00,0x18,0xe3,0x00,0x20,0xe4,0x00,0x21,0x04,0x00,0x20,0xe4,0x00,0x21,0x04,0x00,
  0x21,0x04,0x00,0x21,0x04,0x00,0x21,0x04,0x00,0x21,0x04,0x00,0x21,0x03,0x00,0x18,
  0xe3,0x00,0x18,0xe3,0x00,0x18,0xc3,0x00,0x18,0xc3,0x00,0x10,0xa2,0x00,0x10,0xa3,
  0x00,0x00,0x42,0xff,0x00,0x42,0xff,0x08,0x42,0xff,0x00,0x42,0xff,0x08,0x62,0xff,
  0x00,0x62,0xff,0x08,0x62,0xff,0x10,0xa3,0x00,0x18,0xe3,0x00,0x18,0xe3,0x00,0x18,
  0xe3,0x00,0x20,0xe3,0x00,0x10,0xc3,0x00,0x10,0x82,0x00,0x08,0x82,0x00,0x08,0x62,
  0xff,0x08,0x62,0xff,0x08,0x82,0x00,0x10,0xc2,0x00,0x18,0xc2,0x00,0x18,0xe3,0x00,
  0x59,0xa2,0xff,0xb3,0x62,0xff,0x18,0xa3,0xff,0x10,0x83,0xff,0x10,0x83,0xff,0x10,
  0x83,0xff,0x08,0x83,0xff,0x08,0x82,0xff,0x08,0x62,0xff,0x08,0x62,0xff,0x10,0x62,
  0xff,0x10,0x62,0xff,0x10,0x82,0xff,0x10,0x82,0xff,0x10,0x82,0xff,0x18,0xa2,0xff,
  0xf4,0xc1,0xff,0xf4,0xa1,0xff,0xf4,0xa1,0xff,0xf4,0xc1,0xff,0xf4,0xc1,0xff,0xfd,
  0x22,0xff,0x08,0x41,0xff,0x08,0x62,0xff,0x08,0x62,0xff,0x08,0x62,0xff,0x08,0x83,
  0x00,0x08,0x63,0xff,0x08,0x83,0x00,0x10,0xa3,0x00,0x10,0xc3,0x00,0x18,0xe3,0x00,
  0x19,0x04,0x00,0x19,0x03,0x00,0x19,0x03,0x00,0x19,0x03,0x00,0x21,0x03,0x00,0x41,
  0x83,0xff,0x72,0x42,0xff,0x7a,0x62,0xff,0x72,0x43,0xff,0x72,0x43,0xff,0x6a,0x43,
  0xff,0x6a,0x43,0xff,0x6a,0x23,0xff,0x49,0xc3,0xff,0x21,0x04,0x00,0x21,0x04,0x00,
  0x21,0x04,0x00,0x21,0x04,0x00,0x20,0xe4,0x00,0x18,0xe3,0x00,0x20,0xe3,0x00,0x18,
  0xe3,0x00,0x18,0xc3,0x00,0x18,0xe3,0x00,0x18,0xc3,0x00,0x18,0xe3,0x00,0x18,0xe3,
  0x00,0x18,0xe3,0x00,0x20,0xe4,0x00,0x21,0x04,0x00,0x21,0x04,0x00,0x21,0x04,0x00,
  0x21,0x04,0x00,0x21,0x04,0x00,0x18,0xe4,0x00,0x18,0xe3,0x00,0x18,0xe3,0x00,0x18,
  0xe3,0x00,0x18,0xe3,0x00,0x18,0xe3,0x00,0x18,0xe4,0x00,0x21,0x04,0x00,0x19,0x04,
  0x00,0x18,0xe3,0x00,0x18,0xe3,0x00,0x18,0xe3,0x00,0x18,0xe3,0x00,0x18,0xe3,0x00,
  0x18,0xe3,0x00,0x18,0xe3,0x00,0x18,0xe3,0x00,0x18,0xe3,0x00,0x18,0xe3,0x00,0x18,
  0xe3,0x00,0x18,0xe3,0x00,0x18,0xe3,0x00,0x18,0xe3,0x00,0x18,0xe3,0x00,0x18,0xe3,
  0x00,0x18,0xe3,0x00,0x18,0xe3,0x00,0x18,0xe3,0x00,0x18,0xe3,0x00,0x18,0xe3,0x00,
  0x18,0xe3,0x00,0x18,0xe3,0x00,0x18,0xe4,0x00,0x18,0xe3,0x00,0x18,0xe3,0x00,0x18,
  0xe3,0x00,0x18,0xe3,0x00,0x18,0xe3,0x00,0x18,0xe3,0x00,0x18,0xe3,0x00,0x18,0xe3,
  0x00,0x18,0xc3,0x00,0x18,0xe3,0x00,0x18,0xe3,0x00,0x18,0xe3,0x00,0x18,0xe3,0x00,
  0x18,0xe3,0x00,0x18,0xe3,0x00,0x18,0xe3,0x00,0x18,0xe3,0x00,0x18,0xe3,0x00,0x18,
  0xe3,0x00,0x18,0xc3,0x00,0x18,0xc3,0x00,0x18,0xc3,0x00,0x18,0xc3,0x00,0x18,0xc3,
  0x00,0x18,0xe3,0x00,0x18,0xe3,0x00,0x18,0xe3,0x00,0x20,0xe3,0x00,0x20,0xe3,0x00,
  0x21,0x04,0x00,0x21,0x04,0x00,0x21,0x04,0x00,0x18,0xe3,0x00,0x18,0xe3,0x00,0x18,
  0xe3,0x00,0x18,0xe3,0x00,0x18,0xc3,0x00,0x18,0xc3,0x00,0x18,0xc2,0x00,0x18,0xc3,
  0x00,0x08,0x62,0xff,0xf6,0x83,0xff,0xf5,0x62,0xff,0xec,0xe2,0xff,0xec,0xc1,0xff,
  0xec,0xa1,0xff,0xf4,0xa1,0xff,0xf4,0xa0,0xff,0xe4,0x61,0xff,0x69,0xe2,0xff,0x51,
  0xa3,0xff,0x51,0xc3,0xff,0x7a,0xa3,0xff,0xf4,0xe2,0xff,0xfc,0xc1,0xff,0xfc,0xe2,
  0xff,0xfd,0x42,0xff,0xfd,0x22,0xff,0xfd,0x42,0xff,0xfd,0x62,0xff,0xfd,0x62,0xff,
  0xfd,0x42,0xff,0xfd,0x42,0xff,0xfd,0x21,0xff,0xfd,0x61,0xff,0xfd,0xa1,0xff,0xfd,
  0x82,0xff,0xfd,0x82,0xff,0xfd,0x81,0xff,0xfd,0x01,0xff,0xf5,0x01,0xff,0xf5,0x01,
  0xff,0xf4,0xe1,0xff,0xf4,0xe2,0xff,0xf4,0xe2,0xff,0xf4,0xe1,0xff,0xf5,0x21,0xff,
  0xfd,0x40,0xff,0xf4,0xc0,0xff,0xf4,0xc1,0xff,0xf4,0xc1,0xff,0xf4,0xe1,0xff,0xf4,
  0xe1,0xff,0xfc,0xe1,0xff,0xfd,0x01,0xff,0xfd,0x21,0xff,0xfd,0x01,0xff,0xf5,0x01,
  0xff,0xf5,0x01,0xff,0xf5,0x21,0xff,0xf4,0xe1,0xff,0xf4,0xa1,0xff,0xfc,0xc2,0xff,
  0xe4,0x62,0xff,0xdc,0x43,0xff,0xe4,0x43,0xff,0xd4,0x02,0xff,0xcc,0x02,0xff,0x92,
  0xe3,0xff,0x51,0x63,0xff,0xe4,0x62,0xff,0xe4,0x21,0xff,0xe4,0x41,0xff,0xe4,0x21,
  0xff,0xe4,0x41,0xff,0xdc,0x01,0xff,0xe4,0x42,0xff,0x7a,0x02,0xff,0x20,0xc3,0x00,
  0x20,0xc3,0x00,0x10,0x83,0x00,0x10,0xa3,0x00,0x10,0x83,0x00,0x10,0x83,0x00,0x20,
  0xc3,0x00,0x08,0x62,0xff,0x10,0x42,0xff,0x08,0x41,0xff,0x08,0x41,0xff,0x08,0x21,
  0xff,0x00,0x42,0xff,0x08,0x21,0xff,0x08,0x41,0xff,0x08,0x62,0xff,0x08,0x62,0xff,
  0x08,0x42,0xff,0x08,0x62,0xff,0x08,0x42,0xff,0x00,0x22,0xff,0x00,0x01,0xff,0x00,
  0x01,0xff,0x08,0x21,0xff,0x39,0x02,0xff,0x31,0x02,0x00,0x21,0x24,0x00,0x20,0xe3,
  0x00,0x18,0xe4,0x00,0x18,0xe4,0x00,0x18,0xe3,0x00,0x18,0xe3,0x00,0x18,0xe3,0x00,
  0x18,0xe3,0x00,0x18,0xe3,0x00,0x18,0xe3,0x00,0x18,0xe3,0x00,0x18,0xe3,0x00,0x18,
  0xe3,0x00,0x18,0xe3,0x00,0x18,0xe3,0x00,0x18,0xe3,0x00,0x18,0xe3,0x00,0x18,0xe3,
  0x00,0x18,0xe3,0x00,0x18,0xe3,0x00,0x18,0xe3,0x00,0x18,0xe3,0x00,0x18,0xe3,0x00,
  0x18,0xe3,0x00,0x18,0xe3,0x00,0x18,0xe3,0x00,0x18,0xe3,0x00,0x18,0xe3,0x00,0x18,
  0xe3,0x00,0x18,0xe3,0x00,0x18,0xe3,0x00,0x18,0xe3,0x00,0x18,0xe3,0x00,0x18,0xc3,
  0x00,0x18,0xc3,0x00,0x18,0xc3,0x00,0x18,0xc3,0x00,0x18,0xe3,0x00,0x18,0xe3,0x00,
  0x18,0xe3,0x00,0x18,0xe3,0x00,0x20,0xe3,0x00,0x20,0xe3,0x00,0x18,0xe3,0x00,0x18,
  0xe3,0x00,0x18,0xe3,0x00,0x18,0xe3,0x00,0x18,0xc3,0x00,0x18,0xc3,0x00,0x18,0xa3,
  0x00,0x18,0xc3,0x00,0x18,0xe3,0x00,0x18,0xe3,0x00,0x18,0xe3,0x00,0x20,0xe3,0x00,
  0x21,0x03,0x00,0x21,0x03,0x00,0x20,0xe3,0x00,0x21,0x04,0x00,0x20,0xe3,0x00,0x18,
  0xe3,0x00,0x18,0xe3,0x00,0x18,0xc3,0x00,0x18,0xc3,0x00,0x18,0xc3,0x00,0x18,0xa2,
  0x00,0x10,0xa2,0x00,0x10,0xa3,0x00,0x08,0x22,0xff,0x30,0xe2,0x00,0x59,0x42,0xff,
  0x59,0x62,0xff,0x69,0xa2,0xff,0x71,0xe1,0xff,0x8a,0x62,0xff,0xc3,0x61,0xff,0xf4,
  0x20,0xff,0xd3,0xc2,0xff,0xbb,0x63,0xff,0x9b,0x23,0xff,0xab,0x43,0xff,0xe4,0x62,
  0xff,0xfd,0x02,0xff,0xfc,0xe2,0xff,0xfd,0x02,0xff,0xfd,0x02,0xff,0xfc,0xe2,0xff,
  0xfc,0xe2,0xff,0xfc,0xc1,0xff,0xfc,0xc1,0xff,0xfc,0xc1,0xff,0xfc,0xc1,0xff,0xfc,
  0xe2,0xff,0xf4,0xe2,0xff,0xf4,0xc1,0xff,0xf4,0xc1,0xff,0xf4,0xc0,0xff,0xf4,0xa0,
  0xff,0xf4,0xc0,0xff,0xf4,0xc0,0xff,0xf4,0xe0,0xff,0xf4,0xe0,0xff,0xf4,0xe1,0xff,
  0xf5,0x01,0xff,0xf5,0x01,0xff,0xf5,0x01,0xff,0xf5,0x01,0xff,0xf5,0x02,0xff,0xf5,
  0x02,0xff,0xf5,0x02,0xff,0xf4,0xe2,0xff,0xf4,0xc1,0xff,0xf4,0xc1,0xff,0xfc,0xc0,
  0xff,0xf4,0xa0,0xff,0xf4,0xa0,0xff,0xf4,0xa0,0xff,0xf4,0xc1,0xff,0xf4,0xc1,0xff,
  0xf4,0xe2,0xff,0xf5,0x03,0xff,0xf4,0xe3,0xff,0xf5,0x03,0xff,0xfd,0x02,0xff,0xfd,
  0x02,0xff,0xfd,0x02,0xff,0xfc,0xe1,0xff,0xfc,0xe1,0xff,0xf4,0xc1,0xff,0xf4,0xa1,
  0xff,0xf4,0xc1,0xff,0xec,0xa0,0xff,0xf4,0xc0,0xff,0xf4,0xc0,0xff,0xfd,0x01,0xff,
  0xfd,0x42,0xff,0xfd,0x42,0xff,0xfd,0x63,0xff,0xfd,0x62,0xff,0xfd,0x62,0xff,0xfd,
  0x61,0xff,0xfd,0x41,0xff,0xfd,0x21,0xff,0xf5,0x01,0xff,0xf5,0x01,0xff,0xf5,0x00,
  0xff,0xf5,0x00,0xff,0xf5,0x01,0xff,0xfd,0x21,0xff,0xfd,0x41,0xff,0xfd,0x62,0xff,
  0xfd,0x82,0xff,0xfd,0xa2,0xff,0xfd,0xc2,0xff,0xfd,0xa2,0xff,0xfd,0x82,0xff,0xf5,
  0x82,0xff,0xf5,0x61,0xff,0xf5,0x22,0xff,0xf4,0xe1,0xff,0x38,0xe2,0xff,0x21,0x04,
  0x00,0x18,0xe3,0x00,0x20,0xe4,0x00,0x20,0xe4,0x00,0x18,0xe3,0x00,0x18,0xe3,0x00,
  0x18,0xe3,0x00,0x18,0xc3,0x00,0x18,0xe3,0x00,0x18,0xe3,0x00,0x18,0xe3,0x00,0x18,
  0xe3,0x00,0x18,0xe3,0x00,0x18,0xe3,0x00,0x18,0xe3,0x00,0x18,0xe3,0x00,0x18,0xe3,
  0x00,0x18,0xe3,0x00,0x18,0xe3,0x00,0x18,0xe3,0x00,0x18,0xe3,0x00,0x18,0xe3,0x00,
  0x18,0xe3,0x00,0x18,0xe3,0x00,0x18,0xe3,0x00,0x18,0xe3,0x00,0x18,0xe3,0x00,0x18,
  0xe3,0x00,0x18,0xe3,0x00,0x18,0xe3,0x00,0x18,0xe3,0x00,0x18,0xe3,0x00,0x18,0xc3,
  0x00,0x18,0xc3,0x00,0x18,0xc3,0x00,0x18,0xe3,0x00,0x18,0xe3,0x00,0x20,0xe3,0x00,
  0x21,0x03,0x00,0x20,0xe3,0x00,0x18,0xe3,0x00,0x20,0xe3,0x00,0x18,0xe3,0x00,0x18,
  0xe3,0x00,0x18,0xe3,0x00,0x18,0xe3,0x00,0x18,0xe3,0x00,0x18,0xc3,0x00,0x18,0xc3,
  0x00,0x18,0xc3,0x00,0x18,0xc3,0x00,0x18,0xe3,0x00,0x21,0x03,0x00,0x21,0x04,0x00,
  0x29,0x24,0x00,0x21,0x04,0x00,0x21,0x04,0x00,0x21,0x04,0x00,0x21,0x04,0x00,0x20,
  0xe3,0x00,0x18,0xe3,0x00,0x18,0xe3,0x00,0x18,0xe3,0x00,0x10,0xa2,0x00,0x10,0x82,
  0x00,0x08,0x62,0x00,0x08,0x62,0xff,0x08,0x62,0xff,0x08,0x22,0xff,0x00,0x01,0xff,
  0xbb,0x40,0xff,0x9a,0xa2,0xff,0xa2,0xc2,0xff,0xa2,0xc2,0xff,0xb3,0x02,0xff,0xec,
  0x80,0xff,0xec,0x62,0xff,0x20,0x83,0xff,0x28,0xa3,0xff,0x20,0xa3,0xff,0x18,0xa3,
  0xff,0x41,0x43,0xff,0xfd,0x62,0xff,0xfd,0x42,0xff,0xfd,0x02,0xff,0xfd,0x02,0xff,
  0xfc,0xe1,0xff,0xfc,0xe1,0xff,0xfc,0xc1,0xff,0xf4,0xc0,0xff,0xf4,0xa0,0xff,0xf4,
  0xa0,0xff,0xf4,0xa0,0xff,0xfc,0xc0,0xff,0xf4,0xa0,0xff,0xf4,0xa0,0xff,0xf4,0x80,
  0xff,0xf4,0xc0,0xff,0xf4,0xe0,0xff,0xfc,0xe0,0xff,0xfd,0x21,0xff,0xfd,0x21,0xff,
  0xfd,0x41,0xff,0xfd,0x62,0xff,0xfd,0x42,0xff,0xfd,0x22,0xff,0xfd,0x22,0xff,0xfd,
  0x02,0xff,0xfd,0x02,0xff,0xfd,0x02,0xff,0xfd,0x02,0xff,0xf4,0xe1,0xff,0xf4,0xc1,
  0xff,0xf4,0xc1,0xff,0xf4,0xa0,0xff,0xf4,0xe0,0xff,0xfc,0xe0,0xff,0xfc,0xe1,0xff,
  0xfd,0x01,0xff,0xfd,0x02,0xff,0xfd,0x02,0xff,0xfd,0x02,0xff,0xfd,0x02,0xff,0xfd,
  0x02,0xff,0xfd,0x02,0xff,0xfd,0x02,0xff,0xfc,0xe1,0xff,0xfd,0x01,0xff,0xf4,0xc1,
  0xff,0xf4,0xc1,0xff,0xf4,0xc0,0xff,0xf4,0xa1,0xff,0xf4,0x81,0xff,0xf4,0xa1,0xff,
  0xf4,0xc1,0xff,0xf4,0xe1,0xff,0xf4,0xe1,0xff,0xf4,0xe2,0xff,0xf4,0xe2,0xff,0xf4,
  0xe2,0xff,0xf4,0xe1,0xff,0xfd,0x01,0xff,0xfc,0xe0,0xff,0xfc,0xe0,0xff,0xfc,0xc0,
  0xff,0xfc,0xc0,0xff,0xfc,0xc0,0xff,0xfc,0xc0,0xff,0xfc,0xe0,0xff,0xf4,0xe1,0xff,
  0xf5,0x02,0xff,0xf5,0x22,0xff,0xf5,0x23,0xff,0xf5,0x22,0xff,0xed,0x02,0xff,0xed,
  0x02,0xff,0xec,0xe1,0xff,0xec,0xc1,0xff,0xe4,0xa1,0xff,0xec,0xa1,0xff,0x30,0xe2,
  0x00,0x21,0x03,0x00,0x18,0xe3,0x00,0x20,0xe4,0x00,0x20,0xe4,0x00,0x20,0xe4,0x00,
  0x20,0xe4,0x00,0x20,0xe3,0x00,0x20,0xe3,0x00,0x20,0xe3,0x00,0x18,0xe3,0x00,0x18,
  0xe3,0x00,0x18,0xe3,0x00,0x18,0xe3,0x00,0x18,0xe3,0x00,0x18,0xe3,0x00,0x18,0xe3,
  0x00,0x18,0xe3,0x00,0x18,0xe3,0x00,0x18,0xe3,0x00,0x18,0xe3,0x00,0x18,0xe3,0x00,
  0x18,0xe3,0x00,0x18,0xe3,0x00,0x18,0xe3,0x00,0x18,0xe3,0x00,0x18,0xe3,0x00,0x18,
  0xe3,0x00,0x18,0xe3,0x00,0x18,0xe3,0x00,0x18,0xe3,0x00,0x18,0xe3,0x00,0x18,0xe3,
  0x00,0x18,0xc3,0x00,0x18,0xc3,0x00,0x10,0xa2,0x00,0x08,0x83,0x00,0x08,0x83,0x00,
  0x08,0x82,0x00,0x08,0x82,0x00,0x18,0xe3,0x00,0x18,0xe3,0x00,0x18,0xe3,0x00,0x18,
  0xe3,0x00,0x18,0xe3,0x00,0x18,0xe3,0x00,0x20,0xe3,0x00,0x18,0xe3,0x00,0x18,0xe3,
  0x00,0x08,0x41,0xff,0x08,0x62,0xff,0x00,0x62,0xff,0x08,0x63,0xff,0x10,0x82,0x00,
  0x10,0x83,0x00,0x10,0xa3,0x00,0x18,0xc2,0x00,0x21,0x04,0x00,0x21,0x04,0x00,0x21,
  0x04,0x00,0x20,0xe3,0x00,0x20,0xe3,0x00,0x20,0xe3,0x00,0x18,0xc3,0x00,0x59,0xa2,
  0xff,0x59,0xc2,0xff,0x59,0xc3,0xff,0x62,0x03,0xff,0x61,0xe3,0xff,0x7a,0x43,0xff,
  0x8a,0x83,0xff,0xec,0xa0,0xff,0xf4,0xc0,0xff,0xf4,0xa1,0xff,0xf4,0xc1,0xff,0xf4,
  0xa0,0xff,0xec,0x80,0xff,0xf4,0xa1,0xff,0xb3,0x23,0xff,0xb3,0x43,0xff,0x61,0xe2,
  0xff,0x7a,0x03,0xff,0xab,0x24,0xff,0xf4,0xe3,0xff,0xf4,0xe3,0xff,0xf4,0xa2,0xff,
  0xfd,0x01,0xff,0xfc,0xe1,0xff,0xfc,0xe1,0xff,0xfc,0xc0,0xff,0xf4,0xa0,0xff,0xf4,
  0xa0,0xff,0xf4,0xa0,0xff,0xf4,0xa0,0xff,0xf4,0x80,0xff,0xf4,0x80,0xff,0xec,0x60,
  0xff,0xec,0x81,0xff,0xe4,0x41,0xff,0xdc,0x21,0xff,0xd4,0x21,0xff,0xd4,0x22,0xff,
  0xdc,0x22,0xff,0xdc,0x63,0xff,0xec,0xc2,0xff,0xec,0xe2,0xff,0xf5,0x03,0xff,0xf5,
  0x02,0xff,0xf4,0xe2,0xff,0xec,0xc2,0xff,0xe4,0xa3,0xff,0xdc,0x63,0xff,0xd4,0x43,
  0xff,0xd4,0x22,0xff,0xd4,0x02,0xff,0xcb,0xe2,0xff,0xc4,0x03,0xff,0xc3,0xe3,0xff,
  0xc3,0xe3,0xff,0xcc,0x23,0xff,0xd4,0x43,0xff,0xe4,0xa2,0xff,0xf4,0xe3,0xff,0xfd,
  0x22,0xff,0xfd,0x02,0xff,0xfd,0x02,0xff,0xfd,0x02,0xff,0xfd,0x02,0xff,0xfc,0xe1,
  0xff,0xfc,0xe1,0xff,0xf4,0xc1,0xff,0xf4,0xc0,0xff,0xf4,0xa0,0xff,0xf4,0xa1,0xff,
  0xf4,0xa0,0xff,0xf5,0x02,0xff,0xf5,0x42,0xff,0xf5,0x22,0xff,0xfd,0x22,0xff,0xfd,
  0x42,0xff,0xfd,0x41,0xff,0xfd,0x61,0xff,0xfd,0x00,0xff,0xfc,0xe1,0xff,0xfc,0xe0,
  0xff,0xfc,0xe0,0xff,0xfc,0xe0,0xff,0xfc,0xe0,0xff,0xfc,0xe0,0xff,0xfc,0xe0,0xff,
  0xfd,0x22,0xff,0xfd,0x42,0xff,0xfd,0x42,0xff,0xfd,0x42,0xff,0xfd,0x22,0xff,0xf5,
  0x02,0xff,0xf5,0x02,0xff,0xf4,0xe2,0xff,0xf4,0xc1,0xff,0xec,0xa2,0xff,0xec,0xa2,
  0xff,0x39,0x02,0xff,0x20,0xe4,0x00,0x18,0xe3,0x00,0x20,0xe4,0x00,0x20,0xe4,0x00,
  0x20,0xe4,0x00,0x20,0xe4,0x00,0x21,0x04,0x00,0x10,0xa3,0x00,0x08,0x62,0xff,0x18,
  0xe3,0x00,0x18,0xe3,0x00,0x18,0xe3,0x00,0x18,0xe3,0x00,0x18,0xe3,0x00,0x18,0xe3,
  0x00,0x18,0xe3,0x00,0x18,0xe3,0x00,0x18,0xe3,0x00,0x18,0xe3,0x00,0x18,0xe3,0x00,
  0x18,0xe3,0x00,0x18,0xe3,0x00,0x18,0xe3,0x00,0x18,0xe3,0x00,0x18,0xe3,0x00,0x18,
  0xe3,0x00,0x18,0xe3,0x00,0x18,0xe3,0x00,0x18,0xe3,0x00,0x18,0xe3,0x00,0x18,0xe3,
  0x00,0x18,0xe4,0x00,0x18,0xe3,0x00,0x21,0x04,0x00,0xb3,0x62,0xff,0xfd,0xa1,0xff,
  0xfd,0x81,0xff,0xf5,0x41,0xff,0xed,0x61,0xff,0x20,0xe3,0x00,0x18,0xe3,0x00,0x18,
  0xe3,0x00,0x18,0xe3,0x00,0x18,0xe3,0x00,0x18,0xe3,0x00,0x18,0xe3,0x00,0x18,0xe3,
  0x00,0x18,0xc3,0x00,0xfd,0xc2,0xff,0xf5,0x81,0xff,0xf5,0x61,0xff,0xfd,0x61,0xff,
  0xfd,0x41,0xff,0xf5,0x42,0xff,0xfd,0x82,0xff,0xf5,0x01,0xff,0x20,0xe3,0x00,0x21,
  0x04,0x00,0x21,0x04,0x00,0x21,0x03,0x00,0x21,0x03,0x00,0x20,0xe3,0x00,0x10,0xc3,
  0x00,0xfd,0x62,0xff,0xed,0x03,0xff,0xec,0xe3,0xff,0xf4,0xe1,0xff,0xf4,0xc0,0xff,
  0xf4,0xa0,0xff,0xf4,0xa0,0xff,0xec,0xa0,0xff,0xec,0x81,0xff,0xf4,0xa1,0xff,0xf4,
  0x80,0xff,0xf4,0x80,0xff,0xf4,0x80,0xff,0xf4,0x80,0xff,0xec,0x60,0xff,0xec,0x80,
  0xff,0xf4,0xe1,0xff,0xfd,0x43,0xff,0xfd,0x44,0xff,0xfd,0x64,0xff,0xfd,0x63,0xff,
  0xfd,0x42,0xff,0xfd,0x02,0xff,0xfc,0xc1,0xff,0xf4,0xc1,0xff,0xf4,0xa1,0xff,0xb3,
  0x63,0xff,0xbb,0x83,0xff,0xcb,0xc2,0xff,0xd4,0x02,0xff,0xdc,0x01,0xff,0xdc,0x02,
  0xff,0xdc,0x01,0xff,0xe4,0x40,0xff,0x39,0x02,0xff,0x28,0xe4,0x00,0x20,0xc3,0x00,
  0x28,0xe3,0x00,0x28,0xe3,0x00,0x30,0xe3,0x00,0x29,0x05,0x00,0x20,0xe4,0x00,0x20,
  0xe5,0x00,0x20,0xe4,0x00,0x20,0xe4,0x00,0x21,0x04,0x00,0x29,0x04,0x00,0x29,0x03,
  0x00,0x29,0x03,0x00,0x21,0x03,0x00,0x20,0xe3,0x00,0x18,0xc2,0x00,0x18,0xc2,0x00,
  0x18,0xa3,0x00,0x10,0xa3,0x00,0x10,0xc3,0x00,0x10,0xc4,0x00,0x18,0xe4,0x00,0x18,
  0xe4,0x00,0xfd,0x63,0xff,0xfd,0x03,0xff,0xfd,0x03,0xff,0xfd,0x02,0xff,0xfc,0xe2,
  0xff,0xfc,0xe1,0xff,0xfc,0xe1,0xff,0xfc,0xc1,0xff,0xfc,0xc0,0xff,0xfc,0xa0,0xff,
  0xf4,0x80,0xff,0xf4,0xa0,0xff,0x10,0x41,0xff,0x10,0x62,0x00,0x10,0x62,0xff,0x10,
  0x62,0x00,0x10,0x83,0x00,0x18,0xc3,0x00,0x18,0xa2,0x00,0xfd,0x82,0xff,0xf5,0x02,
  0xff,0xf5,0x02,0xff,0xf4,0xe2,0xff,0xf4,0xe2,0xff,0xf4,0xe2,0xff,0xf4,0xe2,0xff,
  0xfd,0x01,0xff,0x49,0x83,0xff,0x39,0x64,0xff,0x29,0x25,0x00,0x29,0x24,0x00,0x21,
  0x04,0x00,0x20,0xe4,0x00,0x18,0xc4,0x00,0x18,0xc4,0x00,0x18,0xc3,0x00,0x20,0xe4,
  0x00,0x20,0xe4,0x00,0x29,0x04,0x00,0x29,0x24,0x00,0x18,0xe4,0x00,0x18,0xe4,0x00,
  0x18,0xe4,0x00,0x20,0xe4,0x00,0x31,0x64,0xff,0x31,0x44,0x00,0xd3,0xe3,0xff,0xfe,
  0x21,0xff,0x18,0xe3,0x00,0x18,0xe3,0x00,0x18,0xe3,0x00,0x18,0xe4,0x00,0x18,0xe3,
  0x00,0x18,0xe3,0x00,0x18,0xe3,0x00,0x18,0xe3,0x00,0x18,0xe3,0x00,0x18,0xe3,0x00,
  0x18,0xe3,0x00,0x18,0xe3,0x00,0x18,0xe3,0x00,0x18,0xe3,0x00,0x18,0xe3,0x00,0x18,
  0xe3,0x00,0x18,0xe3,0x00,0x18,0xe3,0x00,0x18,0xe3,0x00,0x18,0xe3,0x00,0x18,0xe4,
  0x00,0x21,0x04,0x00,0x21,0x04,0x00,0x21,0x04,0x00,0x21,0x04,0x00,0x93,0x03,0xff,
  0xdc,0x62,0xff,0xdc,0x01,0xff,0xcb,0xc1,0xff,0xd4,0x21,0xff,0x18,0xc3,0x00,0x18,
  0xc3,0x00,0x18,0xc3,0x00,0x18,0xe3,0x00,0x18,0xe3,0x00,0x18,0xe3,0x00,0x18,0xe4,
  0x00,0x21,0x04,0x00,0x18,0xe3,0x00,0xfd,0xc1,0xff,0xfd,0x80,0xff,0xfd,0x60,0xff,
  0xfd,0x40,0xff,0xfd,0x21,0xff,0xfd,0x21,0xff,0xfd,0x01,0xff,0xfd,0x41,0xff,0x29,
  0x03,0x00,0x18,0xe3,0x00,0x21,0x03,0x00,0x20,0xe3,0x00,0x20,0xe3,0x00,0x20,0xe3,
  0x00,0x10,0xc3,0x00,0xf5,0x22,0xff,0xfd,0x21,0xff,0xfd,0x22,0xff,0xf5,0x02,0xff,
  0xf4,0xe1,0xff,0xf4,0xc1,0xff,0xf4,0xc1,0xff,0xf4,0xa1,0xff,0xf4,0xc1,0xff,0xe4,
  0x21,0xff,0xd4,0x22,0xff,0xd3,0xe1,0xff,0xd4,0x01,0xff,0xec,0x81,0xff,0xf4,0xa0,
  0xff,0xf4,0xa0,0xff,0xfd,0x21,0xff,0x49,0xa5,0xff,0x49,0xa4,0xff,0x51,0xe4,0xff,
  0x7a,0x64,0xff,0xfd,0x21,0xff,0xfc,0xe1,0xff,0xfc,0xc1,0xff,0xf4,0xc1,0xff,0xec,
  0xa0,0xff,0x41,0x83,0xff,0x19,0x04,0x00,0x29,0x44,0x00,0x31,0x45,0xff,0x31,0x65,
  0xff,0x31,0x65,0xff,0xa3,0x22,0xff,0xd3,0xc0,0xff,0xc3,0x41,0xff,0xd3,0xc1,0xff,
  0xc3,0x81,0xff,0xc3,0x82,0xff,0xbb,0x82,0xff,0x9a,0xe3,0xff,0x19,0x04,0x00,0x21,
  0x04,0x00,0x18,0xc3,0x00,0x49,0x84,0xff,0x41,0x64,0xff,0x39,0x64,0xff,0x31,0x43,
  0x00,0x29,0x03,0x00,0x20,0xe2,0x00,0x39,0x62,0xff,0x29,0x03,0x00,0x18,0xa3,0x00,
  0x18,0xc2,0x00,0x20,0xe3,0x00,0x20,0xc2,0x00,0x20,0xc2,0x00,0x19,0x03,0x00,0x21,
  0x03,0x00,0x20,0xe3,0x00,0xfd,0x83,0xff,0xfd,0x23,0xff,0xfd,0x03,0xff,0xfd,0x02,
  0xff,0xfc,0xe2,0xff,0xfc,0xe1,0xff,0xfc,0xe1,0xff,0xfc,0xe1,0xff,0xf4,0xc1,0xff,
  0xfc,0xa0,0xff,0xf4,0x80,0xff,0xf4,0xa1,0xff,0x00,0x42,0xff,0x10,0xa2,0x00,0x10,
  0xa2,0x00,0x10,0xc3,0x00,0x18,0xc3,0x00,0x18,0xe3,0x00,0x18,0xe2,0x00,0xfd,0xc2,
  0xff,0xfd,0x82,0xff,0xfd,0x41,0xff,0xfd,0x21,0xff,0xfd,0x21,0xff,0xfd,0x21,0xff,
  0xfd,0x41,0xff,0xfd,0xc1,0xff,0x31,0x22,0x00,0x18,0xe3,0x00,0x18,0xe3,0x00,0x21,
  0x03,0x00,0x31,0x64,0x00,0x21,0x24,0x00,0x21,0x03,0x00,0x21,0x04,0x00,0x21,0x04,
  0x00,0x21,0x04,0x00,0x21,0x04,0x00,0x21,0x24,0x00,0x21,0x24,0x00,0x20,0xe4,0x00,
  0x20,0xe4,0x00,0x20,0xe4,0x00,0x20,0xe4,0x00,0x29,0x45,0x00,0x29,0x24,0x00,0x6a,
  0x43,0xff,0x8a,0xa2,0xff,0x18,0xe4,0x00,0x18,0xe4,0x00,0x18,0xe4,0x00,0x18,0xe4,
  0x00,0x18,0xe3,0x00,0x18,0xe3,0x00,0x18,0xe3,0x00,0x18,0xe3,0x00,0x18,0xe3,0x00,
  0x18,0xe3,0x00,0x18,0xe3,0x00,0x18,0xe3,0x00,0x18,0xe3,0x00,0x18,0xe3,0x00,0x18,
  0xe3,0x00,0x18,0xe3,0x00,0x18,0xe3,0x00,0x18,0xe3,0x00,0x18,0xe3,0x00,0x18,0xe3,
  0x00,0x18,0xe3,0x00,0x18,0xe4,0x00,0x21,0x04,0x00,0x21,0x04,0x00,0x21,0x04,0x00,
  0x19,0x04,0x00,0x21,0x04,0x00,0x21,0x04,0x00,0x18,0xe3,0x00,0x18,0xc3,0x00,0x18,
  0xc3,0x00,0x18,0xc3,0x00,0x18,0xc3,0x00,0x18,0xe3,0x00,0x18,0xe3,0x00,0x18,0xe3,
  0x00,0x18,0xe3,0x00,0x18,0xe3,0x00,0x21,0x04,0x00,0x10,0xc3,0x00,0x10,0xc4,0x00,
  0x10,0xa3,0x00,0x10,0xa3,0x00,0x10,0xa3,0x00,0x10,0xa4,0x00,0x10,0xc4,0x00,0x10,
  0xa3,0x00,0x19,0x04,0x00,0x18,0xe3,0x00,0x18,0xe3,0x00,0x18,0xe3,0x00,0x18,0xe3,
  0x00,0x18,0xe3,0x00,0x18,0xe3,0x00,0x10,0xa3,0x00,0x18,0xc3,0x00,0x18,0xa3,0x00,
  0xdc,0x83,0xff,0xe4,0x82,0xff,0xfd,0x22,0xff,0xfd,0x01,0xff,0xfd,0x21,0xff,0xf4,
  0xa2,0xff,0xec,0xc2,0xff,0x51,0xa4,0xff,0x20,0xe4,0x00,0x20,0xe3,0x00,0x18,0xa3,
  0x00,0x20,0xc3,0x00,0x29,0x03,0x00,0x20,0xc3,0x00,0x21,0x04,0x00,0x21,0x04,0x00,
  0x21,0x04,0x00,0x18,0xe3,0x00,0x31,0x03,0x00,0x31,0x02,0x00,0x39,0x42,0xff,0x31,
  0x02,0x00,0x30,0xe1,0x00,0x18,0xe4,0x00,0x19,0x04,0x00,0x18,0xe3,0x00,0x18,0xe3,
  0x00,0x18,0xe3,0x00,0x18,0xe3,0x00,0x18,0xc3,0x00,0x18,0xc3,0x00,0x18,0xc3,0x00,
  0x20,0xe4,0x00,0x31,0x44,0x00,0x31,0x44,0x00,0x31,0x44,0x00,0x29,0x24,0x00,0x21,
  0x04,0x00,0x21,0x04,0x00,0x18,0xe4,0x00,0x20,0xe3,0x00,0x21,0x04,0x00,0x29,0x25,
  0x00,0x8a,0xc4,0xff,0x8a,0xa4,0xff,0x92,0xa3,0xff,0xec,0xa3,0xff,0xf4,0xc3,0xff,
  0xf4,0xe3,0xff,0xfd,0x22,0xff,0xf5,0x24,0xff,0xfd,0x43,0xff,0x8a,0x83,0xff,0x29,
  0x44,0x00,0x29,0x24,0x00,0x21,0x04,0x00,0x6a,0x23,0xff,0x72,0x63,0xff,0x82,0x83,
  0xff,0x82,0xa3,0xff,0x6a,0x44,0xff,0xfc,0xc1,0xff,0xfc,0xc1,0xff,0xfc,0xc1,0xff,
  0xfd,0x02,0xff,0xf4,0xc2,0xff,0x51,0x83,0xff,0x82,0x61,0xff,0x10,0xa2,0x00,0x18,
  0xa3,0x00,0x18,0xc3,0x00,0x18,0xc3,0x00,0x18,0xe3,0x00,0x21,0x04,0x00,0x21,0x24,
  0x00,0x10,0xc4,0x00,0x19,0x04,0x00,0x21,0x04,0x00,0x21,0x04,0x00,0x21,0x03,0x00,
  0x21,0x04,0x00,0x21,0x24,0x00,0x20,0xe4,0x00,0x21,0x04,0x00,0x21,0x04,0x00,0x21,
  0x04,0x00,0x21,0x04,0x00,0x20,0xe3,0x00,0x20,0xe3,0x00,0x18,0xe3,0x00,0x18,0xe3,
  0x00,0x18,0xe3,0x00,0x18,0xe3,0x00,0x18,0xe3,0x00,0x18,0xe3,0x00,0x18,0xe4,0x00,
  0x18,0xe4,0x00,0x20,0xe4,0x00,0x21,0x04,0x00,0x21,0x04,0x00,0x21,0x04,0x00,0x21,
  0x04,0x00,0x21,0x24,0x00,0x21,0x24,0x00,0x18,0xe3,0x00,0x18,0xe3,0x00,0x18,0xe3,
  0x00,0x18,0xe3,0x00,0x18,0xe3,0x00,0x18,0xe3,0x00,0x18,0xe3,0x00,0x18,0xe3,0x00,
  0x18,0xe3,0x00,0x18,0xe3,0x00,0x18,0xe3,0x00,0x18,0xe3,0x00,0x18,0xe3,0x00,0x18,
  0xe3,0x00,0x18,0xe3,0x00,0x18,0xe3,0x00,0x18,0xe3,0x00,0x18,0xe3,0x00,0x18,0xe3,
  0x00,0x18,0xe3,0x00,0x18,0xe3,0x00,0x18,0xe4,0x00,0x20,0xe4,0x00,0x21,0x04,0x00,
  0x21,0x04,0x00,0x21,0x04,0x00,0x21,0x04,0x00,0x21,0x04,0x00,0x18,0xe3,0x00,0x18,
  0xe3,0x00,0x18,0xe3,0x00,0x18,0xc3,0x00,0x18,0xc3,0x00,0x18,0xc3,0x00,0x18,0xc3,
  0x00,0x18,0xe3,0x00,0x18,0xe3,0x00,0x18,0xe3,0x00,0x20,0xe3,0x00,0x21,0x03,0x00,
  0x21,0x04,0x00,0x21,0x04,0x00,0x21,0x04,0x00,0x21,0x04,0x00,0x21,0x04,0x00,0x20,
  0xe3,0x00,0x20,0xe3,0x00,0x20,0xe3,0x00,0x18,0xe3,0x00,0x18,0xe3,0x00,0x18,0xe3,
  0x00,0x18,0xe3,0x00,0x18,0xe3,0x00,0x18,0xe3,0x00,0x18,0xe3,0x00,0x21,0x03,0x00,
  0x21,0x04,0x00,0x21,0x24,0x00,0x29,0x05,0x00,0x28,0xe4,0x00,0x31,0x24,0x00,0x29,
  0x05,0x00,0x21,0x04,0x00,0x21,0x04,0x00,0x21,0x04,0x00,0x21,0x03,0x00,0x20,0xe3,
  0x00,0x20,0xe3,0x00,0x21,0x03,0x00,0x21,0x03,0x00,0x21,0x03,0x00,0x21,0x04,0x00,
  0x18,0xe3,0x00,0x18,0xe3,0x00,0x18,0xe3,0x00,0x18,0xe3,0x00,0x18,0xc3,0x00,0x10,
  0xa3,0x00,0x51,0xa2,0xff,0x61,0xc1,0xff,0x18,0xe4,0x00,0x21,0x04,0x00,0x21,0x04,
  0x00,0x21,0x04,0x00,0x21,0x04,0x00,0x21,0x04,0x00,0x19,0x03,0x00,0x20,0xe3,0x00,
  0x18,0xe3,0x00,0x21,0x04,0x00,0x21,0x04,0x00,0x21,0x04,0x00,0x21,0x04,0x00,0x21,
  0x24,0x00,0x21,0x24,0x00,0x21,0x04,0x00,0x18,0xe3,0x00,0x18,0xe3,0x00,0x20,0xe4,
  0x00,0x29,0x04,0xff,0x29,0x03,0xff,0x20,0xe3,0xff,0x20,0xc3,0xff,0xdc,0x02,0xff,
  0xfd,0x03,0xff,0xfc,0xe2,0xff,0xfd,0x02,0xff,0xf5,0x03,0xff,0xfd,0x03,0xff,0x61,
  0xe3,0xff,0x29,0x24,0x00,0x21,0x24,0x00,0x21,0x04,0x00,0x19,0x04,0x00,0x18,0xe3,
  0x00,0x18,0xe3,0x00,0x18,0xe3,0x00,0x10,0xa3,0x00,0xf4,0xa1,0xff,0xf4,0xc0,0xff,
  0xfd,0x01,0xff,0x08,0xa4,0x00,0x18,0xc3,0x00,0x29,0x24,0x00,0x21,0x04,0x00,0x18,
  0xe4,0x00,0x18,0xe3,0x00,0x18,0xe3,0x00,0x18,0xe3,0x00,0x19,0x04,0x00,0x21,0x04,
  0x00,0x21,0x04,0x00,0x21,0x24,0x00,0x21,0x24,0x00,0x49,0x83,0xff,0x72,0x22,0xff,
  0x72,0x02,0xff,0x39,0x43,0xff,0x29,0x23,0x00,0x21,0x24,0x00,0x21,0x04,0x00,0x21,
  0x04,0x00,0x21,0x04,0x00,0x21,0x04,0x00,0x20,0xe3,0x00,0x20,0xe3,0x00,0x18,0xe3,
  0x00,0x18,0xe3,0x00,0x18,0xe3,0x00,0x18,0xe3,0x00,0x18,0xe3,0x00,0x18,0xe3,0x00,
  0x18,0xe3,0x00,0x18,0xe4,0x00,0x18,0xe4,0x00,0x21,0x04,0x00,0x21,0x04,0x00,0x21,
  0x04,0x00,0x21,0x04,0x00,0x21,0x04,0x00,0x21,0x04,0x00,0x18,0xe4,0x00,0x18,0xe3,
  0x00,0x18,0xe3,0x00,0x18,0xe3,0x00,0x18,0xe3,0x00,0x18,0xe3,0x00,0x18,0xe4,0x00,
  0x18,0xe4,0x00,0x18,0xe4,0x00,0x18,0xe3,0x00,0x18,0xe3,0x00,0x18,0xe3,0x00,0x18,
  0xe3,0x00,0x18,0xe3,0x00,0x18,0xe3,0x00,0x18,0xe3,0x00,0x18,0xe3,0x00,0x18,0xe3,
  0x00,0x18,0xe3,0x00,0x18,0xe3,0x00,0x18,0xe3,0x00,0x18,0xe3,0x00,0x18,0xe3,0x00,
  0x18,0xe3,0x00,0x18,0xe3,0x00,0x18,0xe3,0x00,0x18,0xe3,0x00,0x18,0xe3,0x00,0x18,
  0xe3,0x00,0x18,0xe3,0x00,0x18,0xe3,0x00,0x18,0xe3,0x00,0x18,0xe3,0x00,0x18,0xe3,
  0x00,0x18,0xe3,0x00,0x18,0xe3,0x00,0x18,0xe3,0x00,0x18,0xe3,0x00,0x18,0xe3,0x00,
  0x20,0xe3,0x00,0x21,0x03,0x00,0x21,0x03,0x00,0x21,0x03,0x00,0x21,0x03,0x00,0x21,
  0x03,0x00,0x18,0xe3,0x00,0x18,0xe3,0x00,0x18,0xe3,0x00,0x18,0xe3,0x00,0x18,0xe3,
  0x00,0x18,0xe3,0x00,0x18,0xe3,0x00,0x18,0xe3,0x00,0x18,0xe3,0x00,0x18,0xe3,0x00,
  0x18,0xe3,0x00,0x20,0xe3,0x00,0x21,0x03,0x00,0x21,0x03,0x00,0x21,0x04,0x00,0x21,
  0x04,0x00,0x21,0x04,0x00,0x21,0x04,0x00,0x21,0x24,0x00,0x21,0x04,0x00,0x21,0x04,
  0x00,0x21,0x04,0x00,0x21,0x04,0x00,0x21,0x03,0x00,0x21,0x03,0x00,0x20,0xe3,0x00,
  0x18,0xe3,0x00,0x18,0xe3,0x00,0x18,0xe3,0x00,0x18,0xe3,0x00,0x18,0xe3,0x00,0x18,
  0xe3,0x00,0x20,0xe3,0x00,0x18,0xe4,0x00,0x18,0xe3,0x00,0x20,0xe4,0x00,0x20,0xe4,
  0x00,0x21,0x04,0x00,0x21,0x04,0x00,0x21,0x04,0x00,0x21,0x04,0x00,0x21,0x04,0x00,
  0x21,0x04,0x00,0x18,0xc3,0x00,0x18,0xc3,0x00,0x18,0xc3,0x00,0x18,0xc3,0x00,0x18,
  0xe3,0x00,0x20,0xe3,0x00,0x21,0x24,0x00,0x21,0x04,0x00,0x20,0xe4,0x00,0x10,0xc4,
  0x00,0x31,0x45,0xff,0x10,0x83,0xff,0x10,0x83,0xff,0x10,0x82,0xff,0x10,0xc3,0xff,
  0x82,0x63,0xff,0xfd,0x22,0xff,0xfc,0xe2,0xff,0xfd,0x02,0xff,0xfc,0xe2,0xff,0xfd,
  0x02,0xff,0x51,0xa4,0xff,0x20,0xe3,0x00,0x18,0xc3,0x00,0x18,0xc2,0x00,0x18,0xe3,
  0x00,0x18,0xc3,0x00,0x10,0xc3,0x00,0x10,0xa2,0x00,0x08,0x63,0x00,0xf4,0xa0,0xff,
  0xf4,0xa1,0xff,0xfc,0xe1,0xff,0x08,0x83,0x00,0x10,0xc3,0x00,0x18,0xe3,0x00,0x18,
  0xe3,0x00,0x21,0x04,0x00,0x21,0x04,0x00,0x21,0x04,0x00,0x21,0x04,0x00,0x21,0x04,
  0x00,0x21,0x04,0x00,0x21,0x04,0x00,0x21,0x04,0x00,0x21,0x04,0x00,0x59,0xe4,0xff,
  0x7a,0x23,0xff,0x61,0xa3,0xff,0x49,0x83,0xff,0x31,0x23,0x00,0x18,0xe3,0x00,0x18,
  0xe4,0x00,0x18,0xe3,0x00,0x20,0xe3,0x00,0x20,0xe3,0x00,0x20,0xe3,0x00,0x20,0xe3,
  0x00,0x18,0xe3,0x00,0x18,0xe3,0x00,0x18,0xe3,0x00,0x18,0xe3,0x00,0x18,0xe3,0x00,
  0x18,0xe3,0x00,0x18,0xe3,0x00,0x18,0xe3,0x00,0x18,0xe3,0x00,0x18,0xe3,0x00,0x18,
  0xe4,0x00,0x18,0xe3,0x00,0x18,0xe3,0x00,0x18,0xe4,0x00,0x18,0xe4,0x00,0x18,0xe3,
  0x00,0x18,0xe3,0x00,0x18,0xe3,0x00,0x18,0xe3,0x00,0x18,0xe3,0x00,0x18,0xe3,0x00,
  0x18,0xe3,0x00,0x18,0xe3,0x00,0x18,0xe3,0x00,0x18,0xe3,0x00,0x18,0xe3,0x00,0x18,
  0xe3,0x00,0x18,0xe3,0x00,0x18,0xe3,0x00,0x18,0xe3,0x00,0x18,0xe3,0x00,0x18,0xe3,
  0x00,0x18,0xe3,0x00,0x18,0xe3,0x00,0x18,0xe3,0x00,0x18,0xe3,0x00,0x18,0xe3,0x00,
  0x18,0xe3,0x00,0x18,0xe3,0x00,0x18,0xe3,0x00,0x18,0xe3,0x00,0x18,0xe3,0x00,0x18,
  0xe3,0x00,0x18,0xe3,0x00,0x18,0xe3,0x00,0x18,0xe3,0x00,0x18,0xe3,0x00,0x18,0xe3,
  0x00,0x18,0xe3,0x00,0x18,0xe3,0x00,0x18,0xe3,0x00,0x18,0xe3,0x00,0x18,0xe3,0x00,
  0x20,0xe3,0x00,0x20,0xe3,0x00,0x20,0xe3,0x00,0x20,0xe3,0x00,0x20,0xe3,0x00,0x20,
  0xe3,0x00,0x18,0xe3,0x00,0x18,0xe3,0x00,0x18,0xe3,0x00,0x18,0xe3,0x00,0x18,0xe3,
  0x00,0x18,0xe3,0x00,0x18,0xe3,0x00,0x18,0xe3,0x00,0x18,0xe3,0x00,0x18,0xe3,0x00,
  0x18,0xe3,0x00,0x18,0xe3,0x00,0x18,0xe3,0x00,0x20,0xe3,0x00,0x18,0xe3,0x00,0x20,
  0xe3,0x00,0x20,0xe3,0x00,0x21,0x03,0x00,0x21,0x03,0x00,0x21,0x04,0x00,0x21,0x04,
  0x00,0x21,0x04,0x00,0x21,0x03,0x00,0x21,0x03,0x00,0x18,0xe3,0x00,0x18,0xe3,0x00,
  0x18,0xe3,0x00,0x18,0xe3,0x00,0x18,0xe3,0x00,0x18,0xe3,0x00,0x18,0xe3,0x00,0x18,
  0xe3,0x00,0x18,0xe3,0x00,0x18,0xe3,0x00,0x18,0xe3,0x00,0x20,0xe3,0x00,0x20,0xe3,
  0x00,0x20,0xe3,0x00,0x20,0xe3,0x00,0x21,0x04,0x00,0x21,0x04,0x00,0x21,0x04,0x00,
  0x21,0x04,0x00,0x18,0xe3,0x00,0xfe,0x22,0xff,0xfd,0x61,0xff,0xfd,0x62,0xff,0xfd,
  0x83,0xff,0xfd,0xa3,0xff,0xcc,0x23,0xff,0x29,0x24,0x00,0x29,0x24,0x00,0x31,0x44,
  0x00,0xf5,0x00,0xff,0xfd,0x00,0xff,0xf5,0x41,0xff,0xf5,0x01,0xff,0xf5,0x01,0xff,
  0xfd,0x01,0xff,0xfc,0xe1,0xff,0xfc,0xc1,0xff,0xf4,0xc1,0xff,0xfc,0xe2,0xff,0xf4,
  0xe2,0xff,0xfc,0xe2,0xff,0xfd,0x02,0xff,0xfd,0x22,0xff,0xfc,0xe2,0xff,0xd3,0x61,
  0xff,0x18,0xe3,0x00,0x10,0xc3,0x00,0x10,0xa3,0x00,0x29,0x01,0x00,0xcb,0xa1,0xff,
  0xf4,0x81,0xff,0xf4,0x80,0xff,0xf4,0x80,0xff,0xf4,0xa1,0xff,0xf4,0x61,0xff,0xf4,
  0x61,0xff,0xe4,0x42,0xff,0x51,0xc4,0xff,0x29,0x45,0xff,0x39,0x65,0xff,0x72,0x23,
  0xff,0x51,0xc3,0xff,0x21,0x24,0x00,0x21,0x04,0x00,0x21,0x04,0x00,0x18,0xe4,0x00,
  0x18,0xe3,0x00,0x18,0xc3,0x00,0x18,0xc3,0x00,0x18,0xc3,0x00,0x18,0xc3,0x00,0x18,
  0xe3,0x00,0x18,0xe3,0x00,0x18,0xe3,0x00,0x18,0xe3,0x00,0x18,0xe3,0x00,0x18,0xe3,
  0x00,0x18,0xe3,0x00,0x18,0xe3,0x00,0x18,0xe3,0x00,0x18,0xe3,0x00,0x18,0xe3,0x00,
  0x18,0xe3,0x00,0x18,0xe3,0x00,0x18,0xe3,0x00,0x18,0xe3,0x00,0x18,0xe3,0x00,0x18,
  0xe3,0x00,0x18,0xe4,0x00,0x18,0xe3,0x00,0x18,0xe3,0x00,0x18,0xe3,0x00,0x18,0xe3,
  0x00,0x18,0xe3,0x00,0x18,0xe3,0x00,0x18,0xe3,0x00,0x18,0xe3,0x00,0x18,0xe3,0x00,
  0x18,0xe3,0x00,0x18,0xe3,0x00,0x18,0xe3,0x00,0x18,0xe3,0x00,0x18,0xe3,0x00,0x18,
  0xe3,0x00,0x18,0xe3,0x00,0x18,0xe3,0x00,0x18,0xe3,0x00,0x18,0xe3,0x00,0x18,0xe3,
  0x00,0x18,0xe3,0x00,0x20,0xe4,0x00,0x18,0xe3,0x00,0x18,0xe3,0x00,0x18,0xe3,0x00,
  0x18,0xe3,0x00,0x18,0xe3,0x00,0x18,0xe3,0x00,0x18,0xe3,0x00,0x18,0xe3,0x00,0x18,
  0xe3,0x00,0x18,0xe3,0x00,0x18,0xe3,0x00,0x18,0xe3,0x00,0x18,0xe4,0x00,0x18,0xe3,
  0x00,0x18,0xe3,0x00,0x18,0xe3,0x00,0x18,0xe3,0x00,0x18,0xe3,0x00,0x20,0xe3,0x00,
  0x20,0xe3,0x00,0x21,0x03,0x00,0x21,0x03,0x00,0x20,0xe3,0x00,0x20,0xe3,0x00,0x18,
  0xe3,0x00,0x18,0xe3,0x00,0x18,0xe3,0x00,0x18,0xe3,0x00,0x18,0xe3,0x00,0x18,0xe3,
  0x00,0x18,0xe3,0x00,0x18,0xe3,0x00,0x18,0xe3,0x00,0x18,0xe3,0x00,0x18,0xe3,0x00,
  0x18,0xe3,0x00,0x18,0xe3,0x00,0x18,0xe3,0x00,0x18,0xe3,0x00,0x20,0xe3,0x00,0x20,
  0xe3,0x00,0x18,0xe3,0x00,0x18,0xe3,0x00,0x20,0xe3,0x00,0x21,0x03,0x00,0x21,0x04,
  0x00,0x21,0x04,0x00,0x21,0x04,0x00,0x21,0x04,0x00,0x21,0x03,0x00,0x18,0xe3,0x00,
  0x18,0xe3,0x00,0x18,0xe3,0x00,0x18,0xe3,0x00,0x18,0xe3,0x00,0x18,0xe3,0x00,0x18,
  0xe3,0x00,0x18,0xe3,0x00,0x18,0xe3,0x00,0x18,0xe3,0x00,0x18,0xe3,0x00,0x18,0xe3,
  0x00,0x18,0xe3,0x00,0x18,0xc3,0x00,0x20,0xe3,0x00,0x20,0xe3,0x00,0x20,0xe3,0x00,
  0x21,0x04,0x00,0x21,0x04,0x00,0x18,0xe3,0x00,0xfd,0x24,0xff,0xf4,0xe2,0xff,0xf5,
  0x02,0xff,0xf5,0x03,0xff,0xed,0x02,0xff,0xc3,0xe3,0xff,0x31,0x44,0x00,0x29,0x44,
  0x00,0x31,0x44,0xff,0xec,0x82,0xff,0xec,0xe3,0xff,0xf4,0xe2,0xff,0xf4,0xc1,0xff,
  0xf4,0xc0,0xff,0xf4,0xc0,0xff,0xf4,0xa0,0xff,0xf4,0xa0,0xff,0xf4,0xa1,0xff,0xf4,
  0xa1,0xff,0xf4,0xc1,0xff,0xf4,0xe2,0xff,0xf4,0xc2,0xff,0xf4,0xe2,0xff,0xfc,0xe1,
  0xff,0xdb,0xa0,0xff,0x18,0xe4,0x00,0x18,0xc3,0x00,0x18,0xc3,0x00,0x31,0x42,0xff,
  0xe4,0x81,0xff,0xec,0xa1,0xff,0xf4,0xa1,0xff,0xec,0x81,0xff,0xec,0x81,0xff,0xec,
  0x81,0xff,0xec,0x81,0xff,0xf4,0x61,0xff,0x51,0xa4,0xff,0x49,0x64,0xff,0xcb,0xc1,
  0xff,0xfd,0x02,0xff,0x7a,0x02,0xff,0x29,0x24,0x00,0x21,0x04,0x00,0x21,0x04,0x00,
  0x18,0xe4,0x00,0x18,0xe3,0x00,0x18,0xe3,0x00,0x18,0xc3,0x00,0x18,0xc3,0x00,0x18,
  0xe3,0x00,0x18,0xe3,0x00,0x18,0xe3,0x00,0x18,0xe3,0x00,0x18,0xe3,0x00,0x18,0xe3,
  0x00,0x18,0xe3,0x00,0x18,0xe3,0x00,0x20,0xe3,0x00,0x18,0xe4,0x00,0x18,0xe3,0x00,
  0x20,0xe4,0x00,0x20,0xe4,0x00,0x20,0xe4,0x00,0x18,0xe3,0x00,0x18,0xe3,0x00,0x18,
  0xe3,0x00,0x18,0xe3,0x00,0x18,0xe3,0x00,0x18,0xe3,0x00,0x18,0xe3,0x00,0x18,0xe3,
  0x00,0x18,0xe3,0x00,0x18,0xe3,0x00,0x18,0xe3,0x00,0x18,0xe3,0x00,0x18,0xe4,0x00,
  0x18,0xe3,0x00,0x18,0xe3,0x00,0x18,0xe3,0x00,0x18,0xe4,0x00,0x18,0xe3,0x00,0x18,
  0xe3,0x00,0x18,0xe3,0x00,0x18,0xe3,0x00,0x18,0xe3,0x00,0x18,0xe3,0x00,0x18,0xe3,
  0x00,0x18,0xe3,0x00,0x18,0xe3,0x00,0x21,0x04,0x00,0x21,0x04,0x00,0x21,0x04,0x00,
  0x20,0xe3,0x00,0x18,0xe3,0x00,0x18,0xe3,0x00,0x18,0xc3,0x00,0x18,0xc3,0x00,0x18,
  0xc3,0x00,0x18,0xc3,0x00,0x18,0xe3,0x00,0x20,0xe3,0x00,0x21,0x03,0x00,0x21,0x04,
  0x00,0x21,0x04,0x00,0x21,0x04,0x00,0x21,0x04,0x00,0x21,0x04,0x00,0x21,0x04,0x00,
  0x21,0x04,0x00,0x21,0x04,0x00,0x21,0x04,0x00,0x21,0x04,0x00,0x20,0xe3,0x00,0x20,
  0xe3,0x00,0x18,0xc3,0x00,0x18,0xc3,0x00,0x18,0xc3,0x00,0x18,0xc3,0x00,0x18,0xc3,
  0x00,0x18,0xc3,0x00,0x18,0xc3,0x00,0x20,0xe3,0x00,0x18,0xc3,0x00,0x18,0xc3,0x00,
  0x18,0xa3,0x00,0x10,0xa2,0x00,0x10,0x82,0x00,0x18,0xa3,0x00,0x18,0xa3,0x00,0x18,
  0xa3,0x00,0x18,0xa3,0x00,0x18,0xa3,0x00,0x10,0x83,0x00,0x10,0x83,0x00,0x10,0x83,
  0x00,0x10,0xa3,0x00,0x20,0xe3,0x00,0x21,0x24,0x00,0x21,0x04,0x00,0x21,0x04,0x00,
  0x21,0x04,0x00,0x21,0x04,0x00,0x18,0xe3,0x00,0x18,0xe3,0x00,0x18,0xe3,0x00,0x18,
  0xc3,0x00,0x18,0xc3,0x00,0x18,0xe3,0x00,0x18,0xe3,0x00,0x18,0xe3,0x00,0x18,0xe3,
  0x00,0x18,0xc3,0x00,0x39,0x23,0x00,0x69,0xe3,0xff,0xbb,0x82,0xff,0xd4,0x01,0xff,
  0xdc,0x01,0xff,0x7a,0x63,0xff,0x21,0x04,0x00,0x18,0xe3,0x00,0x93,0x24,0xff,0x93,
  0x03,0xff,0xa3,0x23,0xff,0xbb,0xa2,0xff,0xbb,0xc2,0xff,0x93,0x04,0xff,0x29,0x24,
  0x00,0x29,0x24,0x00,0x29,0x24,0x00,0xc4,0x23,0xff,0xdc,0x83,0xff,0xe4,0xa2,0xff,
  0xec,0xa1,0xff,0xec,0xa1,0xff,0xec,0xa1,0xff,0xec,0xa1,0xff,0xec,0x81,0xff,0xec,
  0xa1,0xff,0xec,0xa1,0xff,0xf4,0xa2,0xff,0xf4,0xc2,0xff,0xf4,0x82,0xff,0xec,0x81,
  0xff,0x59,0xc4,0xff,0x20,0xe4,0x00,0x18,0xe4,0x00,0x18,0xe3,0x00,0x18,0xc3,0x00,
  0x18,0xe3,0x00,0x59,0xa2,0xff,0x41,0x63,0xff,0x41,0x63,0xff,0x41,0x83,0xff,0x49,
  0xa3,0xff,0x51,0xc3,0xff,0x59,0xe3,0xff,0x49,0xa3,0xff,0x31,0x44,0x00,0x29,0x24,
  0x00,0x31,0x44,0x00,0x59,0xc4,0xff,0x31,0x44,0x00,0x21,0x24,0x00,0x21,0x04,0x00,
  0x21,0x04,0x00,0x18,0xe4,0x00,0x18,0xe3,0x00,0x18,0xe3,0x00,0x18,0xe3,0x00,0x18,
  0xe3,0x00,0x18,0xe3,0x00,0x18,0xe3,0x00,0x18,0xe3,0x00,0x18,0xe3,0x00,0x18,0xe3,
  0x00,0x18,0xe3,0x00,0x18,0xe3,0x00,0x18,0xe3,0x00,0x18,0xe3,0x00,0x18,0xe3,0x00,
  0x19,0x03,0x00,0x21,0x04,0x00,0x21,0x04,0x00,0x21,0x04,0x00,0x18,0xe3,0x00,0x18,
  0xe4,0x00,0x18,0xe3,0x00,0x18,0xe3,0x00,0x18,0xe3,0x00,0x18,0xe3,0x00,0x18,0xe3,
  0x00,0x18,0xe3,0x00,0x18,0xe3,0x00,0x18,0xe3,0x00,0x18,0xe3,0x00,0x18,0xe3,0x00,
  0x18,0xe3,0x00,0x18,0xe4,0x00,0x18,0xe4,0x00,0x18,0xe3,0x00,0x18,0xe3,0x00,0x18,
  0xe3,0x00,0x18,0xe4,0x00,0x29,0x03,0x00,0x31,0x44,0x00,0x20,0xe3,0x00,0x08,0x41,
  0xff,0x08,0x62,0xff,0x08,0x62,0xff,0x08,0x62,0xff,0x08,0x62,0xff,0x08,0x62,0xff,
  0x08,0x62,0xff,0x08,0x62,0xff,0x08,0x42,0xff,0x00,0x42,0xff,0x00,0x22,0xff,0x00,
  0x22,0xff,0x00,0x21,0xff,0x00,0x22,0xff,0x00,0x42,0xff,0x08,0x41,0xff,0x08,0x62,
  0xff,0x10,0xa3,0x00,0x10,0xc3,0x00,0x18,0xe3,0x00,0x21,0x04,0x00,0x18,0xe3,0x00,
  0x21,0x04,0x00,0x21,0x24,0x00,0x21,0x04,0x00,0x21,0x04,0x00,0x10,0x82,0x00,0x9b,
  0x03,0xff,0xdc,0x61,0xff,0xdc,0x62,0xff,0xdc,0x61,0xff,0xe4,0x81,0xff,0xec,0xa1,
  0xff,0xec,0xa1,0xff,0xf4,0xe1,0xff,0xf5,0x01,0xff,0xfd,0x21,0xff,0xfd,0x01,0xff,
  0xfd,0x01,0xff,0xf4,0xe1,0xff,0xf4,0xe1,0xff,0xf5,0x00,0xff,0xf5,0x01,0xff,0xf5,
  0x20,0xff,0xfd,0x40,0xff,0xf5,0x40,0xff,0xf5,0x21,0xff,0xf5,0x21,0xff,0xf5,0x20,
  0xff,0xfd,0x41,0xff,0xfd,0x20,0xff,0xd3,0xe2,0xff,0x31,0x02,0x00,0x39,0x22,0xff,
  0x21,0x03,0x00,0x21,0x04,0x00,0x21,0x04,0x00,0x21,0x04,0x00,0x18,0xe3,0x00,0x18,
  0xc3,0x00,0x18,0xc3,0x00,0x18,0xc3,0x00,0x18,0xc3,0x00,0x18,0xc3,0x00,0x18,0xc3,
  0x00,0x18,0xe3,0x00,0x18,0xc3,0x00,0x18,0xc3,0x00,0x10,0xc3,0x00,0xcc,0x03,0xff,
  0xf4,0xe1,0xff,0xfd,0x20,0xff,0xec,0xa1,0xff,0x21,0x04,0x00,0x20,0xe4,0x00,0x20,
  0xe4,0x00,0x18,0xe3,0x00,0x18,0xe3,0x00,0x20,0xe3,0x00,0x20,0xe3,0x00,0x21,0x04,
  0x00,0x21,0x04,0x00,0x21,0x24,0x00,0x21,0x04,0x00,0x21,0x24,0x00,0x21,0x24,0x00,
  0x21,0x04,0x00,0x18,0xe4,0x00,0x18,0xa3,0x00,0x10,0xa3,0x00,0x10,0x83,0x00,0x10,
  0x83,0x00,0x10,0xa3,0x00,0x31,0x64,0xff,0x41,0xa4,0xff,0x51,0xc4,0xff,0x21,0x04,
  0x00,0x21,0x04,0x00,0x21,0x04,0x00,0x20,0xe4,0x00,0x18,0xe4,0x00,0x18,0xe3,0x00,
  0x18,0xc3,0x00,0x18,0xc3,0x00,0x18,0xc3,0x00,0x18,0xc3,0x00,0x18,0xc3,0x00,0x18,
  0xe3,0x00,0x18,0xe3,0x00,0x21,0x04,0x00,0x21,0x04,0x00,0x21,0x24,0x00,0x21,0x04,
  0x00,0x21,0x24,0x00,0x21,0x24,0x00,0x21,0x04,0x00,0x21,0x04,0x00,0x21,0x04,0x00,
  0x21,0x04,0x00,0x21,0x04,0x00,0x20,0xe4,0x00,0x18,0xe3,0x00,0x18,0xe3,0x00,0x18,
  0xe3,0x00,0x18,0xe3,0x00,0x18,0xe3,0x00,0x18,0xe3,0x00,0x18,0xe3,0x00,0x18,0xe3,
  0x00,0x18,0xe3,0x00,0x21,0x04,0x00,0x21,0x04,0x00,0x21,0x04,0x00,0x21,0x04,0x00,
  0x21,0x04,0x00,0x21,0x04,0x00,0x19,0x04,0x00,0x21,0x04,0x00,0x21,0x04,0x00,0x20,
  0xe4,0x00,0x18,0xe4,0x00,0x18,0xe3,0x00,0x18,0xe3,0x00,0x18,0xe3,0x00,0x18,0xe3,
  0x00,0x18,0xe3,0x00,0x18,0xe3,0x00,0x18,0xe3,0x00,0x18,0xe4,0x00,0x18,0xe3,0x00,
  0x18,0xe3,0x00,0x18,0xe3,0x00,0x18,0xe3,0x00,0x18,0xe3,0x00,0x18,0xe3,0x00,0x18,
  0xe4,0x00,0x20,0xe3,0x00,0x21,0x04,0x00,0x21,0x04,0x00,0x20,0xe3,0x00,0x59,0xa2,
  0xff,0xf5,0x42,0xff,0xf5,0x42,0xff,0xfd,0x42,0xff,0xfd,0x42,0xff,0xf5,0x42,0xff,
  0xf5,0x43,0xff,0xf5,0x43,0xff,0xf5,0x22,0xff,0xf5,0x02,0xff,0xf4,0xe1,0xff,0xf4,
  0xe1,0xff,0xf4,0xe0,0xff,0xf4,0xe0,0xff,0xf4,0xe1,0xff,0xf5,0x01,0xff,0xf5,0x22,
  0xff,0xfd,0x62,0xff,0xcb,0xa3,0xff,0xcb,0x83,0xff,0x9a,0xc4,0xff,0x39,0xa6,0xff,
  0x39,0xa6,0xff,0x31,0x85,0xff,0x21,0x04,0x00,0x21,0x04,0x00,0x18,0xe4,0x00,0xf5,
  0x63,0xff,0xf5,0x20,0xff,0xec,0xc1,0xff,0xf4,0xa1,0xff,0xec,0xa0,0xff,0xec,0xa0,
  0xff,0xf4,0xa0,0xff,0xf4,0xa1,0xff,0xf4,0xc1,0xff,0xf4,0xc1,0xff,0xf4,0xe1,0xff,
  0xf4,0xe2,0xff,0xf4,0xe2,0xff,0xf4,0xc1,0xff,0xf4,0xa0,0xff,0xf4,0xa0,0xff,0xf4,
  0xc0,0xff,0xf4,0xe1,0xff,0xf4,0xe1,0xff,0xf4,0xe0,0xff,0xf4,0xc0,0xff,0xf4,0xa0,
  0xff,0xf4,0xa0,0xff,0xf4,0xa0,0xff,0xf4,0xa0,0xff,0xec,0x81,0xff,0xec,0x82,0xff,
  0xfc,0xa0,0xff,0x28,0xe2,0x00,0x21,0x04,0x00,0x21,0x04,0x00,0x21,0x04,0x00,0x29,
  0x24,0x00,0x62,0x04,0xff,0x61,0xe4,0xff,0x59,0xc4,0xff,0x39,0x64,0xff,0x10,0xc3,
  0x00,0x18,0xc3,0x00,0x18,0xe3,0x00,0x18,0xe3,0x00,0x18,0xe3,0x00,0x18,0xe3,0x00,
  0x10,0xa3,0x00,0x08,0xa3,0x00,0x10,0xa3,0x00,0x10,0xc4,0x00,0x21,0x03,0x00,0x18,
  0xe3,0x00,0x18,0xe3,0x00,0x18,0xc3,0x00,0x18,0xc3,0x00,0x18,0xe3,0x00,0x18,0xe3,
  0x00,0x20,0xe3,0x00,0x21,0x04,0x00,0x21,0x04,0x00,0x21,0x04,0x00,0x21,0x04,0x00,
  0x21,0x04,0x00,0x21,0x04,0x00,0x18,0xe3,0x00,0x18,0xe3,0x00,0x18,0xc3,0x00,0x18,
  0xc3,0x00,0x18,0xc3,0x00,0x18,0xe3,0x00,0x18,0xc3,0x00,0x18,0xc3,0x00,0x18,0xe3,
  0x00,0x20,0xe4,0x00,0x21,0x04,0x00,0x19,0x04,0x00,0x19,0x04,0x00,0x18,0xe3,0x00,
  0x18,0xe3,0x00,0x18,0xe3,0x00,0x18,0xc3,0x00,0x18,0xc3,0x00,0x18,0xc3,0x00,0x18,
  0xe3,0x00,0x18,0xe3,0x00,0x18,0xe3,0x00,0x18,0xe3,0x00,0x21,0x04,0x00,0x21,0x04,
  0x00,0x21,0x04,0x00,0x21,0x04,0x00,0x21,0x04,0x00,0x19,0x04,0x00,0x21,0x04,0x00,
  0x21,0x04,0x00,0x21,0x04,0x00,0x21,0x04,0x00,0x18,0xe4,0x00,0x18,0xe3,0x00,0x18,
  0xc3,0x00,0x18,0xc3,0x00,0x18,0xc3,0x00,0x18,0xc3,0x00,0x18,0xc3,0x00,0x18,0xe3,
  0x00,0x18,0xe3,0x00,0x18,0xe3,0x00,0x21,0x04,0x00,0x21,0x04,0x00,0x21,0x04,0x00,
  0x21,0x04,0x00,0x20,0xe4,0x00,0x18,0xe3,0x00,0x18,0xe3,0x00,0x18,0xe3,0x00,0x18,
  0xe4,0x00,0x21,0x04,0x00,0x18,0xe3,0x00,0x18,0xe3,0x00,0x18,0xe3,0x00,0x18,0xe3,
  0x00,0x18,0xe3,0x00,0x18,0xe3,0x00,0x18,0xe3,0x00,0x18,0xe3,0x00,0x18,0xe3,0x00,
  0x18,0xe4,0x00,0x18,0xe4,0x00,0x18,0xe4,0x00,0x18,0xe3,0x00,0x18,0xe3,0x00,0x18,
  0xe3,0x00,0x18,0xe4,0x00,0x18,0xe3,0x00,0x20,0xe4,0x00,0x21,0x04,0x00,0x18,0xe4,
  0x00,0x41,0x83,0xff,0xcc,0x02,0xff,0xd4,0x41,0xff,0xd4,0x41,0xff,0xd4,0x41,0xff,
  0xdc,0x61,0xff,0xe4,0x81,0xff,0xe4,0x81,0xff,0xdc,0x41,0xff,0xd4,0x21,0xff,0xcc,
  0x01,0xff,0xcc,0x01,0xff,0xcc,0x01,0xff,0xcb,0xe1,0xff,0xcc,0x01,0xff,0xcc,0x21,
  0xff,0xcc,0x22,0xff,0xcc,0x42,0xff,0x9b,0x24,0xff,0x7a,0xa4,0xff,0x6a,0x44,0xff,
  0x29,0x45,0x00,0x29,0x45,0x00,0x21,0x24,0x00,0x21,0x04,0x00,0x20,0xe3,0x00,0x18,
  0xe4,0x00,0x72,0x63,0xff,0xdc,0x83,0xff,0xdc,0x82,0xff,0xe4,0x82,0xff,0xe4,0x62,
  0xff,0xe4,0x62,0xff,0xdc,0x42,0xff,0xe4,0x81,0xff,0xfc,0xc1,0xff,0xfc,0xc1,0xff,
  0xf4,0xe1,0xff,0xf4,0xe1,0xff,0xf4,0xe1,0xff,0xf4,0xc1,0xff,0xf4,0xa1,0xff,0xec,
  0xa1,0xff,0xe4,0xa2,0xff,0xdc,0x42,0xff,0xdc,0x61,0xff,0xdc,0x61,0xff,0xdc,0x61,
  0xff,0xdc,0x81,0xff,0xdc,0x61,0xff,0xdc,0x61,0xff,0xdc,0x41,0xff,0xdc,0x01,0xff,
  0xdc,0x01,0xff,0xd4,0x01,0xff,0x21,0x03,0x00,0x21,0x04,0x00,0x21,0x04,0x00,0x21,
  0x24,0x00,0x29,0x24,0x00,0x51,0xc4,0xff,0x59,0xc4,0xff,0x51,0x84,0xff,0x41,0x64,
  0xff,0x18,0xc3,0x00,0x18,0xe3,0x00,0x18,0xe3,0x00,0x18,0xe3,0x00,0x18,0xe3,0x00,
  0x18,0xe3,0x00,0x18,0xe3,0x00,0x18,0xe3,0x00,0x18,0xe3,0x00,0x18,0xe3,0x00,0x18,
  0xe3,0x00,0x18,0xe3,0x00,0x18,0xe3,0x00,0x18,0xe3,0x00,0x18,0xc3,0x00,0x18,0xe3,
  0x00,0x18,0xe3,0x00,0x18,0xe3,0x00,0x20,0xe3,0x00,0x21,0x04,0x00,0x19,0x04,0x00,
  0x21,0x04,0x00,0x21,0x03,0x00,0x18,0xe3,0x00,0x18,0xe3,0x00,0x18,0xe3,0x00,0x18,
  0xe3,0x00,0x18,0xc3,0x00,0x18,0xc3,0x00,0x18,0xe3,0x00,0x18,0xc3,0x00,0x18,0xc3,
  0x00,0x18,0xe3,0x00,0x18,0xe3,0x00,0x18,0xe3,0x00,0x18,0xe3,0x00,0x18,0xe3,0x00,
  0x18,0xe3,0x00,0x18,0xe3,0x00,0x18,0xe3,0x00,0x18,0xc3,0x00,0x18,0xc3,0x00,0x18,
  0xc3,0x00,0x18,0xe3,0x00,0x18,0xe3,0x00,0x18,0xe3,0x00,0x18,0xe4,0x00,0x19,0x04,
  0x00,0x19,0x04,0x00,0x21,0x04,0x00,0x21,0x04,0x00,0x21,0x04,0x00,0x20,0xe4,0x00,
  0x21,0x04,0x00,0x21,0x04,0x00,0x21,0x04,0x00,0x18,0xe4,0x00,0x18,0xe3,0x00,0x18,
  0xc3,0x00,0x18,0xc2,0x00,0x18,0xc3,0x00,0x18,0xc3,0x00,0x18,0xc3,0x00,0x18,0xc3,
  0x00,0x18,0xe3,0x00,0x20,0xe3,0x00,0x21,0x04,0x00,0x21,0x24,0x00,0x21,0x24,0x00,
  0x21,0x24,0x00,0x21,0x04,0x00,0x21,0x04,0x00,0x18,0xe3,0x00,0x18,0xe3,0x00,0x18,
  0xe3,0x00,0x18,0xe3,0x00,0x18,0xe3,0x00,0x19,0x04,0x00,0x20,0xe4,0x00,0x18,0xe3,
  0x00,0x18,0xe3,0x00,0x18,0xe3,0x00,0x18,0xe3,0x00,0x18,0xe3,0x00,0x18,0xe3,0x00,
  0x18,0xe3,0x00,0x18,0xe4,0x00,0x18,0xe4,0x00,0x18,0xe4,0x00,0x18,0xe3,0x00,0x18,
  0xe4,0x00,0x18,0xe4,0x00,0x18,0xe3,0x00,0x18,0xe3,0x00,0x20,0xe4,0x00,0x21,0x04,
  0x00,0x21,0x04,0x00,0x18,0xe4,0x00,0x18,0xa2,0x00,0x18,0xc3,0x00,0x18,0xc3,0x00,
  0x18,0xe4,0x00,0x19,0x04,0x00,0x19,0x04,0x00,0x18,0xe3,0x00,0x18,0xc3,0x00,0x10,
  0xa3,0x00,0x10,0xa3,0x00,0x08,0x83,0x00,0x08,0x83,0x00,0x08,0x83,0x00,0x08,0x83,
  0x00,0x08,0xa3,0x00,0x10,0xc3,0x00,0x10,0xc3,0x00,0x18,0xe4,0x00,0x18,0xe4,0x00,
  0x18,0xe3,0x00,0x21,0x04,0x00,0x21,0x04,0x00,0x21,0x04,0x00,0x21,0x04,0x00,0x18,
  0xe3,0x00,0x18,0xe4,0x00,0x10,0xa3,0x00,0x18,0xe3,0x00,0x18,0xe3,0x00,0x18,0xe3,
  0x00,0x21,0x03,0x00,0x20,0xe3,0x00,0x18,0xe4,0x00,0x21,0x03,0x00,0x61,0xe4,0xff,
  0xe4,0x83,0xff,0xf4,0xc1,0xff,0xf4,0xe1,0xff,0xf4,0xc1,0xff,0xf4,0xc1,0xff,0xf4,
  0xa1,0xff,0xa3,0x03,0xff,0x31,0x23,0x00,0x20,0xc3,0x00,0x20,0xc3,0x00,0x20,0xc3,
  0x00,0x18,0xa3,0x00,0x18,0xc3,0x00,0x18,0xa3,0x00,0x18,0xc3,0x00,0x18,0xa3,0x00,
  0x20,0xe2,0x00,0x29,0x03,0x00,0x31,0x22,0x00,0x18,0xe4,0x00,0x21,0x04,0x00,0x21,
  0x04,0x00,0x21,0x24,0x00,0x29,0x24,0x00,0x31,0x44,0x00,0x39,0x64,0xff,0x39,0x44,
  0xff,0x31,0x24,0x00,0x18,0xe3,0x00,0x18,0xe3,0x00,0x18,0xe3,0x00,0x18,0xe3,0x00,
  0x18,0xe3,0x00,0x18,0xe3,0x00,0x18,0xe3,0x00,0x18,0xe3,0x00,0x18,0xe3,0x00,0x18,
  0xe3,0x00,0x18,0xe3,0x00,0x18,0xe3,0x00,0x18,0xe3,0x00,0x18,0xe3,0x00,0x18,0xe3,
  0x00,0x18,0xe3,0x00,0x18,0xe3,0x00,0x18,0xe3,0x00,0x18,0xe3,0x00,0x20,0xe3,0x00,
  0x18,0xe3,0x00,0x18,0xe3,0x00,0x18,0xe3,0x00,0x18,0xe3,0x00,0x18,0xe3,0x00,0x18,
  0xe3,0x00,0x18,0xe3,0x00,0x18,0xe3,0x00,0x18,0xc3,0x00,0x18,0xe3,0x00,0x18,0xe3,
  0x00,0x18,0xe3,0x00,0x18,0xe3,0x00,0x18,0xe3,0x00,0x18,0xe3,0x00,0x18,0xe3,0x00,
  0x18,0xe3,0x00,0x18,0xe3,0x00,0x18,0xe3,0x00,0x18,0xe3,0x00,0x18,0xe3,0x00,0x18,
  0xe3,0x00,0x18,0xe3,0x00,0x18,0xe3,0x00,0x18,0xe3,0x00,0x18,0xe3,0x00,0x18,0xe4,
  0x00,0x18,0xe4,0x00,0x19,0x04,0x00,0x20,0xe4,0x00,0x18,0xe4,0x00,0x18,0xe4,0x00,
  0x18,0xe4,0x00,0x21,0x04,0x00,0x21,0x04,0x00,0x21,0x04,0x00,0x18,0xe4,0x00,0x10,
  0xc3,0x00,0x10,0x83,0x00,0x18,0x81,0x00,0x08,0x41,0xff,0x00,0x42,0xff,0x08,0x62,
  0xff,0x08,0x62,0xff,0x08,0x82,0xff,0x10,0x82,0x00,0x10,0xa2,0x00,0x10,0xa3,0x00,
  0x18,0xc3,0x00,0x10,0xa2,0x00,0x10,0x82,0x00,0x10,0x82,0x00,0x08,0x62,0xff,0x18,
  0xa2,0x00,0x18,0xc4,0x00,0x18,0xc3,0x00,0x21,0x04,0x00,0x18,0xe4,0x00,0x18,0xe4,
  0x00,0x18,0xe3,0x00,0x18,0xe3,0x00,0x18,0xe3,0x00,0x18,0xe3,0x00,0x18,0xe3,0x00,
  0x18,0xe3,0x00,0x18,0xe3,0x00,0x18,0xe3,0x00,0x18,0xe3,0x00,0x18,0xe3,0x00,0x18,
  0xe3,0x00,0x18,0xe4,0x00,0x18,0xe4,0x00,0x18,0xe4,0x00,0x20,0xe3,0x00,0x20,0xe4,
  0x00,0x20,0xe4,0x00,0x18,0xe3,0x00,0x18,0xe3,0x00,0x18,0xe3,0x00,0x18,0xe3,0x00,
  0x18,0xe3,0x00,0x18,0xe3,0x00,0x18,0xe3,0x00,0x18,0xe3,0x00,0x18,0xe3,0x00,0x18,
  0xe3,0x00,0x18,0xe3,0x00,0x18,0xc3,0x00,0x18,0xc3,0x00,0x18,0xc3,0x00,0x18,0xc3,
  0x00,0x18,0xe3,0x00,0x18,0xe3,0x00,0x18,0xe3,0x00,0x19,0x04,0x00,0x21,0x04,0x00,
  0x21,0x04,0x00,0x21,0x04,0x00,0x21,0x04,0x00,0x18,0xe4,0x00,0x18,0xe4,0x00,0x18,
  0xe3,0x00,0x18,0xe3,0x00,0x18,0xe3,0x00,0x20,0xe3,0x00,0x21,0x04,0x00,0x21,0x04,
  0x00,0x21,0x03,0x00,0x21,0x03,0x00,0x20,0xe3,0x00,0x10,0xa3,0x00,0x61,0xc2,0xff,
  0xf4,0x81,0xff,0xec,0xa2,0xff,0xf4,0xa1,0xff,0xf4,0xc1,0xff,0xf4,0xc1,0xff,0xf4,
  0xc1,0xff,0xf4,0xa1,0xff,0xec,0xa2,0xff,0xe4,0x81,0xff,0xdc,0x81,0xff,0xd4,0x82,
  0xff,0xd4,0x62,0xff,0xcc,0x22,0xff,0x82,0xa2,0xff,0x18,0xc3,0x00,0x18,0xc2,0x00,
  0x18,0xc2,0x00,0x18,0xc2,0x00,0x21,0x03,0x00,0x18,0xe3,0x00,0x18,0xe3,0x00,0x21,
  0x04,0x00,0x21,0x04,0x00,0x21,0x04,0x00,0x21,0x04,0x00,0x21,0x04,0x00,0x21,0x04,
  0x00,0x21,0x04,0x00,0x21,0x04,0x00,0x21,0x04,0x00,0x21,0x04,0x00,0x19,0x04,0x00,
  0x21,0x04,0x00,0x18,0xe3,0x00,0x18,0xe3,0x00,0x18,0xe3,0x00,0x18,0xe3,0x00,0x18,
  0xe3,0x00,0x18,0xe3,0x00,0x18,0xc3,0x00,0x18,0xc3,0x00,0x18,0xc3,0x00,0x18,0xe3,
  0x00,0x18,0xe3,0x00,0x18,0xe3,0x00,0x18,0xe3,0x00,0x18,0xe3,0x00,0x18,0xe3,0x00,
  0x18,0xe3,0x00,0x18,0xe3,0x00,0x18,0xe3,0x00,0x18,0xe3,0x00,0x18,0xe3,0x00,0x18,
  0xe3,0x00,0x18,0xe3,0x00,0x18,0xe3,0x00,0x18,0xe3,0x00,0x18,0xe3,0x00,0x18,0xe3,
  0x00,0x18,0xe3,0x00,0x18,0xe3,0x00,0x18,0xe3,0x00,0x18,0xe3,0x00,0x18,0xe3,0x00,
  0x18,0xe3,0x00,0x18,0xe3,0x00,0x18,0xe3,0x00,0x18,0xe3,0x00,0x18,0xe3,0x00,0x18,
  0xe3,0x00,0x18,0xe3,0x00,0x18,0xe3,0x00,0x18,0xe3,0x00,0x18,0xe4,0x00,0x18,0xe4,
  0x00,0x18,0xe4,0x00,0x18,0xe4,0x00,0x18,0xe4,0x00,0x18,0xe4,0x00,0x21,0x04,0x00,
  0x19,0x04,0x00,0x18,0xe4,0x00,0x18,0xe4,0x00,0x18,0xe4,0x00,0x18,0xe3,0x00,0x20,
  0xe3,0x00,0x8a,0x82,0xff,0x61,0xa2,0xff,0xed,0x02,0xff,0xec,0xc2,0xff,0xec,0xc2,
  0xff,0xec,0xc2,0xff,0xec,0xe2,0xff,0xf4,0xe2,0xff,0xf4,0xe1,0xff,0xfd,0x01,0xff,
  0xfd,0x01,0xff,0xfd,0x01,0xff,0xfd,0x01,0xff,0xf4,0xe1,0xff,0xf4,0xe1,0xff,0xf4,
  0xe0,0xff,0xd3,0xe1,0xff,0x18,0xc3,0x00,0x29,0x24,0x00,0x20,0xe4,0x00,0x18,0xe4,
  0x00,0x18,0xe3,0x00,0x18,0xe3,0x00,0x18,0xe4,0x00,0x18,0xe4,0x00,0x18,0xe3,0x00,
  0x18,0xe3,0x00,0x18,0xe3,0x00,0x18,0xe3,0x00,0x18,0xe3,0x00,0x18,0xe3,0x00,0x18,
  0xe3,0x00,0x18,0xe4,0x00,0x18,0xe4,0x00,0x18,0xe3,0x00,0x18,0xe3,0x00,0x18,0xe4,
  0x00,0x18,0xe4,0x00,0x18,0xe3,0x00,0x18,0xe3,0x00,0x18,0xe3,0x00,0x18,0xe3,0x00,
  0x18,0xe3,0x00,0x18,0xe3,0x00,0x18,0xe3,0x00,0x18,0xe3,0x00,0x18,0xe3,0x00,0x18,
  0xe3,0x00,0x18,0xe3,0x00,0x18,0xe3,0x00,0x18,0xe3,0x00,0x18,0xe3,0x00,0x18,0xe3,
  0x00,0x18,0xe3,0x00,0x18,0xe3,0x00,0x18,0xe3,0x00,0x18,0xe3,0x00,0x18,0xe3,0x00,
  0x18,0xe4,0x00,0x18,0xe4,0x00,0x18,0xe4,0x00,0x18,0xe4,0x00,0x18,0xe3,0x00,0x18,
  0xe3,0x00,0x18,0xe3,0x00,0x18,0xe3,0x00,0x18,0xe4,0x00,0x20,0xe4,0x00,0x21,0x04,
  0x00,0x21,0x04,0x00,0x21,0x04,0x00,0x29,0x24,0x00,0x20,0xe3,0x00,0x18,0xe3,0x00,
  0x62,0x03,0xff,0x82,0x82,0xff,0x92,0xa2,0xff,0xab,0x22,0xff,0xb3,0x62,0xff,0xb3,
  0x82,0xff,0xb3,0x82,0xff,0xbb,0x62,0xff,0xbb,0x82,0xff,0xbb,0xa2,0xff,0xbb,0xa2,
  0xff,0xbb,0xc2,0xff,0xb3,0xa1,0xff,0xbb,0x61,0xff,0x92,0xc2,0xff,0x18,0xc3,0x00,
  0x18,0xc3,0x00,0x18,0xc3,0x00,0x18,0xe3,0x00,0x21,0x03,0x00,0x18,0xc3,0x00,0x18,
  0xe3,0x00,0x18,0xe3,0x00,0x18,0xe3,0x00,0x21,0x03,0x00,0x21,0x04,0x00,0x21,0x04,
  0x00,0x21,0x04,0x00,0x21,0x04,0x00,0x21,0x04,0x00,0x21,0x04,0x00,0x21,0x04,0x00,
  0x21,0x04,0x00,0x21,0x04,0x00,0x20,0xe3,0x00,0x18,0xe3,0x00,0x18,0xe3,0x00,0x18,
  0xe3,0x00,0x18,0xc3,0x00,0x18,0xc3,0x00,0x18,0xc3,0x00,0x18,0xc3,0x00,0x18,0xc3,
  0x00,0x18,0xc3,0x00,0x18,0xc3,0x00,0x18,0xc3,0x00,0x18,0xe3,0x00,0x18,0xc3,0x00,
  0x18,0xc3,0x00,0x18,0xe3,0x00,0x18,0xe3,0x00,0x18,0xe3,0x00,0x18,0xe3,0x00,0x18,
  0xe3,0x00,0x20,0xe3,0x00,0x20,0xe3,0x00,0x21,0x03,0x00,0x21,0x04,0x00,0x20,0xe3,
  0x00,0x18,0xe3,0x00,0x18,0xc3,0x00,0x18,0xe3,0x00,0x18,0xe3,0x00,0x18,0xe3,0x00,
  0x18,0xe3,0x00,0x18,0xe3,0x00,0x18,0xe3,0x00,0x18,0xe3,0x00,0x18,0xe3,0x00,0x18,
  0xe3,0x00,0x18,0xe3,0x00,0x18,0xe3,0x00,0x18,0xe3,0x00,0x18,0xe4,0x00,0x18,0xe3,
  0x00,0x18,0xe3,0x00,0x18,0xe3,0x00,0x18,0xe3,0x00,0x18,0xe3,0x00,0x18,0xe4,0x00,
  0x18,0xe4,0x00,0x18,0xe4,0x00,0x18,0xe4,0x00,0x18,0xe3,0x00,0x18,0xe3,0x00,0x18,
  0xe3,0x00,0x21,0x03,0x00,0x31,0x23,0x00,0x29,0x02,0x00,0x6a,0x43,0xff,0x6a,0x22,
  0xff,0x7a,0x62,0xff,0x7a,0x62,0xff,0x7a,0x83,0xff,0x82,0x83,0xff,0x82,0xa2,0xff,
  0x82,0xa2,0xff,0x7a,0x83,0xff,0x72,0x63,0xff,0x72,0x63,0xff,0x72,0x62,0xff,0x7a,
  0x82,0xff,0x7a,0xa2,0xff,0x72,0x63,0xff,0x21,0x03,0x00,0x20,0xe3,0x00,0x20,0xe4,
  0x00,0x20,0xe3,0x00,0x20,0xe3,0x00,0x18,0xe3,0x00,0x18,0xe3,0x00,0x18,0xe4,0x00,
  0x18,0xe3,0x00,0x18,0xe3,0x00,0x18,0xe3,0x00,0x18,0xe3,0x00,0x18,0xe3,0x00,0x18,
  0xe3,0x00,0x18,0xe3,0x00,0x18,0xe4,0x00,0x18,0xe4,0x00,0x18,0xe3,0x00,0x18,0xe3,
  0x00,0x18,0xe3,0x00,0x18,0xe4,0x00,0x18,0xe3,0x00,0x18,0xe3,0x00,0x18,0xe3,0x00,
  0x18,0xe3,0x00,0x18,0xe3,0x00,0x18,0xe3,0x00,0x18,0xe3,0x00,0x18,0xe3,0x00,0x18,
  0xe3,0x00,0x18,0xe3,0x00,0x18,0xe3,0x00,0x18,0xe3,0x00,0x18,0xe3,0x00,0x18,0xe3,
  0x00,0x18,0xe3,0x00,0x18,0xe3,0x00,0x18,0xe3,0x00,0x18,0xe3,0x00,0x18,0xe3,0x00,
  0x18,0xe3,0x00,0x18,0xe3,0x00,0x18,0xe3,0x00,0x18,0xe3,0x00,0x18,0xe3,0x00,0x18,
  0xe3,0x00,0x18,0xe3,0x00,0x18,0xe4,0x00,0x18,0xe4,0x00,0x20,0xe3,0x00,0x21,0x04,
  0x00,0x21,0x04,0x00,0x21,0x04,0x00,0x21,0x04,0x00,0x20,0xe3,0x00,0x18,0xe3,0x00,
  0x18,0xe3,0x00,0x18,0xe3,0x00,0x18,0xe3,0x00,0x18,0xe3,0x00,0x21,0x04,0x00,0x21,
  0x04,0x00,0x21,0x04,0x00,0x21,0x24,0x00,0x21,0x24,0x00,0x21,0x24,0x00,0x21,0x04,
  0x00,0x21,0x04,0x00,0x18,0xe4,0x00,0x18,0xe3,0x00,0x18,0xe3,0x00,0x18,0xc3,0x00,
  0x18,0xc3,0x00,0x18,0xc3,0x00,0x18,0xc3,0x00,0x18,0xe3,0x00,0x18,0xe3,0x00,0x18,
  0xe3,0x00,0x18,0xe3,0x00,0x18,0xe3,0x00,0x18,0xe3,0x00,0x18,0xe3,0x00,0x21,0x04,
  0x00,0x21,0x24,0x00,0x21,0x04,0x00,0x41,0x63,0xff,0x51,0x83,0xff,0x39,0x63,0xff,
  0x31,0x42,0x00,0x31,0x22,0x00,0x31,0x42,0xff,0x20,0xe2,0x00,0x18,0xc2,0x00,0x18,
  0xa2,0x00,0x10,0xa2,0x00,0x18,0xa2,0x00,0x18,0xc2,0x00,0x18,0xc2,0x00,0x18,0xc2,
  0x00,0x18,0xc2,0x00,0x10,0xa2,0x00,0x10,0xa2,0x00,0x10,0xa2,0x00,0x10,0xa2,0x00,
  0x10,0xa2,0x00,0x10,0x81,0x00,0x10,0x81,0xff,0x10,0x82,0xff,0x10,0x81,0x00,0x08,
  0x61,0xff,0x18,0xa2,0x00,0x29,0x23,0x00,0x18,0xe2,0x00,0x31,0x43,0x00,0x29,0x43,
  0x00,0x10,0xa3,0x00,0x08,0x63,0xff,0x00,0x42,0xff,0x08,0x62,0xff,0x18,0xc3,0x00,
  0x18,0xc3,0x00,0x18,0xc3,0x00,0x18,0xe3,0x00,0x18,0xe3,0x00,0x18,0xe3,0x00,0x18,
  0xe3,0x00,0x18,0xe3,0x00,0x18,0xe3,0x00,0x18,0xe3,0x00,0x18,0xe4,0x00,0x18,0xe4,
  0x00,0x18,0xe3,0x00,0x18,0xe4,0x00,0x18,0xe3,0x00,0x18,0xe3,0x00,0x18,0xe3,0x00,
  0x18,0xe3,0x00,0x18,0xe3,0x00,0x18,0xe3,0x00,0x18,0xe3,0x00,0x18,0xe3,0x00,0x18,
  0xe3,0x00,0x18,0xe3,0x00,0x18,0xc3,0x00,0x18,0xc3,0x00,0x18,0xc3,0x00,0x18,0xe3,
  0x00,0x21,0x03,0x00,0x21,0x03,0x00,0x21,0x04,0x00,0x21,0x04,0x00,0x21,0x24,0x00,
  0x21,0x24,0x00,0x21,0x04,0x00,0x21,0x04,0x00,0x20,0xe4,0x00,0x20,0xe3,0x00,0x21,
  0x04,0x00,0x21,0x04,0x00,0x21,0x04,0x00,0x21,0x04,0x00,0x21,0x04,0x00,0x21,0x04,
  0x00,0x18,0xe4,0x00,0x18,0xe4,0x00,0x18,0xe3,0x00,0x18,0xe3,0x00,0x18,0xe3,0x00,
  0x18,0xe3,0x00,0x18,0xe3,0x00,0x18,0xe3,0x00,0x18,0xe3,0x00,0x18,0xe3,0x00,0x18,
  0xe4,0x00,0x18,0xe4,0x00,0x18,0xe4,0x00,0x18,0xe4,0x00,0x18,0xe4,0x00,0x18,0xe4,
  0x00,0x18,0xe4,0x00,0x18,0xe3,0x00,0x18,0xe4,0x00,0x18,0xe4,0x00,0x18,0xe3,0x00,
  0x18,0xe3,0x00,0x18,0xe3,0x00,0x18,0xe3,0x00,0x18,0xe3,0x00,0x18,0xe3,0x00,0x18,
  0xe3,0x00,0x18,0xe3,0x00,0x18,0xe3,0x00,0x18,0xe3,0x00,0x18,0xe3,0x00,0x18,0xe3,
  0x00,0x18,0xe3,0x00,0x18,0xe3,0x00,0x18,0xe3,0x00,0x18,0xe3,0x00,0x18,0xe3,0x00,
  0x18,0xe3,0x00,0x18,0xe3,0x00,0x18,0xe3,0x00,0x18,0xe3,0x00,0x18,0xe3,0x00,0x18,
  0xe3,0x00,0x18,0xe3,0x00,0x18,0xe4,0x00,0x18,0xe4,0x00,0x18,0xe4,0x00,0x18,0xe3,
  0x00,0x20,0xe4,0x00,0x18,0xe4,0x00,0x20,0xe4,0x00,0x20,0xe4,0x00,0x18,0xe3,0x00,
  0x18,0xe3,0x00,0x18,0xe3,0x00,0x18,0xe3,0x00,0x18,0xe3,0x00,0x18,0xe3,0x00,0x20,
  0xe3,0x00,0x31,0x23,0x00,0x19,0x04,0x00,0x21,0x04,0x00,0x21,0x04,0x00,0x21,0x04,
  0x00,0x21,0x04,0x00,0x18,0xe3,0x00,0x18,0xe3,0x00,0x18,0xe3,0x00,0x18,0xc3,0x00,
  0x18,0xe3,0x00,0x18,0xe3,0x00,0x18,0xe3,0x00,0x18,0xe3,0x00,0x18,0xe3,0x00,0x18,
  0xe3,0x00,0x18,0xe3,0x00,0x18,0xe3,0x00,0x18,0xe3,0x00,0x18,0xe3,0x00,0x20,0xe3,
  0x00,0x21,0x04,0x00,0x29,0x44,0x00,0x29,0x24,0x00,0xab,0x23,0xff,0xfc,0xc2,0xff,
  0xfc,0xa2,0xff,0xfc,0xc1,0xff,0xfc,0xe1,0xff,0xfc,0xc1,0xff,0xfc,0xe2,0xff,0xfc,
  0xc2,0xff,0xf4,0xa2,0xff,0xf4,0x81,0xff,0xec,0x62,0xff,0xec,0x62,0xff,0xec,0x62,
  0xff,0xec,0x81,0xff,0xf4,0xa2,0xff,0xfc,0xc1,0xff,0xfc,0xc1,0xff,0xfc,0xc1,0xff,
  0xfc,0xc1,0xff,0xf4,0xa1,0xff,0xf4,0x81,0xff,0xf4,0x81,0xff,0xf4,0xa1,0xff,0xf4,
  0xa1,0xff,0xf4,0xa1,0xff,0xf4,0xa1,0xff,0xf4,0xa1,0xff,0xfc,0xc1,0xff,0xfc,0xc1,
  0xff,0xf4,0xa1,0xff,0xf4,0x81,0xff,0xfc,0xc1,0xff,0xf4,0x82,0xff,0xec,0x63,0xff,
  0x10,0xa3,0x00,0x18,0xc3,0x00,0x18,0xc3,0x00,0x18,0xc3,0x00,0x18,0xe3,0x00,0x18,
  0xe3,0x00,0x18,0xe3,0x00,0x18,0xe4,0x00,0x18,0xe4,0x00,0x20,0xe4,0x00,0x21,0x04,
  0x00,0x21,0x04,0x00,0x21,0x04,0x00,0x18,0xe4,0x00,0x18,0xe3,0x00,0x18,0xe3,0x00,
  0x18,0xe3,0x00,0x18,0xe3,0x00,0x18,0xe3,0x00,0x18,0xe3,0x00,0x18,0xe3,0x00,0x18,
  0xe3,0x00,0x18,0xe3,0x00,0x18,0xe3,0x00,0x18,0xe3,0x00,0x18,0xe3,0x00,0x18,0xe3,
  0x00,0x18,0xe3,0x00,0x18,0xe3,0x00,0x18,0xe3,0x00,0x18,0xe3,0x00,0x18,0xe3,0x00,
  0x18,0xe3,0x00,0x18,0xe3,0x00,0x18,0xe3,0x00,0x18,0xe3,0x00,0x18,0xe3,0x00,0x18,
  0xe3,0x00,0x18,0xe3,0x00,0x18,0xe3,0x00,0x18,0xe3,0x00,0x18,0xe4,0x00,0x19,0x04,
  0x00,0x18,0xe4,0x00,0x18,0xe3,0x00,0x18,0xe3,0x00,0x18,0xe4,0x00,0x18,0xe3,0x00,
  0x18,0xe3,0x00,0x18,0xe3,0x00,0x18,0xe3,0x00,0x18,0xe3,0x00,0x18,0xe3,0x00,0x18,
  0xe3,0x00,0x18,0xe3,0x00,0x18,0xe3,0x00,0x18,0xe4,0x00,0x18,0xe4,0x00,0x18,0xe3,
  0x00,0x18,0xe4,0x00,0x18,0xe4,0x00,0x18,0xe3,0x00,0x18,0xe3,0x00,0x18,0xe3,0x00,
  0x18,0xe3,0x00,0x18,0xe4,0x00,0x18,0xe4,0x00,0x18,0xe3,0x00,0x18,0xe3,0x00,0x18,
  0xe3,0x00,0x18,0xe3,0x00,0x18,0xe4,0x00,0x18,0xe3,0x00,0x18,0xe3,0x00,0x18,0xe3,
  0x00,0x18,0xe3,0x00,0x18,0xe3,0x00,0x18,0xe3,0x00,0x18,0xe3,0x00,0x18,0xe3,0x00,
  0x18,0xe3,0x00,0x18,0xe3,0x00,0x18,0xe4,0x00,0x18,0xe3,0x00,0x18,0xe3,0x00,0x18,
  0xe4,0x00,0x18,0xe4,0x00,0x18,0xe4,0x00,0x18,0xe4,0x00,0x18,0xe4,0x00,0x18,0xe3,
  0x00,0x18,0xe3,0x00,0x18,0xe3,0x00,0x20,0xe4,0x00,0x18,0xe4,0x00,0x18,0xe4,0x00,
  0x18,0xe3,0x00,0x18,0xe3,0x00,0x18,0xe4,0x00,0x18,0xe4,0x00,0x18,0xe4,0x00,0x18,
  0xe4,0x00,0x19,0x04,0x00,0x21,0x04,0x00,0x18,0xe4,0x00,0x21,0x04,0x00,0x21,0x04,
  0x00,0x18,0xe3,0x00,0x18,0xe3,0x00,0x18,0xe3,0x00,0x18,0xe3,0x00,0x18,0xe3,0x00,
  0x18,0xe3,0x00,0x18,0xe3,0x00,0x18,0xe3,0x00,0x18,0xe3,0x00,0x18,0xe3,0x00,0x18,
  0xe3,0x00,0x18,0xe3,0x00,0x18,0xe3,0x00,0x18,0xe3,0x00,0x18,0xe3,0x00,0x18,0xe3,
  0x00,0x21,0x03,0x00,0x21,0x04,0x00,0x29,0x24,0x00,0x29,0x24,0x00,0xab,0x23,0xff,
  0xfd,0x42,0xff,0xfc,0xe3,0xff,0xfc,0xe1,0xff,0x92,0x62,0xff,0xfd,0x02,0xff,0xfc,
  0xe2,0xff,0xf4,0xc2,0xff,0xfc,0xa1,0xff,0xf4,0xa0,0xff,0xec,0x81,0xff,0xec,0x81,
  0xff,0xec,0x81,0xff,0xf4,0x80,0xff,0xfc,0xc1,0xff,0xfc,0xe1,0xff,0xf4,0xc1,0xff,
  0xf4,0xc1,0xff,0xf4,0xa0,0xff,0xf4,0x80,0xff,0xf4,0x80,0xff,0xf4,0x80,0xff,0xf4,
  0x80,0xff,0xf4,0xa0,0xff,0xf4,0xc1,0xff,0xf4,0xc1,0xff,0xfc,0xc1,0xff,0xf4,0xc1,
  0xff,0xf4,0xa0,0xff,0xf4,0x80,0xff,0xec,0x60,0xff,0xec,0x40,0xff,0xe4,0x00,0xff,
  0xdb,0xc1,0xff,0x10,0xa3,0x00,0x18,0xc3,0x00,0x18,0xc3,0x00,0x18,0xe3,0x00,0x18,
  0xe3,0x00,0x18,0xe3,0x00,0x18,0xe4,0x00,0x18,0xe4,0x00,0x21,0x04,0x00,0x21,0x04,
  0x00,0x21,0x04,0x00,0x20,0xe4,0x00,0x20,0xe4,0x00,0x20,0xe3,0x00,0x18,0xe3,0x00,
  0x18,0xe3,0x00,0x18,0xe3,0x00,0x18,0xc3,0x00,0x18,0xe3,0x00,0x18,0xe3,0x00,0x18,
  0xe3,0x00,0x18,0xe3,0x00,0x18,0xe3,0x00,0x18,0xe3,0x00,0x18,0xe3,0x00,0x18,0xe3,
  0x00,0x18,0xe3,0x00,0x18,0xe3,0x00,0x18,0xe3,0x00,0x18,0xe3,0x00,0x18,0xe3,0x00,
  0x18,0xe3,0x00,0x18,0xe3,0x00,0x18,0xe3,0x00,0x18,0xe3,0x00,0x18,0xe3,0x00,0x18,
  0xe3,0x00,0x18,0xe3,0x00,0x18,0xe3,0x00,0x18,0xe3,0x00,0x18,0xe3,0x00,0x18,0xe3,
  0x00,0x18,0xe4,0x00,0x18,0xe4,0x00,0x18,0xe3,0x00,0x18,0xe3,0x00,0x18,0xe3,0x00,
  0x18,0xe3,0x00,0x18,0xe4,0x00,0x18,0xe3,0x00,0x18,0xe3,0x00,0x18,0xe4,0x00,0x18,
  0xe4,0x00,0x18,0xe3,0x00,0x18,0xe3,0x00,0x18,0xe3,0x00,0x18,0xe3,0x00,0x18,0xe4,
  0x00,0x18,0xe4,0x00,0x18,0xe3,0x00,0x18,0xe3,0x00,0x18,0xe3,0x00,0x18,0xe3,0x00,
  0x18,0xe3,0x00,0x18,0xe3,0x00,0x18,0xe4,0x00,0x18,0xe4,0x00,0x18,0xe4,0x00,0x18,
  0xe4,0x00,0x18,0xe3,0x00,0x18,0xe3,0x00,0x18,0xe3,0x00,0x18,0xe3,0x00,0x18,0xe3,
  0x00,0x18,0xe4,0x00,0x18,0xe4,0x00,0x18,0xe4,0x00,0x18,0xe3,0x00,0x18,0xe3,0x00,
  0x18,0xe3,0x00,0x18,0xe3,0x00,0x18,0xe3,0x00,0x18,0xe3,0x00,0x18,0xe3,0x00,0x18,
  0xe3,0x00,0x18,0xe4,0x00,0x18,0xe4,0x00,0x18,0xe4,0x00,0x18,0xe3,0x00,0x18,0xe3,
  0x00,0x18,0xe4,0x00,0x18,0xe4,0x00,0x18,0xe4,0x00,0x18,0xe4,0x00,0x18,0xe4,0x00,
  0x20,0xe4,0x00,0x18,0xe4,0x00,0x18,0xe4,0x00,0x18,0xe4,0x00,0x18,0xe4,0x00,0x18,
  0xe4,0x00,0x18,0xe4,0x00,0x18,0xe4,0x00,0x18,0xe3,0x00,0x18,0xe4,0x00,0x18,0xe3,
  0x00,0x20,0xe3,0x00,0x18,0xe3,0x00,0x18,0xe3,0x00,0x18,0xe3,0x00,0x18,0xe3,0x00,
  0x18,0xe3,0x00,0x18,0xe3,0x00,0x18,0xe3,0x00,0x18,0xe3,0x00,0x18,0xe3,0x00,0x18,
  0xe3,0x00,0x18,0xe3,0x00,0x18,0xe3,0x00,0x18,0xe3,0x00,0x18,0xe3,0x00,0x18,0xe3,
  0x00,0x18,0xe3,0x00,0x21,0x04,0x00,0x21,0x04,0x00,0x21,0x24,0x00,0x21,0x24,0x00,
  0x21,0x03,0x00,0x10,0xa3,0x00,0x10,0xa3,0x00,0x10,0x82,0x00,0x10,0x82,0x00,0xfd,
  0x22,0xff,0xfd,0x63,0xff,0xf5,0x23,0xff,0xfc,0xe2,0xff,0xfc,0xe1,0xff,0xfc,0xe1,
  0xff,0xfc,0xc1,0xff,0xf4,0x60,0xff,0xec,0xa1,0xff,0xf4,0x80,0xff,0xfd,0x22,0xff,
  0xf5,0x01,0xff,0xf4,0xe1,0xff,0xf4,0xe1,0xff,0xd4,0x22,0xff,0xa2,0xc2,0xff,0x8a,
  0x82,0xff,0x92,0x82,0xff,0x9a,0x82,0xff,0xa2,0xa1,0xff,0x9a,0x81,0xff,0x9a,0x61,
  0xff,0x82,0x22,0xff,0x72,0x02,0xff,0x69,0xe2,0xff,0x61,0xc2,0xff,0x6a,0x03,0xff,
  0x59,0xc3,0xff,0x39,0x42,0xff,0x10,0xc3,0x00,0x18,0xc3,0x00,0x18,0xc3,0x00,0x18,
  0xe3,0x00,0x18,0xe3,0x00,0x18,0xe3,0x00,0x18,0xe3,0x00,0x18,0xe3,0x00,0x19,0x04,
  0x00,0x21,0x04,0x00,0x19,0x05,0x00,0x08,0x62,0xff,0x08,0x83,0x00,0x08,0x62,0xff,
  0x08,0x82,0x00,0x29,0x03,0x00,0x31,0x03,0x00,0x18,0xc3,0x00,0x18,0xe3,0x00,0x18,
  0xe3,0x00,0x18,0xe3,0x00,0x18,0xe3,0x00,0x18,0xe3,0x00,0x18,0xe3,0x00,0x18,0xe3,
  0x00,0x18,0xe3,0x00,0x18,0xe3,0x00,0x18,0xe3,0x00,0x18,0xe3,0x00,0x18,0xe3,0x00,
  0x18,0xe3,0x00,0x18,0xe3,0x00,0x18,0xe3,0x00,0x18,0xe3,0x00,0x18,0xe3,0x00,0x18,
  0xe3,0x00,0x18,0xe3,0x00,0x18,0xe3,0x00,0x18,0xe3,0x00,0x18,0xe3,0x00,0x18,0xe3,
  0x00,0x18,0xe3,0x00,0x18,0xe3,0x00,0x18,0xe3,0x00,0x18,0xe4,0x00,0x18,0xe3,0x00,
  0x18,0xe3,0x00,0x18,0xe3,0x00,0x18,0xe3,0x00,0x18,0xe3,0x00,0x18,0xe3,0x00,0x18,
  0xe3,0x00,0x18,0xe3,0x00,0x18,0xe4,0x00,0x18,0xe3,0x00,0x18,0xe3,0x00,0x18,0xe3,
  0x00,0x18,0xe3,0x00,0x18,0xe4,0x00,0x18,0xe3,0x00,0x18,0xe3,0x00,0x18,0xe3,0x00,
  0x18,0xe3,0x00,0x18,0xe3,0x00,0x18,0xe3,0x00,0x18,0xe4,0x00,0x18,0xe4,0x00,0x18,
  0xe3,0x00,0x18,0xe4,0x00,0x18,0xe4,0x00,0x18,0xe3,0x00,0x18,0xe3,0x00,0x18,0xe3,
  0x00,0x18,0xe3,0x00,0x18,0xe3,0x00,0x18,0xe3,0x00,0x18,0xe3,0x00,0x18,0xe4,0x00,
  0x18,0xe3,0x00,0x18,0xe3,0x00,0x18,0xe3,0x00,0x18,0xe3,0x00,0x18,0xe3,0x00,0x18,
  0xe3,0x00,0x18,0xe3,0x00,0x18,0xe3,0x00,0x18,0xe3,0x00,0x18,0xe4,0x00,0x18,0xe4,
  0x00,0x18,0xe4,0x00,0x20,0xe4,0x00,0x20,0xe4,0x00,0x18,0xe4,0x00,0x18,0xe3,0x00,
  0x18,0xe3,0x00,0x18,0xe4,0x00,0x18,0xe4,0x00,0x20,0xe4,0x00,0x18,0xe4,0x00,0x18,
  0xe4,0x00,0x18,0xe3,0x00,0x18,0xe3,0x00,0x18,0xe3,0x00,0x18,0xe3,0x00,0x18,0xe4,
  0x00,0x18,0xe3,0x00,0x18,0xe4,0x00,0x18,0xe4,0x00,0x18,0xe3,0x00,0x18,0xe3,0x00,
  0x18,0xe3,0x00,0x18,0xe3,0x00,0x18,0xe3,0x00,0x18,0xe3,0x00,0x18,0xe3,0x00,0x18,
  0xe3,0x00,0x18,0xe3,0x00,0x20,0xe3,0x00,0x18,0xe3,0x00,0x18,0xe3,0x00,0x18,0xe3,
  0x00,0x18,0xe3,0x00,0x18,0xe3,0x00,0x21,0x03,0x00,0x21,0x04,0x00,0x21,0x24,0x00,
  0x21,0x04,0x00,0x21,0x04,0x00,0x19,0x04,0x00,0x18,0xe4,0x00,0x18,0xe3,0x00,0x18,
  0xc3,0x00,0xc4,0x03,0xff,0x08,0x42,0xff,0x10,0xa2,0xff,0x10,0x82,0xff,0x08,0x83,
  0xff,0x10,0x83,0xff,0x31,0x02,0xff,0xf4,0x81,0xff,0xe4,0x40,0xff,0xf4,0xc1,0xff,
  0x00,0x22,0xff,0x08,0x42,0xff,0x08,0x62,0xff,0x08,0x83,0x00,0x18,0xc3,0x00,0x20,
  0xe3,0x00,0x29,0x03,0x00,0x29,0x44,0x00,0x31,0x65,0xff,0x31,0x65,0xff,0x31,0x64,
  0xff,0x31,0x44,0x00,0x29,0x44,0x00,0x31,0x44,0x00,0x29,0x23,0x00,0x29,0x03,0x00,
  0x29,0x02,0x00,0x20,0xe3,0x00,0x18,0xc3,0x00,0x18,0xc3,0x00,0x18,0xc3,0x00,0x18,
  0xe3,0x00,0x18,0xe3,0x00,0x18,0xe3,0x00,0x18,0xe3,0x00,0x18,0xe3,0x00,0x18,0xe3,
  0x00,0x18,0xe4,0x00,0x21,0x04,0x00,0x10,0xa2,0x00,0xfd,0xc1,0xff,0xfd,0x41,0xff,
  0xf5,0x21,0xff,0xd3,0xa1,0xff,0x41,0x42,0xff,0x51,0x62,0xff,0x18,0xe3,0x00,0x18,
  0xe3,0x00,0x18,0xe3,0x00,0x18,0xe3,0x00,0x18,0xe3,0x00,0x18,0xe3,0x00,0x18,0xe3,
  0x00,0x18,0xe3,0x00,0x18,0xe3,0x00,0x18,0xe3,0x00,0x18,0xe3,0x00,0x18,0xe3,0x00,
  0x18,0xe3,0x00,0x18,0xe3,0x00,0x18,0xe3,0x00,0x18,0xe3,0x00,0x18,0xe3,0x00,0x18,
  0xe3,0x00,0x18,0xe3,0x00,0x18,0xe3,0x00,0x18,0xe3,0x00,0x18,0xe3,0x00,0x18,0xe3,
  0x00,0x18,0xe3,0x00,0x18,0xe3,0x00,0x18,0xe3,0x00,0x18,0xe3,0x00,0x18,0xe4,0x00,
  0x18,0xe4,0x00,0x18,0xe4,0x00,0x18,0xe4,0x00,0x18,0xe3,0x00,0x18,0xe4,0x00,0x18,
  0xe3,0x00,0x18,0xe3,0x00,0x18,0xe3,0x00,0x18,0xe3,0x00,0x18,0xe3,0x00,0x18,0xe3,
  0x00,0x18,0xe3,0x00,0x18,0xe3,0x00,0x18,0xe3,0x00,0x18,0xe3,0x00,0x18,0xe3,0x00,
  0x18,0xe3,0x00,0x18,0xe3,0x00,0x18,0xe3,0x00,0x18,0xe3,0x00,0x18,0xe3,0x00,0x18,
  0xe3,0x00,0x18,0xe4,0x00,0x18,0xe3,0x00,0x18,0xe3,0x00,0x18,0xe3,0x00,0x18,0xe4,
  0x00,0x18,0xe3,0x00,0x18,0xe3,0x00,0x18,0xe3,0x00,0x18,0xe3,0x00,0x18,0xe3,0x00,
  0x18,0xe3,0x00,0x18,0xe4,0x00,0x18,0xe4,0x00,0x18,0xe4,0x00,0x18,0xe4,0x00,0x18,
  0xe4,0x00,0x18,0xe3,0x00,0x18,0xe3,0x00,0x18,0xe4,0x00,0x18,0xe3,0x00,0x18,0xe4,
  0x00,0x18,0xe4,0x00,0x18,0xe4,0x00,0x18,0xe4,0x00,0x20,0xe4,0x00,0x18,0xe4,0x00,
  0x18,0xe3,0x00,0x18,0xe4,0x00,0x18,0xe4,0x00,0x18,0xe4,0x00,0x18,0xe4,0x00,0x18,
  0xe4,0x00,0x18,0xe4,0x00,0x18,0xe4,0x00,0x18,0xe3,0x00,0x18,0xe3,0x00,0x18,0xe3,
  0x00,0x18,0xe4,0x00,0x18,0xe4,0x00,0x18,0xe4,0x00,0x18,0xe3,0x00,0x18,0xe4,0x00,
  0x18,0xe4,0x00,0x18,0xe4,0x00,0x18,0xe4,0x00,0x18,0xe4,0x00,0x18,0xe4,0x00,0x18,
  0xe3,0x00,0x18,0xe3,0x00,0x20,0xe3,0x00,0x18,0xe3,0x00,0x20,0xe3,0x00,0x20,0xe3,
  0x00,0x21,0x03,0x00,0x21,0x03,0x00,0x21,0x03,0x00,0x21,0x04,0x00,0x20,0xe3,0x00,
  0x31,0x23,0x00,0x18,0xe3,0x00,0x10,0xa3,0x00,0x08,0x83,0x00,0x08,0x83,0x00,0x08,
  0x83,0x00,0x08,0x82,0x00,0xc4,0x03,0xff,0x10,0x61,0xff,0x18,0xc2,0xff,0x10,0xa2,
  0xff,0x10,0xc2,0xff,0x18,0xc2,0xff,0xbb,0xc2,0xff,0xf4,0x80,0xff,0xec,0x60,0xff,
  0xec,0xc2,0xff,0x08,0x41,0xff,0x10,0x82,0x00,0x10,0x81,0x00,0x10,0xa2,0x00,0x10,
  0xa2,0x00,0x10,0x82,0x00,0x10,0x82,0x00,0x20,0xe3,0x00,0x21,0x04,0x00,0x21,0x04,
  0x00,0x21,0x04,0x00,0x21,0x04,0x00,0x21,0x04,0x00,0x20,0xe3,0x00,0x18,0xe3,0x00,
  0x18,0xe3,0x00,0x18,0xe3,0x00,0x18,0xe3,0x00,0x18,0xc3,0x00,0x18,0xc3,0x00,0x18,
  0xe3,0x00,0x18,0xe3,0x00,0x18,0xe3,0x00,0x18,0xe3,0x00,0x18,0xe3,0x00,0x18,0xe3,
  0x00,0x18,0xe3,0x00,0x18,0xe4,0x00,0x20,0xe4,0x00,0x18,0xe4,0x00,0x92,0xe2,0xff,
  0x8a,0xc2,0xff,0x7a,0xa2,0xff,0x59,0xe2,0xff,0x10,0xe4,0x00,0x18,0xe3,0x00,0x18,
  0xe3,0x00,0x18,0xe3,0x00,0x18,0xe3,0x00,0x18,0xe4,0x00,0x18,0xe4,0x00,0x18,0xe4,
  0x00,0x18,0xe4,0x00,0x18,0xe3,0x00,0x18,0xe3,0x00,0x18,0xe3,0x00,0x18,0xe3,0x00,
  0x18,0xe3,0x00,0x18,0xe3,0x00,0x18,0xe3,0x00,0x18,0xe3,0x00,0x18,0xe3,0x00,0x18,
  0xe3,0x00,0x18,0xe3,0x00,0x18,0xe3,0x00,0x18,0xe3,0x00,0x18,0xe3,0x00,0x18,0xe3,
  0x00,0x18,0xe3,0x00,0x18,0xe3,0x00,0x18,0xe4,0x00,0x18,0xe4,0x00,0x18,0xe4,0x00,
  0x18,0xe4,0x00,0x18,0xe4,0x00,0x18,0xe3,0x00,0x18,0xe3,0x00,0x18,0xe4,0x00,0x18,
  0xe4,0x00,0x18,0xe3,0x00,0x18,0xe3,0x00,0x18,0xe3,0x00,0x18,0xe3,0x00,0x18,0xe4,
  0x00,0x18,0xe4,0x00,0x18,0xe3,0x00,0x18,0xe3,0x00,0x18,0xe4,0x00,0x18,0xe3,0x00,
  0x18,0xe3,0x00,0x18,0xe3,0x00,0x18,0xe3,0x00,0x18,0xe3,0x00,0x18,0xe3,0x00,0x18,
  0xe3,0x00,0x18,0xe3,0x00,0x18,0xe4,0x00,0x18,0xe3,0x00,0x18,0xe3,0x00,0x18,0xe3,
  0x00,0x18,0xe4,0x00,0x18,0xe3,0x00,0x18,0xe3,0x00,0x18,0xe4,0x00,0x18,0xe3,0x00,
  0x18,0xe3,0x00,0x18,0xe3,0x00,0x18,0xe4,0x00,0x18,0xe3,0x00,0x18,0xe4,0x00,0x18,
  0xe3,0x00,0x18,0xe3,0x00,0x18,0xe3,0x00,0x18,0xe4,0x00,0x18,0xe3,0x00,0x18,0xe3,
  0x00,0x18,0xe4,0x00,0x18,0xe3,0x00,0x18,0xe4,0x00,0x18,0xe4,0x00,0x21,0x04,0x00,
  0x18,0xe4,0x00,0x18,0xe3,0x00,0x18,0xe4,0x00,0x21,0x04,0x00,0x21,0x04,0x00,0x18,
  0xe4,0x00,0x18,0xe4,0x00,0x21,0x04,0x00,0x18,0xe4,0x00,0x18,0xe3,0x00,0x18,0xe3,
  0x00,0x18,0xe4,0x00,0x18,0xe4,0x00,0x18,0xe4,0x00,0x18,0xe3,0x00,0x18,0xe3,0x00,
  0x18,0xe3,0x00,0x18,0xe3,0x00,0x18,0xe3,0x00,0x18,0xe4,0x00,0x18,0xe4,0x00,0x20,
  0xe4,0x00,0x20,0xe4,0x00,0x10,0xc3,0x00,0xc3,0x81,0xff,0xb3,0x61,0xff,0xbb,0x81,
  0xff,0xbb,0xa1,0xff,0xbb,0xc1,0xff,0xc3,0xc1,0xff,0xc3,0xe1,0xff,0xbb,0xc1,0xff,
  0xdc,0x01,0xff,0xfc,0xc0,0xff,0xfc,0xe1,0xff,0xfd,0x01,0xff,0xfd,0x21,0xff,0xfd,
  0x41,0xff,0xfd,0x41,0xff,0xfd,0x21,0xff,0xfd,0x00,0xff,0xfd,0x01,0xff,0xfd,0x21,
  0xff,0xfd,0x21,0xff,0xfd,0x21,0xff,0xfd,0x01,0xff,0xfc,0xe0,0xff,0xf4,0xa0,0xff,
  0xec,0x60,0xff,0xe4,0x61,0xff,0xdc,0x62,0xff,0x08,0x62,0xff,0x08,0x82,0x00,0x10,
  0x82,0x00,0xc3,0x82,0xff,0xf5,0x01,0xff,0xf5,0x21,0xff,0x8a,0xc3,0xff,0x21,0x04,
  0x00,0x21,0x04,0x00,0x21,0x04,0x00,0x21,0x04,0x00,0x20,0xe3,0x00,0x20,0xe3,0x00,
  0x18,0xe3,0x00,0x18,0xe3,0x00,0x18,0xe3,0x00,0x18,0xe3,0x00,0x18,0xe3,0x00,0x18,
  0xe3,0x00,0x18,0xe3,0x00,0x18,0xe3,0x00,0x18,0xe3,0x00,0x18,0xe3,0x00,0x18,0xe3,
  0x00,0x18,0xe3,0x00,0x18,0xe3,0x00,0x18,0xe3,0x00,0x18,0xe3,0x00,0x18,0xe4,0x00,
  0x21,0x04,0x00,0x21,0x04,0x00,0x21,0x04,0x00,0x20,0xe4,0x00,0x18,0xe3,0x00,0x18,
  0xe3,0x00,0x18,0xe3,0x00,0x18,0xe3,0x00,0x18,0xe3,0x00,0x18,0xe3,0x00,0x18,0xe3,
  0x00,0x18,0xe3,0x00,0x18,0xe3,0x00,0x18,0xe3,0x00,0x18,0xe3,0x00,0x18,0xe3,0x00,
  0x18,0xe3,0x00,0x18,0xe3,0x00,0x18,0xe3,0x00,0x18,0xe3,0x00,0x18,0xe3,0x00,0x18,
  0xe3,0x00,0x18,0xe3,0x00,0x18,0xe3,0x00,0x18,0xe3,0x00,0x18,0xe3,0x00,0x18,0xe3,
  0x00,0x18,0xe3,0x00,0x18,0xe3,0x00,0x18,0xe3,0x00,0x18,0xe3,0x00,0x18,0xe3,0x00,
  0x18,0xe3,0x00,0x18,0xe3,0x00,0x18,0xe3,0x00,0x18,0xe3,0x00,0x18,0xe3,0x00,0x18,
  0xe4,0x00,0x18,0xe4,0x00,0x18,0xe3,0x00,0x18,0xe3,0x00,0x18,0xe3,0x00,0x18,0xe3,
  0x00,0x18,0xe3,0x00,0x18,0xe3,0x00,0x18,0xe3,0x00,0x18,0xe3,0x00,0x18,0xe3,0x00,
  0x18,0xe3,0x00,0x18,0xe3,0x00,0x18,0xe3,0x00,0x18,0xe4,0x00,0x18,0xe3,0x00,0x18,
  0xe3,0x00,0x18,0xe3,0x00,0x18,0xe3,0x00,0x18,0xe4,0x00,0x18,0xe3,0x00,0x18,0xe3,
  0x00,0x18,0xe3,0x00,0x18,0xe3,0x00,0x18,0xe3,0x00,0x18,0xe3,0x00,0x18,0xe3,0x00,
  0x18,0xe3,0x00,0x18,0xe3,0x00,0x18,0xe3,0x00,0x18,0xe4,0x00,0x18,0xe4,0x00,0x18,
  0xe4,0x00,0x18,0xe3,0x00,0x18,0xe3,0x00,0x18,0xe3,0x00,0x18,0xe4,0x00,0x18,0xe3,
  0x00,0x18,0xe4,0x00,0x18,0xe3,0x00,0x18,0xe4,0x00,0x18,0xe3,0x00,0x18,0xe3,0x00,
  0x18,0xe4,0x00,0x18,0xe4,0x00,0x18,0xe4,0x00,0x18,0xe4,0x00,0x21,0x04,0x00,0x20,
  0xe4,0x00,0x18,0xe4,0x00,0x18,0xe3,0x00,0x18,0xe4,0x00,0x21,0x04,0x00,0x18,0xe3,
  0x00,0x18,0xe4,0x00,0x18,0xe3,0x00,0x18,0xe3,0x00,0x18,0xe4,0x00,0x18,0xe3,0x00,
  0x20,0xe3,0x00,0x18,0xe4,0x00,0x18,0xe3,0x00,0x18,0xe3,0x00,0x18,0xe4,0x00,0x18,
  0xe4,0x00,0x20,0xe4,0x00,0x20,0xe3,0x00,0x10,0xc3,0x00,0xf5,0x41,0xff,0xf4,0xe1,
  0xff,0xf4,0xe1,0xff,0xf4,0xe1,0xff,0xf5,0x01,0xff,0xf4,0xe1,0xff,0xf4,0xe1,0xff,
  0xec,0xc1,0xff,0xf4,0xc0,0xff,0xf5,0x00,0xff,0xf5,0x01,0xff,0xf5,0x21,0xff,0xf5,
  0x21,0xff,0xf5,0x21,0xff,0xf5,0x01,0xff,0xf5,0x01,0xff,0xf4,0xe0,0xff,0xf5,0x01,
  0xff,0xf5,0x01,0xff,0xf5,0x01,0xff,0xf4,0xe1,0xff,0xf4,0xe1,0xff,0xf4,0xe0,0xff,
  0xf4,0xe0,0xff,0xec,0xe1,0xff,0xec,0xc1,0xff,0xdc,0xa3,0xff,0x10,0x82,0x00,0x10,
  0xa2,0x00,0x18,0xe3,0x00,0xc3,0xa2,0xff,0xf5,0x21,0xff,0xf4,0xe1,0xff,0xab,0x63,
  0xff,0x20,0xe4,0x00,0x18,0xe3,0x00,0x18,0xe4,0x00,0x18,0xe3,0x00,0x18,0xe3,0x00,
  0x18,0xe3,0x00,0x18,0xe3,0x00,0x18,0xe3,0x00,0x18,0xe3,0x00,0x18,0xe3,0x00,0x18,
  0xe3,0x00,0x18,0xe3,0x00,0x18,0xe3,0x00,0x18,0xe3,0x00,0x18,0xe3,0x00,0x18,0xe3,
  0x00,0x18,0xe3,0x00,0x18,0xe3,0x00,0x18,0xe3,0x00,0x18,0xe3,0x00,0x18,0xe3,0x00,
  0x18,0xe3,0x00,0x18,0xe3,0x00,0x18,0xe3,0x00,0x18,0xe3,0x00,0x18,0xe3,0x00,0x18,
  0xe3,0x00,0x18,0xe3,0x00,0x18,0xe3,0x00,0x18,0xe3,0x00,0x18,0xe3,0x00,0x18,0xe3,
  0x00,0x18,0xe3,0x00,0x18,0xe3,0x00,0x18,0xe3,0x00,0x18,0xe3,0x00,0x18,0xe3,0x00,
  0x18,0xe3,0x00,0x18,0xe3,0x00,0x18,0xe3,0x00,0x18,0xe3,0x00,0x18,0xe3,0x00,0x18,
  0xe3,0x00,0x18,0xe3,0x00,0x18,0xe3,0x00,0x18,0xe3,0x00,0x18,0xe3,0x00,0x18,0xe3,
  0x00,0x18,0xe4,0x00,0x18,0xe3,0x00,0x18,0xe3,0x00,0x18,0xe4,0x00,0x18,0xe3,0x00,
  0x18,0xe3,0x00,0x18,0xe3,0x00,0x18,0xe3,0x00,0x18,0xe3,0x00,0x18,0xe3,0x00,0x18,
  0xe3,0x00,0x18,0xe3,0x00,0x18,0xe3,0x00,0x18,0xe3,0x00,0x18,0xe3,0x00,0x18,0xe3,
  0x00,0x18,0xe3,0x00,0x18,0xe3,0x00,0x18,0xe3,0x00,0x18,0xe3,0x00,0x18,0xe3,0x00,
  0x18,0xe4,0x00,0x18,0xe3,0x00,0x18,0xe3,0x00,0x18,0xe3,0x00,0x18,0xe3,0x00,0x18,
  0xe3,0x00,0x18,0xe3,0x00,0x18,0xe3,0x00,0x18,0xe3,0x00,0x18,0xe3,0x00,0x18,0xe4,
  0x00,0x18,0xe3,0x00,0x18,0xe3,0x00,0x18,0xe3,0x00,0x18,0xe3,0x00,0x18,0xe3,0x00,
  0x18,0xe4,0x00,0x18,0xe3,0x00,0x18,0xe3,0x00,0x18,0xe3,0x00,0x18,0xe3,0x00,0x18,
  0xe3,0x00,0x18,0xe3,0x00,0x18,0xe4,0x00,0x18,0xe4,0x00,0x18,0xe4,0x00,0x18,0xe4,
  0x00,0x18,0xe4,0x00,0x18,0xe4,0x00,0x18,0xe4,0x00,0x18,0xe3,0x00,0x18,0xe4,0x00,
  0x18,0xe4,0x00,0x18,0xe3,0x00,0x18,0xe4,0x00,0x18,0xe4,0x00,0x21,0x04,0x00,0x18,
  0xe4,0x00,0x18,0xe4,0x00,0x18,0xe4,0x00,0x18,0xe4,0x00,0x18,0xe4,0x00,0x18,0xe4,
  0x00,0x18,0xe3,0x00,0x18,0xe3,0x00,0x18,0xe3,0x00,0x18,0xe4,0x00,0x18,0xe3,0x00,
  0x18,0xe4,0x00,0x18,0xe3,0x00,0x18,0xe3,0x00,0x18,0xe4,0x00,0x18,0xe3,0x00,0x18,
  0xe3,0x00,0x18,0xe3,0x00,0x18,0xe4,0x00,0x20,0xe4,0x00,0x21,0x04,0x00,0x08,0x62,
  0xff,0x08,0x83,0x00,0x08,0x83,0x00,0x08,0xa3,0x00,0x08,0xa3,0x00,0x08,0xa3,0x00,
  0x08,0xa3,0x00,0x08,0x83,0x00,0x08,0x83,0x00,0x00,0x63,0xff,0x00,0x63,0xff,0x00,
  0x63,0xff,0x08,0x63,0xff,0x08,0x63,0xff,0x08,0x83,0xff,0x08,0x63,0xff,0x00,0x63,
  0xff,0x00,0x42,0xff,0x00,0x42,0xff,0x00,0x42,0xff,0x08,0x62,0xff,0x08,0x63,0xff,
  0x00,0x63,0xff,0x08,0x63,0xff,0x08,0x83,0x00,0x08,0x83,0x00,0x08,0x62,0xff,0x18,
  0xe3,0x00,0x18,0xe3,0x00,0x18,0xe3,0x00,0x08,0x83,0x00,0x08,0x83,0x00,0x08,0xa3,
  0x00,0x10,0xa3,0x00,0x18,0xe3,0x00,0x18,0xe3,0x00,0x18,0xe3,0x00,0x18,0xe3,0x00,
  0x18,0xe3,0x00,0x18,0xe3,0x00,0x18,0xe3,0x00,0x18,0xe3,0x00,0x18,0xe3,0x00,0x18,
  0xe3,0x00,0x18,0xe3,0x00,0x18,0xe3,0x00,0x18,0xe3,0x00,0x18,0xe3,0x00,0x18,0xe3,
  0x00,0x18,0xe3,0x00,0x18,0xe3,0x00,0x18,0xe3,0x00,0x18,0xe3,0x00,0x18,0xe3,0x00,
  0x18,0xe3,0x00,0x18,0xe3,0x00,0x18,0xe3,0x00,0x18,0xe3,0x00,0x18,0xe3,0x00,0x18,
  0xe3,0x00,0x18,0xe3,0x00,0x18,0xe3,0x00,0x18,0xe3,0x00,0x18,0xe3,0x00,0x18,0xe3,
  0x00,0x18,0xe3,0x00,0x18,0xe3,0x00,0x18,0xe3,0x00,0x18,0xe3,0x00,0x18,0xe3,0x00,
  0x18,0xe3,0x00,0x18,0xe3,0x00,0x18,0xe3,0x00,0x18,0xe3,0x00,0x18,0xe3,0x00,0x18,
  0xe3,0x00,0x18,0xe3,0x00,0x18,0xe3,0x00,0x18,0xe3,0x00,0x18,0xe3,0x00,0x18,0xe3,
  0x00,0x18,0xe3,0x00,0x18,0xe4,0x00,0x18,0xe3,0x00,0x18,0xe3,0x00,0x18,0xe3,0x00,
  0x18,0xe3,0x00,0x18,0xe3,0x00,0x18,0xe3,0x00,0x18,0xe3,0x00,0x18,0xe3,0x00,0x18,
  0xe3,0x00,0x18,0xe3,0x00,0x18,0xe3,0x00,0x18,0xe3,0x00,0x18,0xe3,0x00,0x18,0xe3,
  0x00,0x18,0xe3,0x00,
};

const lv_img_dsc_t img_fx_static2 = {
  .header.always_zero = 0,
  .header.cf = LV_IMG_CF_TRUE_COLOR_ALPHA,
  .header.w = 161,
  .header.h = 60,
  .data_size = 28980,
  .data = img_fx_static2_map,
};
