#include "lvgl.h"

static const uint8_t img_y_stretch_map[] = {
  0x21,0x04,0x00,0x21,0x04,0x00,0x21,0x04,0x00,0x21,0x04,0x00,0x21,0x04,0x00,0x21,
  0x04,0x00,0x19,0x04,0x00,0x21,0x04,0x00,0x21,0x04,0x00,0x19,0x04,0x00,0x19,0x04,
  0x00,0x18,0xe3,0x00,0x08,0x62,0x00,0x08,0x62,0x00,0x08,0x61,0x00,0x08,0x62,0x00,
  0x10,0x82,0x00,0x08,0x61,0x00,0x08,0x82,0x00,0x08,0x82,0x00,0x19,0x24,0x00,0x19,
  0x04,0x00,0x21,0x04,0x00,0x21,0x04,0x00,0x21,0x04,0x00,0x21,0x04,0x00,0x21,0x04,
  0x00,0x21,0x04,0x00,0x21,0x04,0x00,0x21,0x04,0x00,0x21,0x04,0x00,0x21,0x04,0x00,
  0x21,0x04,0x00,0x21,0x04,0x00,0x21,0x04,0x00,0x21,0x04,0x00,0x21,0x04,0x00,0x21,
  0x04,0x00,0x21,0x04,0x00,0x21,0x04,0x00,0x21,0x04,0x00,0x21,0x04,0x00,0x21,0x04,
  0x00,0x21,0x04,0x00,0x21,0x04,0x00,0x21,0x04,0x00,0x19,0x04,0x00,0x19,0x04,0x00,
  0x21,0x04,0x00,0x19,0x04,0x00,0x21,0x04,0x00,0x21,0x04,0x00,0x21,0x04,0x00,0x21,
  0x04,0x00,0x19,0x04,0x00,0x21,0x04,0x00,0x21,0x04,0x00,0x21,0x04,0x00,0x21,0x04,
  0x00,0x21,0x04,0x00,0x21,0x04,0x00,0x21,0x04,0x00,0x21,0x04,0x00,0x21,0x04,0x00,
  0x21,0x04,0x00,0x21,0x04,0x00,0x21,0x04,0x00,0x21,0x04,0x00,0x18,0xe3,0x00,0x10,
  0xc3,0x00,0x00,0x21,0xff,0x08,0x41,0xff,0x08,0x41,0xff,0x49,0xe5,0xff,0x52,0x05,
  0xff,0x49,0xc5,0xff,0x49,0xe5,0xff,0x52,0x06,0xff,0x52,0x06,0xff,0x41,0x64,0xff,
  0x31,0x03,0x00,0x28,0xe2,0x00,0x29,0x03,0x00,0x29,0x03,0x00,0x18,0x81,0x00,0x10,
  0x61,0xff,0x00,0x00,0xff,0x00,0x20,0xff,0x00,0x20,0xff,0x00,0x00,0xff,0x08,0x20,
  0xff,0x31,0x23,0x00,0xc5,0x50,0xff,0xf6,0xb4,0xff,0xf6,0xb4,0xff,0xf7,0x77,0xff,
  0xee,0xb4,0xff,0x62,0x47,0xff,0x49,0xe6,0xff,0x49,0xe6,0xff,0x62,0xc7,0xff,0x00,
  0x20,0xff,0x18,0xe3,0x00,0x21,0x04,0x00,0x21,0x04,0x00,0x21,0x24,0x00,0x21,0x04,
  0x00,0x21,0x24,0x00,0x21,0x24,0x00,0x21,0x24,0x00,0x21,0x24,0x00,0x21,0x04,0x00,
  0x21,0x04,0x00,0x21,0x04,0x00,0x21,0x04,0x00,0x21,0x04,0x00,0x21,0x04,0x00,0x21,
  0x04,0x00,0x19,0x04,0x00,0x21,0x04,0x00,0x21,0x04,0x00,0x21,0x04,0x00,0x21,0x04,
  0x00,0x21,0x04,0x00,0x21,0x04,0x00,0x21,0x04,0x00,0x21,0x04,0x00,0x21,0x04,0x00,
  0x21,0x04,0x00,0x21,0x04,0x00,0x19,0x04,0x00,0x19,0x04,0x00,0x19,0x04,0x00,0x18,
  0xe4,0x00,0x18,0xc2,0x00,0x31,0x43,0x00,0x31,0x43,0x00,0x31,0x43,0x00,0x28,0xe2,
  0x00,0x29,0x02,0x00,0x31,0x43,0x00,0x31,0x43,0x00,0x31,0x43,0x00,0x21,0x03,0x00,
  0x21,0x44,0x00,0x21,0x24,0x00,0x21,0x04,0x00,0x21,0x04,0x00,0x21,0x04,0x00,0x21,
  0x04,0x00,0x21,0x04,0x00,0x21,0x04,0x00,0x21,0x04,0x00,0x21,0x04,0x00,0x21,0x04,
  0x00,0x21,0x04,0x00,0x21,0x04,0x00,0x21,0x04,0x00,0x21,0x04,0x00,0x21,0x04,0x00,
  0x21,0x04,0x00,0x21,0x04,0x00,0x21,0x04,0x00,0x21,0x04,0x00,0x21,0x04,0x00,0x21,
  0x04,0x00,0x21,0x04,0x00,0x21,0x04,0x00,0x21,0x04,0x00,0x19,0x04,0x00,0x19,0x04,
  0x00,0x19,0x04,0x00,0x19,0x04,0x00,0x21,0x04,0x00,0x21,0x04,0x00,0x21,0x04,0x00,
  0x21,0x04,0x00,0x21,0x04,0x00,0x19,0x04,0x00,0x19,0x04,0x00,0x21,0x04,0x00,0x21,
  0x04,0x00,0x21,0x04,0x00,0x21,0x04,0x00,0x21,0x04,0x00,0x21,0x03,0x00,0x21,0x04,
  0x00,0x21,0x24,0x00,0x19,0x04,0x00,0x10,0xa2,0x00,0x10,0xa2,0x00,0x00,0x00,0xff,
  0x00,0x20,0xff,0x29,0x23,0xff,0x41,0x84,0xff,0x41,0x84,0xff,0x93,0xaa,0xff,0xc4,
  0xad,0xff,0xcd,0x0e,0xff,0xc4,0xce,0xff,0xcd,0x0e,0xff,0xcd,0x0e,0xff,0xc4,0xad,
  0xff,0xcd,0x0e,0xff,0xd5,0x2e,0xff,0xd5,0x4e,0xff,0xd5,0x4e,0xff,0xc4,0xed,0xff,
  0xc4,0xcd,0xff,0x93,0x89,0xff,0x6a,0x86,0xff,0x6a,0x86,0xff,0x31,0x03,0xff,0x18,
  0xa2,0xff,0x00,0x00,0xff,0x08,0x00,0xff,0x20,0x81,0xff,0x20,0x81,0xff,0x49,0xc4,
  0xff,0x7b,0x09,0xff,0xee,0xb4,0xff,0xf7,0x36,0xff,0xf7,0x36,0xff,0xee,0xb4,0xff,
  0x39,0x23,0x00,0x20,0xc2,0x00,0x18,0xa1,0x00,0x18,0xa1,0x00,0x29,0x65,0xff,0x21,
  0x45,0x00,0x21,0x45,0x00,0x21,0x24,0x00,0x21,0x24,0x00,0x21,0x24,0x00,0x21,0x04,
  0x00,0x21,0x04,0x00,0x21,0x04,0x00,0x21,0x04,0x00,0x21,0x04,0x00,0x21,0x04,0x00,
  0x19,0x04,0x00,0x19,0x04,0x00,0x21,0x04,0x00,0x21,0x04,0x00,0x21,0x04,0x00,0x21,
  0x04,0x00,0x21,0x04,0x00,0x21,0x04,0x00,0x21,0x04,0x00,0x21,0x04,0x00,0x21,0x04,
  0x00,0x21,0x04,0x00,0x21,0x24,0x00,0x00,0x41,0xff,0x00,0x41,0xff,0x00,0x00,0xff,
  0x00,0x00,0xff,0x59,0xe5,0xff,0xff,0x76,0xff,0xff,0x76,0xff,0xff,0x33,0xff,0xff,
  0x12,0xff,0xff,0x12,0xff,0xff,0xb5,0xff,0xee,0x51,0xff,0xee,0x51,0xff,0x10,0x20,
  0xff,0x08,0x20,0xff,0x18,0xe3,0x00,0x21,0x24,0x00,0x21,0x24,0x00,0x21,0x04,0x00,
  0x21,0x04,0x00,0x21,0x04,0x00,0x21,0x04,0x00,0x21,0x04,0x00,0x21,0x04,0x00,0x21,
  0x04,0x00,0x21,0x04,0x00,0x21,0x04,0x00,0x21,0x04,0x00,0x21,0x04,0x00,0x21,0x04,
  0x00,0x21,0x04,0x00,0x21,0x04,0x00,0x21,0x04,0x00,0x21,0x04,0x00,0x21,0x04,0x00,
  0x21,0x04,0x00,0x21,0x04,0x00,0x21,0x04,0x00,0x21,0x04,0x00,0x21,0x04,0x00,0x19,
  0x04,0x00,0x21,0x04,0x00,0x19,0x04,0x00,0x21,0x04,0x00,0x21,0x04,0x00,0x21,0x04,
  0x00,0x21,0x04,0x00,0x21,0x04,0x00,0x21,0x04,0x00,0x21,0x04,0x00,0x21,0x04,0x00,
  0x21,0x04,0x00,0x21,0x04,0x00,0x21,0x04,0x00,0x21,0x04,0x00,0x21,0x04,0x00,0x19,
  0x03,0x00,0x10,0xc3,0x00,0x08,0x41,0xff,0x5a,0x26,0xff,0x5a,0x26,0xff,0x9c,0x0a,
  0xff,0xa4,0x0b,0xff,0xbc,0xcd,0xff,0xa4,0x0b,0xff,0xa4,0x0b,0xff,0x83,0x08,0xff,
  0x72,0xa6,0xff,0x72,0xc6,0xff,0x72,0x86,0xff,0x7a,0xa6,0xff,0x7a,0xa6,0xff,0x7a,
  0xc7,0xff,0x82,0xe7,0xff,0x82,0xe7,0xff,0x8b,0x28,0xff,0x8b,0x28,0xff,0x8b,0x48,
  0xff,0x93,0x48,0xff,0x93,0x28,0xff,0xa3,0xc9,0xff,0xa3,0xc9,0xff,0xac,0x0a,0xff,
  0x8b,0x49,0xff,0x5a,0x26,0xff,0x51,0xe5,0xff,0x20,0xa1,0xff,0x20,0xa1,0xff,0x18,
  0x61,0xff,0x00,0x00,0xff,0x62,0x45,0xff,0xbc,0xee,0xff,0xbc,0xee,0xff,0xc5,0x2f,
  0xff,0xf7,0x58,0xff,0xff,0x77,0xff,0x93,0xea,0xff,0x93,0xea,0xff,0x08,0x20,0xff,
  0x18,0xc3,0x00,0x21,0x24,0x00,0x21,0x24,0x00,0x21,0x24,0x00,0x21,0x24,0x00,0x21,
  0x24,0x00,0x21,0x04,0x00,0x21,0x04,0x00,0x21,0x04,0x00,0x21,0x04,0x00,0x21,0x04,
  0x00,0x19,0x04,0x00,0x19,0x04,0x00,0x21,0x04,0x00,0x21,0x04,0x00,0x21,0x04,0x00,
  0x21,0x04,0x00,0x21,0x04,0x00,0x21,0x04,0x00,0x21,0x04,0x00,0x21,0x04,0x00,0x21,
  0x04,0x00,0x21,0x04,0x00,0x21,0x24,0x00,0x00,0x41,0xff,0x00,0x41,0xff,0x00,0x00,
  0xff,0x00,0x00,0xff,0x59,0xe5,0xff,0xff,0x76,0xff,0xff,0x76,0xff,0xff,0x33,0xff,
  0xff,0x12,0xff,0xff,0x12,0xff,0xff,0xb5,0xff,0xee,0x51,0xff,0xee,0x51,0xff,0x10,
  0x20,0xff,0x08,0x20,0xff,0x18,0xe3,0x00,0x21,0x24,0x00,0x21,0x24,0x00,0x21,0x04,
  0x00,0x21,0x04,0x00,0x21,0x04,0x00,0x21,0x04,0x00,0x21,0x04,0x00,0x21,0x04,0x00,
  0x21,0x04,0x00,0x21,0x04,0x00,0x21,0x04,0x00,0x21,0x04,0x00,0x21,0x04,0x00,0x21,
  0x04,0x00,0x21,0x04,0x00,0x21,0x04,0x00,0x21,0x04,0x00,0x21,0x04,0x00,0x21,0x04,
  0x00,0x21,0x04,0x00,0x21,0x04,0x00,0x21,0x04,0x00,0x21,0x04,0x00,0x21,0x04,0x00,
  0x19,0x04,0x00,0x21,0x04,0x00,0x19,0x04,0x00,0x21,0x04,0x00,0x21,0x04,0x00,0x21,
  0x04,0x00,0x21,0x04,0x00,0x21,0x04,0x00,0x21,0x04,0x00,0x21,0x04,0x00,0x21,0x04,
  0x00,0x21,0x04,0x00,0x21,0x04,0x00,0x21,0x04,0x00,0x21,0x04,0x00,0x21,0x04,0x00,
  0x19,0x03,0x00,0x10,0xc3,0x00,0x08,0x41,0xff,0x5a,0x26,0xff,0x5a,0x26,0xff,0x9c,
  0x0a,0xff,0xa4,0x0b,0xff,0xbc,0xcd,0xff,0xa4,0x0b,0xff,0xa4,0x0b,0xff,0x83,0x08,
  0xff,0x72,0xa6,0xff,0x72,0xc6,0xff,0x72,0x86,0xff,0x7a,0xa6,0xff,0x7a,0xa6,0xff,
  0x7a,0xc7,0xff,0x82,0xe7,0xff,0x82,0xe7,0xff,0x8b,0x28,0xff,0x8b,0x28,0xff,0x8b,
  0x48,0xff,0x93,0x48,0xff,0x93,0x28,0xff,0xa3,0xc9,0xff,0xa3,0xc9,0xff,0xac,0x0a,
  0xff,0x8b,0x49,0xff,0x5a,0x26,0xff,0x51,0xe5,0xff,0x20,0xa1,0xff,0x20,0xa1,0xff,
  0x18,0x61,0xff,0x00,0x00,0xff,0x62,0x45,0xff,0xbc,0xee,0xff,0xbc,0xee,0xff,0xc5,
  0x2f,0xff,0xf7,0x58,0xff,0xff,0x77,0xff,0x93,0xea,0xff,0x93,0xea,0xff,0x08,0x20,
  0xff,0x18,0xc3,0x00,0x21,0x24,0x00,0x21,0x24,0x00,0x21,0x24,0x00,0x21,0x24,0x00,
  0x21,0x24,0x00,0x21,0x04,0x00,0x21,0x04,0x00,0x21,0x04,0x00,0x21,0x04,0x00,0x21,
  0x04,0x00,0x19,0x04,0x00,0x19,0x04,0x00,0x21,0x04,0x00,0x21,0x04,0x00,0x21,0x04,
  0x00,0x21,0x04,0x00,0x21,0x04,0x00,0x21,0x04,0x00,0x21,0x04,0x00,0x21,0x04,0x00,
  0x21,0x24,0x00,0x18,0xc3,0x00,0x08,0x40,0xff,0x83,0x48,0xff,0x83,0x48,0xff,0xc5,
  0x4e,0xff,0x72,0x66,0xff,0x9b,0x06,0xff,0xf6,0xb0,0xff,0xf6,0xb0,0xff,0xf6,0x2d,
  0xff,0xf6,0x2e,0xff,0xf6,0x2e,0xff,0xf6,0x4e,0xff,0x9b,0x45,0xff,0x9b,0x45,0xff,
  0x92,0xe6,0xff,0xc4,0xcc,0xff,0x39,0x43,0xff,0x18,0xc3,0x00,0x18,0xc3,0x00,0x21,
  0x24,0x00,0x21,0x04,0x00,0x19,0x04,0x00,0x21,0x04,0x00,0x21,0x04,0x00,0x21,0x04,
  0x00,0x21,0x04,0x00,0x21,0x04,0x00,0x21,0x04,0x00,0x21,0x04,0x00,0x21,0x04,0x00,
  0x21,0x04,0x00,0x21,0x04,0x00,0x21,0x04,0x00,0x19,0x04,0x00,0x19,0x04,0x00,0x21,
  0x04,0x00,0x21,0x04,0x00,0x21,0x04,0x00,0x21,0x04,0x00,0x21,0x04,0x00,0x19,0x04,
  0x00,0x21,0x04,0x00,0x19,0x04,0x00,0x19,0x04,0x00,0x21,0x04,0x00,0x21,0x04,0x00,
  0x21,0x04,0x00,0x21,0x04,0x00,0x21,0x04,0x00,0x21,0x04,0x00,0x21,0x04,0x00,0x21,
  0x04,0x00,0x21,0x04,0x00,0x18,0xe4,0x00,0x19,0x04,0x00,0x19,0x04,0x00,0x10,0xc2,
  0x00,0x00,0x20,0xff,0x08,0x41,0xff,0x83,0x29,0xff,0xac,0x0b,0xff,0xac,0x0b,0xff,
  0xac,0x2b,0xff,0x8b,0x28,0xff,0x72,0x86,0xff,0x6a,0x66,0xff,0x6a,0x66,0xff,0x6a,
  0x45,0xff,0x6a,0x66,0xff,0x72,0x86,0xff,0x72,0xa7,0xff,0x7a,0xc7,0xff,0x7a,0xc7,
  0xff,0x7a,0xc7,0xff,0x7a,0xc7,0xff,0x7a,0xa7,0xff,0x7a,0xe7,0xff,0x7a,0xe7,0xff,
  0x7a,0xc7,0xff,0x72,0x66,0xff,0x6a,0x46,0xff,0x7a,0xa6,0xff,0x7a,0xa6,0xff,0x8a,
  0xe7,0xff,0x93,0x48,0xff,0x72,0x45,0xff,0x83,0x07,0xff,0x8b,0x68,0xff,0x8b,0x68,
  0xff,0x6a,0x86,0xff,0x28,0xc2,0xff,0x18,0x81,0xff,0x28,0xa2,0xff,0x28,0xa2,0xff,
  0x20,0x61,0xff,0xcd,0xb1,0xff,0xff,0xdb,0xff,0xf6,0xf5,0xff,0xf6,0xf5,0xff,0x9b,
  0x8a,0xff,0x52,0x25,0xff,0x08,0x41,0xff,0x10,0x82,0x00,0x18,0xe3,0x00,0x18,0xe3,
  0x00,0x21,0x04,0x00,0x21,0x04,0x00,0x21,0x04,0x00,0x21,0x04,0x00,0x21,0x04,0x00,
  0x19,0x04,0x00,0x21,0x04,0x00,0x19,0x04,0x00,0x21,0x04,0x00,0x21,0x04,0x00,0x21,
  0x04,0x00,0x21,0x04,0x00,0x21,0x04,0x00,0x21,0x24,0x00,0x21,0x04,0x00,0x21,0x04,
  0x00,0x21,0x24,0x00,0x21,0x03,0x00,0x49,0x63,0xff,0xfe,0xd2,0xff,0xfe,0xd2,0xff,
  0xff,0xd7,0xff,0xff,0x73,0xff,0xed,0x8b,0xff,0xdd,0x09,0xff,0xdd,0x09,0xff,0xfe,
  0xcf,0xff,0x8a,0x84,0xff,0x40,0xa1,0xff,0x59,0x41,0xff,0x92,0xc5,0xff,0x92,0xc5,
  0xff,0xfe,0x91,0xff,0xf5,0xae,0xff,0x28,0x80,0xff,0x10,0x40,0xff,0x10,0x40,0xff,
  0x21,0x03,0x00,0x19,0x04,0x00,0x21,0x03,0x00,0x19,0x04,0x00,0x19,0x04,0x00,0x19,
  0x04,0x00,0x21,0x04,0x00,0x21,0x04,0x00,0x21,0x04,0x00,0x21,0x04,0x00,0x21,0x04,
  0x00,0x21,0x04,0x00,0x21,0x04,0x00,0x21,0x04,0x00,0x19,0x04,0x00,0x19,0x04,0x00,
  0x21,0x04,0x00,0x21,0x04,0x00,0x21,0x04,0x00,0x21,0x04,0x00,0x21,0x04,0x00,0x19,
  0x04,0x00,0x21,0x04,0x00,0x19,0x04,0x00,0x21,0x04,0x00,0x21,0x04,0x00,0x21,0x04,
  0x00,0x21,0x04,0x00,0x21,0x04,0x00,0x21,0x04,0x00,0x21,0x04,0x00,0x21,0x04,0x00,
  0x21,0x04,0x00,0x21,0x04,0x00,0x21,0x24,0x00,0x10,0x82,0x00,0x10,0x82,0x00,0x18,
  0xc1,0x00,0x8b,0xa9,0xff,0xac,0x0b,0xff,0xa4,0x0b,0xff,0x72,0x86,0xff,0x72,0x86,
  0xff,0x6a,0x46,0xff,0x6a,0x66,0xff,0x72,0x87,0xff,0x6a,0x66,0xff,0x6a,0x66,0xff,
  0x72,0xa6,0xff,0x72,0xa7,0xff,0x72,0x86,0xff,0x7a,0xc7,0xff,0x7a,0xe7,0xff,0x7a,
  0xe7,0xff,0x7a,0xc7,0xff,0x7a,0xc7,0xff,0x7a,0xe7,0xff,0x7a,0xc7,0xff,0x7a,0xc7,
  0xff,0x7a,0xa7,0xff,0x7a,0xc7,0xff,0x7a,0xa7,0xff,0x72,0x87,0xff,0x72,0x87,0xff,
  0x7a,0xa7,0xff,0x93,0x48,0xff,0x93,0x48,0xff,0x6a,0x25,0xff,0x59,0xa3,0xff,0x59,
  0xa3,0xff,0x8b,0x68,0xff,0x7a,0xe7,0xff,0x51,0xa4,0xff,0x28,0xc2,0xff,0x28,0xc2,
  0xff,0x31,0x23,0xff,0x28,0xa1,0xff,0x93,0x69,0xff,0xff,0x36,0xff,0xff,0x36,0xff,
  0xff,0xfb,0xff,0xe6,0x53,0xff,0x10,0x61,0xff,0x18,0xc2,0x00,0x29,0x64,0x00,0x29,
  0x64,0x00,0x18,0xe3,0x00,0x21,0x04,0x00,0x21,0x04,0x00,0x21,0x04,0x00,0x21,0x04,
  0x00,0x21,0x04,0x00,0x21,0x04,0x00,0x21,0x04,0x00,0x21,0x04,0x00,0x21,0x04,0x00,
  0x19,0x04,0x00,0x21,0x04,0x00,0x21,0x04,0x00,0x21,0x24,0x00,0x18,0xc3,0x00,0x18,
  0xc3,0x00,0x08,0x20,0xff,0x59,0xc4,0xff,0xed,0xad,0xff,0xf6,0x0e,0xff,0xf6,0x0e,
  0xff,0xf6,0x4e,0xff,0xff,0x52,0xff,0xe5,0x8c,0xff,0x7a,0x23,0xff,0x7a,0x23,0xff,
  0x93,0x26,0xff,0x38,0x60,0xff,0x61,0x83,0xff,0x9b,0x05,0xff,0x8a,0x23,0xff,0x8a,
  0x23,0xff,0xa2,0xc4,0xff,0xb3,0x86,0xff,0x9b,0x47,0xff,0x82,0xc7,0xff,0x82,0xc7,
  0xff,0x20,0xe2,0x00,0x19,0x04,0x00,0x21,0x04,0x00,0x19,0x04,0x00,0x19,0x04,0x00,
  0x19,0x04,0x00,0x21,0x04,0x00,0x19,0x04,0x00,0x21,0x04,0x00,0x21,0x04,0x00,0x21,
  0x04,0x00,0x21,0x04,0x00,0x21,0x04,0x00,0x19,0x04,0x00,0x19,0x04,0x00,0x19,0x04,
  0x00,0x21,0x04,0x00,0x19,0x04,0x00,0x21,0x04,0x00,0x21,0x04,0x00,0x21,0x04,0x00,
  0x19,0x04,0x00,0x21,0x04,0x00,0x21,0x04,0x00,0x19,0x04,0x00,0x19,0x04,0x00,0x19,
  0x04,0x00,0x21,0x04,0x00,0x21,0x04,0x00,0x21,0x04,0x00,0x21,0x04,0x00,0x21,0x04,
  0x00,0x19,0x04,0x00,0x18,0xe3,0x00,0x10,0xc2,0x00,0x00,0x00,0xff,0x00,0x00,0xff,
  0x5a,0x06,0xff,0xcd,0x0d,0xff,0x93,0x68,0xff,0x72,0x86,0xff,0x72,0xa7,0xff,0x72,
  0xa7,0xff,0x72,0xa7,0xff,0x72,0xa7,0xff,0x72,0xa7,0xff,0x72,0xa7,0xff,0x72,0xa7,
  0xff,0x72,0x86,0xff,0x72,0x86,0xff,0x7a,0xe7,0xff,0x7a,0xe7,0xff,0x7a,0xc7,0xff,
  0x7a,0xc7,0xff,0x7a,0xc7,0xff,0x7a,0xc7,0xff,0x7a,0xc7,0xff,0x7a,0xc7,0xff,0x7a,
  0xc7,0xff,0x7a,0xa6,0xff,0x7a,0xc7,0xff,0x72,0xa7,0xff,0x72,0xa7,0xff,0x72,0xa7,
  0xff,0x6a,0x66,0xff,0x62,0x25,0xff,0x8b,0x28,0xff,0xac,0x0b,0xff,0x72,0x66,0xff,
  0x72,0x66,0xff,0x59,0xc3,0xff,0x6a,0x45,0xff,0x8b,0x48,0xff,0x59,0xa4,0xff,0x59,
  0xa4,0xff,0x41,0x84,0xff,0x30,0xc2,0xff,0x18,0x61,0xff,0x72,0xa6,0xff,0x72,0xa6,
  0xff,0xff,0x56,0xff,0xff,0x58,0xff,0xd5,0xb1,0xff,0x49,0xe4,0xff,0x18,0x81,0x00,
  0x18,0x81,0x00,0x18,0xc3,0x00,0x18,0xc3,0x00,0x18,0xe3,0x00,0x21,0x04,0x00,0x21,
  0x04,0x00,0x21,0x04,0x00,0x19,0x04,0x00,0x19,0x04,0x00,0x21,0x04,0x00,0x21,0x04,
  0x00,0x19,0x04,0x00,0x19,0x04,0x00,0x21,0x04,0x00,0x18,0xe3,0x00,0x20,0xc2,0x00,
  0x20,0xc2,0x00,0x8b,0x07,0xff,0xe5,0x2b,0xff,0xed,0x8b,0xff,0xd4,0xa9,0xff,0xd4,
  0xa9,0xff,0xf6,0x6e,0xff,0xfe,0x90,0xff,0x7a,0x64,0xff,0x28,0x40,0xff,0x28,0x40,
  0xff,0x48,0xc1,0xff,0x92,0x85,0xff,0xed,0x4c,0xff,0xfe,0xaf,0xff,0xfd,0xed,0xff,
  0xfd,0xed,0xff,0xfe,0x0f,0xff,0xfe,0xd1,0xff,0xff,0x11,0xff,0xfe,0x51,0xff,0xfe,
  0x51,0xff,0x28,0xc1,0x00,0x10,0x62,0x00,0x21,0x24,0x00,0x19,0x03,0x00,0x19,0x03,
  0x00,0x19,0x04,0x00,0x19,0x04,0x00,0x19,0x04,0x00,0x21,0x04,0x00,0x21,0x04,0x00,
  0x21,0x04,0x00,0x21,0x04,0x00,0x21,0x04,0x00,0x19,0x04,0x00,0x19,0x04,0x00,0x19,
  0x04,0x00,0x21,0x04,0x00,0x19,0x04,0x00,0x19,0x04,0x00,0x21,0x04,0x00,0x21,0x04,
  0x00,0x19,0x04,0x00,0x21,0x04,0x00,0x21,0x04,0x00,0x19,0x04,0x00,0x21,0x04,0x00,
  0x21,0x04,0x00,0x21,0x04,0x00,0x21,0x04,0x00,0x21,0x04,0x00,0x19,0x04,0x00,0x19,
  0x04,0x00,0x21,0x04,0x00,0x08,0x20,0xff,0x29,0x02,0x00,0x7a,0xe7,0xff,0x7a,0xe7,
  0xff,0x93,0x69,0xff,0x7a,0xc7,0xff,0x72,0x86,0xff,0x72,0xa7,0xff,0x7a,0xc7,0xff,
  0x7a,0xc7,0xff,0x7a,0xc7,0xff,0x72,0x86,0xff,0x72,0x86,0xff,0x72,0x86,0xff,0x72,
  0x86,0xff,0x72,0x86,0xff,0x72,0xa7,0xff,0x7a,0xc7,0xff,0x7a,0xe7,0xff,0x7a,0xc7,
  0xff,0x7a,0xc7,0xff,0x7a,0xc7,0xff,0x7a,0xe7,0xff,0x7a,0xa7,0xff,0x7a,0xa7,0xff,
  0x7a,0xa7,0xff,0x7a,0xc7,0xff,0x72,0x86,0xff,0x72,0x86,0xff,0x72,0xa7,0xff,0x72,
  0xa7,0xff,0x72,0x86,0xff,0x72,0xa7,0xff,0x6a,0x45,0xff,0x7a,0xc7,0xff,0xa4,0x0a,
  0xff,0xa4,0x0a,0xff,0x93,0xaa,0xff,0x51,0x63,0xff,0x61,0xe4,0xff,0x93,0x89,0xff,
  0x93,0x89,0xff,0x7a,0xc7,0xff,0x30,0xe2,0xff,0x41,0x84,0xff,0x20,0x81,0xff,0x20,
  0x81,0xff,0x72,0x66,0xff,0xff,0x57,0xff,0xff,0xfa,0xff,0xc5,0x2f,0xff,0x20,0x81,
  0x00,0x20,0x81,0x00,0x18,0x81,0x00,0x21,0x03,0x00,0x10,0xa2,0x00,0x21,0x04,0x00,
  0x21,0x04,0x00,0x18,0xe3,0x00,0x21,0x04,0x00,0x19,0x04,0x00,0x21,0x04,0x00,0x21,
  0x04,0x00,0x19,0x04,0x00,0x19,0x04,0x00,0x21,0x04,0x00,0x18,0xe3,0x00,0x20,0xc2,
  0x00,0x20,0xc2,0x00,0x8b,0x07,0xff,0xe5,0x2b,0xff,0xed,0x8b,0xff,0xd4,0xa9,0xff,
  0xd4,0xa9,0xff,0xf6,0x6e,0xff,0xfe,0x90,0xff,0x7a,0x64,0xff,0x28,0x40,0xff,0x28,
  0x40,0xff,0x48,0xc1,0xff,0x92,0x85,0xff,0xed,0x4c,0xff,0xfe,0xaf,0xff,0xfd,0xed,
  0xff,0xfd,0xed,0xff,0xfe,0x0f,0xff,0xfe,0xd1,0xff,0xff,0x11,0xff,0xfe,0x51,0xff,
  0xfe,0x51,0xff,0x28,0xc1,0x00,0x10,0x62,0x00,0x21,0x24,0x00,0x19,0x03,0x00,0x19,
  0x03,0x00,0x19,0x04,0x00,0x19,0x04,0x00,0x19,0x04,0x00,0x21,0x04,0x00,0x21,0x04,
  0x00,0x21,0x04,0x00,0x21,0x04,0x00,0x21,0x04,0x00,0x19,0x04,0x00,0x19,0x04,0x00,
  0x19,0x04,0x00,0x21,0x04,0x00,0x19,0x04,0x00,0x19,0x04,0x00,0x21,0x04,0x00,0x21,
  0x04,0x00,0x19,0x04,0x00,0x21,0x04,0x00,0x21,0x04,0x00,0x19,0x04,0x00,0x21,0x04,
  0x00,0x21,0x04,0x00,0x21,0x04,0x00,0x21,0x04,0x00,0x21,0x04,0x00,0x19,0x04,0x00,
  0x19,0x04,0x00,0x21,0x04,0x00,0x08,0x20,0xff,0x29,0x02,0x00,0x7a,0xe7,0xff,0x7a,
  0xe7,0xff,0x93,0x69,0xff,0x7a,0xc7,0xff,0x72,0x86,0xff,0x72,0xa7,0xff,0x7a,0xc7,
  0xff,0x7a,0xc7,0xff,0x7a,0xc7,0xff,0x72,0x86,0xff,0x72,0x86,0xff,0x72,0x86,0xff,
  0x72,0x86,0xff,0x72,0x86,0xff,0x72,0xa7,0xff,0x7a,0xc7,0xff,0x7a,0xe7,0xff,0x7a,
  0xc7,0xff,0x7a,0xc7,0xff,0x7a,0xc7,0xff,0x7a,0xe7,0xff,0x7a,0xa7,0xff,0x7a,0xa7,
  0xff,0x7a,0xa7,0xff,0x7a,0xc7,0xff,0x72,0x86,0xff,0x72,0x86,0xff,0x72,0xa7,0xff,
  0x72,0xa7,0xff,0x72,0x86,0xff,0x72,0xa7,0xff,0x6a,0x45,0xff,0x7a,0xc7,0xff,0xa4,
  0x0a,0xff,0xa4,0x0a,0xff,0x93,0xaa,0xff,0x51,0x63,0xff,0x61,0xe4,0xff,0x93,0x89,
  0xff,0x93,0x89,0xff,0x7a,0xc7,0xff,0x30,0xe2,0xff,0x41,0x84,0xff,0x20,0x81,0xff,
  0x20,0x81,0xff,0x72,0x66,0xff,0xff,0x57,0xff,0xff,0xfa,0xff,0xc5,0x2f,0xff,0x20,
  0x81,0x00,0x20,0x81,0x00,0x18,0x81,0x00,0x21,0x03,0x00,0x10,0xa2,0x00,0x21,0x04,
  0x00,0x21,0x04,0x00,0x18,0xe3,0x00,0x21,0x04,0x00,0x19,0x04,0x00,0x21,0x04,0x00,
  0x21,0x04,0x00,0x19,0x04,0x00,0x19,0x04,0x00,0x21,0x24,0x00,0x00,0x20,0xff,0x6a,
  0x86,0xff,0x6a,0x86,0xff,0xff,0xb5,0xff,0xf6,0x6e,0xff,0xa3,0x25,0xff,0x82,0x64,
  0xff,0x82,0x64,0xff,0xfe,0xf0,0xff,0xf6,0x2f,0xff,0x30,0x60,0xff,0x9b,0x68,0xff,
  0x9b,0x68,0xff,0xe5,0x8e,0xff,0xfe,0xd1,0xff,0xfe,0xb0,0xff,0xfd,0xee,0xff,0xfe,
  0xd1,0xff,0xfe,0xd1,0xff,0xfe,0x70,0xff,0xfe,0x2f,0xff,0xfe,0x2f,0xff,0xf5,0xae,
  0xff,0xf5,0xae,0xff,0x48,0xc0,0xff,0x08,0x40,0xff,0x19,0x04,0x00,0x19,0x03,0x00,
  0x19,0x03,0x00,0x19,0x04,0x00,0x19,0x04,0x00,0x19,0x04,0x00,0x21,0x04,0x00,0x21,
  0x04,0x00,0x21,0x04,0x00,0x21,0x04,0x00,0x21,0x04,0x00,0x19,0x04,0x00,0x19,0x04,
  0x00,0x19,0x04,0x00,0x21,0x04,0x00,0x19,0x04,0x00,0x21,0x04,0x00,0x21,0x04,0x00,
  0x21,0x04,0x00,0x21,0x04,0x00,0x19,0x04,0x00,0x21,0x04,0x00,0x19,0x04,0x00,0x19,
  0x04,0x00,0x19,0x04,0x00,0x21,0x04,0x00,0x21,0x04,0x00,0x21,0x04,0x00,0x18,0xc3,
  0x00,0x18,0xc3,0x00,0x08,0x20,0xff,0x5a,0x25,0xff,0xa3,0xca,0xff,0xa3,0xea,0xff,
  0xa3,0xea,0xff,0x7a,0xc7,0xff,0x72,0x86,0xff,0x72,0xa7,0xff,0x7a,0xc7,0xff,0x72,
  0x66,0xff,0x72,0x66,0xff,0x72,0x86,0xff,0x72,0xa6,0xff,0x72,0x86,0xff,0x6a,0x66,
  0xff,0x6a,0x66,0xff,0x72,0x66,0xff,0x72,0xc7,0xff,0x7a,0xc7,0xff,0x72,0xa7,0xff,
  0x7a,0xc7,0xff,0x7a,0xc7,0xff,0x7a,0xa7,0xff,0x7a,0xa7,0xff,0x7a,0xc7,0xff,0x7a,
  0xc7,0xff,0x7a,0xc7,0xff,0x72,0x86,0xff,0x72,0x86,0xff,0x72,0x86,0xff,0x72,0x86,
  0xff,0x72,0x86,0xff,0x72,0x86,0xff,0x72,0xa7,0xff,0x72,0x86,0xff,0x6a,0x45,0xff,
  0x7a,0xc6,0xff,0x7a,0xc6,0xff,0x8b,0x48,0xff,0x82,0xe8,0xff,0x6a,0x46,0xff,0x72,
  0x86,0xff,0x72,0x86,0xff,0x93,0x89,0xff,0x7a,0x87,0xff,0x39,0x22,0xff,0x49,0xa4,
  0xff,0x49,0xa4,0xff,0x28,0x81,0xff,0x93,0x89,0xff,0xff,0x98,0xff,0xff,0x37,0xff,
  0xc5,0x0e,0xff,0xc5,0x0e,0xff,0x62,0x65,0xff,0x52,0x46,0xff,0x20,0xe2,0x00,0x10,
  0x82,0x00,0x10,0x82,0x00,0x19,0x04,0x00,0x19,0x04,0x00,0x19,0x04,0x00,0x19,0x04,
  0x00,0x19,0x04,0x00,0x21,0x04,0x00,0x21,0x04,0x00,0x21,0x24,0x00,0x00,0x21,0xff,
  0x62,0x25,0xff,0x62,0x25,0xff,0xff,0x73,0xff,0xfe,0xae,0xff,0xab,0xc8,0xff,0x51,
  0x43,0xff,0x51,0x43,0xff,0xf6,0x8f,0xff,0xd5,0x2b,0xff,0x61,0x82,0xff,0xf6,0x91,
  0xff,0xf6,0x91,0xff,0xff,0x12,0xff,0xf5,0xcd,0xff,0xfe,0x90,0xff,0xfe,0x90,0xff,
  0xfe,0xf1,0xff,0xfe,0xf1,0xff,0xfe,0x6f,0xff,0xfe,0x0f,0xff,0xf6,0x0f,0xff,0xfd,
  0xef,0xff,0xfd,0xef,0xff,0xf5,0xaf,0xff,0x8a,0xe7,0xff,0x08,0x41,0xff,0x21,0x04,
  0x00,0x21,0x04,0x00,0x19,0x04,0x00,0x19,0x04,0x00,0x19,0x04,0x00,0x21,0x04,0x00,
  0x19,0x04,0x00,0x19,0x04,0x00,0x19,0x04,0x00,0x21,0x04,0x00,0x19,0x04,0x00,0x19,
  0x04,0x00,0x19,0x04,0x00,0x21,0x04,0x00,0x19,0x04,0x00,0x21,0x04,0x00,0x21,0x04,
  0x00,0x21,0x04,0x00,0x19,0x04,0x00,0x21,0x04,0x00,0x19,0x04,0x00,0x19,0x04,0x00,
  0x19,0x04,0x00,0x19,0x04,0x00,0x21,0x04,0x00,0x21,0x04,0x00,0x18,0xe3,0x00,0x08,
  0x81,0xff,0x08,0x81,0xff,0x31,0x22,0xff,0x9b,0xca,0xff,0x82,0xc7,0xff,0x62,0x25,
  0xff,0x62,0x25,0xff,0x72,0xa7,0xff,0x7a,0xe7,0xff,0x7a,0xc7,0xff,0x7a,0xe7,0xff,
  0x72,0x86,0xff,0x72,0x86,0xff,0x6a,0x86,0xff,0x62,0x46,0xff,0x6a,0x46,0xff,0x62,
  0x46,0xff,0x62,0x46,0xff,0x6a,0x66,0xff,0x6a,0x86,0xff,0x72,0xa7,0xff,0x7a,0xc7,
  0xff,0x7a,0xe7,0xff,0x7a,0xe7,0xff,0x72,0xa7,0xff,0x72,0xa7,0xff,0x72,0xa6,0xff,
  0x72,0xa6,0xff,0x72,0xa6,0xff,0x72,0xa7,0xff,0x7a,0xa7,0xff,0x72,0x86,0xff,0x72,
  0x86,0xff,0x72,0x86,0xff,0x72,0xa6,0xff,0x72,0x86,0xff,0x72,0x66,0xff,0x72,0xa7,
  0xff,0x6a,0x46,0xff,0x6a,0x46,0xff,0x6a,0x45,0xff,0x7a,0xc7,0xff,0x82,0xe8,0xff,
  0x72,0x86,0xff,0x72,0x86,0xff,0x72,0x66,0xff,0x9b,0xc9,0xff,0x8b,0x07,0xff,0x41,
  0x22,0xff,0x41,0x22,0xff,0x49,0xa4,0xff,0x28,0xa1,0xff,0xac,0x4c,0xff,0xff,0x15,
  0xff,0xff,0x96,0xff,0xff,0x96,0xff,0xac,0x0a,0xff,0x20,0x81,0xff,0x39,0x44,0xff,
  0x10,0x81,0xff,0x10,0x81,0xff,0x08,0xa2,0x00,0x21,0x24,0x00,0x21,0x04,0x00,0x19,
  0x04,0x00,0x19,0x04,0x00,0x19,0x04,0x00,0x21,0x04,0x00,0x18,0xe3,0x00,0x08,0x41,
  0xff,0x10,0x20,0xff,0x10,0x20,0xff,0xcc,0xca,0xff,0xff,0x71,0xff,0xe5,0x8c,0xff,
  0x69,0xa3,0xff,0x69,0xa3,0xff,0xa3,0x67,0xff,0x7a,0x24,0xff,0x92,0xe6,0xff,0xff,
  0x72,0xff,0xff,0x72,0xff,0xfe,0xb0,0xff,0xfd,0xed,0xff,0xfe,0x8f,0xff,0xfe,0x0e,
  0xff,0xdc,0xaa,0xff,0xdc,0xaa,0xff,0xf5,0xac,0xff,0xfe,0x4f,0xff,0xf5,0xce,0xff,
  0xf5,0xad,0xff,0xf5,0xad,0xff,0xfe,0xd1,0xff,0xd4,0xac,0xff,0x08,0x20,0xff,0x20,
  0xe4,0x00,0x20,0xe4,0x00,0x19,0x04,0x00,0x19,0x04,0x00,0x19,0x04,0x00,0x19,0x04,
  0x00,0x19,0x04,0x00,0x19,0x04,0x00,0x19,0x04,0x00,0x21,0x04,0x00,0x19,0x04,0x00,
  0x21,0x04,0x00,0x21,0x04,0x00,0x21,0x04,0x00,0x21,0x04,0x00,0x19,0x04,0x00,0x19,
  0x04,0x00,0x19,0x04,0x00,0x19,0x04,0x00,0x19,0x04,0x00,0x21,0x04,0x00,0x21,0x04,
  0x00,0x21,0x04,0x00,0x21,0x04,0x00,0x21,0x04,0x00,0x19,0x04,0x00,0x00,0x41,0x00,
  0x21,0x23,0x00,0x21,0x23,0x00,0x83,0x49,0xff,0x61,0xe4,0xff,0x6a,0x25,0xff,0x8b,
  0x28,0xff,0x8b,0x28,0xff,0x7a,0xc7,0xff,0x83,0x07,0xff,0x7a,0xc7,0xff,0x72,0xa7,
  0xff,0x62,0x46,0xff,0x62,0x46,0xff,0x51,0xe5,0xff,0x49,0xa4,0xff,0x49,0xc4,0xff,
  0x51,0xc5,0xff,0x51,0xc5,0xff,0x51,0xe5,0xff,0x51,0xc4,0xff,0x5a,0x25,0xff,0x6a,
  0x66,0xff,0x72,0xa7,0xff,0x72,0xa7,0xff,0x72,0xa7,0xff,0x72,0xa7,0xff,0x7a,0xa7,
  0xff,0x72,0xa7,0xff,0x72,0xa7,0xff,0x72,0x86,0xff,0x72,0x86,0xff,0x72,0xa6,0xff,
  0x72,0xa7,0xff,0x72,0xa7,0xff,0x72,0x86,0xff,0x72,0x86,0xff,0x72,0x86,0xff,0x72,
  0x86,0xff,0x72,0x66,0xff,0x72,0x66,0xff,0x72,0xa7,0xff,0x6a,0x66,0xff,0x72,0xa7,
  0xff,0x7a,0xa7,0xff,0x7a,0xa7,0xff,0x6a,0x26,0xff,0x82,0xe7,0xff,0xac,0x0a,0xff,
  0x62,0x05,0xff,0x62,0x05,0xff,0x49,0xa4,0xff,0x31,0x02,0xff,0x30,0xe2,0xff,0xe6,
  0x32,0xff,0xf6,0xb3,0xff,0xf6,0xb3,0xff,0xdd,0xd1,0xff,0x41,0x02,0xff,0x62,0x25,
  0xff,0xb4,0xcf,0xff,0xb4,0xcf,0xff,0x10,0x81,0x00,0x10,0xa2,0x00,0x21,0x04,0x00,
  0x19,0x04,0x00,0x19,0x04,0x00,0x19,0x04,0x00,0x19,0x04,0x00,0x08,0x81,0xff,0x20,
  0xe2,0xff,0x41,0x03,0xff,0x41,0x03,0xff,0x59,0x82,0xff,0xed,0xac,0xff,0xfe,0xcf,
  0xff,0xd4,0xea,0xff,0xd4,0xea,0xff,0x9b,0x25,0xff,0x51,0x02,0xff,0x7a,0x45,0xff,
  0xed,0xcd,0xff,0xed,0xcd,0xff,0xed,0x8c,0xff,0xf5,0xed,0xff,0xe5,0x6c,0xff,0x71,
  0xe3,0xff,0x38,0x60,0xff,0x38,0x60,0xff,0xd4,0x69,0xff,0xfe,0x8f,0xff,0xfd,0xee,
  0xff,0xf5,0x8d,0xff,0xf5,0x8d,0xff,0xfe,0x2f,0xff,0xd4,0x8c,0xff,0x00,0x20,0xff,
  0x18,0xe3,0x00,0x18,0xe3,0x00,0x21,0x04,0x00,0x19,0x04,0x00,0x19,0x04,0x00,0x19,
  0x04,0x00,0x19,0x04,0x00,0x19,0x04,0x00,0x19,0x04,0x00,0x21,0x04,0x00,0x21,0x04,
  0x00,0x21,0x04,0x00,0x21,0x04,0x00,0x21,0x04,0x00,0x21,0x04,0x00,0x19,0x04,0x00,
  0x19,0x04,0x00,0x19,0x04,0x00,0x19,0x04,0x00,0x19,0x04,0x00,0x21,0x04,0x00,0x21,
  0x04,0x00,0x21,0x04,0x00,0x21,0x04,0x00,0x19,0x04,0x00,0x19,0x04,0x00,0x08,0x82,
  0x00,0x31,0x03,0x00,0x31,0x03,0x00,0x8b,0x07,0xff,0xa3,0xea,0xff,0x93,0x89,0xff,
  0x93,0x89,0xff,0x93,0x89,0xff,0x72,0xa7,0xff,0x62,0x66,0xff,0x5a,0x25,0xff,0x51,
  0xc4,0xff,0x41,0x83,0xff,0x41,0x83,0xff,0x41,0x84,0xff,0x41,0x84,0xff,0x49,0xa4,
  0xff,0x41,0x84,0xff,0x41,0x84,0xff,0x49,0x84,0xff,0x41,0x83,0xff,0x41,0x83,0xff,
  0x39,0x43,0xff,0x49,0xa4,0xff,0x49,0xa4,0xff,0x51,0xc4,0xff,0x62,0x45,0xff,0x6a,
  0x66,0xff,0x72,0x87,0xff,0x72,0x87,0xff,0x72,0x86,0xff,0x72,0xa7,0xff,0x72,0x86,
  0xff,0x72,0x86,0xff,0x72,0x86,0xff,0x72,0x86,0xff,0x72,0x86,0xff,0x72,0x86,0xff,
  0x72,0xa6,0xff,0x72,0xa7,0xff,0x72,0xa7,0xff,0x72,0xa7,0xff,0x72,0x66,0xff,0x7a,
  0xc7,0xff,0x7a,0xc7,0xff,0x7a,0xc7,0xff,0x7a,0xc7,0xff,0x82,0xe7,0xff,0x93,0x48,
  0xff,0x93,0x28,0xff,0x93,0x28,0xff,0x51,0xa3,0xff,0x6a,0xa6,0xff,0x41,0x63,0xff,
  0x6a,0x45,0xff,0xf6,0xb5,0xff,0xf6,0xb5,0xff,0xf7,0x15,0xff,0xf6,0xd4,0xff,0x8b,
  0x27,0xff,0x6a,0x66,0xff,0x6a,0x66,0xff,0x49,0x84,0xff,0x10,0x81,0x00,0x18,0xc3,
  0x00,0x21,0x04,0x00,0x21,0x04,0x00,0x19,0x04,0x00,0x19,0x04,0x00,0x10,0xa1,0x00,
  0xdd,0x8e,0xff,0xfe,0xf3,0xff,0xfe,0xf3,0xff,0xb3,0xa7,0xff,0x61,0x42,0xff,0xdd,
  0x2c,0xff,0xff,0x2f,0xff,0xff,0x2f,0xff,0xe5,0x6b,0xff,0x7a,0x03,0xff,0x40,0xe1,
  0xff,0x41,0x21,0xff,0x41,0x21,0xff,0x51,0x42,0xff,0x7a,0x43,0xff,0x59,0x82,0xff,
  0x20,0x40,0xff,0x7a,0x25,0xff,0x7a,0x25,0xff,0xf5,0x8d,0xff,0xfd,0xed,0xff,0xf5,
  0x6c,0xff,0xf5,0x6c,0xff,0xf5,0x6c,0xff,0xfe,0x0e,0xff,0xa3,0x48,0xff,0x00,0x00,
  0xff,0x18,0xe3,0x00,0x18,0xe3,0x00,0x21,0x04,0x00,0x19,0x04,0x00,0x19,0x04,0x00,
  0x19,0x04,0x00,0x19,0x04,0x00,0x19,0x04,0x00,0x19,0x04,0x00,0x19,0x04,0x00,0x19,
  0x04,0x00,0x19,0x04,0x00,0x19,0x04,0x00,0x21,0x04,0x00,0x19,0x04,0x00,0x19,0x04,
  0x00,0x19,0x04,0x00,0x19,0x04,0x00,0x19,0x04,0x00,0x19,0x04,0x00,0x21,0x04,0x00,
  0x21,0x04,0x00,0x19,0x04,0x00,0x19,0x04,0x00,0x10,0xc3,0x00,0x00,0x20,0xff,0x29,
  0x03,0x00,0x93,0x68,0xff,0x93,0x68,0xff,0xa3,0xa9,0xff,0x9b,0xc9,0xff,0x7a,0xc7,
  0xff,0x5a,0x25,0xff,0x5a,0x25,0xff,0x49,0xc4,0xff,0x41,0x64,0xff,0x41,0x43,0xff,
  0x49,0xa4,0xff,0x49,0xa4,0xff,0x49,0xa4,0xff,0x51,0xe5,0xff,0x51,0xc5,0xff,0x51,
  0xe5,0xff,0x51,0xc5,0xff,0x51,0xc5,0xff,0x51,0xc4,0xff,0x49,0xa4,0xff,0x41,0x83,
  0xff,0x41,0x63,0xff,0x39,0x43,0xff,0x39,0x43,0xff,0x39,0x43,0xff,0x41,0x63,0xff,
  0x39,0x22,0xff,0x62,0x46,0xff,0x62,0x46,0xff,0x8b,0x48,0xff,0x7a,0xc7,0xff,0x72,
  0x86,0xff,0x72,0x86,0xff,0x72,0x86,0xff,0x6a,0x86,0xff,0x72,0xa6,0xff,0x72,0x86,
  0xff,0x72,0xa7,0xff,0x72,0x86,0xff,0x72,0x86,0xff,0x72,0x87,0xff,0x72,0xa7,0xff,
  0x7a,0xa7,0xff,0x7a,0xa7,0xff,0x7a,0xa7,0xff,0x7a,0xa7,0xff,0x72,0x86,0xff,0x8b,
  0x28,0xff,0xbc,0x6b,0xff,0xbc,0x6b,0xff,0x8b,0x27,0xff,0x41,0x43,0xff,0x49,0xa4,
  0xff,0x18,0x61,0xff,0xd5,0xd1,0xff,0xd5,0xd1,0xff,0xff,0x57,0xff,0xf6,0xf5,0xff,
  0xab,0xaa,0xff,0x18,0x20,0xff,0x18,0x20,0xff,0xb4,0xcf,0xff,0x52,0x26,0xff,0x08,
  0x20,0xff,0x21,0x04,0x00,0x21,0x04,0x00,0x19,0x04,0x00,0x19,0x04,0x00,0x10,0xa1,
  0x00,0xdd,0x8e,0xff,0xfe,0xf3,0xff,0xfe,0xf3,0xff,0xb3,0xa7,0xff,0x61,0x42,0xff,
  0xdd,0x2c,0xff,0xff,0x2f,0xff,0xff,0x2f,0xff,0xe5,0x6b,0xff,0x7a,0x03,0xff,0x40,
  0xe1,0xff,0x41,0x21,0xff,0x41,0x21,0xff,0x51,0x42,0xff,0x7a,0x43,0xff,0x59,0x82,
  0xff,0x20,0x40,0xff,0x7a,0x25,0xff,0x7a,0x25,0xff,0xf5,0x8d,0xff,0xfd,0xed,0xff,
  0xf5,0x6c,0xff,0xf5,0x6c,0xff,0xf5,0x6c,0xff,0xfe,0x0e,0xff,0xa3,0x48,0xff,0x00,
  0x00,0xff,0x18,0xe3,0x00,0x18,0xe3,0x00,0x21,0x04,0x00,0x19,0x04,0x00,0x19,0x04,
  0x00,0x19,0x04,0x00,0x19,0x04,0x00,0x19,0x04,0x00,0x19,0x04,0x00,0x19,0x04,0x00,
  0x19,0x04,0x00,0x19,0x04,0x00,0x19,0x04,0x00,0x21,0x04,0x00,0x19,0x04,0x00,0x19,
  0x04,0x00,0x19,0x04,0x00,0x19,0x04,0x00,0x19,0x04,0x00,0x19,0x04,0x00,0x21,0x04,
  0x00,0x21,0x04,0x00,0x19,0x04,0x00,0x19,0x04,0x00,0x10,0xc3,0x00,0x00,0x20,0xff,
  0x29,0x03,0x00,0x93,0x68,0xff,0x93,0x68,0xff,0xa3,0xa9,0xff,0x9b,0xc9,0xff,0x7a,
  0xc7,0xff,0x5a,0x25,0xff,0x5a,0x25,0xff,0x49,0xc4,0xff,0x41,0x64,0xff,0x41,0x43,
  0xff,0x49,0xa4,0xff,0x49,0xa4,0xff,0x49,0xa4,0xff,0x51,0xe5,0xff,0x51,0xc5,0xff,
  0x51,0xe5,0xff,0x51,0xc5,0xff,0x51,0xc5,0xff,0x51,0xc4,0xff,0x49,0xa4,0xff,0x41,
  0x83,0xff,0x41,0x63,0xff,0x39,0x43,0xff,0x39,0x43,0xff,0x39,0x43,0xff,0x41,0x63,
  0xff,0x39,0x22,0xff,0x62,0x46,0xff,0x62,0x46,0xff,0x8b,0x48,0xff,0x7a,0xc7,0xff,
  0x72,0x86,0xff,0x72,0x86,0xff,0x72,0x86,0xff,0x6a,0x86,0xff,0x72,0xa6,0xff,0x72,
  0x86,0xff,0x72,0xa7,0xff,0x72,0x86,0xff,0x72,0x86,0xff,0x72,0x87,0xff,0x72,0xa7,
  0xff,0x7a,0xa7,0xff,0x7a,0xa7,0xff,0x7a,0xa7,0xff,0x7a,0xa7,0xff,0x72,0x86,0xff,
  0x8b,0x28,0xff,0xbc,0x6b,0xff,0xbc,0x6b,0xff,0x8b,0x27,0xff,0x41,0x43,0xff,0x49,
  0xa4,0xff,0x18,0x61,0xff,0xd5,0xd1,0xff,0xd5,0xd1,0xff,0xff,0x57,0xff,0xf6,0xf5,
  0xff,0xab,0xaa,0xff,0x18,0x20,0xff,0x18,0x20,0xff,0xb4,0xcf,0xff,0x52,0x26,0xff,
  0x08,0x20,0xff,0x21,0x04,0x00,0x21,0x04,0x00,0x19,0x04,0x00,0x19,0x04,0x00,0x10,
  0xa1,0x00,0xe5,0xce,0xff,0xff,0x31,0xff,0xff,0x31,0xff,0xf5,0xec,0xff,0x8a,0xa5,
  0xff,0x69,0xc3,0xff,0xc4,0x69,0xff,0xc4,0x69,0xff,0xd4,0xc9,0xff,0xc4,0x07,0xff,
  0x61,0xe3,0xff,0x20,0x61,0xff,0x20,0x61,0xff,0x28,0xc2,0xff,0x28,0x81,0xff,0x49,
  0x62,0xff,0x92,0xe6,0xff,0xf5,0xad,0xff,0xf5,0xad,0xff,0xfd,0xee,0xff,0xfd,0xac,
  0xff,0xf5,0x4c,0xff,0xf5,0x4b,0xff,0xf5,0x4b,0xff,0xfe,0x0d,0xff,0x6a,0x44,0xff,
  0x00,0x20,0xff,0x18,0xe3,0x00,0x18,0xe3,0x00,0x19,0x04,0x00,0x19,0x04,0x00,0x19,
  0x04,0x00,0x19,0x04,0x00,0x19,0x04,0x00,0x19,0x04,0x00,0x19,0x04,0x00,0x19,0x04,
  0x00,0x19,0x04,0x00,0x19,0x04,0x00,0x19,0x04,0x00,0x19,0x04,0x00,0x19,0x04,0x00,
  0x19,0x04,0x00,0x19,0x04,0x00,0x19,0x04,0x00,0x19,0x04,0x00,0x19,0x04,0x00,0x19,
  0x04,0x00,0x19,0x04,0x00,0x18,0xe3,0x00,0x18,0xe3,0x00,0x10,0x81,0x00,0x41,0xa4,
  0xff,0x93,0x69,0xff,0xa4,0x0a,0xff,0xa4,0x0a,0xff,0x6a,0x66,0xff,0x59,0xe5,0xff,
  0x49,0xa4,0xff,0x41,0x43,0xff,0x41,0x43,0xff,0x41,0x63,0xff,0x49,0xc4,0xff,0x49,
  0x84,0xff,0x49,0xa4,0xff,0x49,0x83,0xff,0x49,0x83,0xff,0x49,0xc4,0xff,0x41,0x84,
  0xff,0x51,0xc4,0xff,0x51,0xe4,0xff,0x51,0xe4,0xff,0x51,0xc4,0xff,0x49,0xa4,0xff,
  0x49,0xc4,0xff,0x49,0xa4,0xff,0x49,0xa4,0xff,0x49,0xa4,0xff,0x49,0xc4,0xff,0x41,
  0x84,0xff,0x39,0x43,0xff,0x52,0x05,0xff,0x52,0x05,0xff,0x6a,0x87,0xff,0x49,0x83,
  0xff,0x62,0x25,0xff,0x7b,0x07,0xff,0x7b,0x07,0xff,0x72,0xc7,0xff,0x72,0xc7,0xff,
  0x72,0x86,0xff,0x7a,0xa7,0xff,0x72,0xa7,0xff,0x72,0xa7,0xff,0x7a,0xa7,0xff,0x7a,
  0xc7,0xff,0x7a,0xc7,0xff,0x7a,0xc7,0xff,0x7a,0xc7,0xff,0x82,0xe8,0xff,0x83,0x28,
  0xff,0x72,0xa7,0xff,0x8b,0x07,0xff,0x8b,0x07,0xff,0x93,0x69,0xff,0x38,0xc2,0xff,
  0x28,0xc2,0xff,0x28,0xe1,0xff,0x6a,0x86,0xff,0x6a,0x86,0xff,0xee,0xb5,0xff,0xf6,
  0xb4,0xff,0xe6,0x31,0xff,0xc4,0xcd,0xff,0xc4,0xcd,0xff,0x72,0x86,0xff,0x08,0x61,
  0xff,0x10,0x82,0x00,0x18,0xe3,0x00,0x18,0xe3,0x00,0x19,0x03,0x00,0x19,0x04,0x00,
  0x00,0x20,0xff,0xab,0xa8,0xff,0xfe,0x2e,0xff,0xfe,0x2e,0xff,0xdc,0xc8,0xff,0xfe,
  0xae,0xff,0xb3,0xe8,0xff,0x38,0x81,0xff,0x38,0x81,0xff,0x59,0x42,0xff,0xd4,0xa7,
  0xff,0xab,0xa6,0xff,0x41,0x22,0xff,0x41,0x22,0xff,0x30,0xe2,0xff,0x38,0xa1,0xff,
  0xbc,0x08,0xff,0xfe,0x2d,0xff,0xfd,0xed,0xff,0xfd,0xed,0xff,0xed,0x0b,0xff,0xf5,
  0x6b,0xff,0xf5,0x4b,0xff,0xf5,0x0a,0xff,0xf5,0x0a,0xff,0xbb,0xc7,0xff,0x30,0xc1,
  0xff,0x08,0x21,0xff,0x19,0x03,0x00,0x19,0x03,0x00,0x19,0x04,0x00,0x19,0x04,0x00,
  0x19,0x04,0x00,0x18,0xe4,0x00,0x19,0x04,0x00,0x19,0x04,0x00,0x19,0x04,0x00,0x19,
  0x04,0x00,0x19,0x04,0x00,0x19,0x04,0x00,0x19,0x04,0x00,0x19,0x04,0x00,0x19,0x04,
  0x00,0x19,0x04,0x00,0x19,0x04,0x00,0x19,0x04,0x00,0x19,0x04,0x00,0x18,0xe4,0x00,
  0x21,0x24,0x00,0x18,0xe3,0x00,0x08,0x20,0xff,0x08,0x20,0xff,0x49,0xe4,0xff,0xc4,
  0xed,0xff,0x8b,0x48,0xff,0x51,0xc4,0xff,0x51,0xc4,0xff,0x49,0x84,0xff,0x49,0x84,
  0xff,0x41,0x43,0xff,0x49,0xc4,0xff,0x49,0xc4,0xff,0x41,0x63,0xff,0x41,0x83,0xff,
  0x31,0x02,0xff,0x20,0xc2,0xff,0x20,0xa2,0xff,0x20,0xa2,0xff,0x20,0xc2,0xff,0x18,
  0xa1,0xff,0x18,0xa1,0xff,0x18,0x81,0xff,0x18,0x81,0xff,0x20,0xc2,0xff,0x20,0xa1,
  0xff,0x28,0xe2,0xff,0x28,0xe2,0xff,0x39,0x43,0xff,0x39,0x43,0xff,0x39,0x63,0xff,
  0x41,0x84,0xff,0x41,0x84,0xff,0x41,0x63,0xff,0x41,0x63,0xff,0x39,0x02,0xff,0x30,
  0xe2,0xff,0x41,0x63,0xff,0x72,0xa7,0xff,0x72,0xa7,0xff,0x7a,0xa7,0xff,0x7a,0xe7,
  0xff,0x72,0xa7,0xff,0x72,0x87,0xff,0x72,0xa7,0xff,0x72,0xa7,0xff,0x7a,0xe7,0xff,
  0x72,0xa7,0xff,0x7a,0xa7,0xff,0x7a,0xc7,0xff,0x7a,0xc7,0xff,0x7a,0xc7,0xff,0x8b,
  0x49,0xff,0x59,0xe5,0xff,0x41,0x02,0xff,0x41,0x02,0xff,0x7a,0xc7,0xff,0x7a,0xa7,
  0xff,0x39,0x22,0xff,0x20,0xa1,0xff,0x08,0x00,0xff,0x08,0x00,0xff,0x82,0xe8,0xff,
  0xf6,0x95,0xff,0xf6,0x52,0xff,0xff,0x14,0xff,0xff,0x14,0xff,0x41,0x22,0xff,0x08,
  0x20,0xff,0x08,0x61,0xff,0x10,0xa2,0x00,0x10,0xa2,0x00,0x18,0xe3,0x00,0x21,0x04,
  0x00,0x00,0x00,0xff,0x7a,0x24,0xff,0xed,0x4b,0xff,0xed,0x4b,0xff,0xb3,0x85,0xff,
  0xfe,0xee,0xff,0xff,0x2f,0xff,0x7a,0x24,0xff,0x7a,0x24,0xff,0x30,0xa1,0xff,0x92,
  0xe5,0xff,0x82,0x64,0xff,0x38,0xe2,0xff,0x38,0xe2,0xff,0x39,0x02,0xff,0x9b,0x66,
  0xff,0xf5,0xac,0xff,0xed,0x2a,0xff,0xfd,0xab,0xff,0xfd,0xab,0xff,0xf5,0x8b,0xff,
  0xfd,0x8c,0xff,0xf5,0x6b,0xff,0xf5,0x6b,0xff,0xf5,0x6b,0xff,0x92,0xe6,0xff,0x08,
  0x41,0xff,0x10,0x62,0x00,0x21,0x03,0x00,0x21,0x03,0x00,0x19,0x04,0x00,0x19,0x04,
  0x00,0x19,0x04,0x00,0x18,0xe4,0x00,0x18,0xe4,0x00,0x18,0xe4,0x00,0x19,0x04,0x00,
  0x19,0x04,0x00,0x18,0xe3,0x00,0x18,0xe4,0x00,0x18,0xe4,0x00,0x19,0x04,0x00,0x18,
  0xe4,0x00,0x19,0x04,0x00,0x19,0x04,0x00,0x19,0x04,0x00,0x19,0x04,0x00,0x19,0x04,
  0x00,0x19,0x04,0x00,0x08,0x82,0xff,0x08,0x20,0xff,0x08,0x20,0xff,0x62,0x66,0xff,
  0x72,0xc7,0xff,0x51,0xe4,0xff,0x41,0x84,0xff,0x41,0x84,0xff,0x41,0x84,0xff,0x49,
  0xe4,0xff,0x39,0x43,0xff,0x29,0x23,0xff,0x29,0x23,0xff,0x18,0xa2,0xff,0x20,0xe3,
  0xff,0x18,0xc2,0xff,0x18,0xa1,0xff,0x18,0x81,0xff,0x18,0x81,0xff,0x20,0xa2,0xff,
  0x18,0x82,0xff,0x29,0x23,0xff,0x18,0xa2,0xff,0x18,0xa2,0xff,0x20,0xc2,0xff,0x10,
  0x61,0xff,0x18,0xc2,0xff,0x18,0x82,0xff,0x20,0xe2,0xff,0x20,0xe2,0xff,0x18,0xa1,
  0xff,0x39,0x64,0xff,0x41,0x83,0xff,0x49,0xa4,0xff,0x49,0xa4,0xff,0x41,0x63,0xff,
  0x49,0xc4,0xff,0x41,0x43,0xff,0x41,0x43,0xff,0x41,0x43,0xff,0x49,0x84,0xff,0x72,
  0xa6,0xff,0x72,0xa7,0xff,0x7a,0xa7,0xff,0x7a,0xc7,0xff,0x7a,0xc7,0xff,0x7a,0xe7,
  0xff,0x7a,0xc7,0xff,0x7a,0xe7,0xff,0x7a,0xe8,0xff,0x7a,0xe8,0xff,0x7a,0xe8,0xff,
  0x7a,0xe8,0xff,0x72,0x87,0xff,0x59,0xc4,0xff,0x59,0xc4,0xff,0x51,0xc4,0xff,0x83,
  0x27,0xff,0x7a,0xe7,0xff,0x20,0x81,0xff,0x08,0x00,0xff,0x08,0x00,0xff,0x7b,0x29,
  0xff,0xff,0xb9,0xff,0xf6,0x31,0xff,0xbc,0x49,0xff,0xbc,0x49,0xff,0x9b,0x68,0xff,
  0x7a,0xc7,0xff,0x08,0x20,0xff,0x08,0x82,0x00,0x08,0x82,0x00,0x21,0x03,0x00,0x21,
  0x04,0x00,0x00,0x40,0xff,0x72,0x85,0xff,0xaa,0xe6,0xff,0xaa,0xe6,0xff,0x50,0xe1,
  0xff,0xd5,0x4a,0xff,0xdd,0x0a,0xff,0x59,0x42,0xff,0x59,0x42,0xff,0x49,0x43,0xff,
  0x51,0x42,0xff,0x30,0xa1,0xff,0x38,0xe2,0xff,0x38,0xe2,0xff,0x30,0xa1,0xff,0xab,
  0x86,0xff,0xfd,0xeb,0xff,0xf5,0x8b,0xff,0xf5,0xec,0xff,0xf5,0xec,0xff,0xf5,0x8c,
  0xff,0xe4,0xeb,0xff,0xe5,0x2b,0xff,0xfe,0x4e,0xff,0xfe,0x4e,0xff,0x82,0xe6,0xff,
  0x08,0x20,0xff,0x10,0xa3,0x00,0x21,0x24,0x00,0x21,0x24,0x00,0x21,0x04,0x00,0x19,
  0x04,0x00,0x19,0x04,0x00,0x19,0x04,0x00,0x18,0xe4,0x00,0x18,0xe4,0x00,0x18,0xe4,
  0x00,0x18,0xe3,0x00,0x18,0xe3,0x00,0x18,0xe4,0x00,0x18,0xe4,0x00,0x18,0xe4,0x00,
  0x18,0xe4,0x00,0x18,0xe4,0x00,0x19,0x04,0x00,0x19,0x04,0x00,0x18,0xe4,0x00,0x21,
  0x04,0x00,0x19,0x03,0x00,0x10,0xa2,0x00,0x31,0x03,0x00,0x31,0x03,0x00,0x51,0xc4,
  0xff,0x49,0xa4,0xff,0x39,0x43,0xff,0x41,0xa3,0xff,0x41,0xa3,0xff,0x30,0xe2,0xff,
  0x29,0x03,0xff,0x20,0xc2,0xff,0x10,0x61,0xff,0x10,0x61,0xff,0x08,0x20,0xff,0x00,
  0x00,0xff,0x18,0x61,0xff,0x82,0xe6,0xff,0xa3,0x87,0xff,0xa3,0x87,0xff,0xa3,0x67,
  0xff,0x9a,0xe7,0xff,0xb3,0xc8,0xff,0xa3,0x07,0xff,0xa3,0x07,0xff,0xa3,0x67,0xff,
  0x9b,0x67,0xff,0x5a,0x25,0xff,0x10,0x40,0xff,0x10,0x41,0xff,0x10,0x41,0xff,0x18,
  0x81,0xff,0x20,0xe2,0xff,0x28,0xe2,0xff,0x39,0x43,0xff,0x39,0x43,0xff,0x51,0xc4,
  0xff,0x49,0xa4,0xff,0x41,0x63,0xff,0x41,0x43,0xff,0x41,0x43,0xff,0x49,0x84,0xff,
  0x51,0xc4,0xff,0x5a,0x05,0xff,0x7a,0xe7,0xff,0x7a,0xe7,0xff,0x7a,0xe7,0xff,0x7a,
  0xc7,0xff,0x7a,0xc7,0xff,0x7a,0xe8,0xff,0x7a,0xc7,0xff,0x7a,0xc7,0xff,0x7a,0xc7,
  0xff,0x7a,0xa7,0xff,0x83,0x28,0xff,0x7a,0xc8,0xff,0x7a,0xc8,0xff,0x41,0x63,0xff,
  0x51,0xc4,0xff,0x82,0xe7,0xff,0x39,0x43,0xff,0x00,0x00,0xff,0x00,0x00,0xff,0x52,
  0x26,0xff,0xf6,0xd4,0xff,0xf6,0x72,0xff,0xcc,0x6a,0xff,0xcc,0x6a,0xff,0xf6,0x91,
  0xff,0xc4,0xcc,0xff,0x08,0x20,0xff,0x08,0x62,0xff,0x08,0x62,0xff,0x18,0xe3,0x00,
  0x21,0x04,0x00,0x00,0x40,0xff,0x72,0x85,0xff,0xaa,0xe6,0xff,0xaa,0xe6,0xff,0x50,
  0xe1,0xff,0xd5,0x4a,0xff,0xdd,0x0a,0xff,0x59,0x42,0xff,0x59,0x42,0xff,0x49,0x43,
  0xff,0x51,0x42,0xff,0x30,0xa1,0xff,0x38,0xe2,0xff,0x38,0xe2,0xff,0x30,0xa1,0xff,
  0xab,0x86,0xff,0xfd,0xeb,0xff,0xf5,0x8b,0xff,0xf5,0xec,0xff,0xf5,0xec,0xff,0xf5,
  0x8c,0xff,0xe4,0xeb,0xff,0xe5,0x2b,0xff,0xfe,0x4e,0xff,0xfe,0x4e,0xff,0x82,0xe6,
  0xff,0x08,0x20,0xff,0x10,0xa3,0x00,0x21,0x24,0x00,0x21,0x24,0x00,0x21,0x04,0x00,
  0x19,0x04,0x00,0x19,0x04,0x00,0x19,0x04,0x00,0x18,0xe4,0x00,0x18,0xe4,0x00,0x18,
  0xe4,0x00,0x18,0xe3,0x00,0x18,0xe3,0x00,0x18,0xe4,0x00,0x18,0xe4,0x00,0x18,0xe4,
  0x00,0x18,0xe4,0x00,0x18,0xe4,0x00,0x19,0x04,0x00,0x19,0x04,0x00,0x18,0xe4,0x00,
  0x21,0x04,0x00,0x19,0x03,0x00,0x10,0xa2,0x00,0x31,0x03,0x00,0x31,0x03,0x00,0x51,
  0xc4,0xff,0x49,0xa4,0xff,0x39,0x43,0xff,0x41,0xa3,0xff,0x41,0xa3,0xff,0x30,0xe2,
  0xff,0x29,0x03,0xff,0x20,0xc2,0xff,0x10,0x61,0xff,0x10,0x61,0xff,0x08,0x20,0xff,
  0x00,0x00,0xff,0x18,0x61,0xff,0x82,0xe6,0xff,0xa3,0x87,0xff,0xa3,0x87,0xff,0xa3,
  0x67,0xff,0x9a,0xe7,0xff,0xb3,0xc8,0xff,0xa3,0x07,0xff,0xa3,0x07,0xff,0xa3,0x67,
  0xff,0x9b,0x67,0xff,0x5a,0x25,0xff,0x10,0x40,0xff,0x10,0x41,0xff,0x10,0x41,0xff,
  0x18,0x81,0xff,0x20,0xe2,0xff,0x28,0xe2,0xff,0x39,0x43,0xff,0x39,0x43,0xff,0x51,
  0xc4,0xff,0x49,0xa4,0xff,0x41,0x63,0xff,0x41,0x43,0xff,0x41,0x43,0xff,0x49,0x84,
  0xff,0x51,0xc4,0xff,0x5a,0x05,0xff,0x7a,0xe7,0xff,0x7a,0xe7,0xff,0x7a,0xe7,0xff,
  0x7a,0xc7,0xff,0x7a,0xc7,0xff,0x7a,0xe8,0xff,0x7a,0xc7,0xff,0x7a,0xc7,0xff,0x7a,
  0xc7,0xff,0x7a,0xa7,0xff,0x83,0x28,0xff,0x7a,0xc8,0xff,0x7a,0xc8,0xff,0x41,0x63,
  0xff,0x51,0xc4,0xff,0x82,0xe7,0xff,0x39,0x43,0xff,0x00,0x00,0xff,0x00,0x00,0xff,
  0x52,0x26,0xff,0xf6,0xd4,0xff,0xf6,0x72,0xff,0xcc,0x6a,0xff,0xcc,0x6a,0xff,0xf6,
  0x91,0xff,0xc4,0xcc,0xff,0x08,0x20,0xff,0x08,0x62,0xff,0x08,0x62,0xff,0x18,0xe3,
  0x00,0x21,0x04,0x00,0x08,0x82,0x00,0x39,0x02,0x00,0x79,0xc4,0xff,0x79,0xc4,0xff,
  0x40,0xe2,0xff,0x28,0xa1,0xff,0x20,0x61,0xff,0x30,0x81,0xff,0x30,0x81,0xff,0x51,
  0x43,0xff,0x61,0xa2,0xff,0x7a,0x44,0xff,0xab,0xc7,0xff,0xab,0xc7,0xff,0x51,0x62,
  0xff,0x82,0x85,0xff,0xfe,0xad,0xff,0xd4,0xc9,0xff,0x7a,0x64,0xff,0x7a,0x64,0xff,
  0x38,0xe2,0xff,0x20,0x60,0xff,0x20,0x81,0xff,0x39,0x43,0xff,0x39,0x43,0xff,0x18,
  0x61,0xff,0x00,0x21,0xff,0x08,0x62,0xff,0x10,0xc2,0x00,0x10,0xc2,0x00,0x21,0x24,
  0x00,0x21,0x04,0x00,0x19,0x04,0x00,0x19,0x04,0x00,0x18,0xe4,0x00,0x18,0xe4,0x00,
  0x18,0xe3,0x00,0x18,0xe3,0x00,0x18,0xe3,0x00,0x19,0x04,0x00,0x19,0x04,0x00,0x18,
  0xe4,0x00,0x18,0xe4,0x00,0x18,0xe4,0x00,0x19,0x04,0x00,0x19,0x04,0x00,0x18,0xe4,
  0x00,0x19,0x04,0x00,0x18,0xc3,0x00,0x31,0x43,0x00,0x62,0x25,0xff,0x62,0x25,0xff,
  0x49,0xa4,0xff,0x49,0xe5,0xff,0x28,0xe2,0xff,0x31,0x63,0xff,0x31,0x63,0xff,0x31,
  0x43,0xff,0x18,0xa2,0xff,0x18,0x40,0xff,0x59,0xc4,0xff,0x59,0xc4,0xff,0x8b,0x06,
  0xff,0x69,0xe4,0xff,0x9b,0x07,0xff,0xe4,0xcb,0xff,0xe4,0xeb,0xff,0xe4,0xeb,0xff,
  0xed,0x0b,0xff,0xed,0x0c,0xff,0xe4,0xcb,0xff,0xdc,0xaa,0xff,0xdc,0xaa,0xff,0xe4,
  0xca,0xff,0xdc,0xa9,0xff,0xc4,0x08,0xff,0x8a,0x85,0xff,0x92,0xc5,0xff,0x92,0xc5,
  0xff,0xab,0xe9,0xff,0x31,0x02,0xff,0x08,0x41,0xff,0x28,0xe2,0xff,0x28,0xe2,0xff,
  0x39,0x43,0xff,0x49,0xc4,0xff,0x41,0x84,0xff,0x41,0x83,0xff,0x41,0x83,0xff,0x51,
  0xc4,0xff,0x51,0xc4,0xff,0x51,0xa4,0xff,0x6a,0x66,0xff,0x7a,0xc7,0xff,0x7a,0xc7,
  0xff,0x7a,0xe8,0xff,0x7a,0xe8,0xff,0x7a,0xe8,0xff,0x7a,0xc7,0xff,0x7a,0xc7,0xff,
  0x7a,0xc7,0xff,0x7a,0xc7,0xff,0x7a,0xe7,0xff,0x7a,0xe7,0xff,0x7a,0xe7,0xff,0x62,
  0x46,0xff,0x41,0x42,0xff,0x62,0x25,0xff,0x5a,0x05,0xff,0x10,0x61,0xff,0x10,0x61,
  0xff,0x00,0x20,0xff,0x49,0x63,0xff,0xed,0xcf,0xff,0xf5,0xee,0xff,0xf5,0xee,0xff,
  0xf5,0xef,0xff,0x8a,0xa5,0xff,0x08,0x20,0xff,0x08,0x82,0x00,0x08,0x82,0x00,0x21,
  0x04,0x00,0x21,0x04,0x00,0x19,0x04,0x00,0x08,0x20,0xff,0x71,0xc2,0xff,0x71,0xc2,
  0xff,0xe5,0x29,0xff,0x59,0xc3,0xff,0x20,0xa2,0xff,0x38,0xe2,0xff,0x38,0xe2,0xff,
  0x69,0x82,0xff,0xdc,0xc9,0xff,0xed,0x6a,0xff,0xfe,0xce,0xff,0xfe,0xce,0xff,0xb4,
  0x09,0xff,0x38,0xc2,0xff,0x72,0x44,0xff,0x28,0x80,0xff,0x08,0x20,0xff,0x08,0x20,
  0xff,0x20,0x82,0xff,0x49,0xe4,0xff,0x39,0x23,0xff,0x20,0xc2,0xff,0x20,0xc2,0xff,
  0x20,0xa2,0xff,0x20,0xe2,0xff,0x10,0x81,0xff,0x08,0x60,0xff,0x08,0x60,0xff,0x10,
  0xa2,0x00,0x21,0x24,0x00,0x19,0x03,0x00,0x19,0x03,0x00,0x19,0x03,0x00,0x19,0x03,
  0x00,0x19,0x04,0x00,0x19,0x03,0x00,0x18,0xe4,0x00,0x18,0xe4,0x00,0x18,0xe4,0x00,
  0x18,0xe4,0x00,0x18,0xe4,0x00,0x18,0xe4,0x00,0x19,0x04,0x00,0x19,0x04,0x00,0x19,
  0x04,0x00,0x19,0x04,0x00,0x08,0x41,0x00,0x20,0xc2,0x00,0x5a,0x05,0xff,0x5a,0x05,
  0xff,0x39,0x23,0xff,0x20,0xa1,0xff,0x20,0xe2,0xff,0x18,0xa2,0xff,0x18,0xa2,0xff,
  0x08,0x41,0xff,0x08,0x20,0xff,0x7a,0x65,0xff,0xf5,0xee,0xff,0xf5,0xee,0xff,0xfe,
  0x6f,0xff,0xfe,0x0e,0xff,0xfe,0x2f,0xff,0xfe,0x0f,0xff,0xfe,0x0f,0xff,0xfe,0x0f,
  0xff,0xfe,0x50,0xff,0xfe,0x50,0xff,0xfe,0x4f,0xff,0xfe,0x4f,0xff,0xfe,0x4f,0xff,
  0xfe,0x0e,0xff,0xf5,0xcd,0xff,0xfe,0x0e,0xff,0xf5,0xad,0xff,0xf5,0x8c,0xff,0xf5,
  0x8c,0xff,0xf5,0xed,0xff,0x8a,0xc6,0xff,0x00,0x00,0xff,0x08,0x40,0xff,0x08,0x40,
  0xff,0x18,0x61,0xff,0x41,0x83,0xff,0x39,0x43,0xff,0x41,0x83,0xff,0x41,0x83,0xff,
  0x41,0x63,0xff,0x51,0xc4,0xff,0x51,0xc4,0xff,0x51,0xa4,0xff,0x62,0x46,0xff,0x62,
  0x46,0xff,0x83,0x08,0xff,0x7a,0xe8,0xff,0x7a,0xc7,0xff,0x7a,0xa7,0xff,0x7a,0xa7,
  0xff,0x7a,0xe7,0xff,0x7a,0xc7,0xff,0x72,0x87,0xff,0x7a,0xc7,0xff,0x7a,0xc7,0xff,
  0x6a,0x66,0xff,0x39,0x43,0xff,0x39,0x42,0xff,0x59,0xc4,0xff,0x20,0xa2,0xff,0x20,
  0xa2,0xff,0x00,0x00,0xff,0x31,0x23,0xff,0xf6,0x51,0xff,0xee,0x0f,0xff,0xee,0x0f,
  0xff,0xe5,0x8e,0xff,0xab,0x67,0xff,0x28,0xa1,0xff,0x00,0x20,0xff,0x00,0x20,0xff,
  0x19,0x04,0x00,0x21,0x04,0x00,0x21,0x24,0x00,0x08,0x62,0xff,0x40,0xc1,0xff,0x40,
  0xc1,0xff,0xf5,0x29,0xff,0xab,0x86,0xff,0x28,0xa1,0xff,0x40,0xe2,0xff,0x40,0xe2,
  0xff,0xc4,0x08,0xff,0xf6,0x0c,0xff,0xf5,0x29,0xff,0xfe,0x4c,0xff,0xfe,0x4c,0xff,
  0xa3,0xa7,0xff,0x18,0x20,0xff,0x20,0x61,0xff,0x30,0xc2,0xff,0x6a,0x65,0xff,0x6a,
  0x65,0xff,0x82,0x85,0xff,0xa3,0x67,0xff,0x93,0x06,0xff,0x93,0x06,0xff,0x93,0x06,
  0xff,0x7a,0x64,0xff,0x69,0xe4,0xff,0x8a,0xe6,0xff,0x6a,0x85,0xff,0x6a,0x85,0xff,
  0x10,0x40,0xff,0x18,0xe3,0x00,0x21,0x04,0x00,0x19,0x04,0x00,0x19,0x04,0x00,0x19,
  0x04,0x00,0x19,0x04,0x00,0x19,0x04,0x00,0x18,0xe4,0x00,0x18,0xe4,0x00,0x18,0xe4,
  0x00,0x18,0xe4,0x00,0x18,0xe4,0x00,0x18,0xe4,0x00,0x18,0xe4,0x00,0x18,0xe4,0x00,
  0x19,0x04,0x00,0x18,0xe3,0x00,0x00,0x20,0x00,0x29,0x02,0x00,0x49,0xe5,0xff,0x49,
  0xe5,0xff,0x20,0xc2,0xff,0x18,0xa2,0xff,0x20,0xe2,0xff,0x10,0x81,0xff,0x10,0x81,
  0xff,0x20,0xc1,0xff,0x9b,0x69,0xff,0xf6,0x10,0xff,0xfe,0x0e,0xff,0xfe,0x0e,0xff,
  0xf5,0xad,0xff,0xfe,0x0e,0xff,0xfe,0x0e,0xff,0xfe,0x4f,0xff,0xfe,0x50,0xff,0xfe,
  0x50,0xff,0xfe,0x30,0xff,0xfe,0x2f,0xff,0xfe,0x4f,0xff,0xfe,0x2f,0xff,0xfe,0x2f,
  0xff,0xfe,0x0e,0xff,0xfd,0xee,0xff,0xfe,0x0e,0xff,0xfd,0xcc,0xff,0xf5,0x4b,0xff,
  0xf5,0x4b,0xff,0xed,0x4b,0xff,0xe5,0x0b,0xff,0xab,0x88,0xff,0xa3,0xa8,0xff,0xa3,
  0xa8,0xff,0x39,0x22,0xff,0x20,0xc2,0xff,0x31,0x23,0xff,0x49,0xa3,0xff,0x49,0xa3,
  0xff,0x41,0x63,0xff,0x49,0xc4,0xff,0x51,0xa3,0xff,0x49,0xa4,0xff,0x51,0xc4,0xff,
  0x51,0xc4,0xff,0x72,0xc7,0xff,0x7a,0xe8,0xff,0x83,0x08,0xff,0x7a,0xc7,0xff,0x7a,
  0xc7,0xff,0x7a,0xe7,0xff,0x7a,0xc7,0xff,0x7a,0xc7,0xff,0x72,0xa7,0xff,0x72,0xa7,
  0xff,0x6a,0x86,0xff,0x49,0xa4,0xff,0x39,0x22,0xff,0x5a,0x05,0xff,0x31,0x43,0xff,
  0x31,0x43,0xff,0x00,0x00,0xff,0x52,0x25,0xff,0xfe,0xd3,0xff,0xd5,0x0c,0xff,0xd5,
  0x0c,0xff,0xd5,0x0c,0xff,0xe5,0x8d,0xff,0xa4,0x0a,0xff,0x08,0x40,0xff,0x08,0x40,
  0xff,0x18,0xe3,0x00,0x21,0x24,0x00,0x21,0x04,0x00,0x19,0x04,0x00,0x28,0xa2,0x00,
  0x28,0xa2,0x00,0x49,0x63,0xff,0x39,0x02,0xff,0x30,0xc2,0xff,0xbc,0x08,0xff,0xbc,
  0x08,0xff,0xf5,0xec,0xff,0xe4,0x88,0xff,0xfe,0x4e,0xff,0xbc,0x28,0xff,0xbc,0x28,
  0xff,0x20,0x40,0xff,0x49,0x63,0xff,0x6a,0x45,0xff,0x61,0xe4,0xff,0x72,0x65,0xff,
  0x72,0x65,0xff,0x72,0x25,0xff,0x69,0xe4,0xff,0x72,0x04,0xff,0x82,0xa5,0xff,0x82,
  0xa5,0xff,0x72,0x24,0xff,0x61,0xa3,0xff,0x82,0xa5,0xff,0x9b,0x06,0xff,0x9b,0x06,
  0xff,0x49,0x83,0xff,0x08,0x41,0xff,0x19,0x03,0x00,0x19,0x04,0x00,0x19,0x03,0x00,
  0x19,0x03,0x00,0x19,0x04,0x00,0x19,0x04,0x00,0x18,0xe3,0x00,0x18,0xe4,0x00,0x18,
  0xe4,0x00,0x18,0xe4,0x00,0x18,0xe4,0x00,0x18,0xe4,0x00,0x18,0xe4,0x00,0x18,0xe4,
  0x00,0x19,0x04,0x00,0x18,0xc3,0x00,0x00,0x20,0x00,0x31,0x23,0x00,0x39,0x43,0x00,
  0x39,0x43,0x00,0x08,0x00,0xff,0x10,0x61,0xff,0x08,0x40,0xff,0x18,0x61,0xff,0x18,
  0x61,0xff,0xc4,0xcc,0xff,0xff,0x53,0xff,0xfd,0xef,0xff,0xfe,0x6f,0xff,0xfe,0x6f,
  0xff,0xfe,0x2e,0xff,0xfe,0x4f,0xff,0xfe,0x2f,0xff,0xfe,0x2f,0xff,0xfe,0x30,0xff,
  0xfe,0x30,0xff,0xfe,0x30,0xff,0xfe,0x2f,0xff,0xfe,0x0f,0xff,0xfe,0x0f,0xff,0xfe,
  0x0f,0xff,0xfe,0x0e,0xff,0xfd,0xee,0xff,0xfd,0xcd,0xff,0xfd,0xcd,0xff,0xfd,0xac,
  0xff,0xfd,0xac,0xff,0xf5,0x0b,0xff,0xf5,0x4c,0xff,0xf5,0x8d,0xff,0xf6,0x2e,0xff,
  0xf6,0x2e,0xff,0xc4,0xab,0xff,0x20,0x81,0xff,0x18,0x61,0xff,0x39,0x63,0xff,0x39,
  0x63,0xff,0x41,0x83,0xff,0x49,0x83,0xff,0x49,0x63,0xff,0x51,0xc4,0xff,0x49,0x83,
  0xff,0x49,0x83,0xff,0x5a,0x05,0xff,0x7a,0xc7,0xff,0x7a,0xe8,0xff,0x7a,0xc7,0xff,
  0x7a,0xc7,0xff,0x72,0x87,0xff,0x7a,0xc7,0xff,0x82,0xe8,0xff,0x6a,0x25,0xff,0x6a,
  0x25,0xff,0x62,0x26,0xff,0x51,0xc4,0xff,0x39,0x22,0xff,0x51,0xc4,0xff,0x31,0x23,
  0xff,0x31,0x23,0xff,0x00,0x00,0xff,0x31,0x02,0xff,0xf6,0x93,0xff,0xe5,0x8e,0xff,
  0xe5,0x8e,0xff,0xbc,0x09,0xff,0xcc,0xab,0xff,0xd5,0x2e,0xff,0x10,0x40,0xff,0x10,
  0x40,0xff,0x08,0x82,0x00,0x21,0x24,0x00,0x21,0x04,0x00,0x19,0x04,0x00,0x28,0xa2,
  0x00,0x28,0xa2,0x00,0x49,0x63,0xff,0x39,0x02,0xff,0x30,0xc2,0xff,0xbc,0x08,0xff,
  0xbc,0x08,0xff,0xf5,0xec,0xff,0xe4,0x88,0xff,0xfe,0x4e,0xff,0xbc,0x28,0xff,0xbc,
  0x28,0xff,0x20,0x40,0xff,0x49,0x63,0xff,0x6a,0x45,0xff,0x61,0xe4,0xff,0x72,0x65,
  0xff,0x72,0x65,0xff,0x72,0x25,0xff,0x69,0xe4,0xff,0x72,0x04,0xff,0x82,0xa5,0xff,
  0x82,0xa5,0xff,0x72,0x24,0xff,0x61,0xa3,0xff,0x82,0xa5,0xff,0x9b,0x06,0xff,0x9b,
  0x06,0xff,0x49,0x83,0xff,0x08,0x41,0xff,0x19,0x03,0x00,0x19,0x04,0x00,0x19,0x03,
  0x00,0x19,0x03,0x00,0x19,0x04,0x00,0x19,0x04,0x00,0x18,0xe3,0x00,0x18,0xe4,0x00,
  0x18,0xe4,0x00,0x18,0xe4,0x00,0x18,0xe4,0x00,0x18,0xe4,0x00,0x18,0xe4,0x00,0x18,
  0xe4,0x00,0x19,0x04,0x00,0x18,0xc3,0x00,0x00,0x20,0x00,0x31,0x23,0x00,0x39,0x43,
  0x00,0x39,0x43,0x00,0x08,0x00,0xff,0x10,0x61,0xff,0x08,0x40,0xff,0x18,0x61,0xff,
  0x18,0x61,0xff,0xc4,0xcc,0xff,0xff,0x53,0xff,0xfd,0xef,0xff,0xfe,0x6f,0xff,0xfe,
  0x6f,0xff,0xfe,0x2e,0xff,0xfe,0x4f,0xff,0xfe,0x2f,0xff,0xfe,0x2f,0xff,0xfe,0x30,
  0xff,0xfe,0x30,0xff,0xfe,0x30,0xff,0xfe,0x2f,0xff,0xfe,0x0f,0xff,0xfe,0x0f,0xff,
  0xfe,0x0f,0xff,0xfe,0x0e,0xff,0xfd,0xee,0xff,0xfd,0xcd,0xff,0xfd,0xcd,0xff,0xfd,
  0xac,0xff,0xfd,0xac,0xff,0xf5,0x0b,0xff,0xf5,0x4c,0xff,0xf5,0x8d,0xff,0xf6,0x2e,
  0xff,0xf6,0x2e,0xff,0xc4,0xab,0xff,0x20,0x81,0xff,0x18,0x61,0xff,0x39,0x63,0xff,
  0x39,0x63,0xff,0x41,0x83,0xff,0x49,0x83,0xff,0x49,0x63,0xff,0x51,0xc4,0xff,0x49,
  0x83,0xff,0x49,0x83,0xff,0x5a,0x05,0xff,0x7a,0xc7,0xff,0x7a,0xe8,0xff,0x7a,0xc7,
  0xff,0x7a,0xc7,0xff,0x72,0x87,0xff,0x7a,0xc7,0xff,0x82,0xe8,0xff,0x6a,0x25,0xff,
  0x6a,0x25,0xff,0x62,0x26,0xff,0x51,0xc4,0xff,0x39,0x22,0xff,0x51,0xc4,0xff,0x31,
  0x23,0xff,0x31,0x23,0xff,0x00,0x00,0xff,0x31,0x02,0xff,0xf6,0x93,0xff,0xe5,0x8e,
  0xff,0xe5,0x8e,0xff,0xbc,0x09,0xff,0xcc,0xab,0xff,0xd5,0x2e,0xff,0x10,0x40,0xff,
  0x10,0x40,0xff,0x08,0x82,0x00,0x21,0x24,0x00,0x21,0x24,0x00,0x21,0x04,0x00,0x21,
  0x04,0x00,0x21,0x04,0x00,0x08,0x61,0xff,0x00,0x00,0xff,0x20,0xa1,0xff,0xdd,0x4b,
  0xff,0xdd,0x4b,0xff,0xfd,0xeb,0xff,0xf5,0xec,0xff,0xbc,0x28,0xff,0x28,0xa1,0xff,
  0x28,0xa1,0xff,0x49,0x43,0xff,0x72,0x45,0xff,0x72,0x65,0xff,0x59,0xe4,0xff,0x59,
  0xc4,0xff,0x59,0xc4,0xff,0x61,0xe4,0xff,0x6a,0x04,0xff,0x72,0x45,0xff,0x72,0x24,
  0xff,0x72,0x24,0xff,0x6a,0x04,0xff,0x6a,0x04,0xff,0x61,0xa3,0xff,0x69,0xe3,0xff,
  0x69,0xe3,0xff,0x72,0x24,0xff,0x10,0x82,0x00,0x19,0x03,0x00,0x21,0x04,0x00,0x19,
  0x03,0x00,0x19,0x03,0x00,0x19,0x04,0x00,0x18,0xe4,0x00,0x18,0xe3,0x00,0x18,0xe4,
  0x00,0x18,0xe4,0x00,0x18,0xe3,0x00,0x18,0xe3,0x00,0x18,0xe4,0x00,0x18,0xe3,0x00,
  0x18,0xe3,0x00,0x19,0x04,0x00,0x18,0xe3,0x00,0x08,0x81,0x00,0x31,0x43,0x00,0x39,
  0x63,0x00,0x39,0x63,0x00,0x18,0x81,0x00,0x08,0x61,0xff,0x10,0x60,0xff,0xa3,0xca,
  0xff,0xa3,0xca,0xff,0xfe,0xd1,0xff,0xf5,0xcd,0xff,0xc4,0x49,0xff,0xab,0xa7,0xff,
  0xab,0xa7,0xff,0x82,0xc4,0xff,0xc4,0x49,0xff,0xfe,0x6f,0xff,0xfe,0x50,0xff,0xfe,
  0x30,0xff,0xfe,0x30,0xff,0xfe,0x30,0xff,0xfe,0x2f,0xff,0xfe,0x2f,0xff,0xfe,0x0e,
  0xff,0xfe,0x0e,0xff,0xfe,0x0e,0xff,0xfe,0x0e,0xff,0xfd,0xed,0xff,0xfd,0xcc,0xff,
  0xfd,0xec,0xff,0xfd,0xec,0xff,0xfd,0xcc,0xff,0xf5,0xac,0xff,0xe4,0xeb,0xff,0xed,
  0x6c,0xff,0xed,0x6c,0xff,0xed,0x8d,0xff,0x92,0xe7,0xff,0x39,0x63,0xff,0x29,0x02,
  0xff,0x29,0x02,0xff,0x39,0x43,0xff,0x49,0x83,0xff,0x41,0x63,0xff,0x51,0xc4,0xff,
  0x49,0xa3,0xff,0x49,0xa3,0xff,0x51,0xa3,0xff,0x6a,0x86,0xff,0x72,0xa7,0xff,0x72,
  0xa7,0xff,0x72,0xa7,0xff,0x7a,0xc8,0xff,0x7a,0xe8,0xff,0x7a,0xe7,0xff,0x62,0x46,
  0xff,0x62,0x46,0xff,0x5a,0x05,0xff,0x51,0xe4,0xff,0x49,0xa3,0xff,0x51,0xe4,0xff,
  0x31,0x43,0xff,0x31,0x43,0xff,0x00,0x00,0xff,0x20,0xc2,0xff,0xee,0x92,0xff,0xee,
  0x50,0xff,0xee,0x50,0xff,0xc4,0x49,0xff,0xe5,0x4d,0xff,0xee,0x10,0xff,0x28,0xe2,
  0x00,0x28,0xe2,0x00,0x08,0x82,0x00,0x21,0x24,0x00,0x21,0x04,0x00,0x21,0x04,0x00,
  0x21,0x24,0x00,0x21,0x24,0x00,0x19,0x03,0x00,0x08,0x82,0x00,0x10,0x61,0xff,0x61,
  0xc3,0xff,0x61,0xc3,0xff,0xe5,0x4b,0xff,0xd4,0xeb,0xff,0x28,0xa1,0xff,0x41,0x43,
  0xff,0x41,0x43,0xff,0x72,0x85,0xff,0x61,0xe4,0xff,0x59,0xe4,0xff,0x61,0xe4,0xff,
  0x62,0x04,0xff,0x62,0x04,0xff,0x59,0xa3,0xff,0x6a,0x04,0xff,0x7a,0x85,0xff,0x7a,
  0x65,0xff,0x7a,0x65,0xff,0x6a,0x03,0xff,0x6a,0x44,0xff,0x61,0xe4,0xff,0x7a,0x44,
  0xff,0x7a,0x44,0xff,0x72,0x44,0xff,0x18,0x81,0x00,0x10,0x82,0x00,0x21,0x04,0x00,
  0x21,0x04,0x00,0x21,0x04,0x00,0x19,0x04,0x00,0x18,0xe3,0x00,0x18,0xe3,0x00,0x18,
  0xe3,0x00,0x18,0xe3,0x00,0x18,0xe3,0x00,0x18,0xe3,0x00,0x18,0xe3,0x00,0x18,0xe3,
  0x00,0x18,0xe3,0x00,0x19,0x04,0x00,0x18,0xc3,0x00,0x08,0x41,0x00,0x20,0xa2,0x00,
  0x39,0x43,0x00,0x39,0x43,0x00,0x18,0x81,0x00,0x00,0x00,0xff,0x49,0x43,0xff,0xf6,
  0x0f,0xff,0xf6,0x0f,0xff,0x82,0xe6,0xff,0x38,0xc1,0xff,0x30,0xe2,0xff,0x20,0x81,
  0xff,0x20,0x81,0xff,0x10,0x40,0xff,0x28,0xa1,0xff,0xbc,0x08,0xff,0xfe,0x50,0xff,
  0xfe,0x30,0xff,0xfe,0x30,0xff,0xfe,0x10,0xff,0xfe,0x0f,0xff,0xfe,0x0e,0xff,0xfd,
  0xee,0xff,0xfd,0xee,0xff,0xfd,0xee,0xff,0xf6,0x0e,0xff,0xfe,0x6f,0xff,0xf5,0xed,
  0xff,0xcc,0x69,0xff,0xcc,0x69,0xff,0xc4,0x49,0xff,0xf5,0xce,0xff,0xf5,0xae,0xff,
  0xf5,0xad,0xff,0xf5,0xad,0xff,0xd4,0x8a,0xff,0xe5,0x2c,0xff,0xe5,0xce,0xff,0x49,
  0x83,0xff,0x49,0x83,0xff,0x18,0x61,0xff,0x41,0x83,0xff,0x41,0x63,0xff,0x41,0x63,
  0xff,0x49,0xa3,0xff,0x49,0xa3,0xff,0x49,0xa3,0xff,0x51,0xc4,0xff,0x72,0x87,0xff,
  0x62,0x26,0xff,0x62,0x26,0xff,0x72,0xa7,0xff,0x83,0x28,0xff,0x6a,0x66,0xff,0x51,
  0xc4,0xff,0x51,0xc4,0xff,0x62,0x45,0xff,0x49,0xa4,0xff,0x41,0x63,0xff,0x51,0xe5,
  0xff,0x20,0xc2,0xff,0x20,0xc2,0xff,0x00,0x00,0xff,0x00,0x00,0xff,0x49,0x84,0xff,
  0x7a,0x86,0xff,0x7a,0x86,0xff,0x72,0x04,0xff,0xf6,0x30,0xff,0xf6,0x10,0xff,0x08,
  0x41,0xff,0x08,0x41,0xff,0x08,0x62,0xff,0x21,0x24,0x00,0x21,0x04,0x00,0x21,0x04,
  0x00,0x21,0x04,0x00,0x21,0x04,0x00,0x21,0x03,0x00,0x19,0x03,0x00,0x29,0x44,0x00,
  0x20,0xc2,0x00,0x20,0xc2,0x00,0x28,0xe2,0x00,0x20,0x81,0x00,0x41,0x43,0xff,0x6a,
  0x45,0xff,0x6a,0x45,0xff,0x6a,0x24,0xff,0x59,0xc3,0xff,0x59,0xe4,0xff,0x62,0x04,
  0xff,0x6a,0x44,0xff,0x6a,0x44,0xff,0x6a,0x24,0xff,0x6a,0x25,0xff,0x59,0xe4,0xff,
  0x59,0xe4,0xff,0x59,0xe4,0xff,0x51,0x83,0xff,0x51,0x83,0xff,0x49,0x63,0xff,0x51,
  0xc3,0xff,0x51,0xc3,0xff,0x49,0x63,0xff,0x18,0x81,0x00,0x10,0xa2,0x00,0x21,0x24,
  0x00,0x21,0x04,0x00,0x21,0x04,0x00,0x19,0x04,0x00,0x18,0xe3,0x00,0x18,0xe3,0x00,
  0x18,0xe3,0x00,0x18,0xe3,0x00,0x18,0xe3,0x00,0x18,0xe3,0x00,0x18,0xe3,0x00,0x18,
  0xe3,0x00,0x18,0xe3,0x00,0x19,0x03,0x00,0x18,0xc3,0x00,0x08,0x61,0x00,0x18,0xa2,
  0x00,0x29,0x23,0x00,0x29,0x23,0x00,0x08,0x20,0xff,0x20,0x81,0xff,0xbc,0x09,0xff,
  0x62,0x04,0xff,0x62,0x04,0xff,0x08,0x00,0xff,0x18,0x81,0xff,0x20,0xa2,0xff,0x18,
  0x81,0xff,0x18,0x81,0xff,0x18,0x81,0xff,0x08,0x20,0xff,0x7a,0x85,0xff,0xfe,0x50,
  0xff,0xfe,0x30,0xff,0xfe,0x30,0xff,0xfe,0x30,0xff,0xfe,0x0f,0xff,0xfe,0x0e,0xff,
  0xfd,0xee,0xff,0xfd,0xee,0xff,0xfd,0xcd,0xff,0xf5,0xee,0xff,0xc4,0x6a,0xff,0x6a,
  0x44,0xff,0x20,0x80,0xff,0x20,0x80,0xff,0x08,0x00,0xff,0x5a,0x24,0xff,0xcc,0xab,
  0xff,0xfe,0x2f,0xff,0xfe,0x2f,0xff,0xe5,0x2c,0xff,0xed,0x8d,0xff,0xf6,0x0f,0xff,
  0xd5,0x0d,0xff,0xd5,0x0d,0xff,0x51,0xa3,0xff,0x39,0x43,0xff,0x41,0x43,0xff,0x41,
  0x43,0xff,0x49,0xa3,0xff,0x49,0xa3,0xff,0x49,0xa4,0xff,0x49,0x83,0xff,0x62,0x66,
  0xff,0x62,0x26,0xff,0x62,0x26,0xff,0x62,0x46,0xff,0x7a,0xc7,0xff,0x59,0xe5,0xff,
  0x51,0xc4,0xff,0x51,0xc4,0xff,0x5a,0x45,0xff,0x49,0xc4,0xff,0x41,0x83,0xff,0x41,
  0xa4,0xff,0x20,0xc2,0xff,0x20,0xc2,0xff,0x08,0x61,0xff,0x00,0x00,0xff,0x30,0xe3,
  0xff,0x7a,0xc8,0xff,0x7a,0xc8,0xff,0x41,0x23,0xff,0xa3,0xc9,0xff,0xb4,0x6c,0xff,
  0x08,0x20,0xff,0x08,0x20,0xff,0x08,0x82,0x00,0x21,0x04,0x00,0x21,0x04,0x00,0x21,
  0x04,0x00,0x21,0x04,0x00,0x21,0x04,0x00,0x21,0x03,0x00,0x21,0x23,0x00,0x29,0x64,
  0x00,0x21,0x24,0x00,0x21,0x24,0x00,0x08,0x61,0x00,0x10,0x61,0x00,0x62,0x24,0xff,
  0x61,0xe3,0xff,0x61,0xe3,0xff,0x51,0x83,0xff,0x59,0xe4,0xff,0x59,0xe4,0xff,0x59,
  0xc4,0xff,0x6a,0x25,0xff,0x6a,0x25,0xff,0x62,0x04,0xff,0x41,0x43,0xff,0x28,0xa1,
  0xff,0x30,0xe2,0xff,0x30,0xe2,0xff,0x51,0xa3,0xff,0x7a,0xa6,0xff,0x7a,0xa6,0xff,
  0x41,0x63,0xff,0x41,0x63,0xff,0x10,0x40,0xff,0x08,0x20,0xff,0x08,0x61,0xff,0x10,
  0x82,0x00,0x20,0xe3,0x00,0x20,0xe3,0x00,0x21,0x04,0x00,0x18,0xe3,0x00,0x18,0xe3,
  0x00,0x18,0xe3,0x00,0x18,0xe3,0x00,0x18,0xe3,0x00,0x18,0xe3,0x00,0x18,0xe3,0x00,
  0x19,0x03,0x00,0x19,0x03,0x00,0x18,0xe3,0x00,0x10,0x82,0x00,0x10,0x81,0x00,0x08,
  0x61,0xff,0x10,0x61,0xff,0x10,0x61,0xff,0x00,0x00,0xff,0x51,0xe4,0xff,0xc4,0xab,
  0xff,0x10,0x40,0xff,0x10,0x40,0xff,0x10,0x61,0xff,0x49,0x82,0xff,0x20,0x40,0xff,
  0x18,0x60,0xff,0x18,0x60,0xff,0x30,0xe1,0xff,0x28,0x80,0xff,0xab,0xc8,0xff,0xfe,
  0x70,0xff,0xfe,0x2f,0xff,0xfe,0x2f,0xff,0xfe,0x2f,0xff,0xfe,0x0f,0xff,0xfd,0xee,
  0xff,0xfd,0xcd,0xff,0xfd,0xcd,0xff,0xfd,0xee,0xff,0xc4,0x09,0xff,0x18,0x20,0xff,
  0x08,0x00,0xff,0x18,0xc1,0xff,0x18,0xc1,0xff,0x10,0x61,0xff,0x00,0x00,0xff,0x00,
  0x00,0xff,0x7a,0xc6,0xff,0x7a,0xc6,0xff,0xe5,0x8d,0xff,0xfe,0x71,0xff,0xdc,0xac,
  0xff,0xfe,0xb1,0xff,0xfe,0xb1,0xff,0xdd,0x2c,0xff,0x28,0xa1,0xff,0x31,0x02,0xff,
  0x41,0x83,0xff,0x39,0x22,0xff,0x39,0x22,0xff,0x41,0x83,0xff,0x41,0x83,0xff,0x49,
  0xc4,0xff,0x62,0x66,0xff,0x62,0x66,0xff,0x5a,0x05,0xff,0x62,0x26,0xff,0x62,0x25,
  0xff,0x51,0xc4,0xff,0x51,0xc4,0xff,0x49,0xa4,0xff,0x49,0xc4,0xff,0x49,0xa4,0xff,
  0x30,0xe2,0xff,0x20,0xc2,0xff,0x20,0xc2,0xff,0x08,0x20,0xff,0x10,0x60,0xff,0xc4,
  0xef,0xff,0xf7,0x76,0xff,0xf7,0x76,0xff,0xe5,0xf2,0xff,0x72,0x25,0xff,0x39,0x02,
  0xff,0x10,0x61,0xff,0x10,0x61,0xff,0x08,0x41,0xff,0x18,0xe3,0x00,0x21,0x04,0x00,
  0x21,0x04,0x00,0x21,0x04,0x00,0x21,0x04,0x00,0x21,0x03,0x00,0x21,0x24,0x00,0x21,
  0x24,0x00,0x21,0x24,0x00,0x21,0x24,0x00,0x10,0xe3,0x00,0x10,0x81,0x00,0x41,0x62,
  0xff,0x49,0x63,0xff,0x49,0x63,0xff,0x49,0x63,0xff,0x62,0x04,0xff,0x6a,0x65,0xff,
  0x62,0x05,0xff,0x51,0xc4,0xff,0x51,0xc4,0xff,0x31,0x02,0xff,0x41,0x43,0xff,0x72,
  0x66,0xff,0x8b,0x07,0xff,0x8b,0x07,0xff,0x8a,0xe6,0xff,0xa3,0x88,0xff,0xab,0xc8,
  0xff,0x9b,0x88,0xff,0x9b,0x88,0xff,0x62,0x25,0xff,0x51,0xa4,0xff,0x41,0x84,0xff,
  0x18,0x81,0x00,0x10,0x81,0x00,0x10,0x81,0x00,0x21,0x04,0x00,0x19,0x04,0x00,0x18,
  0xe3,0x00,0x18,0xe3,0x00,0x18,0xe3,0x00,0x18,0xe3,0x00,0x18,0xe3,0x00,0x18,0xe3,
  0x00,0x19,0x03,0x00,0x19,0x03,0x00,0x10,0xa2,0x00,0x08,0x41,0xff,0x10,0xa2,0x00,
  0x08,0x40,0xff,0x08,0x61,0xff,0x08,0x61,0xff,0x00,0x00,0xff,0x10,0x41,0xff,0x18,
  0x40,0xff,0x08,0x00,0xff,0x08,0x00,0xff,0x7a,0x65,0xff,0xe5,0x09,0xff,0xbb,0xa6,
  0xff,0xc4,0x49,0xff,0xc4,0x49,0xff,0xdd,0x09,0xff,0xd4,0x89,0xff,0xf5,0xcd,0xff,
  0xfe,0x2f,0xff,0xfe,0x2f,0xff,0xfe,0x2f,0xff,0xfe,0x0f,0xff,0xfe,0x0e,0xff,0xfd,
  0xee,0xff,0xfd,0xed,0xff,0xfd,0xed,0xff,0xfd,0xed,0xff,0xc4,0x49,0xff,0x18,0x60,
  0xff,0x00,0x00,0xff,0x10,0xa1,0xff,0x10,0xa1,0xff,0x18,0xa1,0xff,0x18,0xa2,0xff,
  0x10,0x61,0xff,0x08,0x40,0xff,0x08,0x40,0xff,0x20,0x81,0xff,0xbc,0x6a,0xff,0xfe,
  0x50,0xff,0xfe,0x50,0xff,0xfe,0x50,0xff,0xf5,0xcf,0xff,0x8a,0xe7,0xff,0x28,0xe2,
  0xff,0x39,0x63,0xff,0x31,0x22,0xff,0x31,0x22,0xff,0x41,0xa3,0xff,0x41,0x83,0xff,
  0x49,0x84,0xff,0x62,0x66,0xff,0x62,0x66,0xff,0x5a,0x05,0xff,0x5a,0x05,0xff,0x6a,
  0x86,0xff,0x51,0xc4,0xff,0x51,0xc4,0xff,0x49,0xc4,0xff,0x49,0xa4,0xff,0x49,0x83,
  0xff,0x31,0x02,0xff,0x29,0x03,0xff,0x29,0x03,0xff,0x08,0x40,0xff,0x30,0xe2,0xff,
  0xdd,0x6f,0xff,0xee,0x31,0xff,0xee,0x31,0xff,0xff,0x15,0xff,0xcc,0xed,0xff,0xab,
  0xea,0xff,0xc4,0xcd,0xff,0xc4,0xcd,0xff,0x18,0x81,0x00,0x10,0xa3,0x00,0x21,0x04,
  0x00,0x21,0x04,0x00,0x21,0x04,0x00,0x21,0x04,0x00,0x21,0x03,0x00,0x21,0x24,0x00,
  0x21,0x24,0x00,0x21,0x24,0x00,0x21,0x24,0x00,0x10,0xe3,0x00,0x10,0x81,0x00,0x41,
  0x62,0xff,0x49,0x63,0xff,0x49,0x63,0xff,0x49,0x63,0xff,0x62,0x04,0xff,0x6a,0x65,
  0xff,0x62,0x05,0xff,0x51,0xc4,0xff,0x51,0xc4,0xff,0x31,0x02,0xff,0x41,0x43,0xff,
  0x72,0x66,0xff,0x8b,0x07,0xff,0x8b,0x07,0xff,0x8a,0xe6,0xff,0xa3,0x88,0xff,0xab,
  0xc8,0xff,0x9b,0x88,0xff,0x9b,0x88,0xff,0x62,0x25,0xff,0x51,0xa4,0xff,0x41,0x84,
  0xff,0x18,0x81,0x00,0x10,0x81,0x00,0x10,0x81,0x00,0x21,0x04,0x00,0x19,0x04,0x00,
  0x18,0xe3,0x00,0x18,0xe3,0x00,0x18,0xe3,0x00,0x18,0xe3,0x00,0x18,0xe3,0x00,0x18,
  0xe3,0x00,0x19,0x03,0x00,0x19,0x03,0x00,0x10,0xa2,0x00,0x08,0x41,0xff,0x10,0xa2,
  0x00,0x08,0x40,0xff,0x08,0x61,0xff,0x08,0x61,0xff,0x00,0x00,0xff,0x10,0x41,0xff,
  0x18,0x40,0xff,0x08,0x00,0xff,0x08,0x00,0xff,0x7a,0x65,0xff,0xe5,0x09,0xff,0xbb,
  0xa6,0xff,0xc4,0x49,0xff,0xc4,0x49,0xff,0xdd,0x09,0xff,0xd4,0x89,0xff,0xf5,0xcd,
  0xff,0xfe,0x2f,0xff,0xfe,0x2f,0xff,0xfe,0x2f,0xff,0xfe,0x0f,0xff,0xfe,0x0e,0xff,
  0xfd,0xee,0xff,0xfd,0xed,0xff,0xfd,0xed,0xff,0xfd,0xed,0xff,0xc4,0x49,0xff,0x18,
  0x60,0xff,0x00,0x00,0xff,0x10,0xa1,0xff,0x10,0xa1,0xff,0x18,0xa1,0xff,0x18,0xa2,
  0xff,0x10,0x61,0xff,0x08,0x40,0xff,0x08,0x40,0xff,0x20,0x81,0xff,0xbc,0x6a,0xff,
  0xfe,0x50,0xff,0xfe,0x50,0xff,0xfe,0x50,0xff,0xf5,0xcf,0xff,0x8a,0xe7,0xff,0x28,
  0xe2,0xff,0x39,0x63,0xff,0x31,0x22,0xff,0x31,0x22,0xff,0x41,0xa3,0xff,0x41,0x83,
  0xff,0x49,0x84,0xff,0x62,0x66,0xff,0x62,0x66,0xff,0x5a,0x05,0xff,0x5a,0x05,0xff,
  0x6a,0x86,0xff,0x51,0xc4,0xff,0x51,0xc4,0xff,0x49,0xc4,0xff,0x49,0xa4,0xff,0x49,
  0x83,0xff,0x31,0x02,0xff,0x29,0x03,0xff,0x29,0x03,0xff,0x08,0x40,0xff,0x30,0xe2,
  0xff,0xdd,0x6f,0xff,0xee,0x31,0xff,0xee,0x31,0xff,0xff,0x15,0xff,0xcc,0xed,0xff,
  0xab,0xea,0xff,0xc4,0xcd,0xff,0xc4,0xcd,0xff,0x18,0x81,0x00,0x10,0xa3,0x00,0x21,
  0x04,0x00,0x21,0x04,0x00,0x21,0x04,0x00,0x21,0x04,0x00,0x21,0x04,0x00,0x21,0x04,
  0x00,0x21,0x04,0x00,0x21,0x44,0x00,0x21,0x44,0x00,0x10,0xc2,0x00,0x00,0x20,0xff,
  0x39,0x43,0xff,0x39,0x22,0xff,0x39,0x22,0xff,0x39,0x02,0xff,0x59,0xc4,0xff,0x7a,
  0xc6,0xff,0x51,0xc4,0xff,0x49,0x62,0xff,0x49,0x62,0xff,0x7a,0xc6,0xff,0x93,0x68,
  0xff,0x8a,0xc6,0xff,0x8a,0xe6,0xff,0x8a,0xe6,0xff,0x7a,0x65,0xff,0x6a,0x24,0xff,
  0x6a,0x24,0xff,0x72,0x45,0xff,0x72,0x45,0xff,0x82,0x85,0xff,0x93,0x27,0xff,0x93,
  0x27,0xff,0x82,0xc6,0xff,0x20,0xc1,0x00,0x20,0xc1,0x00,0x10,0xa2,0x00,0x21,0x04,
  0x00,0x19,0x03,0x00,0x18,0xe3,0x00,0x18,0xe3,0x00,0x18,0xe3,0x00,0x18,0xe3,0x00,
  0x19,0x04,0x00,0x10,0xa2,0x00,0x10,0xa2,0x00,0x00,0x20,0xff,0x00,0x00,0xff,0x08,
  0x40,0xff,0x00,0x00,0xff,0x00,0x20,0xff,0x00,0x20,0xff,0x00,0x00,0xff,0x20,0x60,
  0xff,0x69,0xe3,0xff,0xc4,0x4a,0xff,0xc4,0x4a,0xff,0xf5,0x8c,0xff,0xfe,0x4d,0xff,
  0xfd,0xab,0xff,0xfd,0xcc,0xff,0xfd,0xcc,0xff,0xf5,0x8b,0xff,0xf5,0x6b,0xff,0xf5,
  0xcd,0xff,0xfe,0x0e,0xff,0xfe,0x0f,0xff,0xfe,0x0f,0xff,0xfe,0x0f,0xff,0xfd,0xee,
  0xff,0xfd,0xee,0xff,0xfd,0xcd,0xff,0xfd,0xcd,0xff,0xfd,0xac,0xff,0xf5,0x8b,0xff,
  0xa3,0x67,0xff,0x30,0xe1,0xff,0x10,0x41,0xff,0x10,0x41,0xff,0x00,0x00,0xff,0x10,
  0x40,0xff,0x18,0xa1,0xff,0x18,0x81,0xff,0x18,0x81,0xff,0x08,0x40,0xff,0x10,0x40,
  0xff,0x8b,0x06,0xff,0xfe,0x91,0xff,0xfe,0x91,0xff,0xfd,0xce,0xff,0xf6,0x50,0xff,
  0x72,0x24,0xff,0x20,0x81,0xff,0x31,0x22,0xff,0x31,0x22,0xff,0x39,0x63,0xff,0x41,
  0x63,0xff,0x39,0x43,0xff,0x51,0xc4,0xff,0x51,0xc4,0xff,0x62,0x45,0xff,0x5a,0x05,
  0xff,0x5a,0x05,0xff,0x51,0xc4,0xff,0x51,0xc4,0xff,0x49,0xc4,0xff,0x39,0x02,0xff,
  0x41,0xa3,0xff,0x39,0x63,0xff,0x18,0x81,0xff,0x18,0x81,0xff,0x08,0x20,0xff,0x39,
  0x02,0xff,0xcc,0xed,0xff,0xd5,0x0e,0xff,0xd5,0x0e,0xff,0xe5,0xd2,0xff,0xed,0xf0,
  0xff,0xe5,0x6d,0xff,0xff,0x54,0xff,0xff,0x54,0xff,0x31,0x02,0x00,0x00,0x41,0x00,
  0x21,0x04,0x00,0x21,0x04,0x00,0x21,0x04,0x00,0x21,0x04,0x00,0x21,0x04,0x00,0x21,
  0x24,0x00,0x21,0x04,0x00,0x21,0x04,0x00,0x21,0x04,0x00,0x18,0xe3,0x00,0x08,0x61,
  0xff,0x31,0x43,0xff,0x51,0x83,0xff,0x51,0x83,0xff,0x49,0x83,0xff,0x51,0xc4,0xff,
  0x41,0x63,0xff,0x41,0x42,0xff,0x7a,0xa6,0xff,0x7a,0xa6,0xff,0x7a,0xa6,0xff,0x7a,
  0xa5,0xff,0x6a,0x24,0xff,0x72,0x45,0xff,0x72,0x45,0xff,0x6a,0x45,0xff,0x61,0xe4,
  0xff,0x59,0xe4,0xff,0x6a,0x24,0xff,0x6a,0x24,0xff,0x6a,0x24,0xff,0x6a,0x04,0xff,
  0x61,0xc3,0xff,0x93,0x26,0xff,0x49,0xa3,0xff,0x49,0xa3,0xff,0x08,0x61,0xff,0x21,
  0x03,0x00,0x19,0x03,0x00,0x18,0xe3,0x00,0x18,0xe3,0x00,0x19,0x03,0x00,0x18,0xe3,
  0x00,0x21,0x24,0x00,0x10,0x81,0x00,0x10,0x81,0x00,0x08,0x20,0xff,0x10,0x61,0xff,
  0x00,0x20,0xff,0x08,0x40,0xff,0x00,0x00,0xff,0x00,0x00,0xff,0x10,0x81,0xff,0xcc,
  0xab,0xff,0xf5,0xee,0xff,0xfe,0x4e,0xff,0xfe,0x4e,0xff,0xfd,0xac,0xff,0xf5,0x6b,
  0xff,0xf5,0x8b,0xff,0xf5,0x4b,0xff,0xf5,0x4b,0xff,0xe4,0xe9,0xff,0xdc,0xc9,0xff,
  0xf5,0x8c,0xff,0xfe,0x0e,0xff,0xfe,0x0e,0xff,0xfe,0x0e,0xff,0xfe,0x0e,0xff,0xfd,
  0xee,0xff,0xfe,0x0e,0xff,0xfd,0xcd,0xff,0xfd,0xcd,0xff,0xfd,0x8c,0xff,0xed,0x2a,
  0xff,0xed,0x2a,0xff,0xcc,0x68,0xff,0x9b,0x66,0xff,0x9b,0x66,0xff,0x59,0xe3,0xff,
  0x41,0x62,0xff,0x08,0x20,0xff,0x10,0x60,0xff,0x10,0x60,0xff,0x20,0xc1,0xff,0x10,
  0x41,0xff,0x08,0x20,0xff,0xb4,0x0a,0xff,0xb4,0x0a,0xff,0xfe,0xb1,0xff,0xf6,0x2f,
  0xff,0xe5,0x4c,0xff,0x61,0xe3,0xff,0x20,0xc1,0xff,0x20,0xc1,0xff,0x39,0x23,0xff,
  0x39,0x43,0xff,0x41,0x63,0xff,0x41,0x84,0xff,0x41,0x84,0xff,0x5a,0x25,0xff,0x62,
  0x25,0xff,0x6a,0x66,0xff,0x5a,0x05,0xff,0x5a,0x05,0xff,0x51,0xc4,0xff,0x49,0xa4,
  0xff,0x41,0x83,0xff,0x31,0x02,0xff,0x20,0xa1,0xff,0x20,0xa1,0xff,0x10,0x61,0xff,
  0x39,0x22,0xff,0xdd,0x6f,0xff,0xf6,0x72,0xff,0xf6,0x72,0xff,0xf6,0xb3,0xff,0xf6,
  0x51,0xff,0xd4,0x8b,0xff,0xed,0xcf,0xff,0xed,0xcf,0xff,0x28,0xe2,0x00,0x08,0x62,
  0x00,0x21,0x04,0x00,0x21,0x04,0x00,0x21,0x04,0x00,0x21,0x04,0x00,0x21,0x04,0x00,
  0x21,0x24,0x00,0x21,0x04,0x00,0x18,0xe3,0x00,0x18,0xe3,0x00,0x19,0x24,0x00,0x08,
  0x61,0xff,0x18,0x61,0xff,0x59,0xe3,0xff,0x59,0xe3,0xff,0x5a,0x04,0xff,0x31,0x02,
  0xff,0x41,0x43,0xff,0x6a,0x45,0xff,0x6a,0x65,0xff,0x6a,0x65,0xff,0x61,0xe4,0xff,
  0x6a,0x25,0xff,0x6a,0x45,0xff,0x61,0xe4,0xff,0x61,0xe4,0xff,0x6a,0x04,0xff,0x6a,
  0x45,0xff,0x6a,0x45,0xff,0x72,0xa6,0xff,0x72,0xa6,0xff,0x61,0xe4,0xff,0x6a,0x45,
  0xff,0x62,0x24,0xff,0x6a,0x24,0xff,0x39,0x02,0xff,0x39,0x02,0xff,0x08,0x41,0xff,
  0x21,0x03,0x00,0x21,0x03,0x00,0x18,0xe3,0x00,0x18,0xe3,0x00,0x18,0xe3,0x00,0x19,
  0x03,0x00,0x21,0x04,0x00,0x00,0x20,0xff,0x00,0x20,0xff,0x10,0x61,0xff,0x41,0xa4,
  0xff,0x00,0x20,0xff,0x00,0x20,0xff,0x00,0x00,0xff,0x00,0x00,0xff,0x39,0x23,0xff,
  0xf6,0x2f,0xff,0xf5,0x4b,0xff,0xf5,0x2b,0xff,0xf5,0x2b,0xff,0xf5,0xad,0xff,0xf5,
  0xac,0xff,0xed,0x4b,0xff,0xf5,0x8b,0xff,0xf5,0x8b,0xff,0xdc,0x89,0xff,0xb3,0x45,
  0xff,0xe4,0xea,0xff,0xfe,0x0e,0xff,0xfd,0xee,0xff,0xfd,0xee,0xff,0xfd,0xee,0xff,
  0xfd,0xee,0xff,0xfd,0xcd,0xff,0xfd,0xad,0xff,0xfd,0xad,0xff,0xfd,0x8c,0xff,0xec,
  0xea,0xff,0xdc,0xa9,0xff,0xd4,0x69,0xff,0xe5,0x0a,0xff,0xe5,0x0a,0xff,0xe5,0x2b,
  0xff,0xe5,0x2c,0xff,0x9b,0x47,0xff,0x51,0x83,0xff,0x51,0x83,0xff,0x08,0x20,0xff,
  0x20,0xe2,0xff,0x10,0x61,0xff,0x28,0xa1,0xff,0x28,0xa1,0xff,0xed,0x8e,0xff,0xf5,
  0x8d,0xff,0xfe,0xaf,0xff,0xb3,0xe8,0xff,0x18,0x81,0xff,0x18,0x81,0xff,0x28,0xc2,
  0xff,0x31,0x02,0xff,0x41,0x83,0xff,0x31,0x02,0xff,0x31,0x02,0xff,0x51,0xe4,0xff,
  0x51,0xe5,0xff,0x51,0xc4,0xff,0x5a,0x05,0xff,0x5a,0x05,0xff,0x59,0xe4,0xff,0x49,
  0xa4,0xff,0x41,0x63,0xff,0x31,0x22,0xff,0x31,0x22,0xff,0x31,0x22,0xff,0x18,0x81,
  0xff,0x20,0xa1,0xff,0x6a,0x66,0xff,0xa4,0x4a,0xff,0xa4,0x4a,0xff,0xbc,0xcc,0xff,
  0xed,0xf0,0xff,0xed,0x8e,0xff,0xcc,0xec,0xff,0xcc,0xec,0xff,0x18,0x81,0x00,0x08,
  0x82,0x00,0x21,0x04,0x00,0x29,0x44,0x00,0x21,0x04,0x00,0x21,0x04,0x00,0x21,0x04,
  0x00,0x21,0x04,0x00,0x21,0x04,0x00,0x21,0x04,0x00,0x21,0x04,0x00,0x21,0x24,0x00,
  0x10,0xa2,0x00,0x08,0x41,0xff,0x31,0x22,0xff,0x31,0x22,0xff,0x20,0xa1,0xff,0x41,
  0x83,0xff,0x72,0xa6,0xff,0x61,0xe4,0xff,0x62,0x24,0xff,0x62,0x24,0xff,0x62,0x25,
  0xff,0x6a,0x25,0xff,0x6a,0x45,0xff,0x6a,0x04,0xff,0x6a,0x04,0xff,0x6a,0x45,0xff,
  0x72,0x65,0xff,0x62,0x04,0xff,0x6a,0x65,0xff,0x6a,0x65,0xff,0x72,0x85,0xff,0x6a,
  0x24,0xff,0x51,0xa3,0xff,0x49,0x63,0xff,0x41,0x43,0xff,0x41,0x43,0xff,0x10,0x81,
  0x00,0x20,0xe3,0x00,0x21,0x04,0x00,0x20,0xe3,0x00,0x20,0xe3,0x00,0x18,0xe3,0x00,
  0x21,0x23,0x00,0x21,0x24,0x00,0x00,0x20,0xff,0x00,0x20,0xff,0x18,0xa1,0xff,0x62,
  0x86,0xff,0x08,0x20,0xff,0x00,0x20,0xff,0x00,0x00,0xff,0x00,0x00,0xff,0x72,0x66,
  0xff,0xfe,0x0e,0xff,0xf5,0xac,0xff,0xfe,0x2e,0xff,0xfe,0x2e,0xff,0xfd,0xed,0xff,
  0xfe,0x0d,0xff,0xf5,0xcc,0xff,0xfe,0x2d,0xff,0xfe,0x2d,0xff,0xed,0x6b,0xff,0xa3,
  0x24,0xff,0xd4,0xa9,0xff,0xfe,0x0d,0xff,0xfd,0xcd,0xff,0xfd,0xcd,0xff,0xfd,0xed,
  0xff,0xfd,0xed,0xff,0xfd,0xcd,0xff,0xf5,0x8c,0xff,0xf5,0x8c,0xff,0xed,0x2b,0xff,
  0xd4,0xa9,0xff,0xcc,0x69,0xff,0xbb,0xa7,0xff,0xb3,0xa7,0xff,0xb3,0xa7,0xff,0xb3,
  0x68,0xff,0xd4,0x8b,0xff,0xf5,0xee,0xff,0xed,0xad,0xff,0xed,0xad,0xff,0x7a,0x64,
  0xff,0x10,0x40,0xff,0x10,0x81,0xff,0x10,0x40,0xff,0x10,0x40,0xff,0xc4,0x69,0xff,
  0xfe,0x6e,0xff,0xed,0x4b,0xff,0x82,0x64,0xff,0x10,0x40,0xff,0x10,0x40,0xff,0x28,
  0xe2,0xff,0x31,0x22,0xff,0x39,0x83,0xff,0x39,0x22,0xff,0x39,0x22,0xff,0x49,0xa4,
  0xff,0x51,0xc4,0xff,0x5a,0x05,0xff,0x51,0xc4,0xff,0x51,0xc4,0xff,0x62,0x45,0xff,
  0x49,0xc4,0xff,0x41,0x84,0xff,0x31,0x02,0xff,0x31,0x23,0xff,0x31,0x23,0xff,0x20,
  0xc2,0xff,0x18,0x81,0xff,0x08,0x00,0xff,0x10,0x40,0xff,0x10,0x40,0xff,0x10,0x20,
  0xff,0x59,0xe4,0xff,0xf6,0x71,0xff,0xfe,0xd3,0xff,0xfe,0xd3,0xff,0x20,0xc1,0x00,
  0x08,0x62,0x00,0x21,0x04,0x00,0x29,0x44,0x00,0x21,0x04,0x00,0x21,0x04,0x00,0x21,
  0x04,0x00,0x21,0x04,0x00,0x21,0x04,0x00,0x21,0x04,0x00,0x21,0x04,0x00,0x21,0x24,
  0x00,0x10,0xa2,0x00,0x08,0x41,0xff,0x31,0x22,0xff,0x31,0x22,0xff,0x20,0xa1,0xff,
  0x41,0x83,0xff,0x72,0xa6,0xff,0x61,0xe4,0xff,0x62,0x24,0xff,0x62,0x24,0xff,0x62,
  0x25,0xff,0x6a,0x25,0xff,0x6a,0x45,0xff,0x6a,0x04,0xff,0x6a,0x04,0xff,0x6a,0x45,
  0xff,0x72,0x65,0xff,0x62,0x04,0xff,0x6a,0x65,0xff,0x6a,0x65,0xff,0x72,0x85,0xff,
  0x6a,0x24,0xff,0x51,0xa3,0xff,0x49,0x63,0xff,0x41,0x43,0xff,0x41,0x43,0xff,0x10,
  0x81,0x00,0x20,0xe3,0x00,0x21,0x04,0x00,0x20,0xe3,0x00,0x20,0xe3,0x00,0x18,0xe3,
  0x00,0x21,0x23,0x00,0x21,0x24,0x00,0x00,0x20,0xff,0x00,0x20,0xff,0x18,0xa1,0xff,
  0x62,0x86,0xff,0x08,0x20,0xff,0x00,0x20,0xff,0x00,0x00,0xff,0x00,0x00,0xff,0x72,
  0x66,0xff,0xfe,0x0e,0xff,0xf5,0xac,0xff,0xfe,0x2e,0xff,0xfe,0x2e,0xff,0xfd,0xed,
  0xff,0xfe,0x0d,0xff,0xf5,0xcc,0xff,0xfe,0x2d,0xff,0xfe,0x2d,0xff,0xed,0x6b,0xff,
  0xa3,0x24,0xff,0xd4,0xa9,0xff,0xfe,0x0d,0xff,0xfd,0xcd,0xff,0xfd,0xcd,0xff,0xfd,
  0xed,0xff,0xfd,0xed,0xff,0xfd,0xcd,0xff,0xf5,0x8c,0xff,0xf5,0x8c,0xff,0xed,0x2b,
  0xff,0xd4,0xa9,0xff,0xcc,0x69,0xff,0xbb,0xa7,0xff,0xb3,0xa7,0xff,0xb3,0xa7,0xff,
  0xb3,0x68,0xff,0xd4,0x8b,0xff,0xf5,0xee,0xff,0xed,0xad,0xff,0xed,0xad,0xff,0x7a,
  0x64,0xff,0x10,0x40,0xff,0x10,0x81,0xff,0x10,0x40,0xff,0x10,0x40,0xff,0xc4,0x69,
  0xff,0xfe,0x6e,0xff,0xed,0x4b,0xff,0x82,0x64,0xff,0x10,0x40,0xff,0x10,0x40,0xff,
  0x28,0xe2,0xff,0x31,0x22,0xff,0x39,0x83,0xff,0x39,0x22,0xff,0x39,0x22,0xff,0x49,
  0xa4,0xff,0x51,0xc4,0xff,0x5a,0x05,0xff,0x51,0xc4,0xff,0x51,0xc4,0xff,0x62,0x45,
  0xff,0x49,0xc4,0xff,0x41,0x84,0xff,0x31,0x02,0xff,0x31,0x23,0xff,0x31,0x23,0xff,
  0x20,0xc2,0xff,0x18,0x81,0xff,0x08,0x00,0xff,0x10,0x40,0xff,0x10,0x40,0xff,0x10,
  0x20,0xff,0x59,0xe4,0xff,0xf6,0x71,0xff,0xfe,0xd3,0xff,0xfe,0xd3,0xff,0x20,0xc1,
  0x00,0x08,0x62,0x00,0x29,0x24,0x00,0x31,0x64,0x00,0x21,0x04,0x00,0x21,0x04,0x00,
  0x18,0xe3,0x00,0x21,0x04,0x00,0x21,0x24,0x00,0x19,0x04,0x00,0x19,0x04,0x00,0x21,
  0x04,0x00,0x19,0x03,0x00,0x08,0x61,0xff,0x08,0x20,0xff,0x08,0x20,0xff,0x39,0x02,
  0xff,0x6a,0x65,0xff,0x6a,0x45,0xff,0x62,0x04,0xff,0x62,0x24,0xff,0x62,0x24,0xff,
  0x6a,0x45,0xff,0x6a,0x24,0xff,0x62,0x04,0xff,0x6a,0x25,0xff,0x6a,0x25,0xff,0x6a,
  0x04,0xff,0x6a,0x45,0xff,0x62,0x04,0xff,0x62,0x04,0xff,0x62,0x04,0xff,0x72,0x65,
  0xff,0x51,0x83,0xff,0x49,0x83,0xff,0x51,0x63,0xff,0x6a,0x24,0xff,0x6a,0x24,0xff,
  0x31,0x43,0x00,0x08,0x61,0xff,0x21,0x03,0x00,0x21,0x03,0x00,0x21,0x03,0x00,0x20,
  0xe3,0x00,0x29,0x23,0x00,0x18,0xc2,0x00,0x00,0x20,0xff,0x00,0x20,0xff,0x08,0x20,
  0xff,0x5a,0x25,0xff,0x20,0xc2,0xff,0x00,0x00,0xff,0x00,0x00,0xff,0x00,0x00,0xff,
  0x7a,0x45,0xff,0xfe,0x0e,0xff,0xd4,0xa9,0xff,0xcc,0xa9,0xff,0xcc,0xa9,0xff,0xcc,
  0x29,0xff,0xf6,0x2d,0xff,0xf5,0xcd,0xff,0xfe,0x0d,0xff,0xfe,0x0d,0xff,0xf5,0xcc,
  0xff,0x9b,0x04,0xff,0xc3,0xe8,0xff,0xfd,0xed,0xff,0xf5,0xcd,0xff,0xf5,0xcd,0xff,
  0xfd,0xcd,0xff,0xfd,0xad,0xff,0xfd,0xcc,0xff,0xf5,0x6c,0xff,0xf5,0x6c,0xff,0xcc,
  0x28,0xff,0xb3,0x86,0xff,0xb3,0xc7,0xff,0xab,0x67,0xff,0xb3,0xa8,0xff,0xb3,0xa8,
  0xff,0xb3,0xa9,0xff,0xcc,0xab,0xff,0xc4,0x29,0xff,0xe4,0xec,0xff,0xe4,0xec,0xff,
  0xfe,0x2e,0xff,0x93,0x27,0xff,0x08,0x20,0xff,0x08,0x41,0xff,0x08,0x41,0xff,0x59,
  0x83,0xff,0xed,0x6c,0xff,0xed,0x0a,0xff,0xb3,0x86,0xff,0x38,0xe1,0xff,0x38,0xe1,
  0xff,0x18,0x81,0xff,0x28,0xe2,0xff,0x28,0xe2,0xff,0x39,0x63,0xff,0x39,0x63,0xff,
  0x39,0x22,0xff,0x49,0x84,0xff,0x5a,0x25,0xff,0x51,0xc4,0xff,0x51,0xc4,0xff,0x41,
  0xa4,0xff,0x28,0xe2,0xff,0x20,0xc2,0xff,0x10,0x61,0xff,0x10,0x40,0xff,0x10,0x40,
  0xff,0x08,0x20,0xff,0x18,0xa1,0xff,0x10,0x61,0xff,0x18,0xa2,0xff,0x18,0xa2,0xff,
  0x10,0x61,0xff,0x18,0xa2,0xff,0x93,0xeb,0xff,0xb4,0x8c,0xff,0xb4,0x8c,0xff,0x18,
  0x61,0x00,0x08,0x62,0x00,0x21,0x03,0x00,0x21,0x03,0x00,0x21,0x04,0x00,0x21,0x04,
  0x00,0x21,0x04,0x00,0x21,0x04,0x00,0x21,0x24,0x00,0x19,0x04,0x00,0x19,0x04,0x00,
  0x21,0x04,0x00,0x21,0x44,0x00,0x10,0x82,0x00,0x28,0xc1,0x00,0x28,0xc1,0x00,0x72,
  0x65,0xff,0x6a,0x24,0xff,0x62,0x44,0xff,0x6a,0x45,0xff,0x6a,0x45,0xff,0x6a,0x45,
  0xff,0x62,0x24,0xff,0x6a,0x25,0xff,0x6a,0x24,0xff,0x6a,0x45,0xff,0x6a,0x45,0xff,
  0x6a,0x45,0xff,0x6a,0x25,0xff,0x6a,0x24,0xff,0x6a,0x45,0xff,0x6a,0x45,0xff,0x6a,
  0x45,0xff,0x51,0xa4,0xff,0x49,0x63,0xff,0x5a,0x04,0xff,0x62,0x24,0xff,0x62,0x24,
  0xff,0x51,0xc4,0xff,0x10,0x40,0xff,0x21,0x03,0x00,0x29,0x23,0x00,0x29,0x23,0x00,
  0x21,0x03,0x00,0x29,0x03,0x00,0x10,0x81,0x00,0x18,0xa1,0x00,0x18,0xa1,0x00,0x08,
  0x20,0xff,0x31,0x43,0xff,0x51,0xe4,0xff,0x08,0x61,0xff,0x31,0x22,0xff,0x31,0x22,
  0xff,0xab,0xc9,0xff,0x92,0xe5,0xff,0x30,0xc1,0xff,0x28,0xc1,0xff,0x28,0xc1,0xff,
  0x18,0x40,0xff,0x39,0x42,0xff,0x59,0xc3,0xff,0xcc,0xea,0xff,0xcc,0xea,0xff,0xf6,
  0x2d,0xff,0xa3,0x25,0xff,0xc4,0x08,0xff,0xfd,0xcd,0xff,0xf5,0xac,0xff,0xf5,0xac,
  0xff,0xfd,0xcd,0xff,0xfd,0xad,0xff,0xfd,0xad,0xff,0xed,0x2b,0xff,0xed,0x2b,0xff,
  0xbb,0xc7,0xff,0xbb,0xc7,0xff,0xe5,0x4b,0xff,0xf5,0x8d,0xff,0xfe,0x2f,0xff,0xfe,
  0x2f,0xff,0xf6,0x50,0xff,0xfe,0x91,0xff,0xe5,0x6e,0xff,0xe5,0x6c,0xff,0xe5,0x6c,
  0xff,0xf5,0x6c,0xff,0xfe,0x0e,0xff,0x82,0xe6,0xff,0x08,0x20,0xff,0x08,0x20,0xff,
  0x28,0xc2,0xff,0xe4,0xeb,0xff,0xf5,0x6b,0xff,0xf5,0xcc,0xff,0x9b,0x05,0xff,0x9b,
  0x05,0xff,0x18,0x81,0xff,0x20,0xc2,0xff,0x20,0xa1,0xff,0x39,0x42,0xff,0x39,0x42,
  0xff,0x41,0x63,0xff,0x51,0xe5,0xff,0x51,0xe5,0xff,0x39,0x23,0xff,0x39,0x23,0xff,
  0x18,0xa1,0xff,0x10,0x60,0xff,0x10,0x40,0xff,0x10,0x20,0xff,0x31,0x02,0xff,0x31,
  0x02,0xff,0x20,0xc2,0xff,0x20,0xe2,0xff,0x10,0x61,0xff,0x20,0xe2,0xff,0x20,0xe2,
  0xff,0x18,0xc2,0xff,0x20,0xe2,0xff,0x10,0x41,0xff,0x10,0x41,0xff,0x10,0x41,0xff,
  0x10,0x61,0x00,0x10,0xc3,0x00,0x21,0x03,0x00,0x29,0x03,0x00,0x29,0x44,0x00,0x29,
  0x44,0x00,0x21,0x04,0x00,0x21,0x04,0x00,0x21,0x04,0x00,0x21,0x24,0x00,0x21,0x24,
  0x00,0x19,0x04,0x00,0x21,0x04,0x00,0x08,0x20,0xff,0x51,0x83,0xff,0x51,0x83,0xff,
  0x72,0x65,0xff,0x59,0xc4,0xff,0x59,0xe4,0xff,0x62,0x25,0xff,0x6a,0x45,0xff,0x6a,
  0x45,0xff,0x62,0x04,0xff,0x6a,0x45,0xff,0x62,0x04,0xff,0x62,0x04,0xff,0x62,0x04,
  0xff,0x6a,0x45,0xff,0x62,0x04,0xff,0x62,0x04,0xff,0x6a,0x25,0xff,0x6a,0x25,0xff,
  0x59,0xc4,0xff,0x62,0x24,0xff,0x51,0xa3,0xff,0x49,0x83,0xff,0x41,0x22,0xff,0x41,
  0x22,0xff,0x62,0x04,0xff,0x41,0x83,0xff,0x18,0xa1,0x00,0x18,0xc2,0x00,0x18,0xc2,
  0x00,0x29,0x44,0x00,0x10,0x81,0x00,0x18,0x81,0x00,0x51,0xe5,0xff,0x51,0xe5,0xff,
  0x08,0x20,0xff,0x10,0x61,0xff,0x31,0x63,0xff,0x10,0x41,0xff,0x62,0x25,0xff,0x62,
  0x25,0xff,0xe5,0x6c,0xff,0x61,0xe3,0xff,0x10,0x40,0xff,0x10,0x61,0xff,0x10,0x61,
  0xff,0x41,0x83,0xff,0x39,0x22,0xff,0x00,0x00,0xff,0x20,0xc2,0xff,0x20,0xc2,0xff,
  0x59,0xe3,0xff,0x93,0x05,0xff,0xed,0x2b,0xff,0xfd,0xac,0xff,0xf5,0xac,0xff,0xf5,
  0xac,0xff,0xfd,0xcd,0xff,0xfd,0xac,0xff,0xfd,0xcd,0xff,0xe4,0xea,0xff,0xe4,0xea,
  0xff,0xc3,0xc7,0xff,0xe4,0xca,0xff,0xfd,0xed,0xff,0xfe,0x4f,0xff,0xff,0x31,0xff,
  0xff,0x31,0xff,0xff,0x33,0xff,0xfe,0xb3,0xff,0xf6,0x92,0xff,0xf5,0xee,0xff,0xf5,
  0xee,0xff,0xe4,0xcb,0xff,0xfe,0x0d,0xff,0xf5,0xcd,0xff,0x28,0x81,0xff,0x28,0x81,
  0xff,0x38,0xe1,0xff,0xed,0x6c,0xff,0xf5,0x8b,0xff,0xec,0xca,0xff,0xcc,0x48,0xff,
  0xcc,0x48,0xff,0x51,0x83,0xff,0x08,0x20,0xff,0x18,0xa1,0xff,0x31,0x02,0xff,0x31,
  0x02,0xff,0x41,0x83,0xff,0x51,0xe5,0xff,0x29,0x02,0xff,0x18,0x81,0xff,0x18,0x81,
  0xff,0x20,0xa1,0xff,0x39,0x63,0xff,0x7b,0x08,0xff,0x83,0x09,0xff,0x6a,0x87,0xff,
  0x6a,0x87,0xff,0x39,0x43,0xff,0x28,0xc1,0xff,0x10,0x40,0xff,0x10,0x60,0xff,0x10,
  0x60,0xff,0x10,0x41,0xff,0x31,0x64,0xff,0x29,0x44,0x00,0x10,0xc2,0x00,0x10,0xc2,
  0x00,0x10,0xa2,0x00,0x18,0xe3,0x00,0x21,0x03,0x00,0x31,0x44,0x00,0x29,0x44,0x00,
  0x29,0x44,0x00,0x19,0x04,0x00,0x21,0x24,0x00,0x21,0x24,0x00,0x21,0x04,0x00,0x21,
  0x04,0x00,0x21,0x24,0x00,0x18,0xe3,0x00,0x00,0x20,0xff,0x59,0xc3,0xff,0x59,0xc3,
  0xff,0x6a,0x45,0xff,0x59,0xe4,0xff,0x51,0xc4,0xff,0x59,0xe4,0xff,0x6a,0x45,0xff,
  0x6a,0x45,0xff,0x6a,0x25,0xff,0x6a,0x25,0xff,0x6a,0x45,0xff,0x6a,0x24,0xff,0x6a,
  0x24,0xff,0x62,0x04,0xff,0x62,0x25,0xff,0x6a,0x45,0xff,0x6a,0x45,0xff,0x6a,0x45,
  0xff,0x6a,0x04,0xff,0x72,0x85,0xff,0x59,0xe4,0xff,0x51,0xa4,0xff,0x49,0x83,0xff,
  0x49,0x83,0xff,0x62,0x04,0xff,0x51,0xc4,0xff,0x18,0x81,0x00,0x10,0x81,0x00,0x10,
  0x81,0x00,0x21,0x03,0x00,0x08,0x41,0xff,0x28,0xe2,0x00,0x8b,0x69,0xff,0x8b,0x69,
  0xff,0x10,0x81,0xff,0x10,0x61,0xff,0x10,0x81,0xff,0x08,0x41,0xff,0x7a,0x66,0xff,
  0x7a,0x66,0xff,0xf5,0xce,0xff,0xd5,0x0c,0xff,0x6a,0x04,0xff,0x59,0x83,0xff,0x59,
  0x83,0xff,0xe5,0x6c,0xff,0xed,0xce,0xff,0x59,0xc3,0xff,0x08,0x00,0xff,0x08,0x00,
  0xff,0x39,0x02,0xff,0xd4,0xca,0xff,0xfd,0xac,0xff,0xfd,0xac,0xff,0xf5,0x8c,0xff,
  0xf5,0x8c,0xff,0xfd,0xad,0xff,0xfd,0xad,0xff,0xf5,0xac,0xff,0xe5,0x0a,0xff,0xe5,
  0x0a,0xff,0xcc,0x28,0xff,0x8a,0xc5,0xff,0x62,0x04,0xff,0x61,0xe4,0xff,0x83,0x06,
  0xff,0x83,0x06,0xff,0xbc,0x6a,0xff,0xfe,0x92,0xff,0xff,0x95,0xff,0xf5,0xef,0xff,
  0xf5,0xef,0xff,0xc3,0x67,0xff,0xed,0x0b,0xff,0xfe,0x4e,0xff,0xbc,0x09,0xff,0xbc,
  0x09,0xff,0xb3,0xc8,0xff,0xf5,0xcd,0xff,0xf5,0x8b,0xff,0xe4,0xea,0xff,0xe5,0x0a,
  0xff,0xe5,0x0a,0xff,0x7a,0x65,0xff,0x10,0x61,0xff,0x18,0xa1,0xff,0x18,0x81,0xff,
  0x18,0x81,0xff,0x29,0x02,0xff,0x28,0xe2,0xff,0x18,0x81,0xff,0x20,0xa1,0xff,0x20,
  0xa1,0xff,0x31,0x02,0xff,0x9b,0xeb,0xff,0xcd,0x4f,0xff,0x62,0x26,0xff,0x18,0x40,
  0xff,0x18,0x40,0xff,0x39,0x02,0xff,0xbc,0xee,0xff,0xd5,0xf1,0xff,0x8b,0xaa,0xff,
  0x8b,0xaa,0xff,0x20,0x61,0x00,0x29,0x02,0x00,0x21,0x03,0x00,0x10,0x81,0x00,0x10,
  0x81,0x00,0x18,0xc2,0x00,0x21,0x24,0x00,0x21,0x04,0x00,0x29,0x24,0x00,0x29,0x24,
  0x00,0x29,0x24,0x00,0x19,0x04,0x00,0x21,0x04,0x00,0x21,0x04,0x00,0x21,0x04,0x00,
  0x21,0x04,0x00,0x21,0x24,0x00,0x18,0xc3,0x00,0x00,0x00,0xff,0x51,0xa3,0xff,0x51,
  0xa3,0xff,0x59,0xe4,0xff,0x62,0x04,0xff,0x49,0x63,0xff,0x51,0xc4,0xff,0x62,0x24,
  0xff,0x62,0x24,0xff,0x62,0x24,0xff,0x6a,0x25,0xff,0x62,0x04,0xff,0x6a,0x45,0xff,
  0x6a,0x45,0xff,0x61,0xe4,0xff,0x61,0xe4,0xff,0x7a,0xa6,0xff,0x7a,0xc6,0xff,0x7a,
  0xc6,0xff,0x62,0x04,0xff,0x61,0xe4,0xff,0x62,0x04,0xff,0x5a,0x04,0xff,0x49,0x83,
  0xff,0x49,0x83,0xff,0x49,0x63,0xff,0x49,0x63,0xff,0x41,0xa4,0xff,0x10,0x61,0xff,
  0x10,0x61,0xff,0x10,0x61,0xff,0x08,0x21,0xff,0x49,0x83,0xff,0x93,0x69,0xff,0x93,
  0x69,0xff,0x10,0x40,0xff,0x10,0x61,0xff,0x08,0x61,0xff,0x20,0xa1,0xff,0xc4,0x8b,
  0xff,0xc4,0x8b,0xff,0xf5,0xae,0xff,0xf5,0xee,0xff,0xf5,0xac,0xff,0xf5,0xad,0xff,
  0xf5,0xad,0xff,0xc4,0x49,0xff,0x59,0xc3,0xff,0x6a,0x04,0xff,0x8a,0xc5,0xff,0x8a,
  0xc5,0xff,0xd4,0xeb,0xff,0xf5,0xcd,0xff,0xf5,0x8c,0xff,0xfd,0xac,0xff,0xf5,0xac,
  0xff,0xf5,0xac,0xff,0xfd,0xad,0xff,0xf5,0x8d,0xff,0xf5,0x8c,0xff,0xf5,0x6c,0xff,
  0xf5,0x6c,0xff,0x92,0xc6,0xff,0x08,0x20,0xff,0x08,0x20,0xff,0x08,0x20,0xff,0x08,
  0x40,0xff,0x08,0x40,0xff,0x08,0x20,0xff,0x31,0x02,0xff,0xb4,0x4a,0xff,0xfe,0x90,
  0xff,0xfe,0x90,0xff,0xed,0x0b,0xff,0xdc,0x69,0xff,0xfd,0xac,0xff,0xf5,0xed,0xff,
  0xf5,0xed,0xff,0xfd,0xed,0xff,0xf5,0x8c,0xff,0xf5,0x4b,0xff,0xf5,0x4b,0xff,0xd4,
  0x48,0xff,0xd4,0x48,0xff,0x72,0x24,0xff,0x18,0x81,0xff,0x00,0x00,0xff,0x10,0x81,
  0xff,0x10,0x81,0xff,0x18,0x81,0xff,0x08,0x20,0xff,0x20,0xe2,0xff,0x39,0x23,0xff,
  0x39,0x23,0xff,0x49,0x84,0xff,0x6a,0x87,0xff,0x49,0x83,0xff,0x18,0x61,0xff,0x7b,
  0x08,0xff,0x7b,0x08,0xff,0xd5,0xd2,0xff,0xff,0x78,0xff,0xff,0x98,0xff,0xf6,0x94,
  0xff,0xf6,0x94,0xff,0xac,0x0c,0xff,0x72,0xc8,0xff,0x10,0x40,0xff,0x08,0x41,0xff,
  0x08,0x41,0xff,0x18,0xe3,0x00,0x21,0x03,0x00,0x21,0x04,0x00,0x29,0x24,0x00,0x29,
  0x24,0x00,0x29,0x24,0x00,0x19,0x04,0x00,0x21,0x04,0x00,0x21,0x04,0x00,0x21,0x04,
  0x00,0x21,0x04,0x00,0x21,0x24,0x00,0x18,0xc3,0x00,0x00,0x00,0xff,0x51,0xa3,0xff,
  0x51,0xa3,0xff,0x59,0xe4,0xff,0x62,0x04,0xff,0x49,0x63,0xff,0x51,0xc4,0xff,0x62,
  0x24,0xff,0x62,0x24,0xff,0x62,0x24,0xff,0x6a,0x25,0xff,0x62,0x04,0xff,0x6a,0x45,
  0xff,0x6a,0x45,0xff,0x61,0xe4,0xff,0x61,0xe4,0xff,0x7a,0xa6,0xff,0x7a,0xc6,0xff,
  0x7a,0xc6,0xff,0x62,0x04,0xff,0x61,0xe4,0xff,0x62,0x04,0xff,0x5a,0x04,0xff,0x49,
  0x83,0xff,0x49,0x83,0xff,0x49,0x63,0xff,0x49,0x63,0xff,0x41,0xa4,0xff,0x10,0x61,
  0xff,0x10,0x61,0xff,0x10,0x61,0xff,0x08,0x21,0xff,0x49,0x83,0xff,0x93,0x69,0xff,
  0x93,0x69,0xff,0x10,0x40,0xff,0x10,0x61,0xff,0x08,0x61,0xff,0x20,0xa1,0xff,0xc4,
  0x8b,0xff,0xc4,0x8b,0xff,0xf5,0xae,0xff,0xf5,0xee,0xff,0xf5,0xac,0xff,0xf5,0xad,
  0xff,0xf5,0xad,0xff,0xc4,0x49,0xff,0x59,0xc3,0xff,0x6a,0x04,0xff,0x8a,0xc5,0xff,
  0x8a,0xc5,0xff,0xd4,0xeb,0xff,0xf5,0xcd,0xff,0xf5,0x8c,0xff,0xfd,0xac,0xff,0xf5,
  0xac,0xff,0xf5,0xac,0xff,0xfd,0xad,0xff,0xf5,0x8d,0xff,0xf5,0x8c,0xff,0xf5,0x6c,
  0xff,0xf5,0x6c,0xff,0x92,0xc6,0xff,0x08,0x20,0xff,0x08,0x20,0xff,0x08,0x20,0xff,
  0x08,0x40,0xff,0x08,0x40,0xff,0x08,0x20,0xff,0x31,0x02,0xff,0xb4,0x4a,0xff,0xfe,
  0x90,0xff,0xfe,0x90,0xff,0xed,0x0b,0xff,0xdc,0x69,0xff,0xfd,0xac,0xff,0xf5,0xed,
  0xff,0xf5,0xed,0xff,0xfd,0xed,0xff,0xf5,0x8c,0xff,0xf5,0x4b,0xff,0xf5,0x4b,0xff,
  0xd4,0x48,0xff,0xd4,0x48,0xff,0x72,0x24,0xff,0x18,0x81,0xff,0x00,0x00,0xff,0x10,
  0x81,0xff,0x10,0x81,0xff,0x18,0x81,0xff,0x08,0x20,0xff,0x20,0xe2,0xff,0x39,0x23,
  0xff,0x39,0x23,0xff,0x49,0x84,0xff,0x6a,0x87,0xff,0x49,0x83,0xff,0x18,0x61,0xff,
  0x7b,0x08,0xff,0x7b,0x08,0xff,0xd5,0xd2,0xff,0xff,0x78,0xff,0xff,0x98,0xff,0xf6,
  0x94,0xff,0xf6,0x94,0xff,0xac,0x0c,0xff,0x72,0xc8,0xff,0x10,0x40,0xff,0x08,0x41,
  0xff,0x08,0x41,0xff,0x18,0xe3,0x00,0x21,0x03,0x00,0x21,0x04,0x00,0x29,0x24,0x00,
  0x21,0x24,0x00,0x21,0x24,0x00,0x21,0x04,0x00,0x21,0x04,0x00,0x21,0x04,0x00,0x21,
  0x04,0x00,0x21,0x04,0x00,0x21,0x04,0x00,0x18,0xe3,0x00,0x00,0x00,0xff,0x51,0xa3,
  0xff,0x51,0xa3,0xff,0x59,0xe4,0xff,0x59,0xe4,0xff,0x51,0xa3,0xff,0x59,0xe4,0xff,
  0x62,0x04,0xff,0x62,0x04,0xff,0x62,0x04,0xff,0x6a,0x45,0xff,0x6a,0x25,0xff,0x6a,
  0x45,0xff,0x6a,0x45,0xff,0x62,0x04,0xff,0x62,0x45,0xff,0x72,0x65,0xff,0x6a,0x45,
  0xff,0x6a,0x45,0xff,0x59,0xe4,0xff,0x59,0xc4,0xff,0x62,0x04,0xff,0x5a,0x04,0xff,
  0x49,0x83,0xff,0x49,0x83,0xff,0x49,0x83,0xff,0x51,0xc4,0xff,0x62,0x45,0xff,0x49,
  0x83,0xff,0x49,0x83,0xff,0x20,0xe2,0xff,0x08,0x20,0xff,0x62,0x66,0xff,0x9b,0xa9,
  0xff,0x9b,0xa9,0xff,0x18,0xa1,0xff,0x10,0x81,0xff,0x18,0x81,0xff,0x9b,0x88,0xff,
  0xfe,0x4f,0xff,0xfe,0x4f,0xff,0xf5,0xef,0xff,0xf5,0xee,0xff,0xfe,0x4e,0xff,0xf6,
  0x2e,0xff,0xf6,0x2e,0xff,0x41,0x23,0xff,0x41,0x02,0xff,0xcc,0x6a,0xff,0xfd,0xad,
  0xff,0xfd,0xad,0xff,0xfd,0xcd,0xff,0xf5,0xac,0xff,0xfd,0xac,0xff,0xfd,0xac,0xff,
  0xf5,0xac,0xff,0xf5,0xac,0xff,0xf5,0xac,0xff,0xf5,0x8c,0xff,0xf5,0x8c,0xff,0xf5,
  0xcd,0xff,0xf5,0xcd,0xff,0x8a,0xa5,0xff,0x28,0xc1,0xff,0xa4,0x2a,0xff,0xdd,0x6d,
  0xff,0xdd,0x6c,0xff,0xdd,0x6c,0xff,0x82,0xa6,0xff,0x30,0xe2,0xff,0x08,0x20,0xff,
  0x62,0x04,0xff,0x62,0x04,0xff,0xf5,0xcc,0xff,0xfd,0xcc,0xff,0xfd,0xad,0xff,0xf5,
  0xad,0xff,0xf5,0xad,0xff,0xfd,0x8c,0xff,0xfd,0x8c,0xff,0xf5,0x6b,0xff,0xf5,0xac,
  0xff,0xdc,0x89,0xff,0xdc,0x89,0xff,0x7a,0x85,0xff,0x18,0x81,0xff,0x00,0x20,0xff,
  0x10,0x61,0xff,0x10,0x61,0xff,0x10,0xa1,0xff,0x10,0x61,0xff,0x49,0xc5,0xff,0x6a,
  0x86,0xff,0x6a,0x86,0xff,0x49,0xa4,0xff,0x28,0xc2,0xff,0x39,0x22,0xff,0x9b,0xca,
  0xff,0xf6,0xd6,0xff,0xf6,0xd6,0xff,0xf7,0x37,0xff,0xee,0xd6,0xff,0xee,0x34,0xff,
  0xfe,0xb5,0xff,0xfe,0xb5,0xff,0xfe,0xf5,0xff,0xff,0x78,0xff,0x83,0xab,0xff,0x08,
  0x40,0xff,0x08,0x40,0xff,0x18,0xe3,0x00,0x21,0x03,0x00,0x19,0x04,0x00,0x21,0x04,
  0x00,0x21,0x04,0x00,0x21,0x04,0x00,0x21,0x04,0x00,0x21,0x04,0x00,0x21,0x04,0x00,
  0x21,0x04,0x00,0x21,0x04,0x00,0x21,0x04,0x00,0x19,0x04,0x00,0x00,0x00,0xff,0x41,
  0x43,0xff,0x41,0x43,0xff,0x5a,0x04,0xff,0x49,0x83,0xff,0x51,0xa4,0xff,0x5a,0x04,
  0xff,0x62,0x04,0xff,0x62,0x04,0xff,0x59,0xe4,0xff,0x62,0x04,0xff,0x62,0x24,0xff,
  0x6a,0x45,0xff,0x6a,0x45,0xff,0x62,0x04,0xff,0x59,0xa3,0xff,0x72,0x86,0xff,0x59,
  0xe4,0xff,0x59,0xe4,0xff,0x51,0xa3,0xff,0x62,0x24,0xff,0x51,0xa3,0xff,0x49,0x83,
  0xff,0x49,0x63,0xff,0x49,0x63,0xff,0x51,0xc4,0xff,0x51,0x63,0xff,0x59,0xc4,0xff,
  0x7a,0xe6,0xff,0x7a,0xe6,0xff,0x52,0x05,0xff,0x08,0x20,0xff,0x51,0xa4,0xff,0x9b,
  0x89,0xff,0x9b,0x89,0xff,0x10,0x61,0xff,0x08,0x20,0xff,0x51,0x84,0xff,0xfe,0x4f,
  0xff,0xfe,0x4f,0xff,0xfe,0x4f,0xff,0xed,0x8e,0xff,0xf5,0xae,0xff,0xfe,0x4f,0xff,
  0xb4,0x08,0xff,0xb4,0x08,0xff,0x38,0xe2,0xff,0xe5,0x4d,0xff,0xfe,0x2f,0xff,0xfd,
  0xad,0xff,0xfd,0xad,0xff,0xf5,0x6c,0xff,0xfd,0x8c,0xff,0xfd,0x8c,0xff,0xfd,0xac,
  0xff,0xfd,0x8c,0xff,0xfd,0x8c,0xff,0xf5,0x8c,0xff,0xf5,0x6c,0xff,0xf5,0x6c,0xff,
  0xf5,0xac,0xff,0xf5,0xac,0xff,0xe5,0x2b,0xff,0xd4,0xcc,0xff,0xfe,0x91,0xff,0xf5,
  0xcf,0xff,0xfd,0xee,0xff,0xfd,0xee,0xff,0xfe,0xd0,0xff,0xf5,0xae,0xff,0x8a,0xe6,
  0xff,0x29,0x02,0xff,0x29,0x02,0xff,0x39,0x22,0xff,0xbc,0x09,0xff,0xfe,0x4f,0xff,
  0xf5,0x8d,0xff,0xf5,0x8d,0xff,0xfd,0x6c,0xff,0xfd,0xac,0xff,0xf5,0x4b,0xff,0xf5,
  0x4b,0xff,0xdc,0xaa,0xff,0xdc,0xaa,0xff,0x61,0xe4,0xff,0x08,0x20,0xff,0x08,0x40,
  0xff,0x08,0x20,0xff,0x08,0x20,0xff,0x08,0x20,0xff,0x28,0xe2,0xff,0x62,0x26,0xff,
  0x6a,0xa6,0xff,0x6a,0xa6,0xff,0x49,0xa4,0xff,0x28,0xa2,0xff,0x72,0x86,0xff,0xff,
  0x14,0xff,0xf6,0xd6,0xff,0xf6,0xd6,0xff,0xdd,0xf4,0xff,0xff,0x98,0xff,0xfe,0xf6,
  0xff,0xe5,0xf2,0xff,0xe5,0xf2,0xff,0xe5,0xf2,0xff,0xff,0xba,0xff,0xf6,0xd6,0xff,
  0x20,0xa1,0x00,0x20,0xa1,0x00,0x10,0x82,0x00,0x21,0x04,0x00,0x19,0x04,0x00,0x21,
  0x04,0x00,0x21,0x04,0x00,0x21,0x04,0x00,0x21,0x04,0x00,0x21,0x04,0x00,0x21,0x04,
  0x00,0x21,0x04,0x00,0x21,0x04,0x00,0x21,0x04,0x00,0x21,0x24,0x00,0x08,0x41,0xff,
  0x28,0xe2,0xff,0x28,0xe2,0xff,0x62,0x24,0xff,0x49,0xa3,0xff,0x51,0xc4,0xff,0x5a,
  0x04,0xff,0x62,0x24,0xff,0x62,0x24,0xff,0x61,0xe4,0xff,0x62,0x04,0xff,0x62,0x24,
  0xff,0x6a,0x65,0xff,0x6a,0x65,0xff,0x6a,0x45,0xff,0x6a,0x25,0xff,0x6a,0x45,0xff,
  0x62,0x04,0xff,0x62,0x04,0xff,0x59,0xe4,0xff,0x62,0x24,0xff,0x59,0xc4,0xff,0x51,
  0xa4,0xff,0x49,0x83,0xff,0x49,0x83,0xff,0x5a,0x04,0xff,0x49,0xa4,0xff,0x49,0xa3,
  0xff,0x41,0x63,0xff,0x41,0x63,0xff,0x39,0x43,0xff,0x18,0x81,0xff,0x52,0x25,0xff,
  0xa4,0x09,0xff,0xa4,0x09,0xff,0x18,0x81,0xff,0x18,0x81,0xff,0xc4,0x6b,0xff,0xfe,
  0x70,0xff,0xf6,0x4f,0xff,0xf6,0x4f,0xff,0xf6,0x0f,0xff,0xfe,0x4f,0xff,0xfe,0xb0,
  0xff,0x82,0xc5,0xff,0x82,0xc5,0xff,0x83,0x07,0xff,0xfe,0xb0,0xff,0xf5,0x8c,0xff,
  0xf5,0x6c,0xff,0xf5,0x6c,0xff,0xfd,0xcd,0xff,0xfd,0xac,0xff,0xf5,0x6c,0xff,0xf5,
  0xac,0xff,0xf5,0xac,0xff,0xf5,0xac,0xff,0xfd,0x8c,0xff,0xfd,0x6c,0xff,0xf5,0x6c,
  0xff,0xf5,0x4b,0xff,0xf5,0x4b,0xff,0xf5,0x6b,0xff,0xed,0x0a,0xff,0xcc,0x07,0xff,
  0xaa,0xe5,0xff,0xb3,0x46,0xff,0xb3,0x46,0xff,0xe5,0x0b,0xff,0xfe,0x0d,0xff,0xff,
  0x52,0xff,0xbc,0x4a,0xff,0xbc,0x4a,0xff,0x10,0x20,0xff,0x72,0x25,0xff,0xfe,0x8f,
  0xff,0xf5,0xad,0xff,0xf5,0xad,0xff,0xfd,0x8d,0xff,0xfd,0xac,0xff,0xf5,0x8c,0xff,
  0xf5,0x8c,0xff,0xe4,0xeb,0xff,0xe4,0xeb,0xff,0x72,0x45,0xff,0x08,0x00,0xff,0x08,
  0x61,0xff,0x08,0x41,0xff,0x08,0x41,0xff,0x10,0x61,0xff,0x49,0xc4,0xff,0x72,0xa7,
  0xff,0x49,0xa4,0xff,0x49,0xa4,0xff,0x49,0xe4,0xff,0x41,0x42,0xff,0x82,0xa6,0xff,
  0xe6,0x32,0xff,0xf6,0xf5,0xff,0xf6,0xf5,0xff,0xf6,0xd6,0xff,0xf7,0x16,0xff,0xc5,
  0x0e,0xff,0x82,0x85,0xff,0x82,0x85,0xff,0x8a,0xe6,0xff,0x9b,0x68,0xff,0xb4,0x2b,
  0xff,0x8a,0xc7,0xff,0x8a,0xc7,0xff,0x10,0x40,0xff,0x18,0xe3,0x00,0x21,0x04,0x00,
  0x21,0x04,0x00,0x21,0x04,0x00,0x21,0x04,0x00,0x21,0x04,0x00,0x21,0x04,0x00,0x21,
  0x04,0x00,0x21,0x04,0x00,0x21,0x04,0x00,0x21,0x04,0x00,0x21,0x04,0x00,0x19,0x04,
  0x00,0x00,0x20,0xff,0x00,0x20,0xff,0x31,0x42,0xff,0x41,0x43,0xff,0x59,0xe4,0xff,
  0x51,0xc4,0xff,0x62,0x04,0xff,0x62,0x04,0xff,0x62,0x04,0xff,0x6a,0x24,0xff,0x62,
  0x04,0xff,0x62,0x04,0xff,0x62,0x04,0xff,0x72,0x45,0xff,0x7a,0xc6,0xff,0x6a,0x25,
  0xff,0x6a,0x45,0xff,0x6a,0x45,0xff,0x59,0xc4,0xff,0x51,0xa4,0xff,0x59,0xc3,0xff,
  0x59,0xe4,0xff,0x49,0x83,0xff,0x49,0x83,0xff,0x39,0x42,0xff,0x31,0x22,0xff,0x31,
  0x22,0xff,0x28,0xc1,0xff,0x28,0xc1,0xff,0x41,0xa3,0xff,0x28,0xc2,0xff,0x30,0xe2,
  0xff,0x83,0x07,0xff,0x83,0x07,0xff,0x10,0x61,0xff,0x20,0xa1,0xff,0xe5,0x4d,0xff,
  0xf6,0x10,0xff,0xed,0xcf,0xff,0xed,0xcf,0xff,0xf6,0x0f,0xff,0xfd,0xed,0xff,0xfe,
  0x4f,0xff,0x72,0x04,0xff,0x72,0x04,0xff,0x61,0xc4,0xff,0xf5,0xad,0xff,0xfe,0x0d,
  0xff,0xf5,0x8c,0xff,0xf5,0x8c,0xff,0xf5,0x4b,0xff,0xfd,0x8c,0xff,0xf5,0x8c,0xff,
  0xf5,0xac,0xff,0xf5,0x8c,0xff,0xf5,0x8c,0xff,0xfd,0xac,0xff,0xfd,0xcd,0xff,0xfd,
  0xac,0xff,0xf5,0x2b,0xff,0xf5,0x2b,0xff,0xed,0x0b,0xff,0xf5,0x6b,0xff,0xed,0x6c,
  0xff,0xdc,0x6a,0xff,0xdc,0xeb,0xff,0xdc,0xeb,0xff,0xdc,0xca,0xff,0xed,0x4b,0xff,
  0xfd,0xcd,0xff,0xfd,0xcd,0xff,0xfd,0xcd,0xff,0xb3,0x87,0xff,0xe5,0x4c,0xff,0xfe,
  0x4f,0xff,0xfd,0xcd,0xff,0xfd,0xcd,0xff,0xf5,0x6d,0xff,0xfd,0xad,0xff,0xf5,0x6c,
  0xff,0xf5,0x2b,0xff,0xe4,0xeb,0xff,0xe4,0xeb,0xff,0xa3,0xa9,0xff,0x20,0xc1,0xff,
  0x00,0x40,0xff,0x08,0x20,0xff,0x08,0x20,0xff,0x18,0x61,0xff,0x51,0xc4,0xff,0x62,
  0x45,0xff,0x30,0xc2,0xff,0x30,0xc2,0xff,0x39,0x43,0xff,0x49,0x02,0xff,0x9b,0x48,
  0xff,0xdd,0xb1,0xff,0xfe,0xf4,0xff,0xfe,0xf4,0xff,0xff,0x36,0xff,0x9b,0x89,0xff,
  0x6a,0x04,0xff,0xc4,0xcd,0xff,0xc4,0xcd,0xff,0xdd,0xb1,0xff,0x93,0x28,0xff,0xb4,
  0x6c,0xff,0xf6,0x72,0xff,0xf6,0x72,0xff,0x28,0xc1,0x00,0x10,0x82,0x00,0x21,0x04,
  0x00,0x21,0x04,0x00,0x21,0x04,0x00,0x21,0x04,0x00,0x21,0x04,0x00,0x21,0x04,0x00,
  0x21,0x04,0x00,0x21,0x04,0x00,0x21,0x04,0x00,0x21,0x04,0x00,0x21,0x04,0x00,0x19,
  0x04,0x00,0x00,0x20,0xff,0x00,0x20,0xff,0x31,0x42,0xff,0x41,0x43,0xff,0x59,0xe4,
  0xff,0x51,0xc4,0xff,0x62,0x04,0xff,0x62,0x04,0xff,0x62,0x04,0xff,0x6a,0x24,0xff,
  0x62,0x04,0xff,0x62,0x04,0xff,0x62,0x04,0xff,0x72,0x45,0xff,0x7a,0xc6,0xff,0x6a,
  0x25,0xff,0x6a,0x45,0xff,0x6a,0x45,0xff,0x59,0xc4,0xff,0x51,0xa4,0xff,0x59,0xc3,
  0xff,0x59,0xe4,0xff,0x49,0x83,0xff,0x49,0x83,0xff,0x39,0x42,0xff,0x31,0x22,0xff,
  0x31,0x22,0xff,0x28,0xc1,0xff,0x28,0xc1,0xff,0x41,0xa3,0xff,0x28,0xc2,0xff,0x30,
  0xe2,0xff,0x83,0x07,0xff,0x83,0x07,0xff,0x10,0x61,0xff,0x20,0xa1,0xff,0xe5,0x4d,
  0xff,0xf6,0x10,0xff,0xed,0xcf,0xff,0xed,0xcf,0xff,0xf6,0x0f,0xff,0xfd,0xed,0xff,
  0xfe,0x4f,0xff,0x72,0x04,0xff,0x72,0x04,0xff,0x61,0xc4,0xff,0xf5,0xad,0xff,0xfe,
  0x0d,0xff,0xf5,0x8c,0xff,0xf5,0x8c,0xff,0xf5,0x4b,0xff,0xfd,0x8c,0xff,0xf5,0x8c,
  0xff,0xf5,0xac,0xff,0xf5,0x8c,0xff,0xf5,0x8c,0xff,0xfd,0xac,0xff,0xfd,0xcd,0xff,
  0xfd,0xac,0xff,0xf5,0x2b,0xff,0xf5,0x2b,0xff,0xed,0x0b,0xff,0xf5,0x6b,0xff,0xed,
  0x6c,0xff,0xdc,0x6a,0xff,0xdc,0xeb,0xff,0xdc,0xeb,0xff,0xdc,0xca,0xff,0xed,0x4b,
  0xff,0xfd,0xcd,0xff,0xfd,0xcd,0xff,0xfd,0xcd,0xff,0xb3,0x87,0xff,0xe5,0x4c,0xff,
  0xfe,0x4f,0xff,0xfd,0xcd,0xff,0xfd,0xcd,0xff,0xf5,0x6d,0xff,0xfd,0xad,0xff,0xf5,
  0x6c,0xff,0xf5,0x2b,0xff,0xe4,0xeb,0xff,0xe4,0xeb,0xff,0xa3,0xa9,0xff,0x20,0xc1,
  0xff,0x00,0x40,0xff,0x08,0x20,0xff,0x08,0x20,0xff,0x18,0x61,0xff,0x51,0xc4,0xff,
  0x62,0x45,0xff,0x30,0xc2,0xff,0x30,0xc2,0xff,0x39,0x43,0xff,0x49,0x02,0xff,0x9b,
  0x48,0xff,0xdd,0xb1,0xff,0xfe,0xf4,0xff,0xfe,0xf4,0xff,0xff,0x36,0xff,0x9b,0x89,
  0xff,0x6a,0x04,0xff,0xc4,0xcd,0xff,0xc4,0xcd,0xff,0xdd,0xb1,0xff,0x93,0x28,0xff,
  0xb4,0x6c,0xff,0xf6,0x72,0xff,0xf6,0x72,0xff,0x28,0xc1,0x00,0x10,0x82,0x00,0x21,
  0x04,0x00,0x21,0x04,0x00,0x21,0x04,0x00,0x21,0x04,0x00,0x21,0x04,0x00,0x21,0x04,
  0x00,0x21,0x04,0x00,0x21,0x04,0x00,0x21,0x04,0x00,0x21,0x04,0x00,0x21,0x04,0x00,
  0x21,0x24,0x00,0x10,0xa3,0x00,0x10,0xa3,0x00,0x08,0x41,0xff,0x18,0x81,0x00,0x51,
  0xa3,0xff,0x5a,0x04,0xff,0x62,0x04,0xff,0x62,0x04,0xff,0x59,0xe4,0xff,0x62,0x24,
  0xff,0x62,0x04,0xff,0x62,0x04,0xff,0x62,0x04,0xff,0x62,0x04,0xff,0x72,0x85,0xff,
  0x72,0x45,0xff,0x6a,0x65,0xff,0x6a,0x65,0xff,0x59,0xe4,0xff,0x59,0xc4,0xff,0x59,
  0xe3,0xff,0x51,0xc3,0xff,0x28,0xe2,0xff,0x28,0xe2,0xff,0x20,0xa2,0xff,0x49,0xa4,
  0xff,0x6a,0x65,0xff,0x59,0xe4,0xff,0x59,0xe4,0xff,0x62,0x66,0xff,0x31,0x02,0xff,
  0x31,0x02,0xff,0x62,0x46,0xff,0x62,0x46,0xff,0x10,0x40,0xff,0x39,0x42,0xff,0xf5,
  0xcd,0xff,0xf6,0x30,0xff,0xed,0xef,0xff,0xed,0xef,0xff,0xfe,0x0e,0xff,0xfe,0x6e,
  0xff,0xfe,0xae,0xff,0xcc,0x69,0xff,0xcc,0x69,0xff,0x59,0x83,0xff,0xa3,0x87,0xff,
  0xe5,0x0b,0xff,0xf5,0x6b,0xff,0xf5,0x6b,0xff,0xf5,0x4a,0xff,0xf5,0x8b,0xff,0xf5,
  0x8c,0xff,0xf5,0xcc,0xff,0xfd,0xed,0xff,0xfd,0xed,0xff,0xf5,0xed,0xff,0xc4,0x08,
  0xff,0xdc,0xca,0xff,0xfd,0xee,0xff,0xfd,0xee,0xff,0xfd,0xad,0xff,0xfd,0xad,0xff,
  0xfe,0x2e,0xff,0xfd,0xcd,0xff,0xf5,0xac,0xff,0xf5,0xac,0xff,0xed,0x6c,0xff,0xfd,
  0xcd,0xff,0xed,0x0b,0xff,0xfd,0x8c,0xff,0xfd,0x8c,0xff,0xfd,0xed,0xff,0xfe,0x4e,
  0xff,0xfd,0xed,0xff,0xfd,0xee,0xff,0xfd,0xee,0xff,0xfd,0x8d,0xff,0xfd,0x8d,0xff,
  0xf5,0x6b,0xff,0xf5,0x8c,0xff,0xcc,0x69,0xff,0xcc,0x69,0xff,0x62,0x66,0xff,0x39,
  0x64,0xff,0x00,0x20,0xff,0x10,0x61,0xff,0x10,0x61,0xff,0x39,0x43,0xff,0x62,0x05,
  0xff,0x5a,0x04,0xff,0x39,0x22,0xff,0x39,0x22,0xff,0x41,0x43,0xff,0x93,0x27,0xff,
  0xe6,0x11,0xff,0xf6,0xb4,0xff,0xff,0x16,0xff,0xff,0x16,0xff,0xb4,0x4c,0xff,0x6a,
  0x04,0xff,0xc5,0x0f,0xff,0xff,0x58,0xff,0xff,0x58,0xff,0xff,0x37,0xff,0xf6,0x73,
  0xff,0xf6,0xd4,0xff,0xff,0x54,0xff,0xff,0x54,0xff,0x41,0x63,0xff,0x08,0x62,0xff,
  0x21,0x04,0x00,0x21,0x04,0x00,0x21,0x04,0x00,0x21,0x04,0x00,0x21,0x04,0x00,0x21,
  0x04,0x00,0x21,0x04,0x00,0x21,0x04,0x00,0x21,0x04,0x00,0x21,0x04,0x00,0x21,0x04,
  0x00,0x21,0x04,0x00,0x21,0x24,0x00,0x21,0x24,0x00,0x10,0xa2,0x00,0x10,0xa2,0x00,
  0x41,0x83,0xff,0x49,0x83,0xff,0x59,0xe4,0xff,0x59,0xe4,0xff,0x59,0xe4,0xff,0x59,
  0xe4,0xff,0x59,0xe4,0xff,0x62,0x24,0xff,0x62,0x24,0xff,0x62,0x04,0xff,0x62,0x04,
  0xff,0x6a,0x45,0xff,0x61,0xe4,0xff,0x61,0xe4,0xff,0x59,0xe4,0xff,0x62,0x04,0xff,
  0x51,0xa3,0xff,0x31,0x02,0xff,0x20,0xa1,0xff,0x20,0xa1,0xff,0x5a,0x04,0xff,0x72,
  0x65,0xff,0x6a,0x65,0xff,0x51,0xa3,0xff,0x51,0xa3,0xff,0x39,0x02,0xff,0x28,0xe2,
  0xff,0x20,0xc2,0xff,0x20,0xa2,0xff,0x20,0xa2,0xff,0x08,0x20,0xff,0x39,0x02,0xff,
  0xf5,0x6c,0xff,0xf5,0xcd,0xff,0xfe,0x8f,0xff,0xfe,0x8f,0xff,0xfe,0x6f,0xff,0xdd,
  0x2b,0xff,0xc4,0x47,0xff,0xab,0xa6,0xff,0xab,0xa6,0xff,0x28,0xc1,0xff,0x10,0x40,
  0xff,0x51,0x42,0xff,0xdc,0x88,0xff,0xdc,0x88,0xff,0xf5,0xab,0xff,0xbb,0xa6,0xff,
  0x59,0xa3,0xff,0x6a,0x24,0xff,0xd4,0xe9,0xff,0xd4,0xe9,0xff,0xf5,0xed,0xff,0x50,
  0xc1,0xff,0xb3,0x47,0xff,0xfe,0x2f,0xff,0xfe,0x2f,0xff,0xfd,0xee,0xff,0xf5,0xae,
  0xff,0xfd,0xee,0xff,0xfd,0xee,0xff,0xf5,0x8d,0xff,0xf5,0x8d,0xff,0xed,0x6c,0xff,
  0xfd,0xad,0xff,0xf5,0x8d,0xff,0xfd,0xee,0xff,0xfd,0xee,0xff,0xfd,0xcd,0xff,0xfe,
  0x0e,0xff,0xfd,0xce,0xff,0xfd,0xee,0xff,0xfd,0xee,0xff,0xfd,0xee,0xff,0xf5,0x8d,
  0xff,0xf5,0x2b,0xff,0xfd,0xac,0xff,0xbc,0x09,0xff,0xbc,0x09,0xff,0x10,0x40,0xff,
  0x10,0x81,0xff,0x08,0x41,0xff,0x10,0x40,0xff,0x10,0x40,0xff,0x5a,0x25,0xff,0x6a,
  0x45,0xff,0x39,0x23,0xff,0x28,0xe2,0xff,0x28,0xe2,0xff,0x38,0xc1,0xff,0xcd,0x4e,
  0xff,0xff,0x98,0xff,0xee,0xb6,0xff,0xee,0x54,0xff,0xee,0x54,0xff,0x61,0xc4,0xff,
  0x8b,0x29,0xff,0xff,0x78,0xff,0xf6,0xd6,0xff,0xf6,0xd6,0xff,0xd5,0x71,0xff,0xe5,
  0xcf,0xff,0xe5,0xf0,0xff,0xf6,0x31,0xff,0xf6,0x31,0xff,0x39,0x22,0x00,0x08,0x62,
  0xff,0x21,0x04,0x00,0x21,0x04,0x00,0x21,0x04,0x00,0x21,0x04,0x00,0x21,0x04,0x00,
  0x21,0x04,0x00,0x21,0x04,0x00,0x21,0x04,0x00,0x21,0x04,0x00,0x21,0x04,0x00,0x21,
  0x04,0x00,0x21,0x04,0x00,0x21,0x04,0x00,0x21,0x04,0x00,0x19,0x04,0x00,0x10,0x82,
  0x00,0x31,0x43,0x00,0x41,0x43,0xff,0x51,0xc3,0xff,0x51,0xc3,0xff,0x59,0xe4,0xff,
  0x59,0xe4,0xff,0x59,0xe4,0xff,0x6a,0x24,0xff,0x6a,0x24,0xff,0x62,0x04,0xff,0x6a,
  0x25,0xff,0x62,0x04,0xff,0x62,0x04,0xff,0x62,0x04,0xff,0x59,0xe4,0xff,0x62,0x04,
  0xff,0x49,0x83,0xff,0x20,0xa2,0xff,0x51,0xc4,0xff,0x51,0xc4,0xff,0x8b,0x27,0xff,
  0x59,0xc3,0xff,0x41,0x22,0xff,0x49,0x83,0xff,0x49,0x83,0xff,0x41,0x63,0xff,0x20,
  0xc1,0xff,0x10,0x61,0xff,0x20,0xe2,0xff,0x20,0xe2,0xff,0x08,0x40,0xff,0x51,0xa3,
  0xff,0xfd,0xed,0xff,0xfd,0xed,0xff,0xf5,0xee,0xff,0xf5,0xee,0xff,0x93,0x88,0xff,
  0x41,0x22,0xff,0x20,0x60,0xff,0x28,0xc1,0xff,0x28,0xc1,0xff,0x08,0x20,0xff,0x10,
  0x61,0xff,0x10,0x61,0xff,0x8a,0xc5,0xff,0x8a,0xc5,0xff,0xe4,0xc9,0xff,0x59,0x62,
  0xff,0x08,0x00,0xff,0x08,0x20,0xff,0x41,0x22,0xff,0x41,0x22,0xff,0xc4,0x08,0xff,
  0xb3,0x06,0xff,0xe5,0x0c,0xff,0xfe,0x4f,0xff,0xfe,0x4f,0xff,0xfd,0xee,0xff,0xfe,
  0x0f,0xff,0xfe,0x0f,0xff,0xfe,0x0e,0xff,0xfe,0x2f,0xff,0xfe,0x2f,0xff,0xf5,0xce,
  0xff,0xf5,0xce,0xff,0xfe,0x4f,0xff,0xfe,0x70,0xff,0xfe,0x70,0xff,0xfe,0x0f,0xff,
  0xfe,0x2f,0xff,0xfe,0x0f,0xff,0xfe,0x0f,0xff,0xfe,0x0f,0xff,0xfd,0xee,0xff,0xf5,
  0x8d,0xff,0xed,0x4b,0xff,0xf5,0x8b,0xff,0xc4,0x29,0xff,0xc4,0x29,0xff,0x18,0x60,
  0xff,0x00,0x20,0xff,0x08,0x40,0xff,0x10,0x40,0xff,0x10,0x40,0xff,0x6a,0x65,0xff,
  0x7a,0xc6,0xff,0x49,0x63,0xff,0x28,0xa1,0xff,0x28,0xa1,0xff,0x30,0xa1,0xff,0xd5,
  0x90,0xff,0xff,0x99,0xff,0xff,0x58,0xff,0xf6,0x72,0xff,0xf6,0x72,0xff,0x9b,0x88,
  0xff,0xdd,0xd3,0xff,0xfe,0xf6,0xff,0xf6,0xb4,0xff,0xf6,0xb4,0xff,0xe5,0xb0,0xff,
  0xcd,0x0d,0xff,0xcc,0xcc,0xff,0xf6,0x31,0xff,0xf6,0x31,0xff,0x31,0x22,0x00,0x08,
  0x82,0x00,0x21,0x04,0x00,0x21,0x04,0x00,0x21,0x04,0x00,0x21,0x04,0x00,0x21,0x04,
  0x00,0x21,0x04,0x00,0x21,0x04,0x00,0x21,0x04,0x00,0x21,0x04,0x00,0x21,0x04,0x00,
  0x21,0x04,0x00,0x21,0x04,0x00,0x18,0xe4,0x00,0x18,0xe4,0x00,0x21,0x24,0x00,0x10,
  0x82,0x00,0x08,0x40,0xff,0x49,0x83,0xff,0x49,0x62,0xff,0x49,0x62,0xff,0x51,0xa3,
  0xff,0x5a,0x04,0xff,0x59,0xe4,0xff,0x61,0xe4,0xff,0x61,0xe4,0xff,0x6a,0x25,0xff,
  0x6a,0x25,0xff,0x62,0x04,0xff,0x6a,0x24,0xff,0x6a,0x24,0xff,0x59,0xc3,0xff,0x51,
  0xa3,0xff,0x31,0x22,0xff,0x28,0xc2,0xff,0x72,0x25,0xff,0x72,0x25,0xff,0x6a,0x24,
  0xff,0x49,0xa3,0xff,0x51,0x83,0xff,0x6a,0x44,0xff,0x6a,0x44,0xff,0x62,0x24,0xff,
  0x20,0xc1,0xff,0x08,0x20,0xff,0x10,0x61,0xff,0x10,0x61,0xff,0x08,0x20,0xff,0x69,
  0xe3,0xff,0xfe,0x6d,0xff,0xf5,0xed,0xff,0x51,0x83,0xff,0x51,0x83,0xff,0x10,0x40,
  0xff,0x20,0xc1,0xff,0x08,0x20,0xff,0x10,0x81,0xff,0x10,0x81,0xff,0x10,0x61,0xff,
  0x10,0x61,0xff,0x00,0x00,0xff,0x10,0x61,0xff,0x10,0x61,0xff,0x39,0x22,0xff,0x18,
  0x60,0xff,0x10,0x81,0xff,0x18,0x82,0xff,0x08,0x00,0xff,0x08,0x00,0xff,0x69,0xe3,
  0xff,0xf5,0x6b,0xff,0xf5,0x8c,0xff,0xfe,0x6f,0xff,0xfe,0x6f,0xff,0xfd,0xef,0xff,
  0xf5,0xae,0xff,0xfe,0x0f,0xff,0xfd,0xef,0xff,0xfd,0xee,0xff,0xfd,0xee,0xff,0xf5,
  0xef,0xff,0xfe,0x51,0xff,0xfe,0x31,0xff,0xfe,0x10,0xff,0xfe,0x10,0xff,0xfe,0x30,
  0xff,0xfe,0x30,0xff,0xfd,0xef,0xff,0xfe,0x0f,0xff,0xfe,0x0f,0xff,0xfd,0xce,0xff,
  0xfd,0xcd,0xff,0xed,0x0a,0xff,0xe4,0xc9,0xff,0xb3,0xe8,0xff,0xb3,0xe8,0xff,0x20,
  0xc1,0xff,0x08,0x41,0xff,0x08,0x20,0xff,0x28,0xc1,0xff,0x28,0xc1,0xff,0x59,0xe5,
  0xff,0x61,0xe4,0xff,0x82,0xe6,0xff,0x8b,0x07,0xff,0x8b,0x07,0xff,0x28,0x60,0xff,
  0xbc,0x6c,0xff,0xff,0x57,0xff,0xf6,0xd5,0xff,0xb4,0x2a,0xff,0xb4,0x2a,0xff,0xcc,
  0xed,0xff,0xfe,0xf7,0xff,0xe6,0x14,0xff,0xdd,0xb1,0xff,0xdd,0xb1,0xff,0xed,0xf0,
  0xff,0xbc,0x2b,0xff,0xbc,0x4b,0xff,0xed,0xaf,0xff,0xed,0xaf,0xff,0x20,0xa1,0x00,
  0x08,0x62,0x00,0x21,0x04,0x00,0x21,0x04,0x00,0x21,0x04,0x00,0x21,0x04,0x00,0x21,
  0x04,0x00,0x21,0x04,0x00,0x21,0x04,0x00,0x21,0x04,0x00,0x21,0x04,0x00,0x21,0x04,
  0x00,0x21,0x04,0x00,0x21,0x04,0x00,0x18,0xe4,0x00,0x18,0xe4,0x00,0x21,0x24,0x00,
  0x10,0x82,0x00,0x08,0x40,0xff,0x49,0x83,0xff,0x49,0x62,0xff,0x49,0x62,0xff,0x51,
  0xa3,0xff,0x5a,0x04,0xff,0x59,0xe4,0xff,0x61,0xe4,0xff,0x61,0xe4,0xff,0x6a,0x25,
  0xff,0x6a,0x25,0xff,0x62,0x04,0xff,0x6a,0x24,0xff,0x6a,0x24,0xff,0x59,0xc3,0xff,
  0x51,0xa3,0xff,0x31,0x22,0xff,0x28,0xc2,0xff,0x72,0x25,0xff,0x72,0x25,0xff,0x6a,
  0x24,0xff,0x49,0xa3,0xff,0x51,0x83,0xff,0x6a,0x44,0xff,0x6a,0x44,0xff,0x62,0x24,
  0xff,0x20,0xc1,0xff,0x08,0x20,0xff,0x10,0x61,0xff,0x10,0x61,0xff,0x08,0x20,0xff,
  0x69,0xe3,0xff,0xfe,0x6d,0xff,0xf5,0xed,0xff,0x51,0x83,0xff,0x51,0x83,0xff,0x10,
  0x40,0xff,0x20,0xc1,0xff,0x08,0x20,0xff,0x10,0x81,0xff,0x10,0x81,0xff,0x10,0x61,
  0xff,0x10,0x61,0xff,0x00,0x00,0xff,0x10,0x61,0xff,0x10,0x61,0xff,0x39,0x22,0xff,
  0x18,0x60,0xff,0x10,0x81,0xff,0x18,0x82,0xff,0x08,0x00,0xff,0x08,0x00,0xff,0x69,
  0xe3,0xff,0xf5,0x6b,0xff,0xf5,0x8c,0xff,0xfe,0x6f,0xff,0xfe,0x6f,0xff,0xfd,0xef,
  0xff,0xf5,0xae,0xff,0xfe,0x0f,0xff,0xfd,0xef,0xff,0xfd,0xee,0xff,0xfd,0xee,0xff,
  0xf5,0xef,0xff,0xfe,0x51,0xff,0xfe,0x31,0xff,0xfe,0x10,0xff,0xfe,0x10,0xff,0xfe,
  0x30,0xff,0xfe,0x30,0xff,0xfd,0xef,0xff,0xfe,0x0f,0xff,0xfe,0x0f,0xff,0xfd,0xce,
  0xff,0xfd,0xcd,0xff,0xed,0x0a,0xff,0xe4,0xc9,0xff,0xb3,0xe8,0xff,0xb3,0xe8,0xff,
  0x20,0xc1,0xff,0x08,0x41,0xff,0x08,0x20,0xff,0x28,0xc1,0xff,0x28,0xc1,0xff,0x59,
  0xe5,0xff,0x61,0xe4,0xff,0x82,0xe6,0xff,0x8b,0x07,0xff,0x8b,0x07,0xff,0x28,0x60,
  0xff,0xbc,0x6c,0xff,0xff,0x57,0xff,0xf6,0xd5,0xff,0xb4,0x2a,0xff,0xb4,0x2a,0xff,
  0xcc,0xed,0xff,0xfe,0xf7,0xff,0xe6,0x14,0xff,0xdd,0xb1,0xff,0xdd,0xb1,0xff,0xed,
  0xf0,0xff,0xbc,0x2b,0xff,0xbc,0x4b,0xff,0xed,0xaf,0xff,0xed,0xaf,0xff,0x20,0xa1,
  0x00,0x08,0x62,0x00,0x21,0x04,0x00,0x21,0x04,0x00,0x21,0x04,0x00,0x21,0x04,0x00,
  0x21,0x04,0x00,0x21,0x04,0x00,0x21,0x04,0x00,0x21,0x04,0x00,0x21,0x04,0x00,0x21,
  0x04,0x00,0x21,0x04,0x00,0x21,0x04,0x00,0x19,0x04,0x00,0x19,0x04,0x00,0x21,0x04,
  0x00,0x18,0xe3,0x00,0x08,0x40,0xff,0x41,0x63,0xff,0x49,0x62,0xff,0x49,0x62,0xff,
  0x49,0x83,0xff,0x5a,0x04,0xff,0x59,0xe4,0xff,0x59,0xe4,0xff,0x59,0xe4,0xff,0x62,
  0x04,0xff,0x6a,0x24,0xff,0x6a,0x24,0xff,0x6a,0x45,0xff,0x6a,0x45,0xff,0x61,0xe4,
  0xff,0x51,0xa3,0xff,0x20,0xc1,0xff,0x41,0x83,0xff,0x7a,0xa6,0xff,0x7a,0xa6,0xff,
  0x49,0x63,0xff,0x51,0x83,0xff,0x6a,0x24,0xff,0x62,0x04,0xff,0x62,0x04,0xff,0x59,
  0xe3,0xff,0x29,0x01,0xff,0x10,0x61,0xff,0x10,0x61,0xff,0x10,0x61,0xff,0x08,0x20,
  0xff,0x6a,0x23,0xff,0xff,0x50,0xff,0xab,0xc7,0xff,0x08,0x40,0xff,0x08,0x40,0xff,
  0x18,0x81,0xff,0x21,0x02,0xff,0x10,0x81,0xff,0x10,0xa1,0xff,0x10,0xa1,0xff,0x08,
  0x40,0xff,0x08,0x40,0xff,0x10,0x40,0xff,0x00,0x20,0xff,0x00,0x20,0xff,0x00,0x00,
  0xff,0x00,0x00,0xff,0x00,0x20,0xff,0x18,0xc1,0xff,0x18,0xa1,0xff,0x18,0xa1,0xff,
  0x31,0x22,0xff,0x62,0x24,0xff,0x69,0xc3,0xff,0xd4,0x8a,0xff,0xd4,0x8a,0xff,0xfe,
  0x6f,0xff,0xfd,0xee,0xff,0xfd,0xef,0xff,0xfd,0xce,0xff,0xfe,0x0f,0xff,0xfe,0x0f,
  0xff,0xfe,0x71,0xff,0xfe,0xd3,0xff,0xfe,0xb2,0xff,0xfe,0x92,0xff,0xfe,0x92,0xff,
  0xfe,0x30,0xff,0xfe,0x50,0xff,0xfd,0xef,0xff,0xfd,0xcf,0xff,0xfd,0xcf,0xff,0xf5,
  0xae,0xff,0xfd,0xed,0xff,0xe4,0xc9,0xff,0xd4,0x49,0xff,0x72,0x45,0xff,0x72,0x45,
  0xff,0x18,0x81,0xff,0x20,0xe2,0xff,0x20,0xc1,0xff,0x5a,0x24,0xff,0x5a,0x24,0xff,
  0x72,0x86,0xff,0x39,0x02,0xff,0x82,0xc7,0xff,0xe5,0x8e,0xff,0xe5,0x8e,0xff,0x51,
  0x42,0xff,0xc4,0xac,0xff,0xff,0x77,0xff,0xc5,0x0e,0xff,0x61,0xa3,0xff,0x61,0xa3,
  0xff,0xdd,0xd1,0xff,0xff,0x77,0xff,0xe6,0x33,0xff,0xdd,0x90,0xff,0xdd,0x90,0xff,
  0xdd,0x8e,0xff,0xc4,0x8b,0xff,0xbc,0x4b,0xff,0xd5,0x0d,0xff,0xd5,0x0d,0xff,0x28,
  0xc1,0x00,0x10,0x82,0x00,0x19,0x04,0x00,0x21,0x04,0x00,0x21,0x04,0x00,0x21,0x04,
  0x00,0x21,0x04,0x00,0x21,0x04,0x00,0x21,0x04,0x00,0x21,0x04,0x00,0x21,0x04,0x00,
  0x21,0x04,0x00,0x21,0x04,0x00,0x21,0x04,0x00,0x21,0x04,0x00,0x21,0x04,0x00,0x18,
  0xe4,0x00,0x21,0x24,0x00,0x08,0x41,0xff,0x20,0xa1,0x00,0x51,0xa3,0xff,0x51,0xa3,
  0xff,0x41,0x42,0xff,0x51,0xa3,0xff,0x59,0xe4,0xff,0x59,0xe4,0xff,0x59,0xe4,0xff,
  0x61,0xe4,0xff,0x6a,0x24,0xff,0x62,0x04,0xff,0x6a,0x04,0xff,0x6a,0x04,0xff,0x6a,
  0x24,0xff,0x49,0x83,0xff,0x18,0x81,0xff,0x49,0x84,0xff,0x72,0x65,0xff,0x72,0x65,
  0xff,0x49,0x63,0xff,0x51,0xa3,0xff,0x6a,0x24,0xff,0x51,0x83,0xff,0x51,0x83,0xff,
  0x51,0x63,0xff,0x39,0x22,0xff,0x08,0x20,0xff,0x08,0x20,0xff,0x08,0x20,0xff,0x00,
  0x00,0xff,0x41,0x42,0xff,0xd4,0xeb,0xff,0x39,0x22,0xff,0x10,0x61,0xff,0x10,0x61,
  0xff,0x18,0xa2,0xff,0x10,0x81,0xff,0x10,0x61,0xff,0x08,0x60,0xff,0x08,0x60,0xff,
  0x00,0x20,0xff,0x10,0x60,0xff,0x6a,0xa5,0xff,0x83,0x46,0xff,0x83,0x46,0xff,0x30,
  0xe1,0xff,0x18,0x81,0xff,0x20,0xa1,0xff,0x18,0x81,0xff,0x10,0x81,0xff,0x10,0x81,
  0xff,0x18,0xa1,0xff,0x18,0x81,0xff,0x18,0x61,0xff,0x51,0x63,0xff,0x51,0x63,0xff,
  0xf5,0x6c,0xff,0xfd,0xee,0xff,0xf5,0x6d,0xff,0xf5,0x6d,0xff,0xfd,0xce,0xff,0xfd,
  0xce,0xff,0xfe,0x92,0xff,0xfe,0x93,0xff,0xfe,0x93,0xff,0xfe,0xd2,0xff,0xfe,0xd2,
  0xff,0xfe,0x30,0xff,0xfd,0xef,0xff,0xf5,0xce,0xff,0xfe,0x0f,0xff,0xfe,0x0f,0xff,
  0xf5,0x8e,0xff,0xed,0x2c,0xff,0xe4,0xca,0xff,0xb3,0x87,0xff,0x30,0xe2,0xff,0x30,
  0xe2,0xff,0x10,0x81,0xff,0x20,0xe2,0xff,0x49,0x63,0xff,0x6a,0x25,0xff,0x6a,0x25,
  0xff,0x7a,0xc6,0xff,0x28,0xe2,0xff,0x28,0xc2,0xff,0x7a,0xa7,0xff,0x7a,0xa7,0xff,
  0x72,0x44,0xff,0xe5,0xf1,0xff,0xff,0x15,0xff,0x82,0xc7,0xff,0x30,0xa1,0xff,0x30,
  0xa1,0xff,0xdd,0xd1,0xff,0xf6,0x93,0xff,0xdd,0xb0,0xff,0xdd,0x4f,0xff,0xdd,0x4f,
  0xff,0xbc,0x6c,0xff,0xc4,0x8c,0xff,0xa3,0x89,0xff,0x49,0x63,0xff,0x49,0x63,0xff,
  0x10,0x41,0xff,0x18,0xe3,0x00,0x19,0x04,0x00,0x21,0x04,0x00,0x21,0x04,0x00,0x21,
  0x04,0x00,0x21,0x04,0x00,0x19,0x04,0x00,0x21,0x04,0x00,0x21,0x04,0x00,0x21,0x04,
  0x00,0x21,0x04,0x00,0x21,0x04,0x00,0x21,0x04,0x00,0x21,0x04,0x00,0x21,0x04,0x00,
  0x21,0x04,0x00,0x21,0x04,0x00,0x10,0xc2,0x00,0x10,0x81,0x00,0x51,0xe4,0xff,0x51,
  0xe4,0xff,0x41,0x22,0xff,0x41,0x63,0xff,0x62,0x04,0xff,0x61,0xe4,0xff,0x61,0xe4,
  0xff,0x62,0x04,0xff,0x6a,0x24,0xff,0x6a,0x24,0xff,0x6a,0x24,0xff,0x6a,0x24,0xff,
  0x6a,0x44,0xff,0x51,0xc3,0xff,0x39,0x42,0xff,0x7a,0xa6,0xff,0x6a,0x45,0xff,0x6a,
  0x45,0xff,0x51,0xc3,0xff,0x59,0xe4,0xff,0x59,0xe4,0xff,0x51,0xa3,0xff,0x51,0xa3,
  0xff,0x51,0x83,0xff,0x31,0x22,0xff,0x08,0x40,0xff,0x08,0x40,0xff,0x08,0x40,0xff,
  0x00,0x20,0xff,0x08,0x40,0xff,0x18,0x60,0xff,0x08,0x20,0xff,0x08,0x41,0xff,0x08,
  0x41,0xff,0x08,0x20,0xff,0x00,0x00,0xff,0x00,0x20,0xff,0x08,0x61,0xff,0x08,0x61,
  0xff,0x00,0x00,0xff,0x00,0x00,0xff,0x28,0xa0,0xff,0x49,0x82,0xff,0x49,0x82,0xff,
  0x41,0x22,0xff,0x52,0x03,0xff,0x49,0xa3,0xff,0x39,0x63,0xff,0x20,0xc2,0xff,0x20,
  0xc2,0xff,0x18,0xa1,0xff,0x20,0xe2,0xff,0x29,0x02,0xff,0x18,0xa1,0xff,0x18,0xa1,
  0xff,0x72,0x04,0xff,0xf5,0x2c,0xff,0xf5,0x6c,0xff,0xf5,0x4c,0xff,0xfd,0xad,0xff,
  0xfd,0xad,0xff,0xfe,0x4f,0xff,0xfe,0xb2,0xff,0xfe,0x71,0xff,0xfe,0x30,0xff,0xfe,
  0x30,0xff,0xfe,0x0f,0xff,0xfd,0xce,0xff,0xfd,0xce,0xff,0xfe,0x0f,0xff,0xfe,0x0f,
  0xff,0xed,0x6d,0xff,0xed,0x0b,0xff,0xdc,0x89,0xff,0x8a,0xc5,0xff,0x20,0x81,0xff,
  0x20,0x81,0xff,0x10,0x81,0xff,0x20,0xa1,0xff,0x62,0x45,0xff,0x72,0x65,0xff,0x72,
  0x65,0xff,0x62,0x45,0xff,0x31,0x02,0xff,0x18,0x61,0xff,0x10,0x20,0xff,0x10,0x20,
  0xff,0x93,0x89,0xff,0xff,0x76,0xff,0xff,0x97,0xff,0x82,0xe7,0xff,0x51,0x43,0xff,
  0x51,0x43,0xff,0xee,0x13,0xff,0xee,0x11,0xff,0xdd,0x6f,0xff,0xdd,0x4e,0xff,0xdd,
  0x4e,0xff,0xc4,0x8c,0xff,0xc4,0xcc,0xff,0x9b,0x88,0xff,0x10,0x61,0xff,0x10,0x61,
  0xff,0x10,0x62,0x00,0x21,0x04,0x00,0x21,0x04,0x00,0x21,0x04,0x00,0x21,0x04,0x00,
  0x21,0x04,0x00,0x21,0x04,0x00,0x21,0x04,0x00,0x21,0x04,0x00,0x21,0x04,0x00,0x21,
  0x04,0x00,0x21,0x04,0x00,0x21,0x04,0x00,0x19,0x04,0x00,0x21,0x04,0x00,0x21,0x04,
  0x00,0x21,0x04,0x00,0x18,0xe3,0x00,0x21,0x24,0x00,0x10,0x61,0xff,0x28,0xe2,0xff,
  0x28,0xe2,0xff,0x49,0x63,0xff,0x39,0x22,0xff,0x51,0xa3,0xff,0x62,0x04,0xff,0x62,
  0x04,0xff,0x62,0x04,0xff,0x62,0x04,0xff,0x6a,0x24,0xff,0x6a,0x24,0xff,0x6a,0x24,
  0xff,0x62,0x04,0xff,0x49,0x83,0xff,0x5a,0x04,0xff,0x8b,0x06,0xff,0x61,0xe4,0xff,
  0x61,0xe4,0xff,0x51,0x83,0xff,0x59,0xc4,0xff,0x51,0xa3,0xff,0x51,0xa3,0xff,0x51,
  0xa3,0xff,0x49,0x83,0xff,0x28,0xc1,0xff,0x08,0x20,0xff,0x00,0x00,0xff,0x00,0x00,
  0xff,0x08,0x40,0xff,0x08,0x40,0xff,0x29,0x02,0xff,0x28,0xe2,0xff,0x08,0x20,0xff,
  0x08,0x20,0xff,0x41,0xa4,0xff,0x7a,0xc7,0xff,0x28,0xe1,0xff,0x00,0x20,0xff,0x00,
  0x20,0xff,0x28,0xe2,0xff,0x62,0x45,0xff,0x59,0xe4,0xff,0x41,0x83,0xff,0x41,0x83,
  0xff,0x20,0x60,0xff,0x18,0x60,0xff,0x08,0x20,0xff,0x18,0xa1,0xff,0x18,0x81,0xff,
  0x18,0x81,0xff,0x20,0xc1,0xff,0x18,0x61,0xff,0x20,0xc1,0xff,0x18,0x81,0xff,0x18,
  0x81,0xff,0x10,0x20,0xff,0xbc,0x29,0xff,0xf5,0xee,0xff,0xec,0xaa,0xff,0xf5,0x2b,
  0xff,0xf5,0x2b,0xff,0xfd,0xad,0xff,0xfd,0xce,0xff,0xfe,0x2f,0xff,0xfd,0xae,0xff,
  0xfd,0xae,0xff,0xf5,0x8d,0xff,0xfd,0xcd,0xff,0xf5,0x8d,0xff,0xf5,0x6d,0xff,0xf5,
  0x6d,0xff,0xed,0x0b,0xff,0xec,0xea,0xff,0xb3,0x66,0xff,0x49,0x62,0xff,0x18,0xa1,
  0xff,0x18,0xa1,0xff,0x10,0x81,0xff,0x18,0x81,0xff,0x5a,0x25,0xff,0x62,0x25,0xff,
  0x62,0x25,0xff,0x30,0xe2,0xff,0x62,0x25,0xff,0x82,0xc7,0xff,0x51,0x42,0xff,0x51,
  0x42,0xff,0xd5,0x6f,0xff,0xff,0x15,0xff,0xf6,0xb4,0xff,0x8b,0x26,0xff,0xac,0x0b,
  0xff,0xac,0x0b,0xff,0xf6,0x73,0xff,0xdd,0x6f,0xff,0xc4,0x8d,0xff,0xd5,0x0d,0xff,
  0xd5,0x0d,0xff,0xbc,0x0a,0xff,0xab,0xc9,0xff,0x9b,0xa9,0xff,0x10,0x41,0xff,0x10,
  0x41,0xff,0x10,0xa2,0x00,0x21,0x04,0x00,0x21,0x04,0x00,0x21,0x04,0x00,0x21,0x04,
  0x00,0x21,0x04,0x00,0x21,0x04,0x00,0x19,0x04,0x00,0x21,0x04,0x00,0x21,0x04,0x00,
  0x21,0x04,0x00,0x21,0x04,0x00,0x21,0x04,0x00,0x21,0x04,0x00,0x21,0x04,0x00,0x21,
  0x04,0x00,0x21,0x04,0x00,0x18,0xe3,0x00,0x21,0x24,0x00,0x18,0xc3,0x00,0x08,0x20,
  0xff,0x08,0x20,0xff,0x41,0x42,0xff,0x41,0x62,0xff,0x41,0x63,0xff,0x62,0x24,0xff,
  0x62,0x24,0xff,0x62,0x04,0xff,0x62,0x04,0xff,0x6a,0x24,0xff,0x6a,0x24,0xff,0x6a,
  0x24,0xff,0x62,0x24,0xff,0x49,0x83,0xff,0x62,0x25,0xff,0x82,0xe7,0xff,0x62,0x04,
  0xff,0x62,0x04,0xff,0x51,0xa3,0xff,0x51,0xa3,0xff,0x51,0xa3,0xff,0x49,0x83,0xff,
  0x49,0x83,0xff,0x49,0x83,0xff,0x28,0xe2,0xff,0x08,0x60,0xff,0x00,0x20,0xff,0x00,
  0x20,0xff,0x00,0x20,0xff,0x10,0x60,0xff,0xd5,0x2d,0xff,0xed,0xee,0xff,0x28,0xe1,
  0xff,0x28,0xe1,0xff,0x8b,0x48,0xff,0xff,0xb4,0xff,0x8b,0x46,0xff,0x00,0x00,0xff,
  0x00,0x00,0xff,0x8b,0xeb,0xff,0xff,0xb9,0xff,0xf7,0x98,0xff,0xff,0xba,0xff,0xff,
  0xba,0xff,0xff,0x98,0xff,0xff,0x34,0xff,0xb4,0x6b,0xff,0x41,0x43,0xff,0x08,0x20,
  0xff,0x08,0x20,0xff,0x08,0x20,0xff,0x10,0x61,0xff,0x20,0xe2,0xff,0x18,0xc1,0xff,
  0x18,0xc1,0xff,0x10,0x81,0xff,0x49,0x83,0xff,0xed,0x2d,0xff,0xf5,0x6c,0xff,0xf5,
  0x4b,0xff,0xf5,0x4b,0xff,0xfd,0x6c,0xff,0xfd,0xcd,0xff,0xfd,0xcd,0xff,0xfd,0xad,
  0xff,0xfd,0xad,0xff,0xfd,0x8d,0xff,0xfd,0xcd,0xff,0xf5,0x4c,0xff,0xed,0x0b,0xff,
  0xed,0x0b,0xff,0xed,0x0b,0xff,0xd4,0x69,0xff,0x6a,0x04,0xff,0x20,0xa2,0xff,0x18,
  0xc2,0xff,0x18,0xc2,0xff,0x10,0x81,0xff,0x28,0xe2,0xff,0x51,0xe4,0xff,0x41,0x83,
  0xff,0x41,0x83,0xff,0x28,0xc1,0xff,0xbc,0x6b,0xff,0xf6,0x71,0xff,0xd5,0x0c,0xff,
  0xd5,0x0c,0xff,0xee,0x31,0xff,0xff,0x15,0xff,0xe6,0x12,0xff,0x8b,0x06,0xff,0xe5,
  0xd1,0xff,0xe5,0xd1,0xff,0xf6,0x52,0xff,0xdd,0x6f,0xff,0xcc,0xcd,0xff,0xc4,0xac,
  0xff,0xc4,0xac,0xff,0xb3,0xe9,0xff,0xbc,0x4a,0xff,0x9b,0xca,0xff,0x10,0x81,0x00,
  0x10,0x81,0x00,0x10,0xc3,0x00,0x21,0x04,0x00,0x21,0x04,0x00,0x21,0x04,0x00,0x21,
  0x04,0x00,0x21,0x04,0x00,0x21,0x04,0x00,0x19,0x04,0x00,0x21,0x04,0x00,0x21,0x04,
  0x00,0x21,0x04,0x00,0x21,0x04,0x00,0x21,0x04,0x00,0x21,0x04,0x00,0x21,0x04,0x00,
  0x21,0x04,0x00,0x21,0x04,0x00,0x18,0xe3,0x00,0x21,0x24,0x00,0x18,0xc3,0x00,0x08,
  0x20,0xff,0x08,0x20,0xff,0x41,0x42,0xff,0x41,0x62,0xff,0x41,0x63,0xff,0x62,0x24,
  0xff,0x62,0x24,0xff,0x62,0x04,0xff,0x62,0x04,0xff,0x6a,0x24,0xff,0x6a,0x24,0xff,
  0x6a,0x24,0xff,0x62,0x24,0xff,0x49,0x83,0xff,0x62,0x25,0xff,0x82,0xe7,0xff,0x62,
  0x04,0xff,0x62,0x04,0xff,0x51,0xa3,0xff,0x51,0xa3,0xff,0x51,0xa3,0xff,0x49,0x83,
  0xff,0x49,0x83,0xff,0x49,0x83,0xff,0x28,0xe2,0xff,0x08,0x60,0xff,0x00,0x20,0xff,
  0x00,0x20,0xff,0x00,0x20,0xff,0x10,0x60,0xff,0xd5,0x2d,0xff,0xed,0xee,0xff,0x28,
  0xe1,0xff,0x28,0xe1,0xff,0x8b,0x48,0xff,0xff,0xb4,0xff,0x8b,0x46,0xff,0x00,0x00,
  0xff,0x00,0x00,0xff,0x8b,0xeb,0xff,0xff,0xb9,0xff,0xf7,0x98,0xff,0xff,0xba,0xff,
  0xff,0xba,0xff,0xff,0x98,0xff,0xff,0x34,0xff,0xb4,0x6b,0xff,0x41,0x43,0xff,0x08,
  0x20,0xff,0x08,0x20,0xff,0x08,0x20,0xff,0x10,0x61,0xff,0x20,0xe2,0xff,0x18,0xc1,
  0xff,0x18,0xc1,0xff,0x10,0x81,0xff,0x49,0x83,0xff,0xed,0x2d,0xff,0xf5,0x6c,0xff,
  0xf5,0x4b,0xff,0xf5,0x4b,0xff,0xfd,0x6c,0xff,0xfd,0xcd,0xff,0xfd,0xcd,0xff,0xfd,
  0xad,0xff,0xfd,0xad,0xff,0xfd,0x8d,0xff,0xfd,0xcd,0xff,0xf5,0x4c,0xff,0xed,0x0b,
  0xff,0xed,0x0b,0xff,0xed,0x0b,0xff,0xd4,0x69,0xff,0x6a,0x04,0xff,0x20,0xa2,0xff,
  0x18,0xc2,0xff,0x18,0xc2,0xff,0x10,0x81,0xff,0x28,0xe2,0xff,0x51,0xe4,0xff,0x41,
  0x83,0xff,0x41,0x83,0xff,0x28,0xc1,0xff,0xbc,0x6b,0xff,0xf6,0x71,0xff,0xd5,0x0c,
  0xff,0xd5,0x0c,0xff,0xee,0x31,0xff,0xff,0x15,0xff,0xe6,0x12,0xff,0x8b,0x06,0xff,
  0xe5,0xd1,0xff,0xe5,0xd1,0xff,0xf6,0x52,0xff,0xdd,0x6f,0xff,0xcc,0xcd,0xff,0xc4,
  0xac,0xff,0xc4,0xac,0xff,0xb3,0xe9,0xff,0xbc,0x4a,0xff,0x9b,0xca,0xff,0x10,0x81,
  0x00,0x10,0x81,0x00,0x10,0xc3,0x00,0x21,0x04,0x00,0x21,0x04,0x00,0x21,0x04,0x00,
  0x21,0x04,0x00,0x21,0x04,0x00,0x21,0x04,0x00,0x21,0x04,0x00,0x21,0x04,0x00,0x21,
  0x04,0x00,0x21,0x04,0x00,0x21,0x04,0x00,0x21,0x04,0x00,0x21,0x04,0x00,0x19,0x04,
  0x00,0x19,0x04,0x00,0x21,0x04,0x00,0x21,0x04,0x00,0x18,0xe3,0x00,0x19,0x04,0x00,
  0x08,0x20,0xff,0x08,0x20,0xff,0x39,0x22,0xff,0x51,0xc3,0xff,0x41,0x42,0xff,0x51,
  0xa3,0xff,0x51,0xa3,0xff,0x61,0xe4,0xff,0x62,0x04,0xff,0x59,0xe4,0xff,0x6a,0x24,
  0xff,0x6a,0x24,0xff,0x62,0x04,0xff,0x49,0xa3,0xff,0x49,0x83,0xff,0x6a,0x25,0xff,
  0x62,0x04,0xff,0x62,0x04,0xff,0x51,0x83,0xff,0x49,0x83,0xff,0x51,0xc4,0xff,0x49,
  0x63,0xff,0x49,0x63,0xff,0x49,0x63,0xff,0x28,0xe2,0xff,0x08,0x20,0xff,0x00,0x00,
  0xff,0x00,0x00,0xff,0x00,0x00,0xff,0x10,0x20,0xff,0xdd,0x8c,0xff,0xff,0xb2,0xff,
  0x83,0x06,0xff,0x83,0x06,0xff,0x30,0xc1,0xff,0xdd,0x4b,0xff,0xcc,0xa9,0xff,0x20,
  0x40,0xff,0x20,0x40,0xff,0x28,0xe2,0xff,0x5a,0x86,0xff,0x4a,0x05,0xff,0x52,0x46,
  0xff,0x52,0x46,0xff,0x83,0x8a,0xff,0xde,0x73,0xff,0xff,0x98,0xff,0xff,0x78,0xff,
  0xcd,0x6f,0xff,0xcd,0x6f,0xff,0x5a,0x45,0xff,0x10,0x60,0xff,0x10,0x61,0xff,0x08,
  0x41,0xff,0x08,0x41,0xff,0x08,0x21,0xff,0x00,0x00,0xff,0x9b,0x67,0xff,0xfd,0xce,
  0xff,0xf5,0x2a,0xff,0xf5,0x2a,0xff,0xf5,0x0b,0xff,0xfd,0x6c,0xff,0xf5,0x4c,0xff,
  0xfd,0x8c,0xff,0xfd,0x8c,0xff,0xf5,0x6c,0xff,0xed,0x0b,0xff,0xed,0x0b,0xff,0xed,
  0x2b,0xff,0xed,0x2b,0xff,0xc4,0x08,0xff,0x7a,0x85,0xff,0x29,0x02,0xff,0x18,0x81,
  0xff,0x10,0x81,0xff,0x10,0x81,0xff,0x08,0x20,0xff,0x29,0x02,0xff,0x49,0xc4,0xff,
  0x20,0xa2,0xff,0x20,0xa2,0xff,0x30,0xe1,0xff,0xcc,0xcc,0xff,0xed,0xcf,0xff,0xed,
  0xcf,0xff,0xed,0xcf,0xff,0xe5,0xd0,0xff,0xff,0x36,0xff,0xc5,0x0e,0xff,0x59,0xc3,
  0xff,0xe5,0xf2,0xff,0xe5,0xf2,0xff,0xdd,0x70,0xff,0xcc,0xed,0xff,0xd5,0x2d,0xff,
  0xab,0xa9,0xff,0xab,0xa9,0xff,0xa3,0x68,0xff,0x8b,0x48,0xff,0x39,0x43,0xff,0x08,
  0x41,0xff,0x08,0x41,0xff,0x21,0x04,0x00,0x21,0x04,0x00,0x21,0x04,0x00,0x21,0x04,
  0x00,0x21,0x04,0x00,0x21,0x04,0x00,0x21,0x04,0x00,0x21,0x04,0x00,0x21,0x04,0x00,
  0x21,0x04,0x00,0x21,0x04,0x00,0x21,0x04,0x00,0x21,0x04,0x00,0x21,0x04,0x00,0x21,
  0x04,0x00,0x21,0x04,0x00,0x21,0x04,0x00,0x21,0x04,0x00,0x18,0xe4,0x00,0x19,0x04,
  0x00,0x18,0xa2,0x00,0x18,0xa2,0x00,0x29,0x02,0x00,0x41,0x63,0xff,0x41,0x22,0xff,
  0x49,0x83,0xff,0x49,0x83,0xff,0x59,0xc4,0xff,0x62,0x04,0xff,0x61,0xe4,0xff,0x6a,
  0x25,0xff,0x6a,0x25,0xff,0x62,0x04,0xff,0x59,0xe4,0xff,0x49,0x83,0xff,0x5a,0x04,
  0xff,0x59,0xc4,0xff,0x59,0xc4,0xff,0x51,0xc3,0xff,0x51,0xa3,0xff,0x51,0xa4,0xff,
  0x49,0x83,0xff,0x49,0x83,0xff,0x49,0x63,0xff,0x28,0xe2,0xff,0x00,0x00,0xff,0x41,
  0x42,0xff,0x41,0x42,0xff,0x9b,0xc8,0xff,0x41,0x22,0xff,0x9b,0x46,0xff,0xfe,0xef,
  0xff,0xcc,0xca,0xff,0xcc,0xca,0xff,0x28,0x80,0xff,0xa3,0x86,0xff,0xf6,0x2d,0xff,
  0xcc,0x8a,0xff,0xcc,0x8a,0xff,0x18,0x20,0xff,0x00,0x00,0xff,0x00,0x00,0xff,0x00,
  0x00,0xff,0x00,0x00,0xff,0x00,0x00,0xff,0x08,0x20,0xff,0x18,0xa1,0xff,0x62,0xa7,
  0xff,0xc5,0x70,0xff,0xc5,0x70,0xff,0xac,0xac,0xff,0x18,0x81,0xff,0x08,0x20,0xff,
  0x08,0x40,0xff,0x08,0x40,0xff,0x08,0x61,0xff,0x00,0x20,0xff,0x41,0x42,0xff,0xe4,
  0xcb,0xff,0xf5,0x8c,0xff,0xf5,0x8c,0xff,0xfd,0x6c,0xff,0xfd,0xac,0xff,0xf5,0x4b,
  0xff,0xf5,0x8c,0xff,0xf5,0x8c,0xff,0xf5,0x2b,0xff,0xec,0xea,0xff,0xdc,0xaa,0xff,
  0xbc,0x09,0xff,0xbc,0x09,0xff,0x61,0xe4,0xff,0x28,0xc2,0xff,0x18,0xa1,0xff,0x18,
  0xa2,0xff,0x10,0x61,0xff,0x10,0x61,0xff,0x08,0x20,0xff,0x20,0xc2,0xff,0x49,0xc4,
  0xff,0x20,0xc2,0xff,0x20,0xc2,0xff,0x30,0xe1,0xff,0xcd,0x2d,0xff,0xed,0xef,0xff,
  0xe5,0x8e,0xff,0xe5,0x8e,0xff,0xee,0x93,0xff,0xff,0x76,0xff,0xa4,0x0b,0xff,0x49,
  0x63,0xff,0xee,0x32,0xff,0xee,0x32,0xff,0xe5,0xf0,0xff,0xcc,0xcd,0xff,0xcc,0xcc,
  0xff,0xb4,0x0a,0xff,0xb4,0x0a,0xff,0x9b,0x68,0xff,0x30,0xe2,0x00,0x10,0x61,0xff,
  0x18,0xe3,0x00,0x18,0xe3,0x00,0x21,0x04,0x00,0x19,0x04,0x00,0x21,0x04,0x00,0x21,
  0x04,0x00,0x21,0x04,0x00,0x21,0x04,0x00,0x21,0x04,0x00,0x21,0x04,0x00,0x21,0x04,
  0x00,0x21,0x04,0x00,0x21,0x04,0x00,0x21,0x04,0x00,0x21,0x04,0x00,0x21,0x04,0x00,
  0x21,0x04,0x00,0x21,0x04,0x00,0x18,0xe4,0x00,0x21,0x04,0x00,0x21,0x04,0x00,0x19,
  0x04,0x00,0x21,0x44,0x00,0x21,0x44,0x00,0x08,0x41,0xff,0x10,0x40,0xff,0x41,0x42,
  0xff,0x41,0x63,0xff,0x41,0x63,0xff,0x49,0x83,0xff,0x59,0xe4,0xff,0x62,0x04,0xff,
  0x61,0xe4,0xff,0x61,0xe4,0xff,0x6a,0x25,0xff,0x72,0x65,0xff,0x62,0x04,0xff,0x62,
  0x04,0xff,0x51,0xa3,0xff,0x51,0xa3,0xff,0x59,0xe4,0xff,0x51,0xa3,0xff,0x49,0x83,
  0xff,0x51,0x83,0xff,0x51,0x83,0xff,0x49,0x63,0xff,0x18,0x81,0xff,0x00,0x00,0xff,
  0xb4,0x07,0xff,0xb4,0x07,0xff,0xff,0x50,0xff,0x7a,0x85,0xff,0x38,0x81,0xff,0xed,
  0x6b,0xff,0xf6,0x0d,0xff,0xf6,0x0d,0xff,0x72,0x24,0xff,0x59,0x21,0xff,0xed,0x6a,
  0xff,0xfe,0x6e,0xff,0xfe,0x6e,0xff,0x72,0x04,0xff,0x10,0x61,0xff,0x21,0x02,0xff,
  0x29,0x22,0xff,0x29,0x22,0xff,0x20,0xc2,0xff,0x28,0xe1,0xff,0x10,0x60,0xff,0x08,
  0x40,0xff,0x00,0x20,0xff,0x00,0x20,0xff,0x08,0x20,0xff,0x08,0x20,0xff,0x08,0x40,
  0xff,0x08,0x20,0xff,0x08,0x20,0xff,0x08,0x41,0xff,0x00,0x00,0xff,0x30,0xc1,0xff,
  0xdc,0xaa,0xff,0xf5,0x8c,0xff,0xf5,0x8c,0xff,0xfd,0x6b,0xff,0xfd,0xcd,0xff,0xf5,
  0x6c,0xff,0xec,0xca,0xff,0xec,0xca,0xff,0xdc,0x49,0xff,0xe4,0xc9,0xff,0xa3,0x26,
  0xff,0x49,0xa3,0xff,0x49,0xa3,0xff,0x20,0xc2,0xff,0x18,0xa1,0xff,0x10,0x81,0xff,
  0x10,0x81,0xff,0x08,0x41,0xff,0x08,0x41,0xff,0x00,0x20,0xff,0x18,0x81,0xff,0x49,
  0xa4,0xff,0x20,0xa2,0xff,0x20,0xa2,0xff,0x18,0x60,0xff,0x9b,0xa9,0xff,0xbc,0x8b,
  0xff,0xab,0xa9,0xff,0xab,0xa9,0xff,0xdd,0xb0,0xff,0xf6,0xf5,0xff,0x7a,0xe8,0xff,
  0x30,0xe2,0xff,0xd5,0x70,0xff,0xd5,0x70,0xff,0xdd,0x8f,0xff,0xb4,0x0a,0xff,0xa3,
  0x89,0xff,0xa3,0x48,0xff,0xa3,0x48,0xff,0x93,0x47,0xff,0x20,0xa1,0x00,0x10,0x82,
  0x00,0x21,0x04,0x00,0x21,0x04,0x00,0x21,0x04,0x00,0x19,0x04,0x00,0x19,0x04,0x00,
  0x19,0x04,0x00,0x19,0x04,0x00,0x19,0x04,0x00,0x21,0x04,0x00,0x21,0x04,0x00,0x21,
  0x04,0x00,0x19,0x04,0x00,0x19,0x04,0x00,0x21,0x04,0x00,0x21,0x04,0x00,0x21,0x04,
  0x00,0x21,0x04,0x00,0x21,0x04,0x00,0x21,0x04,0x00,0x21,0x04,0x00,0x21,0x04,0x00,
  0x21,0x04,0x00,0x21,0x44,0x00,0x21,0x44,0x00,0x00,0x41,0xff,0x10,0x61,0xff,0x59,
  0xe4,0xff,0x41,0x22,0xff,0x41,0x22,0xff,0x49,0x83,0xff,0x59,0xc4,0xff,0x59,0xe4,
  0xff,0x6a,0x04,0xff,0x6a,0x04,0xff,0x72,0x45,0xff,0x72,0x86,0xff,0x62,0x24,0xff,
  0x59,0xe4,0xff,0x59,0xe4,0xff,0x59,0xe4,0xff,0x59,0xe4,0xff,0x51,0xa3,0xff,0x51,
  0x83,0xff,0x51,0xa3,0xff,0x51,0xa3,0xff,0x49,0x83,0xff,0x20,0xa1,0xff,0x00,0x00,
  0xff,0xb4,0x08,0xff,0xb4,0x08,0xff,0xfe,0xee,0xff,0xab,0xa7,0xff,0x28,0x81,0xff,
  0xdd,0x4b,0xff,0xff,0x10,0xff,0xff,0x10,0xff,0xcc,0xaa,0xff,0x51,0x22,0xff,0xcc,
  0xa9,0xff,0xfe,0x8e,0xff,0xfe,0x8e,0xff,0xbb,0xc8,0xff,0x18,0x80,0xff,0x20,0xe2,
  0xff,0x28,0xe2,0xff,0x28,0xe2,0xff,0x28,0x81,0xff,0x49,0x62,0xff,0x39,0x01,0xff,
  0x31,0x02,0xff,0x18,0x81,0xff,0x18,0x81,0xff,0x10,0x61,0xff,0x08,0x41,0xff,0x08,
  0x40,0xff,0x08,0x40,0xff,0x08,0x40,0xff,0x08,0x41,0xff,0x00,0x20,0xff,0x49,0x83,
  0xff,0xed,0x6c,0xff,0xf5,0xac,0xff,0xf5,0xac,0xff,0xe4,0xeb,0xff,0xbb,0xe9,0xff,
  0xdc,0xca,0xff,0xed,0x2a,0xff,0xed,0x2a,0xff,0xd4,0x48,0xff,0xa3,0x05,0xff,0x61,
  0xe4,0xff,0x28,0xe2,0xff,0x28,0xe2,0xff,0x18,0xa1,0xff,0x18,0xe2,0xff,0x10,0x61,
  0xff,0x08,0x61,0xff,0x08,0x41,0xff,0x08,0x41,0xff,0x08,0x40,0xff,0x18,0xa1,0xff,
  0x49,0xa4,0xff,0x20,0xc2,0xff,0x20,0xc2,0xff,0x18,0xa1,0xff,0x59,0xe4,0xff,0x72,
  0x05,0xff,0x82,0x65,0xff,0x82,0x65,0xff,0xcd,0x2d,0xff,0xf6,0xd3,0xff,0x7a,0xc7,
  0xff,0x41,0x43,0xff,0xe5,0xd1,0xff,0xe5,0xd1,0xff,0xd5,0x2d,0xff,0x93,0x27,0xff,
  0xa3,0x88,0xff,0xab,0xe9,0xff,0xab,0xe9,0xff,0x82,0xe6,0xff,0x18,0x81,0x00,0x18,
  0xe3,0x00,0x21,0x24,0x00,0x21,0x24,0x00,0x19,0x04,0x00,0x19,0x04,0x00,0x19,0x04,
  0x00,0x19,0x04,0x00,0x19,0x04,0x00,0x19,0x04,0x00,0x21,0x04,0x00,0x21,0x04,0x00,
  0x21,0x04,0x00,0x19,0x04,0x00,0x19,0x04,0x00,0x21,0x04,0x00,0x21,0x04,0x00,0x21,
  0x04,0x00,0x21,0x04,0x00,0x21,0x04,0x00,0x21,0x04,0x00,0x21,0x04,0x00,0x21,0x04,
  0x00,0x21,0x04,0x00,0x21,0x44,0x00,0x21,0x44,0x00,0x00,0x41,0xff,0x10,0x61,0xff,
  0x59,0xe4,0xff,0x41,0x22,0xff,0x41,0x22,0xff,0x49,0x83,0xff,0x59,0xc4,0xff,0x59,
  0xe4,0xff,0x6a,0x04,0xff,0x6a,0x04,0xff,0x72,0x45,0xff,0x72,0x86,0xff,0x62,0x24,
  0xff,0x59,0xe4,0xff,0x59,0xe4,0xff,0x59,0xe4,0xff,0x59,0xe4,0xff,0x51,0xa3,0xff,
  0x51,0x83,0xff,0x51,0xa3,0xff,0x51,0xa3,0xff,0x49,0x83,0xff,0x20,0xa1,0xff,0x00,
  0x00,0xff,0xb4,0x08,0xff,0xb4,0x08,0xff,0xfe,0xee,0xff,0xab,0xa7,0xff,0x28,0x81,
  0xff,0xdd,0x4b,0xff,0xff,0x10,0xff,0xff,0x10,0xff,0xcc,0xaa,0xff,0x51,0x22,0xff,
  0xcc,0xa9,0xff,0xfe,0x8e,0xff,0xfe,0x8e,0xff,0xbb,0xc8,0xff,0x18,0x80,0xff,0x20,
  0xe2,0xff,0x28,0xe2,0xff,0x28,0xe2,0xff,0x28,0x81,0xff,0x49,0x62,0xff,0x39,0x01,
  0xff,0x31,0x02,0xff,0x18,0x81,0xff,0x18,0x81,0xff,0x10,0x61,0xff,0x08,0x41,0xff,
  0x08,0x40,0xff,0x08,0x40,0xff,0x08,0x40,0xff,0x08,0x41,0xff,0x00,0x20,0xff,0x49,
  0x83,0xff,0xed,0x6c,0xff,0xf5,0xac,0xff,0xf5,0xac,0xff,0xe4,0xeb,0xff,0xbb,0xe9,
  0xff,0xdc,0xca,0xff,0xed,0x2a,0xff,0xed,0x2a,0xff,0xd4,0x48,0xff,0xa3,0x05,0xff,
  0x61,0xe4,0xff,0x28,0xe2,0xff,0x28,0xe2,0xff,0x18,0xa1,0xff,0x18,0xe2,0xff,0x10,
  0x61,0xff,0x08,0x61,0xff,0x08,0x41,0xff,0x08,0x41,0xff,0x08,0x40,0xff,0x18,0xa1,
  0xff,0x49,0xa4,0xff,0x20,0xc2,0xff,0x20,0xc2,0xff,0x18,0xa1,0xff,0x59,0xe4,0xff,
  0x72,0x05,0xff,0x82,0x65,0xff,0x82,0x65,0xff,0xcd,0x2d,0xff,0xf6,0xd3,0xff,0x7a,
  0xc7,0xff,0x41,0x43,0xff,0xe5,0xd1,0xff,0xe5,0xd1,0xff,0xd5,0x2d,0xff,0x93,0x27,
  0xff,0xa3,0x88,0xff,0xab,0xe9,0xff,0xab,0xe9,0xff,0x82,0xe6,0xff,0x18,0x81,0x00,
  0x18,0xe3,0x00,0x21,0x24,0x00,0x21,0x24,0x00,0x19,0x04,0x00,0x19,0x04,0x00,0x19,
  0x04,0x00,0x19,0x04,0x00,0x19,0x04,0x00,0x19,0x04,0x00,0x21,0x04,0x00,0x21,0x04,
  0x00,0x21,0x04,0x00,0x19,0x04,0x00,0x19,0x04,0x00,0x21,0x04,0x00,0x21,0x04,0x00,
  0x21,0x04,0x00,0x21,0x04,0x00,0x21,0x04,0x00,0x21,0x04,0x00,0x20,0xe4,0x00,0x21,
  0x04,0x00,0x18,0xe4,0x00,0x21,0x24,0x00,0x21,0x24,0x00,0x18,0xe3,0x00,0x18,0xc2,
  0x00,0x39,0x63,0xff,0x30,0xe1,0xff,0x30,0xe1,0xff,0x49,0x63,0xff,0x51,0xc4,0xff,
  0x51,0x83,0xff,0x6a,0x25,0xff,0x6a,0x25,0xff,0x6a,0x25,0xff,0x6a,0x25,0xff,0x51,
  0xc4,0xff,0x49,0x83,0xff,0x59,0xe4,0xff,0x59,0xe4,0xff,0x59,0xc4,0xff,0x49,0x83,
  0xff,0x51,0xc4,0xff,0x49,0x63,0xff,0x49,0x63,0xff,0x41,0x63,0xff,0x20,0xc2,0xff,
  0x00,0x00,0xff,0x51,0x82,0xff,0x51,0x82,0xff,0xf6,0x2c,0xff,0xdd,0x4c,0xff,0x30,
  0xa1,0xff,0x82,0x85,0xff,0xfe,0x0d,0xff,0xfe,0x0d,0xff,0xf6,0x0e,0xff,0x61,0xc4,
  0xff,0x69,0x82,0xff,0xf5,0xcd,0xff,0xf5,0xcd,0xff,0xf5,0xad,0xff,0x28,0x80,0xff,
  0x08,0x00,0xff,0x20,0xa1,0xff,0x20,0xa1,0xff,0x31,0x02,0xff,0x39,0x41,0xff,0x38,
  0xe1,0xff,0x41,0x22,0xff,0x49,0x22,0xff,0x49,0x22,0xff,0x31,0x21,0xff,0x10,0x40,
  0xff,0x08,0x20,0xff,0x08,0x20,0xff,0x08,0x20,0xff,0x08,0x61,0xff,0x00,0x00,0xff,
  0x41,0x43,0xff,0xe5,0x0b,0xff,0xfd,0xcd,0xff,0xfd,0xcd,0xff,0x9a,0xc6,0xff,0x6a,
  0x05,0xff,0x7a,0xa6,0xff,0xb3,0xc8,0xff,0xb3,0xc8,0xff,0xbc,0x09,0xff,0x49,0x02,
  0xff,0x39,0x23,0xff,0x29,0x23,0xff,0x29,0x23,0xff,0x18,0x81,0xff,0x10,0x81,0xff,
  0x10,0x61,0xff,0x10,0x61,0xff,0x08,0x40,0xff,0x08,0x40,0xff,0x00,0x00,0xff,0x18,
  0x81,0xff,0x41,0x84,0xff,0x18,0x81,0xff,0x18,0x81,0xff,0x10,0x40,0xff,0x30,0xe2,
  0xff,0x6a,0x25,0xff,0x72,0x45,0xff,0x72,0x45,0xff,0xa3,0x89,0xff,0xe5,0xb0,0xff,
  0x82,0xc7,0xff,0x49,0x84,0xff,0xe6,0x12,0xff,0xe6,0x12,0xff,0xac,0x0a,0xff,0x82,
  0x85,0xff,0x7a,0x65,0xff,0x7a,0xc6,0xff,0x7a,0xc6,0xff,0x49,0xa3,0xff,0x10,0x40,
  0xff,0x10,0xa2,0x00,0x19,0x03,0x00,0x19,0x03,0x00,0x19,0x04,0x00,0x19,0x04,0x00,
  0x19,0x04,0x00,0x19,0x04,0x00,0x19,0x04,0x00,0x19,0x04,0x00,0x21,0x04,0x00,0x21,
  0x04,0x00,0x21,0x04,0x00,0x19,0x04,0x00,0x19,0x04,0x00,0x21,0x04,0x00,0x19,0x04,
  0x00,0x21,0x04,0x00,0x21,0x04,0x00,0x21,0x04,0x00,0x21,0x04,0x00,0x21,0x04,0x00,
  0x21,0x04,0x00,0x21,0x04,0x00,0x21,0x04,0x00,0x21,0x04,0x00,0x21,0x24,0x00,0x18,
  0xc3,0x00,0x08,0x20,0xff,0x39,0x02,0xff,0x39,0x02,0xff,0x49,0x83,0xff,0x51,0xc3,
  0xff,0x51,0xa4,0xff,0x6a,0x25,0xff,0x6a,0x25,0xff,0x72,0x45,0xff,0x62,0x25,0xff,
  0x49,0xa4,0xff,0x49,0x63,0xff,0x59,0xe4,0xff,0x59,0xe4,0xff,0x59,0xe4,0xff,0x51,
  0xa4,0xff,0x51,0xc4,0xff,0x51,0xa4,0xff,0x51,0xa4,0xff,0x39,0x42,0xff,0x18,0x61,
  0xff,0x00,0x00,0xff,0x08,0x00,0xff,0x08,0x00,0xff,0xc4,0xc9,0xff,0xff,0x50,0xff,
  0x93,0x26,0xff,0x38,0xe2,0xff,0xf5,0xec,0xff,0xf5,0xec,0xff,0xff,0x30,0xff,0xb4,
  0x29,0xff,0x48,0xc1,0xff,0xdd,0x0a,0xff,0xdd,0x0a,0xff,0xff,0x11,0xff,0x9b,0x46,
  0xff,0x18,0x80,0xff,0x29,0x02,0xff,0x29,0x02,0xff,0x28,0xc1,0xff,0x18,0x40,0xff,
  0x30,0xc1,0xff,0x72,0x44,0xff,0x7a,0x43,0xff,0x7a,0x43,0xff,0x49,0x62,0xff,0x10,
  0x40,0xff,0x08,0x40,0xff,0x08,0x40,0xff,0x08,0x40,0xff,0x08,0x61,0xff,0x08,0x20,
  0xff,0x41,0x63,0xff,0xdc,0xeb,0xff,0xd4,0xeb,0xff,0xd4,0xeb,0xff,0x49,0x23,0xff,
  0x73,0x07,0xff,0x49,0xc4,0xff,0x41,0x43,0xff,0x41,0x43,0xff,0x6a,0x65,0xff,0x28,
  0xc2,0xff,0x29,0x03,0xff,0x21,0x02,0xff,0x21,0x02,0xff,0x18,0x81,0xff,0x10,0x81,
  0xff,0x10,0x81,0xff,0x10,0x61,0xff,0x08,0x41,0xff,0x08,0x41,0xff,0x00,0x20,0xff,
  0x10,0x81,0xff,0x41,0x83,0xff,0x10,0x61,0xff,0x10,0x61,0xff,0x08,0x40,0xff,0x31,
  0x43,0xff,0x83,0x07,0xff,0x8a,0xc6,0xff,0x8a,0xc6,0xff,0xb4,0x2a,0xff,0xdd,0xaf,
  0xff,0x93,0x48,0xff,0x49,0x84,0xff,0x5a,0x26,0xff,0x5a,0x26,0xff,0x51,0xc3,0xff,
  0x93,0x47,0xff,0x59,0xa4,0xff,0x20,0xa1,0xff,0x20,0xa1,0xff,0x10,0x41,0xff,0x18,
  0xc2,0x00,0x21,0x23,0x00,0x18,0xe3,0x00,0x18,0xe3,0x00,0x18,0xe4,0x00,0x19,0x04,
  0x00,0x19,0x04,0x00,0x19,0x04,0x00,0x19,0x04,0x00,0x19,0x04,0x00,0x21,0x04,0x00,
  0x19,0x04,0x00,0x19,0x04,0x00,0x21,0x04,0x00,0x21,0x04,0x00,0x19,0x04,0x00,0x19,
  0x04,0x00,0x19,0x04,0x00,0x19,0x04,0x00,0x19,0x04,0x00,0x19,0x04,0x00,0x19,0x04,
  0x00,0x21,0x04,0x00,0x21,0x04,0x00,0x18,0xe4,0x00,0x18,0xe4,0x00,0x21,0x24,0x00,
  0x10,0xa2,0x00,0x08,0x40,0xff,0x49,0xa3,0xff,0x49,0xa3,0xff,0x49,0x83,0xff,0x39,
  0x22,0xff,0x51,0xe4,0xff,0x62,0x04,0xff,0x62,0x04,0xff,0x6a,0x25,0xff,0x5a,0x04,
  0xff,0x49,0x83,0xff,0x41,0x63,0xff,0x51,0xa4,0xff,0x51,0xa4,0xff,0x59,0xe4,0xff,
  0x59,0xc4,0xff,0x51,0xa4,0xff,0x59,0xc4,0xff,0x59,0xc4,0xff,0x30,0xe2,0xff,0x08,
  0x00,0xff,0x72,0x85,0xff,0x51,0x43,0xff,0x51,0x43,0xff,0x59,0x63,0xff,0xfe,0x8f,
  0xff,0xe5,0xae,0xff,0x38,0xc1,0xff,0xa3,0x46,0xff,0xa3,0x46,0xff,0xfe,0xb0,0xff,
  0xed,0xef,0xff,0x51,0x22,0xff,0x92,0x85,0xff,0x92,0x85,0xff,0xfe,0xb0,0xff,0xf5,
  0xed,0xff,0x39,0x01,0xff,0x18,0x41,0xff,0x18,0x41,0xff,0x38,0xe2,0xff,0x49,0x21,
  0xff,0x30,0xa0,0xff,0x49,0x62,0xff,0x61,0xc3,0xff,0x61,0xc3,0xff,0x30,0xc1,0xff,
  0x08,0x20,0xff,0x08,0x20,0xff,0x08,0x20,0xff,0x08,0x20,0xff,0x10,0x61,0xff,0x08,
  0x40,0xff,0x39,0x23,0xff,0x8b,0x06,0xff,0x72,0x85,0xff,0x72,0x85,0xff,0x20,0x82,
  0xff,0x52,0x25,0xff,0x29,0x23,0xff,0x10,0x61,0xff,0x10,0x61,0xff,0x31,0x43,0xff,
  0x20,0xe2,0xff,0x10,0x61,0xff,0x18,0x81,0xff,0x18,0x81,0xff,0x10,0x81,0xff,0x10,
  0x81,0xff,0x10,0x61,0xff,0x08,0x40,0xff,0x08,0x20,0xff,0x08,0x20,0xff,0x00,0x20,
  0xff,0x08,0x40,0xff,0x41,0x43,0xff,0x20,0xa1,0xff,0x20,0xa1,0xff,0x10,0x61,0xff,
  0x08,0x20,0xff,0x62,0x25,0xff,0xb4,0x29,0xff,0xb4,0x29,0xff,0xbc,0x6a,0xff,0xa3,
  0xa9,0xff,0x9b,0x68,0xff,0x62,0x04,0xff,0x30,0xc2,0xff,0x30,0xc2,0xff,0x83,0x07,
  0xff,0xb4,0x4a,0xff,0x39,0x01,0xff,0x10,0x61,0xff,0x10,0x61,0xff,0x10,0x61,0xff,
  0x18,0xa2,0x00,0x18,0xc2,0x00,0x18,0xe3,0x00,0x18,0xe3,0x00,0x18,0xe3,0x00,0x18,
  0xe4,0x00,0x21,0x04,0x00,0x19,0x04,0x00,0x19,0x04,0x00,0x19,0x04,0x00,0x21,0x04,
  0x00,0x19,0x04,0x00,0x19,0x04,0x00,0x19,0x04,0x00,0x19,0x04,0x00,0x19,0x04,0x00,
  0x19,0x04,0x00,0x19,0x04,0x00,0x19,0x04,0x00,0x19,0x04,0x00,0x19,0x04,0x00,0x21,
  0x04,0x00,0x19,0x04,0x00,0x21,0x04,0x00,0x21,0x04,0x00,0x21,0x04,0x00,0x21,0x04,
  0x00,0x18,0xe3,0x00,0x08,0x61,0xff,0x39,0x43,0xff,0x39,0x43,0xff,0x49,0x63,0xff,
  0x39,0x22,0xff,0x51,0xc4,0xff,0x62,0x04,0xff,0x62,0x04,0xff,0x62,0x05,0xff,0x62,
  0x05,0xff,0x49,0xa4,0xff,0x49,0xa4,0xff,0x49,0x83,0xff,0x49,0x83,0xff,0x5a,0x04,
  0xff,0x59,0xc4,0xff,0x59,0xc4,0xff,0x62,0x05,0xff,0x62,0x05,0xff,0x18,0x61,0xff,
  0x28,0x60,0xff,0xfe,0xce,0xff,0xd4,0xca,0xff,0xd4,0xca,0xff,0x28,0x60,0xff,0xe5,
  0x6b,0xff,0xff,0x72,0xff,0xa3,0x66,0xff,0x7a,0x64,0xff,0x7a,0x64,0xff,0xfe,0xef,
  0xff,0xff,0x31,0xff,0xa3,0x67,0xff,0x72,0x04,0xff,0x72,0x04,0xff,0xf6,0x2f,0xff,
  0xff,0x52,0xff,0x7a,0x85,0xff,0x08,0x00,0xff,0x08,0x00,0xff,0x9b,0xa9,0xff,0xfe,
  0xd1,0xff,0x8a,0xc5,0xff,0x10,0x00,0xff,0x28,0xa2,0xff,0x28,0xa2,0xff,0x18,0x61,
  0xff,0x20,0x60,0xff,0x18,0x80,0xff,0x00,0x20,0xff,0x00,0x20,0xff,0x10,0x61,0xff,
  0x10,0x81,0xff,0x31,0x23,0xff,0x51,0xe4,0xff,0x31,0x22,0xff,0x31,0x22,0xff,0x20,
  0xc2,0xff,0x29,0x23,0xff,0x20,0xc2,0xff,0x20,0xc2,0xff,0x20,0xc2,0xff,0x29,0x02,
  0xff,0x18,0xc2,0xff,0x08,0x41,0xff,0x10,0x61,0xff,0x10,0x61,0xff,0x10,0x81,0xff,
  0x18,0xa1,0xff,0x10,0x61,0xff,0x18,0x60,0xff,0x18,0x40,0xff,0x18,0x40,0xff,0x00,
  0x00,0xff,0x08,0x20,0xff,0x41,0x83,0xff,0x41,0x83,0xff,0x41,0x83,0xff,0x20,0xe2,
  0xff,0x08,0x20,0xff,0x31,0x43,0xff,0x59,0xe4,0xff,0x59,0xe4,0xff,0x82,0xa5,0xff,
  0x8a,0xc6,0xff,0xe6,0x0f,0xff,0xe6,0x30,0xff,0xac,0x0b,0xff,0xac,0x0b,0xff,0x93,
  0x48,0xff,0x5a,0x04,0xff,0x18,0x60,0xff,0x10,0x41,0xff,0x10,0x41,0xff,0x08,0x41,
  0xff,0x08,0x61,0xff,0x18,0xa2,0x00,0x21,0x24,0x00,0x21,0x24,0x00,0x18,0xe3,0x00,
  0x18,0xe3,0x00,0x21,0x04,0x00,0x19,0x04,0x00,0x19,0x04,0x00,0x19,0x04,0x00,0x19,
  0x04,0x00,0x19,0x04,0x00,0x21,0x04,0x00,0x19,0x04,0x00,0x19,0x04,0x00,0x19,0x04,
  0x00,0x19,0x04,0x00,0x21,0x04,0x00,0x19,0x04,0x00,0x19,0x04,0x00,0x19,0x04,0x00,
  0x19,0x04,0x00,0x19,0x04,0x00,0x21,0x04,0x00,0x19,0x04,0x00,0x19,0x04,0x00,0x19,
  0x04,0x00,0x19,0x04,0x00,0x10,0xa2,0x00,0x08,0x20,0xff,0x08,0x20,0xff,0x39,0x43,
  0xff,0x31,0x02,0x00,0x39,0x43,0xff,0x5a,0x04,0xff,0x5a,0x04,0xff,0x59,0xc4,0xff,
  0x62,0x05,0xff,0x51,0xc4,0xff,0x41,0x63,0xff,0x49,0x83,0xff,0x49,0x83,0xff,0x5a,
  0x04,0xff,0x59,0xa4,0xff,0x59,0xa3,0xff,0x62,0x05,0xff,0x62,0x05,0xff,0x18,0x61,
  0xff,0x28,0x81,0xff,0xfe,0x6c,0xff,0xf5,0xac,0xff,0xf5,0xac,0xff,0x10,0x20,0xff,
  0x93,0x06,0xff,0xff,0x71,0xff,0xdd,0x6c,0xff,0x40,0xe2,0xff,0x40,0xe2,0xff,0xcd,
  0x0b,0xff,0xff,0x52,0xff,0xcc,0x8a,0xff,0x28,0x41,0xff,0x28,0x41,0xff,0x92,0xe6,
  0xff,0xff,0x32,0xff,0xc4,0xaa,0xff,0x08,0x00,0xff,0x08,0x00,0xff,0xa3,0xc9,0xff,
  0xff,0xd5,0xff,0xdc,0xa8,0xff,0x28,0x60,0xff,0x20,0xa2,0xff,0x20,0xa2,0xff,0x08,
  0x00,0xff,0x82,0xc5,0xff,0x72,0x44,0xff,0x00,0x00,0xff,0x00,0x00,0xff,0x10,0x81,
  0xff,0x18,0xa1,0xff,0x28,0xe2,0xff,0x31,0x43,0xff,0x28,0xe2,0xff,0x28,0xe2,0xff,
  0x20,0xe2,0xff,0x31,0x43,0xff,0x10,0x61,0xff,0x20,0xc2,0xff,0x20,0xc2,0xff,0x18,
  0xa2,0xff,0x08,0x41,0xff,0x08,0x40,0xff,0x10,0x81,0xff,0x10,0x81,0xff,0x08,0x20,
  0xff,0x08,0x41,0xff,0x08,0x00,0xff,0x7a,0x84,0xff,0x59,0xe4,0xff,0x59,0xe4,0xff,
  0x00,0x00,0xff,0x00,0x00,0xff,0x10,0x81,0xff,0x18,0xa1,0xff,0x18,0xa1,0xff,0x08,
  0x40,0xff,0x00,0x20,0xff,0x00,0x20,0xff,0x08,0x00,0xff,0x08,0x00,0xff,0x39,0x62,
  0xff,0x61,0xe4,0xff,0x9b,0xc9,0xff,0x7b,0x06,0xff,0x41,0x63,0xff,0x41,0x63,0xff,
  0x10,0x60,0xff,0x10,0x20,0xff,0x18,0x61,0xff,0x39,0x63,0xff,0x39,0x63,0xff,0x49,
  0xa3,0xff,0x39,0x42,0xff,0x00,0x20,0xff,0x18,0xe3,0x00,0x18,0xe3,0x00,0x20,0xe3,
  0x00,0x18,0xe3,0x00,0x21,0x04,0x00,0x19,0x04,0x00,0x19,0x04,0x00,0x19,0x04,0x00,
  0x19,0x04,0x00,0x19,0x04,0x00,0x21,0x04,0x00,0x19,0x04,0x00,0x19,0x04,0x00,0x19,
  0x04,0x00,0x19,0x04,0x00,0x21,0x04,0x00,0x19,0x04,0x00,0x19,0x04,0x00,0x19,0x04,
  0x00,0x19,0x04,0x00,0x19,0x04,0x00,0x21,0x04,0x00,0x19,0x04,0x00,0x19,0x04,0x00,
  0x19,0x04,0x00,0x19,0x04,0x00,0x10,0xa2,0x00,0x08,0x20,0xff,0x08,0x20,0xff,0x39,
  0x43,0xff,0x31,0x02,0x00,0x39,0x43,0xff,0x5a,0x04,0xff,0x5a,0x04,0xff,0x59,0xc4,
  0xff,0x62,0x05,0xff,0x51,0xc4,0xff,0x41,0x63,0xff,0x49,0x83,0xff,0x49,0x83,0xff,
  0x5a,0x04,0xff,0x59,0xa4,0xff,0x59,0xa3,0xff,0x62,0x05,0xff,0x62,0x05,0xff,0x18,
  0x61,0xff,0x28,0x81,0xff,0xfe,0x6c,0xff,0xf5,0xac,0xff,0xf5,0xac,0xff,0x10,0x20,
  0xff,0x93,0x06,0xff,0xff,0x71,0xff,0xdd,0x6c,0xff,0x40,0xe2,0xff,0x40,0xe2,0xff,
  0xcd,0x0b,0xff,0xff,0x52,0xff,0xcc,0x8a,0xff,0x28,0x41,0xff,0x28,0x41,0xff,0x92,
  0xe6,0xff,0xff,0x32,0xff,0xc4,0xaa,0xff,0x08,0x00,0xff,0x08,0x00,0xff,0xa3,0xc9,
  0xff,0xff,0xd5,0xff,0xdc,0xa8,0xff,0x28,0x60,0xff,0x20,0xa2,0xff,0x20,0xa2,0xff,
  0x08,0x00,0xff,0x82,0xc5,0xff,0x72,0x44,0xff,0x00,0x00,0xff,0x00,0x00,0xff,0x10,
  0x81,0xff,0x18,0xa1,0xff,0x28,0xe2,0xff,0x31,0x43,0xff,0x28,0xe2,0xff,0x28,0xe2,
  0xff,0x20,0xe2,0xff,0x31,0x43,0xff,0x10,0x61,0xff,0x20,0xc2,0xff,0x20,0xc2,0xff,
  0x18,0xa2,0xff,0x08,0x41,0xff,0x08,0x40,0xff,0x10,0x81,0xff,0x10,0x81,0xff,0x08,
  0x20,0xff,0x08,0x41,0xff,0x08,0x00,0xff,0x7a,0x84,0xff,0x59,0xe4,0xff,0x59,0xe4,
  0xff,0x00,0x00,0xff,0x00,0x00,0xff,0x10,0x81,0xff,0x18,0xa1,0xff,0x18,0xa1,0xff,
  0x08,0x40,0xff,0x00,0x20,0xff,0x00,0x20,0xff,0x08,0x00,0xff,0x08,0x00,0xff,0x39,
  0x62,0xff,0x61,0xe4,0xff,0x9b,0xc9,0xff,0x7b,0x06,0xff,0x41,0x63,0xff,0x41,0x63,
  0xff,0x10,0x60,0xff,0x10,0x20,0xff,0x18,0x61,0xff,0x39,0x63,0xff,0x39,0x63,0xff,
  0x49,0xa3,0xff,0x39,0x42,0xff,0x00,0x20,0xff,0x18,0xe3,0x00,0x18,0xe3,0x00,0x20,
  0xe3,0x00,0x18,0xe3,0x00,0x21,0x04,0x00,0x19,0x04,0x00,0x19,0x04,0x00,0x19,0x04,
  0x00,0x21,0x04,0x00,0x21,0x04,0x00,0x21,0x04,0x00,0x21,0x04,0x00,0x21,0x04,0x00,
  0x21,0x04,0x00,0x19,0x04,0x00,0x21,0x04,0x00,0x21,0x04,0x00,0x21,0x04,0x00,0x19,
  0x04,0x00,0x21,0x04,0x00,0x19,0x04,0x00,0x19,0x04,0x00,0x19,0x04,0x00,0x19,0x04,
  0x00,0x19,0x04,0x00,0x21,0x04,0x00,0x18,0xe4,0x00,0x08,0x81,0xff,0x08,0x81,0xff,
  0x18,0x81,0x00,0x28,0xe2,0x00,0x41,0x83,0xff,0x51,0xe4,0xff,0x51,0xe4,0xff,0x59,
  0xe4,0xff,0x62,0x04,0xff,0x51,0xe4,0xff,0x41,0x83,0xff,0x41,0x63,0xff,0x41,0x63,
  0xff,0x59,0xe4,0xff,0x59,0xc4,0xff,0x59,0xa3,0xff,0x6a,0x04,0xff,0x6a,0x04,0xff,
  0x20,0xa2,0xff,0x10,0x40,0xff,0xb3,0x85,0xff,0xf5,0x8a,0xff,0xf5,0x8a,0xff,0x51,
  0x63,0xff,0x49,0x43,0xff,0xfe,0xcf,0xff,0xfe,0xd0,0xff,0x49,0x23,0xff,0x49,0x23,
  0xff,0x8b,0x07,0xff,0xff,0x72,0xff,0xed,0xac,0xff,0x81,0xe4,0xff,0x81,0xe4,0xff,
  0x9b,0x26,0xff,0xfe,0xb0,0xff,0xfe,0xd0,0xff,0x59,0x84,0xff,0x59,0x84,0xff,0x49,
  0x23,0xff,0xfe,0x4e,0xff,0xed,0x8a,0xff,0x40,0xe1,0xff,0x10,0x41,0xff,0x10,0x41,
  0xff,0x28,0x80,0xff,0xe5,0x0a,0xff,0x8a,0xa5,0xff,0x00,0x00,0xff,0x00,0x00,0xff,
  0x18,0x82,0xff,0x20,0xc2,0xff,0x28,0xe2,0xff,0x20,0xe2,0xff,0x29,0x02,0xff,0x29,
  0x02,0xff,0x28,0xe2,0xff,0x29,0x23,0xff,0x18,0xa1,0xff,0x20,0xc2,0xff,0x20,0xc2,
  0xff,0x18,0xa1,0xff,0x08,0x61,0xff,0x08,0x41,0xff,0x10,0xa1,0xff,0x10,0xa1,0xff,
  0x10,0x61,0xff,0x00,0x00,0xff,0x28,0xc1,0xff,0xdc,0xea,0xff,0x49,0x62,0xff,0x49,
  0x62,0xff,0x00,0x00,0xff,0x00,0x20,0xff,0x00,0x00,0xff,0x00,0x00,0xff,0x00,0x00,
  0xff,0x00,0x00,0xff,0x00,0x20,0xff,0x08,0x40,0xff,0x00,0x20,0xff,0x00,0x20,0xff,
  0x10,0x81,0xff,0x08,0x00,0xff,0x00,0x00,0xff,0x00,0x00,0xff,0x00,0x00,0xff,0x00,
  0x00,0xff,0x08,0x20,0xff,0x18,0x81,0xff,0x20,0xa1,0xff,0x41,0x83,0xff,0x41,0x83,
  0xff,0x5a,0x04,0xff,0x8b,0x47,0xff,0x28,0xc1,0xff,0x08,0x20,0xff,0x08,0x20,0xff,
  0x18,0xc3,0x00,0x19,0x03,0x00,0x21,0x04,0x00,0x19,0x04,0x00,0x19,0x04,0x00,0x19,
  0x04,0x00,0x19,0x04,0x00,0x19,0x04,0x00,0x21,0x04,0x00,0x19,0x04,0x00,0x19,0x04,
  0x00,0x21,0x04,0x00,0x19,0x04,0x00,0x21,0x04,0x00,0x21,0x04,0x00,0x21,0x04,0x00,
  0x19,0x04,0x00,0x19,0x04,0x00,0x19,0x04,0x00,0x19,0x04,0x00,0x19,0x04,0x00,0x19,
  0x04,0x00,0x19,0x04,0x00,0x18,0xe4,0x00,0x21,0x04,0x00,0x18,0xe3,0x00,0x18,0xe3,
  0x00,0x00,0x00,0x00,0x28,0xe2,0x00,0x49,0xa3,0xff,0x41,0x43,0xff,0x41,0x43,0xff,
  0x59,0xe4,0xff,0x62,0x04,0xff,0x51,0xa4,0xff,0x49,0xa4,0xff,0x39,0x22,0xff,0x39,
  0x22,0xff,0x51,0xc4,0xff,0x61,0xe4,0xff,0x59,0xa3,0xff,0x6a,0x04,0xff,0x6a,0x04,
  0xff,0x20,0xa2,0xff,0x08,0x00,0xff,0x8a,0x64,0xff,0xfe,0x8c,0xff,0xfe,0x8c,0xff,
  0xcc,0xca,0xff,0x41,0x23,0xff,0xf6,0x4e,0xff,0xff,0x31,0xff,0x72,0x04,0xff,0x72,
  0x04,0xff,0xab,0xa9,0xff,0xfe,0xaf,0xff,0xfe,0x4e,0xff,0xfe,0x2e,0xff,0xfe,0x2e,
  0xff,0xfe,0x4e,0xff,0xfe,0x2d,0xff,0xfe,0xf0,0xff,0xc4,0x4b,0xff,0xc4,0x4b,0xff,
  0x28,0x40,0xff,0xdd,0x4a,0xff,0xfd,0xeb,0xff,0x40,0xe1,0xff,0x38,0xc2,0xff,0x38,
  0xc2,0xff,0xdc,0xc9,0xff,0xdc,0x68,0xff,0x38,0xa0,0xff,0x10,0x41,0xff,0x10,0x41,
  0xff,0x10,0x81,0xff,0x18,0xa1,0xff,0x20,0xe2,0xff,0x18,0xa2,0xff,0x20,0xe2,0xff,
  0x20,0xe2,0xff,0x20,0xc2,0xff,0x18,0x81,0xff,0x20,0xc2,0xff,0x18,0xa2,0xff,0x18,
  0xa2,0xff,0x08,0x20,0xff,0x10,0x81,0xff,0x00,0x20,0xff,0x08,0x41,0xff,0x08,0x41,
  0xff,0x00,0x20,0xff,0x08,0x00,0xff,0x92,0xe5,0xff,0xc4,0x28,0xff,0x10,0x40,0xff,
  0x10,0x40,0xff,0x00,0x00,0xff,0x08,0x20,0xff,0x00,0x20,0xff,0x00,0x00,0xff,0x00,
  0x00,0xff,0x08,0x40,0xff,0x00,0x00,0xff,0x08,0x40,0xff,0x10,0x81,0xff,0x10,0x81,
  0xff,0x18,0xa1,0xff,0x20,0xe2,0xff,0x20,0xe2,0xff,0x08,0x41,0xff,0x10,0x81,0xff,
  0x10,0x81,0xff,0x10,0x61,0xff,0x29,0x22,0xff,0x20,0xc2,0xff,0x20,0xc2,0xff,0x20,
  0xc2,0xff,0x10,0x20,0xff,0x41,0x43,0xff,0x59,0xc4,0xff,0x28,0xc1,0x00,0x28,0xc1,
  0x00,0x18,0xa1,0x00,0x18,0xe3,0x00,0x21,0x04,0x00,0x19,0x04,0x00,0x19,0x04,0x00,
  0x19,0x04,0x00,0x19,0x04,0x00,0x19,0x04,0x00,0x19,0x04,0x00,0x19,0x04,0x00,0x19,
  0x04,0x00,0x19,0x04,0x00,0x19,0x04,0x00,0x21,0x04,0x00,0x21,0x04,0x00,0x21,0x04,
  0x00,0x19,0x04,0x00,0x19,0x04,0x00,0x19,0x04,0x00,0x21,0x04,0x00,0x21,0x04,0x00,
  0x21,0x04,0x00,0x19,0x04,0x00,0x21,0x04,0x00,0x21,0x04,0x00,0x21,0x24,0x00,0x21,
  0x24,0x00,0x10,0xa2,0x00,0x20,0xc1,0x00,0x41,0x63,0xff,0x49,0x83,0xff,0x49,0x83,
  0xff,0x5a,0x04,0xff,0x62,0x04,0xff,0x59,0xe4,0xff,0x49,0xa4,0xff,0x39,0x42,0xff,
  0x39,0x42,0xff,0x51,0xc4,0xff,0x61,0xe4,0xff,0x61,0xc3,0xff,0x6a,0x04,0xff,0x6a,
  0x04,0xff,0x31,0x02,0xff,0x08,0x20,0xff,0x92,0xe5,0xff,0xfe,0xec,0xff,0xfe,0xec,
  0xff,0xf6,0x0d,0xff,0x38,0xc2,0xff,0xa3,0x47,0xff,0xed,0x8c,0xff,0xd4,0xcb,0xff,
  0xd4,0xcb,0xff,0xf6,0x0e,0xff,0xfd,0xed,0xff,0xfd,0xab,0xff,0xfd,0xac,0xff,0xfd,
  0xac,0xff,0xf5,0x8c,0xff,0xf5,0x4a,0xff,0xfe,0x0d,0xff,0xed,0x6c,0xff,0xed,0x6c,
  0xff,0x79,0xe3,0xff,0xe5,0x29,0xff,0xfe,0x4c,0xff,0x59,0xa3,0xff,0x28,0xa2,0xff,
  0x28,0xa2,0xff,0xdd,0x0a,0xff,0x82,0x64,0xff,0x08,0x00,0xff,0x18,0x81,0xff,0x18,
  0x81,0xff,0x18,0xa1,0xff,0x18,0x81,0xff,0x20,0xe2,0xff,0x20,0xe2,0xff,0x20,0xe2,
  0xff,0x20,0xe2,0xff,0x20,0xc2,0xff,0x18,0x81,0xff,0x18,0xc2,0xff,0x10,0x81,0xff,
  0x10,0x81,0xff,0x08,0x40,0xff,0x08,0x61,0xff,0x00,0x20,0xff,0x00,0x00,0xff,0x00,
  0x00,0xff,0x00,0x00,0xff,0x82,0xc5,0xff,0xdc,0xa8,0xff,0x49,0x42,0xff,0x08,0x21,
  0xff,0x08,0x21,0xff,0x10,0x41,0xff,0x20,0xc1,0xff,0x28,0xe1,0xff,0x28,0xc1,0xff,
  0x28,0xc1,0xff,0x29,0x22,0xff,0x29,0x02,0xff,0x29,0x02,0xff,0x10,0x40,0xff,0x10,
  0x40,0xff,0x18,0x61,0xff,0x29,0x02,0xff,0x20,0xc1,0xff,0x10,0x61,0xff,0x10,0x41,
  0xff,0x10,0x41,0xff,0x08,0x20,0xff,0x10,0x81,0xff,0x10,0x81,0xff,0x20,0xe2,0xff,
  0x20,0xe2,0xff,0x10,0x61,0xff,0x31,0x02,0xff,0x72,0x65,0xff,0xab,0xe8,0xff,0xab,
  0xe8,0xff,0x59,0xc3,0xff,0x10,0x61,0x00,0x19,0x04,0x00,0x19,0x04,0x00,0x21,0x04,
  0x00,0x21,0x04,0x00,0x21,0x04,0x00,0x21,0x04,0x00,0x21,0x04,0x00,0x21,0x04,0x00,
  0x21,0x04,0x00,0x19,0x04,0x00,0x21,0x04,0x00,0x21,0x04,0x00,0x21,0x04,0x00,0x21,
  0x04,0x00,0x19,0x04,0x00,0x19,0x04,0x00,0x19,0x04,0x00,0x21,0x04,0x00,0x19,0x04,
  0x00,0x19,0x04,0x00,0x19,0x04,0x00,0x21,0x04,0x00,0x19,0x04,0x00,0x21,0x04,0x00,
  0x21,0x04,0x00,0x18,0xe3,0x00,0x00,0x20,0x00,0x31,0x02,0x00,0x51,0xc4,0xff,0x51,
  0xc4,0xff,0x51,0xa3,0xff,0x62,0x04,0xff,0x5a,0x04,0xff,0x49,0xa4,0xff,0x39,0x22,
  0x00,0x39,0x22,0x00,0x49,0x83,0xff,0x62,0x04,0xff,0x61,0xa3,0xff,0x61,0xe4,0xff,
  0x61,0xe4,0xff,0x39,0x23,0xff,0x08,0x20,0xff,0x61,0xc3,0xff,0xfe,0x4c,0xff,0xfe,
  0x4c,0xff,0xe5,0x4a,0xff,0x82,0x46,0xff,0xc4,0x29,0xff,0xfe,0x2e,0xff,0xfe,0x4f,
  0xff,0xfe,0x4f,0xff,0xfd,0xcd,0xff,0xfd,0xac,0xff,0xf5,0x6b,0xff,0xfd,0x8c,0xff,
  0xfd,0x8c,0xff,0xf5,0x4b,0xff,0xf5,0x6b,0xff,0xf5,0x6a,0xff,0xf5,0x6c,0xff,0xf5,
  0x6c,0xff,0xed,0x0b,0xff,0xf5,0x4a,0xff,0xfd,0xcb,0xff,0x6a,0x04,0xff,0x08,0x20,
  0xff,0x08,0x20,0xff,0x30,0xe2,0xff,0x20,0xa1,0xff,0x10,0x61,0xff,0x10,0x81,0xff,
  0x10,0x81,0xff,0x18,0xa1,0xff,0x10,0x61,0xff,0x18,0xa1,0xff,0x20,0xe2,0xff,0x20,
  0xc2,0xff,0x20,0xc2,0xff,0x10,0x61,0xff,0x18,0xa1,0xff,0x08,0x40,0xff,0x08,0x20,
  0xff,0x08,0x20,0xff,0x08,0x40,0xff,0x00,0x00,0xff,0x00,0x00,0xff,0x41,0x22,0xff,
  0x41,0x22,0xff,0x79,0xc3,0xff,0xa3,0x27,0xff,0x7a,0xa4,0xff,0x20,0x80,0xff,0x20,
  0xa2,0xff,0x20,0xa2,0xff,0x39,0x42,0xff,0x39,0x22,0xff,0x49,0xa3,0xff,0x41,0x42,
  0xff,0x41,0x42,0xff,0x39,0x22,0xff,0x41,0x43,0xff,0x49,0x83,0xff,0x49,0x63,0xff,
  0x49,0x63,0xff,0x49,0x83,0xff,0x41,0x02,0xff,0x49,0x83,0xff,0x30,0xe1,0xff,0x10,
  0x20,0xff,0x10,0x20,0xff,0x00,0x00,0xff,0x00,0x00,0xff,0x00,0x00,0xff,0x20,0xa1,
  0xff,0x20,0xa1,0xff,0x41,0x62,0xff,0x83,0x07,0xff,0x7a,0x65,0xff,0x9b,0x26,0xff,
  0x9b,0x26,0xff,0x69,0xe4,0xff,0x08,0x21,0xff,0x19,0x04,0x00,0x19,0x04,0x00,0x21,
  0x04,0x00,0x21,0x04,0x00,0x21,0x04,0x00,0x21,0x04,0x00,0x21,0x04,0x00,0x21,0x04,
  0x00,0x21,0x04,0x00,0x19,0x04,0x00,0x21,0x04,0x00,0x21,0x04,0x00,0x21,0x04,0x00,
  0x21,0x04,0x00,0x19,0x04,0x00,0x19,0x04,0x00,0x19,0x04,0x00,0x21,0x04,0x00,0x19,
  0x04,0x00,0x19,0x04,0x00,0x19,0x04,0x00,0x21,0x04,0x00,0x19,0x04,0x00,0x21,0x04,
  0x00,0x21,0x04,0x00,0x18,0xe3,0x00,0x00,0x20,0x00,0x31,0x02,0x00,0x51,0xc4,0xff,
  0x51,0xc4,0xff,0x51,0xa3,0xff,0x62,0x04,0xff,0x5a,0x04,0xff,0x49,0xa4,0xff,0x39,
  0x22,0x00,0x39,0x22,0x00,0x49,0x83,0xff,0x62,0x04,0xff,0x61,0xa3,0xff,0x61,0xe4,
  0xff,0x61,0xe4,0xff,0x39,0x23,0xff,0x08,0x20,0xff,0x61,0xc3,0xff,0xfe,0x4c,0xff,
  0xfe,0x4c,0xff,0xe5,0x4a,0xff,0x82,0x46,0xff,0xc4,0x29,0xff,0xfe,0x2e,0xff,0xfe,
  0x4f,0xff,0xfe,0x4f,0xff,0xfd,0xcd,0xff,0xfd,0xac,0xff,0xf5,0x6b,0xff,0xfd,0x8c,
  0xff,0xfd,0x8c,0xff,0xf5,0x4b,0xff,0xf5,0x6b,0xff,0xf5,0x6a,0xff,0xf5,0x6c,0xff,
  0xf5,0x6c,0xff,0xed,0x0b,0xff,0xf5,0x4a,0xff,0xfd,0xcb,0xff,0x6a,0x04,0xff,0x08,
  0x20,0xff,0x08,0x20,0xff,0x30,0xe2,0xff,0x20,0xa1,0xff,0x10,0x61,0xff,0x10,0x81,
  0xff,0x10,0x81,0xff,0x18,0xa1,0xff,0x10,0x61,0xff,0x18,0xa1,0xff,0x20,0xe2,0xff,
  0x20,0xc2,0xff,0x20,0xc2,0xff,0x10,0x61,0xff,0x18,0xa1,0xff,0x08,0x40,0xff,0x08,
  0x20,0xff,0x08,0x20,0xff,0x08,0x40,0xff,0x00,0x00,0xff,0x00,0x00,0xff,0x41,0x22,
  0xff,0x41,0x22,0xff,0x79,0xc3,0xff,0xa3,0x27,0xff,0x7a,0xa4,0xff,0x20,0x80,0xff,
  0x20,0xa2,0xff,0x20,0xa2,0xff,0x39,0x42,0xff,0x39,0x22,0xff,0x49,0xa3,0xff,0x41,
  0x42,0xff,0x41,0x42,0xff,0x39,0x22,0xff,0x41,0x43,0xff,0x49,0x83,0xff,0x49,0x63,
  0xff,0x49,0x63,0xff,0x49,0x83,0xff,0x41,0x02,0xff,0x49,0x83,0xff,0x30,0xe1,0xff,
  0x10,0x20,0xff,0x10,0x20,0xff,0x00,0x00,0xff,0x00,0x00,0xff,0x00,0x00,0xff,0x20,
  0xa1,0xff,0x20,0xa1,0xff,0x41,0x62,0xff,0x83,0x07,0xff,0x7a,0x65,0xff,0x9b,0x26,
  0xff,0x9b,0x26,0xff,0x69,0xe4,0xff,0x08,0x21,0xff,0x19,0x04,0x00,0x21,0x04,0x00,
  0x21,0x04,0x00,0x21,0x04,0x00,0x21,0x04,0x00,0x21,0x04,0x00,0x21,0x04,0x00,0x21,
  0x04,0x00,0x21,0x04,0x00,0x19,0x04,0x00,0x19,0x04,0x00,0x21,0x04,0x00,0x21,0x04,
  0x00,0x21,0x04,0x00,0x19,0x04,0x00,0x19,0x04,0x00,0x19,0x04,0x00,0x19,0x04,0x00,
  0x21,0x04,0x00,0x21,0x04,0x00,0x21,0x04,0x00,0x19,0x04,0x00,0x21,0x04,0x00,0x21,
  0x04,0x00,0x21,0x04,0x00,0x21,0x04,0x00,0x18,0xc2,0x00,0x18,0xa1,0x00,0x31,0x22,
  0x00,0x31,0x22,0x00,0x62,0x04,0xff,0x62,0x24,0xff,0x59,0xe4,0xff,0x51,0xe4,0xff,
  0x31,0x02,0x00,0x31,0x02,0x00,0x41,0x63,0xff,0x61,0xe4,0xff,0x61,0xc4,0xff,0x62,
  0x04,0xff,0x62,0x04,0xff,0x49,0x83,0xff,0x10,0x61,0xff,0x39,0x02,0xff,0xe4,0xc9,
  0xff,0xe4,0xc9,0xff,0xe4,0xc9,0xff,0xfe,0x2f,0xff,0xfe,0x6f,0xff,0xfd,0xed,0xff,
  0xfd,0xcd,0xff,0xfd,0xcd,0xff,0xfd,0x8c,0xff,0xfd,0x8c,0xff,0xf5,0x8b,0xff,0xf5,
  0x8c,0xff,0xf5,0x8c,0xff,0xf5,0x6b,0xff,0xf5,0x6b,0xff,0xf5,0x6b,0xff,0xf5,0x4b,
  0xff,0xf5,0x4b,0xff,0xf5,0x6b,0xff,0xf5,0x2a,0xff,0xfd,0xab,0xff,0x7a,0x64,0xff,
  0x08,0x20,0xff,0x08,0x20,0xff,0x10,0x61,0xff,0x18,0x61,0xff,0x18,0xa1,0xff,0x18,
  0x81,0xff,0x18,0x81,0xff,0x18,0xa1,0xff,0x10,0x81,0xff,0x18,0xa1,0xff,0x18,0xa1,
  0xff,0x18,0xa1,0xff,0x18,0xa1,0xff,0x18,0x81,0xff,0x18,0xc1,0xff,0x08,0x40,0xff,
  0x08,0x21,0xff,0x08,0x21,0xff,0x00,0x00,0xff,0x18,0x80,0xff,0x82,0xe5,0xff,0xcc,
  0x89,0xff,0xcc,0x89,0xff,0x59,0xa4,0xff,0x10,0x41,0xff,0x28,0xc1,0xff,0x41,0x42,
  0xff,0x51,0x83,0xff,0x51,0x83,0xff,0x5a,0x04,0xff,0x49,0x63,0xff,0x49,0x42,0xff,
  0x51,0xa3,0xff,0x51,0xa3,0xff,0x59,0xc3,0xff,0x6a,0x24,0xff,0x8a,0xc6,0xff,0x8a,
  0xc5,0xff,0x8a,0xc5,0xff,0xa3,0x87,0xff,0xa3,0x87,0xff,0xab,0xc8,0xff,0x93,0x27,
  0xff,0x72,0x86,0xff,0x72,0x86,0xff,0x59,0xe3,0xff,0x59,0xe4,0xff,0x62,0x25,0xff,
  0x82,0xe6,0xff,0x82,0xe6,0xff,0x8a,0xe6,0xff,0x8b,0x06,0xff,0x59,0xc3,0xff,0x93,
  0x06,0xff,0x93,0x06,0xff,0x6a,0x04,0xff,0x08,0x41,0xff,0x19,0x04,0x00,0x21,0x04,
  0x00,0x21,0x04,0x00,0x21,0x04,0x00,0x21,0x04,0x00,0x21,0x04,0x00,0x21,0x04,0x00,
  0x21,0x04,0x00,0x21,0x04,0x00,0x19,0x04,0x00,0x19,0x04,0x00,0x21,0x04,0x00,0x21,
  0x04,0x00,0x21,0x04,0x00,0x19,0x04,0x00,0x19,0x04,0x00,0x19,0x04,0x00,0x19,0x04,
  0x00,0x21,0x04,0x00,0x21,0x04,0x00,0x19,0x04,0x00,0x19,0x04,0x00,0x21,0x04,0x00,
  0x18,0xe4,0x00,0x18,0xe4,0x00,0x21,0x04,0x00,0x18,0xc3,0x00,0x00,0x20,0xff,0x18,
  0x81,0x00,0x18,0x81,0x00,0x59,0xe4,0xff,0x59,0xc4,0xff,0x62,0x05,0xff,0x49,0xa4,
  0xff,0x28,0xe2,0x00,0x28,0xe2,0x00,0x39,0x43,0xff,0x59,0xc4,0xff,0x59,0xe4,0xff,
  0x59,0xc4,0xff,0x59,0xc4,0xff,0x51,0xa4,0xff,0x20,0xa1,0xff,0x18,0x81,0xff,0x59,
  0xa3,0xff,0x59,0xa3,0xff,0xe5,0x0b,0xff,0xfe,0x4f,0xff,0xfd,0xee,0xff,0xfd,0xac,
  0xff,0xfd,0xac,0xff,0xfd,0xac,0xff,0xfd,0x8c,0xff,0xfd,0x8c,0xff,0xf5,0x6c,0xff,
  0xf5,0x6b,0xff,0xf5,0x6b,0xff,0xf5,0x6b,0xff,0xf5,0x4b,0xff,0xf5,0x4b,0xff,0xf5,
  0x4b,0xff,0xf5,0x4b,0xff,0xf5,0x4b,0xff,0xed,0x0a,0xff,0xf5,0x6b,0xff,0x6a,0x04,
  0xff,0x08,0x20,0xff,0x08,0x20,0xff,0x10,0x81,0xff,0x18,0x81,0xff,0x20,0xc1,0xff,
  0x10,0x81,0xff,0x10,0x81,0xff,0x10,0x61,0xff,0x18,0x81,0xff,0x10,0x81,0xff,0x10,
  0x61,0xff,0x10,0x81,0xff,0x10,0x81,0xff,0x10,0x61,0xff,0x08,0x40,0xff,0x00,0x00,
  0xff,0x00,0x00,0xff,0x00,0x00,0xff,0x00,0x00,0xff,0x41,0x43,0xff,0x9b,0x88,0xff,
  0x39,0x01,0xff,0x39,0x01,0xff,0x08,0x00,0xff,0x31,0x02,0xff,0x41,0x02,0xff,0x61,
  0xe3,0xff,0x59,0x83,0xff,0x59,0x83,0xff,0x51,0x83,0xff,0x61,0xe4,0xff,0x72,0x45,
  0xff,0x6a,0x04,0xff,0x6a,0x04,0xff,0x7a,0xa5,0xff,0x7a,0x85,0xff,0x7a,0x45,0xff,
  0x7a,0x65,0xff,0x7a,0x65,0xff,0x82,0xe6,0xff,0x72,0x45,0xff,0x6a,0x04,0xff,0x61,
  0xe4,0xff,0x7a,0x65,0xff,0x7a,0x65,0xff,0x8a,0xe6,0xff,0x9b,0x47,0xff,0x92,0xe6,
  0xff,0x93,0x06,0xff,0x93,0x06,0xff,0x7a,0x65,0xff,0x49,0x63,0xff,0x51,0x63,0xff,
  0x72,0x45,0xff,0x72,0x45,0xff,0x30,0xc1,0x00,0x10,0x82,0x00,0x19,0x04,0x00,0x21,
  0x04,0x00,0x21,0x04,0x00,0x21,0x04,0x00,0x21,0x04,0x00,0x21,0x04,0x00,0x21,0x04,
  0x00,0x21,0x04,0x00,0x21,0x04,0x00,0x19,0x04,0x00,0x19,0x04,0x00,0x19,0x04,0x00,
  0x19,0x04,0x00,0x19,0x04,0x00,0x21,0x04,0x00,0x21,0x04,0x00,0x19,0x04,0x00,0x19,
  0x04,0x00,0x21,0x04,0x00,0x21,0x04,0x00,0x21,0x04,0x00,0x19,0x04,0x00,0x19,0x04,
  0x00,0x19,0x04,0x00,0x19,0x04,0x00,0x19,0x04,0x00,0x21,0x24,0x00,0x08,0x41,0xff,
  0x08,0x20,0xff,0x08,0x20,0xff,0x49,0x83,0xff,0x59,0xe4,0xff,0x62,0x25,0xff,0x49,
  0x84,0xff,0x28,0xe2,0x00,0x28,0xe2,0x00,0x39,0x43,0xff,0x59,0xc4,0xff,0x62,0x04,
  0xff,0x59,0xa3,0xff,0x59,0xa3,0xff,0x62,0x04,0xff,0x39,0x22,0xff,0x18,0xa1,0xff,
  0x28,0xe1,0xff,0x28,0xe1,0xff,0xed,0x4c,0xff,0xf6,0x0f,0xff,0xf5,0x8d,0xff,0xfd,
  0x8c,0xff,0xfd,0xac,0xff,0xfd,0xac,0xff,0xfd,0x8c,0xff,0xfd,0x8c,0xff,0xf5,0x6c,
  0xff,0xf5,0x6c,0xff,0xf5,0x6c,0xff,0xf5,0x4b,0xff,0xf5,0x4b,0xff,0xf5,0x4b,0xff,
  0xf5,0x4b,0xff,0xf5,0x4b,0xff,0xed,0x4b,0xff,0xed,0x4a,0xff,0xf5,0x6b,0xff,0x62,
  0x04,0xff,0x08,0x20,0xff,0x08,0x20,0xff,0x10,0x81,0xff,0x10,0x81,0xff,0x18,0xa1,
  0xff,0x10,0x81,0xff,0x10,0x81,0xff,0x10,0x81,0xff,0x10,0x81,0xff,0x18,0xa1,0xff,
  0x10,0x61,0xff,0x10,0x81,0xff,0x10,0x81,0xff,0x08,0x20,0xff,0x08,0x20,0xff,0x28,
  0xa0,0xff,0x6a,0x65,0xff,0x6a,0x65,0xff,0x28,0xc1,0xff,0x08,0x20,0xff,0x08,0x00,
  0xff,0x28,0xc1,0xff,0x28,0xc1,0xff,0x49,0x43,0xff,0x72,0x85,0xff,0x61,0xc3,0xff,
  0x6a,0x24,0xff,0x61,0xe4,0xff,0x61,0xe4,0xff,0x62,0x04,0xff,0x62,0x24,0xff,0x6a,
  0x45,0xff,0x59,0xe4,0xff,0x59,0xe4,0xff,0x62,0x04,0xff,0x61,0xe4,0xff,0x6a,0x45,
  0xff,0x6a,0x45,0xff,0x6a,0x45,0xff,0x59,0xc4,0xff,0x49,0x63,0xff,0x49,0x63,0xff,
  0x41,0x43,0xff,0x51,0xa4,0xff,0x51,0xa4,0xff,0x49,0x83,0xff,0x51,0x83,0xff,0x51,
  0xa4,0xff,0x59,0xe4,0xff,0x59,0xe4,0xff,0x51,0xa3,0xff,0x51,0xa3,0xff,0x59,0xe4,
  0xff,0x49,0x83,0xff,0x49,0x83,0xff,0x10,0x61,0x00,0x18,0xc2,0x00,0x19,0x04,0x00,
  0x21,0x04,0x00,0x21,0x04,0x00,0x21,0x04,0x00,0x21,0x04,0x00,0x21,0x04,0x00,0x21,
  0x04,0x00,0x21,0x04,0x00,0x21,0x04,0x00,0x19,0x04,0x00,0x19,0x04,0x00,0x21,0x04,
  0x00,0x19,0x04,0x00,0x19,0x04,0x00,0x21,0x04,0x00,0x21,0x04,0x00,0x21,0x04,0x00,
  0x19,0x04,0x00,0x21,0x04,0x00,0x21,0x04,0x00,0x19,0x04,0x00,0x19,0x04,0x00,0x19,
  0x04,0x00,0x19,0x04,0x00,0x19,0x04,0x00,0x18,0xe3,0x00,0x21,0x24,0x00,0x10,0xa2,
  0x00,0x10,0x81,0xff,0x10,0x81,0xff,0x41,0x84,0xff,0x59,0xc4,0xff,0x51,0xa4,0xff,
  0x49,0xa4,0xff,0x20,0xa1,0x00,0x20,0xa1,0x00,0x39,0x22,0xff,0x59,0xc4,0xff,0x59,
  0xc4,0xff,0x59,0xc4,0xff,0x59,0xc4,0xff,0x59,0xc4,0xff,0x49,0x83,0xff,0x18,0x81,
  0xff,0x10,0x60,0xff,0x10,0x60,0xff,0xcc,0x69,0xff,0xfe,0x0f,0xff,0xf5,0xad,0xff,
  0xf5,0x6c,0xff,0xfd,0x8c,0xff,0xfd,0x8c,0xff,0xf5,0x6c,0xff,0xf5,0x4c,0xff,0xf5,
  0x6b,0xff,0xf5,0x4b,0xff,0xf5,0x4b,0xff,0xf5,0x4b,0xff,0xf5,0x4b,0xff,0xf5,0x4b,
  0xff,0xf5,0x4b,0xff,0xf5,0x4b,0xff,0xf5,0x4b,0xff,0xed,0x4b,0xff,0xed,0x4b,0xff,
  0x59,0xc3,0xff,0x00,0x20,0xff,0x00,0x20,0xff,0x10,0x61,0xff,0x10,0x61,0xff,0x08,
  0x40,0xff,0x10,0x61,0xff,0x10,0x61,0xff,0x18,0xa1,0xff,0x10,0x61,0xff,0x08,0x61,
  0xff,0x08,0x20,0xff,0x08,0x20,0xff,0x08,0x20,0xff,0x39,0x01,0xff,0xab,0xc7,0xff,
  0x9b,0x06,0xff,0x7a,0x65,0xff,0x7a,0x65,0xff,0x41,0x22,0xff,0x30,0xe2,0xff,0x49,
  0x23,0xff,0x82,0xe6,0xff,0x82,0xe6,0xff,0x72,0x24,0xff,0x59,0xa3,0xff,0x51,0xc3,
  0xff,0x49,0x63,0xff,0x41,0x22,0xff,0x41,0x22,0xff,0x49,0xa3,0xff,0x41,0x43,0xff,
  0x49,0x63,0xff,0x59,0xe4,0xff,0x59,0xe4,0xff,0x62,0x04,0xff,0x6a,0x04,0xff,0x7a,
  0x85,0xff,0x7a,0xa5,0xff,0x7a,0xa5,0xff,0x7a,0x65,0xff,0x72,0x65,0xff,0x7a,0xa6,
  0xff,0x7a,0xa6,0xff,0x6a,0x66,0xff,0x6a,0x66,0xff,0x59,0xc4,0xff,0x51,0xc4,0xff,
  0x39,0x43,0xff,0x31,0x02,0xff,0x31,0x02,0xff,0x30,0xe2,0xff,0x49,0x63,0xff,0x49,
  0x43,0xff,0x18,0x61,0xff,0x18,0x61,0xff,0x08,0x41,0xff,0x18,0xc3,0x00,0x19,0x04,
  0x00,0x21,0x04,0x00,0x21,0x04,0x00,0x21,0x04,0x00,0x21,0x04,0x00,0x21,0x04,0x00,
  0x21,0x04,0x00,0x21,0x04,0x00,0x21,0x04,0x00,0x19,0x04,0x00,0x19,0x04,0x00,0x21,
  0x04,0x00,0x19,0x04,0x00,0x19,0x04,0x00,0x21,0x04,0x00,0x21,0x04,0x00,0x21,0x04,
  0x00,0x19,0x04,0x00,0x21,0x04,0x00,0x21,0x04,0x00,0x19,0x04,0x00,0x19,0x04,0x00,
  0x19,0x04,0x00,0x19,0x04,0x00,0x19,0x04,0x00,0x18,0xe3,0x00,0x21,0x24,0x00,0x10,
  0xa2,0x00,0x10,0x81,0xff,0x10,0x81,0xff,0x41,0x84,0xff,0x59,0xc4,0xff,0x51,0xa4,
  0xff,0x49,0xa4,0xff,0x20,0xa1,0x00,0x20,0xa1,0x00,0x39,0x22,0xff,0x59,0xc4,0xff,
  0x59,0xc4,0xff,0x59,0xc4,0xff,0x59,0xc4,0xff,0x59,0xc4,0xff,0x49,0x83,0xff,0x18,
  0x81,0xff,0x10,0x60,0xff,0x10,0x60,0xff,0xcc,0x69,0xff,0xfe,0x0f,0xff,0xf5,0xad,
  0xff,0xf5,0x6c,0xff,0xfd,0x8c,0xff,0xfd,0x8c,0xff,0xf5,0x6c,0xff,0xf5,0x4c,0xff,
  0xf5,0x6b,0xff,0xf5,0x4b,0xff,0xf5,0x4b,0xff,0xf5,0x4b,0xff,0xf5,0x4b,0xff,0xf5,
  0x4b,0xff,0xf5,0x4b,0xff,0xf5,0x4b,0xff,0xf5,0x4b,0xff,0xed,0x4b,0xff,0xed,0x4b,
  0xff,0x59,0xc3,0xff,0x00,0x20,0xff,0x00,0x20,0xff,0x10,0x61,0xff,0x10,0x61,0xff,
  0x08,0x40,0xff,0x10,0x61,0xff,0x10,0x61,0xff,0x18,0xa1,0xff,0x10,0x61,0xff,0x08,
  0x61,0xff,0x08,0x20,0xff,0x08,0x20,0xff,0x08,0x20,0xff,0x39,0x01,0xff,0xab,0xc7,
  0xff,0x9b,0x06,0xff,0x7a,0x65,0xff,0x7a,0x65,0xff,0x41,0x22,0xff,0x30,0xe2,0xff,
  0x49,0x23,0xff,0x82,0xe6,0xff,0x82,0xe6,0xff,0x72,0x24,0xff,0x59,0xa3,0xff,0x51,
  0xc3,0xff,0x49,0x63,0xff,0x41,0x22,0xff,0x41,0x22,0xff,0x49,0xa3,0xff,0x41,0x43,
  0xff,0x49,0x63,0xff,0x59,0xe4,0xff,0x59,0xe4,0xff,0x62,0x04,0xff,0x6a,0x04,0xff,
  0x7a,0x85,0xff,0x7a,0xa5,0xff,0x7a,0xa5,0xff,0x7a,0x65,0xff,0x72,0x65,0xff,0x7a,
  0xa6,0xff,0x7a,0xa6,0xff,0x6a,0x66,0xff,0x6a,0x66,0xff,0x59,0xc4,0xff,0x51,0xc4,
  0xff,0x39,0x43,0xff,0x31,0x02,0xff,0x31,0x02,0xff,0x30,0xe2,0xff,0x49,0x63,0xff,
  0x49,0x43,0xff,0x18,0x61,0xff,0x18,0x61,0xff,0x08,0x41,0xff,0x18,0xc3,0x00,0x19,
  0x04,0x00,0x21,0x04,0x00,0x21,0x04,0x00,0x21,0x04,0x00,0x21,0x04,0x00,0x21,0x04,
  0x00,0x21,0x04,0x00,0x21,0x04,0x00,0x21,0x04,0x00,0x19,0x04,0x00,0x19,0x04,0x00,
  0x21,0x04,0x00,0x19,0x04,0x00,0x19,0x04,0x00,0x21,0x04,0x00,0x21,0x04,0x00,0x21,
  0x04,0x00,0x19,0x04,0x00,0x21,0x04,0x00,0x21,0x04,0x00,0x19,0x04,0x00,0x21,0x04,
  0x00,0x21,0x04,0x00,0x19,0x04,0x00,0x19,0x04,0x00,0x19,0x04,0x00,0x19,0x04,0x00,
  0x21,0x04,0x00,0x21,0x24,0x00,0x21,0x24,0x00,0x20,0xc2,0x00,0x41,0x43,0xff,0x51,
  0xc4,0xff,0x49,0xa4,0xff,0x20,0xa1,0x00,0x20,0xa1,0x00,0x39,0x43,0x00,0x59,0xe4,
  0xff,0x59,0xc4,0xff,0x51,0xa3,0xff,0x51,0xa3,0xff,0x59,0xa3,0xff,0x59,0xc3,0xff,
  0x18,0xa1,0xff,0x10,0x40,0xff,0x10,0x40,0xff,0xb3,0xc8,0xff,0xf5,0x8d,0xff,0xf5,
  0x8c,0xff,0xf5,0x8c,0xff,0xf5,0x8c,0xff,0xf5,0x8c,0xff,0xf5,0x4b,0xff,0xf5,0x4c,
  0xff,0xf5,0x6c,0xff,0xf5,0x4b,0xff,0xf5,0x4b,0xff,0xf5,0x4c,0xff,0xf5,0x4c,0xff,
  0xf5,0x4c,0xff,0xf5,0x6c,0xff,0xf5,0x6c,0xff,0xf5,0x6c,0xff,0xf5,0x4b,0xff,0xf5,
  0x4b,0xff,0x59,0xe3,0xff,0x08,0x20,0xff,0x08,0x20,0xff,0x10,0x81,0xff,0x10,0x61,
  0xff,0x10,0x81,0xff,0x10,0x61,0xff,0x10,0x61,0xff,0x10,0x81,0xff,0x10,0x61,0xff,
  0x10,0x60,0xff,0x20,0xa1,0xff,0x18,0x61,0xff,0x18,0x61,0xff,0x8a,0xc6,0xff,0xc4,
  0x49,0xff,0x40,0xe1,0xff,0x28,0x61,0xff,0x28,0x61,0xff,0x59,0xa3,0xff,0x8b,0x26,
  0xff,0x6a,0x04,0xff,0x51,0xa3,0xff,0x51,0xa3,0xff,0x30,0xe2,0xff,0x18,0x61,0xff,
  0x28,0xc2,0xff,0x41,0x63,0xff,0x49,0x63,0xff,0x49,0x63,0xff,0x51,0xa3,0xff,0x59,
  0xc3,0xff,0x72,0x44,0xff,0x7a,0x64,0xff,0x7a,0x64,0xff,0x82,0xa5,0xff,0x72,0x45,
  0xff,0x6a,0x24,0xff,0x61,0xe3,0xff,0x61,0xe3,0xff,0x6a,0x24,0xff,0x6a,0x04,0xff,
  0x72,0x45,0xff,0x72,0x45,0xff,0x72,0x45,0xff,0x72,0x45,0xff,0x72,0x85,0xff,0x72,
  0x85,0xff,0x51,0x83,0xff,0x41,0x22,0xff,0x41,0x22,0xff,0x39,0x22,0xff,0x5a,0x04,
  0xff,0x41,0x63,0xff,0x08,0x21,0xff,0x08,0x21,0xff,0x10,0xa2,0x00,0x18,0xe3,0x00,
  0x19,0x04,0x00,0x21,0x04,0x00,0x21,0x04,0x00,0x21,0x04,0x00,0x21,0x04,0x00,0x21,
  0x04,0x00,0x21,0x04,0x00,0x21,0x04,0x00,0x21,0x04,0x00,0x19,0x04,0x00,0x21,0x04,
  0x00,0x21,0x04,0x00,0x19,0x04,0x00,0x19,0x04,0x00,0x21,0x04,0x00,0x21,0x04,0x00,
  0x21,0x04,0x00,0x19,0x04,0x00,0x21,0x04,0x00,0x21,0x04,0x00,0x21,0x04,0x00,0x21,
  0x04,0x00,0x21,0x04,0x00,0x19,0x04,0x00,0x19,0x04,0x00,0x19,0x04,0x00,0x19,0x04,
  0x00,0x21,0x04,0x00,0x21,0x24,0x00,0x21,0x24,0x00,0x08,0x40,0xff,0x20,0xc1,0xff,
  0x59,0xc4,0xff,0x41,0x83,0xff,0x18,0x81,0x00,0x18,0x81,0x00,0x30,0xe2,0x00,0x59,
  0xe4,0xff,0x51,0xa3,0xff,0x49,0x63,0xff,0x49,0x63,0xff,0x59,0xa3,0xff,0x59,0xe4,
  0xff,0x20,0xa1,0xff,0x18,0xa1,0xff,0x18,0xa1,0xff,0xd4,0xca,0xff,0xe4,0x89,0xff,
  0xed,0x0b,0xff,0xf5,0x8c,0xff,0xf5,0x4c,0xff,0xf5,0x4c,0xff,0xf5,0x6c,0xff,0xf5,
  0x6c,0xff,0xf5,0x4c,0xff,0xf5,0x6c,0xff,0xf5,0x6c,0xff,0xf5,0x4c,0xff,0xf5,0x4c,
  0xff,0xf5,0x6c,0xff,0xf5,0x6c,0xff,0xf5,0x6c,0xff,0xf5,0x6c,0xff,0xf5,0x4b,0xff,
  0xf5,0x2b,0xff,0x59,0xc3,0xff,0x08,0x20,0xff,0x08,0x20,0xff,0x08,0x40,0xff,0x10,
  0x41,0xff,0x18,0xa1,0xff,0x10,0x61,0xff,0x10,0x61,0xff,0x08,0x40,0xff,0x08,0x20,
  0xff,0x7a,0xc6,0xff,0xab,0xe8,0xff,0x41,0x02,0xff,0x41,0x02,0xff,0x41,0x23,0xff,
  0x18,0x40,0xff,0x49,0xa3,0xff,0x72,0x65,0xff,0x72,0x65,0xff,0x51,0xa3,0xff,0x49,
  0x62,0xff,0x41,0x42,0xff,0x28,0xc2,0xff,0x28,0xc2,0xff,0x28,0xa2,0xff,0x51,0xa4,
  0xff,0x61,0xc4,0xff,0x7a,0x85,0xff,0x7a,0x64,0xff,0x7a,0x64,0xff,0x82,0x65,0xff,
  0x7a,0x44,0xff,0x8a,0xe5,0xff,0x7a,0x65,0xff,0x7a,0x65,0xff,0x59,0xe4,0xff,0x51,
  0xa3,0xff,0x51,0x83,0xff,0x62,0x24,0xff,0x62,0x24,0xff,0x62,0x04,0xff,0x51,0x63,
  0xff,0x51,0xa3,0xff,0x59,0xa4,0xff,0x62,0x04,0xff,0x62,0x04,0xff,0x6a,0x44,0xff,
  0x6a,0x44,0xff,0x6a,0x45,0xff,0x6a,0x45,0xff,0x6a,0x45,0xff,0x51,0xa4,0xff,0x51,
  0x83,0xff,0x30,0xe2,0xff,0x00,0x20,0xff,0x00,0x20,0xff,0x10,0xa2,0x00,0x18,0xe3,
  0x00,0x19,0x04,0x00,0x21,0x04,0x00,0x21,0x04,0x00,0x21,0x04,0x00,0x21,0x04,0x00,
  0x21,0x04,0x00,0x21,0x04,0x00,0x21,0x04,0x00,0x21,0x04,0x00,0x21,0x04,0x00,0x21,
  0x04,0x00,0x21,0x04,0x00,0x21,0x04,0x00,0x21,0x04,0x00,0x21,0x04,0x00,0x21,0x04,
  0x00,0x21,0x04,0x00,0x19,0x04,0x00,0x21,0x04,0x00,0x21,0x04,0x00,0x19,0x04,0x00,
  0x21,0x04,0x00,0x19,0x04,0x00,0x19,0x04,0x00,0x19,0x04,0x00,0x19,0x04,0x00,0x19,
  0x04,0x00,0x19,0x04,0x00,0x21,0x24,0x00,0x21,0x24,0x00,0x08,0x82,0x00,0x08,0x40,
  0xff,0x49,0x83,0xff,0x41,0x63,0xff,0x20,0xa1,0x00,0x20,0xa1,0x00,0x31,0x22,0x00,
  0x51,0xe4,0xff,0x41,0x22,0xff,0x49,0x63,0xff,0x49,0x63,0xff,0x62,0x04,0xff,0x6a,
  0x24,0xff,0x30,0xe2,0xff,0x18,0xa1,0xff,0x18,0xa1,0xff,0xbc,0x4a,0xff,0xd4,0x28,
  0xff,0xe4,0xea,0xff,0xfd,0xcd,0xff,0xf5,0x6c,0xff,0xf5,0x6c,0xff,0xf5,0x6c,0xff,
  0xf5,0x6c,0xff,0xf5,0x6c,0xff,0xf5,0x6c,0xff,0xf5,0x6c,0xff,0xf5,0x6c,0xff,0xf5,
  0x6c,0xff,0xf5,0x6c,0xff,0xed,0x4c,0xff,0xed,0x4c,0xff,0xed,0x6c,0xff,0xed,0x4b,
  0xff,0xf5,0x4b,0xff,0x62,0x03,0xff,0x08,0x40,0xff,0x08,0x40,0xff,0x10,0x61,0xff,
  0x10,0x40,0xff,0x10,0x40,0xff,0x08,0x20,0xff,0x08,0x20,0xff,0x18,0x81,0xff,0x59,
  0xa3,0xff,0x9b,0x88,0xff,0x49,0x63,0xff,0x28,0xa1,0xff,0x28,0xa1,0xff,0x39,0x02,
  0xff,0x51,0xa4,0xff,0x72,0x85,0xff,0x6a,0x44,0xff,0x6a,0x44,0xff,0x41,0x42,0xff,
  0x41,0x43,0xff,0x49,0x83,0xff,0x59,0xc4,0xff,0x59,0xc4,0xff,0x59,0xa4,0xff,0x72,
  0x44,0xff,0x61,0xe4,0xff,0x61,0xe4,0xff,0x61,0xe3,0xff,0x61,0xe3,0xff,0x6a,0x24,
  0xff,0x59,0xa3,0xff,0x51,0xa3,0xff,0x31,0x02,0xff,0x31,0x02,0xff,0x20,0xa2,0xff,
  0x20,0xa1,0xff,0x31,0x02,0xff,0x39,0x43,0xff,0x39,0x43,0xff,0x41,0x63,0xff,0x49,
  0xa3,0xff,0x51,0xe4,0xff,0x59,0xc4,0xff,0x59,0xe4,0xff,0x59,0xe4,0xff,0x59,0xc3,
  0xff,0x61,0xe4,0xff,0x62,0x04,0xff,0x6a,0x24,0xff,0x6a,0x24,0xff,0x59,0xe4,0xff,
  0x62,0x25,0xff,0x49,0x84,0xff,0x18,0x81,0x00,0x18,0x81,0x00,0x18,0xe2,0x00,0x21,
  0x03,0x00,0x19,0x04,0x00,0x21,0x04,0x00,0x21,0x04,0x00,0x21,0x04,0x00,0x21,0x04,
  0x00,0x21,0x04,0x00,0x21,0x04,0x00,0x21,0x04,0x00,0x21,0x04,0x00,0x21,0x04,0x00,
  0x21,0x04,0x00,0x21,0x04,0x00,0x21,0x04,0x00,0x21,0x04,0x00,0x19,0x04,0x00,0x19,
  0x04,0x00,0x21,0x04,0x00,0x19,0x04,0x00,0x21,0x04,0x00,0x21,0x04,0x00,0x19,0x04,
  0x00,0x21,0x04,0x00,0x21,0x04,0x00,0x19,0x04,0x00,0x19,0x04,0x00,0x19,0x04,0x00,
  0x19,0x04,0x00,0x18,0xe4,0x00,0x21,0x24,0x00,0x21,0x24,0x00,0x18,0xe3,0x00,0x18,
  0xa2,0x00,0x49,0xa3,0xff,0x41,0x63,0xff,0x20,0x81,0x00,0x20,0x81,0x00,0x28,0xe2,
  0x00,0x49,0xa3,0xff,0x39,0x22,0xff,0x51,0x63,0xff,0x51,0x63,0xff,0x61,0xe4,0xff,
  0x6a,0x04,0xff,0x41,0x43,0xff,0x10,0x61,0xff,0x10,0x61,0xff,0x39,0x02,0xff,0xa3,
  0x06,0xff,0xe4,0xea,0xff,0xf5,0x6b,0xff,0xf5,0x8c,0xff,0xf5,0x8c,0xff,0xf5,0x6c,
  0xff,0xf5,0x6c,0xff,0xf5,0x6c,0xff,0xf5,0x6c,0xff,0xf5,0x6c,0xff,0xf5,0x6c,0xff,
  0xf5,0x6c,0xff,0xf5,0x6c,0xff,0xf5,0x6d,0xff,0xf5,0x6d,0xff,0xed,0x4c,0xff,0xed,
  0x4b,0xff,0xed,0x4b,0xff,0x51,0x82,0xff,0x08,0x20,0xff,0x08,0x20,0xff,0x10,0x40,
  0xff,0x49,0x62,0xff,0x62,0x24,0xff,0x51,0xa3,0xff,0x51,0xa3,0xff,0xcc,0xcc,0xff,
  0xa3,0x89,0xff,0x10,0x40,0xff,0x28,0xe2,0xff,0x6a,0x65,0xff,0x6a,0x65,0xff,0x69,
  0xe4,0xff,0x72,0x65,0xff,0x59,0xa3,0xff,0x59,0x63,0xff,0x59,0x63,0xff,0x6a,0x24,
  0xff,0x6a,0x45,0xff,0x59,0xa3,0xff,0x6a,0x44,0xff,0x6a,0x44,0xff,0x61,0xc4,0xff,
  0x39,0x02,0xff,0x20,0xc2,0xff,0x18,0x82,0xff,0x18,0x82,0xff,0x18,0x82,0xff,0x28,
  0xe2,0xff,0x28,0xe2,0xff,0x28,0xc2,0xff,0x18,0x61,0xff,0x18,0x61,0xff,0x20,0xa1,
  0xff,0x18,0x61,0xff,0x18,0x81,0xff,0x08,0x40,0xff,0x08,0x40,0xff,0x18,0xa1,0xff,
  0x28,0xc2,0xff,0x39,0x42,0xff,0x51,0xc4,0xff,0x51,0xa4,0xff,0x51,0xa4,0xff,0x51,
  0x83,0xff,0x51,0xa3,0xff,0x51,0x83,0xff,0x59,0xa4,0xff,0x59,0xa4,0xff,0x59,0xe4,
  0xff,0x59,0xa3,0xff,0x61,0xe4,0xff,0x51,0xa3,0xff,0x51,0xa3,0xff,0x10,0x61,0xff,
  0x21,0x03,0x00,0x19,0x04,0x00,0x21,0x04,0x00,0x19,0x04,0x00,0x19,0x04,0x00,0x19,
  0x04,0x00,0x19,0x04,0x00,0x21,0x04,0x00,0x21,0x04,0x00,0x21,0x04,0x00,0x21,0x04,
  0x00,0x21,0x04,0x00,0x21,0x04,0x00,0x21,0x04,0x00,0x21,0x04,0x00,0x19,0x04,0x00,
  0x19,0x04,0x00,0x21,0x04,0x00,0x19,0x04,0x00,0x19,0x04,0x00,0x19,0x04,0x00,0x19,
  0x04,0x00,0x21,0x04,0x00,0x19,0x04,0x00,0x19,0x04,0x00,0x19,0x04,0x00,0x19,0x04,
  0x00,0x19,0x04,0x00,0x19,0x04,0x00,0x21,0x04,0x00,0x21,0x04,0x00,0x19,0x03,0x00,
  0x18,0xe2,0x00,0x31,0x22,0x00,0x39,0x22,0xff,0x28,0xc1,0x00,0x28,0xc1,0x00,0x31,
  0x22,0x00,0x39,0x63,0xff,0x41,0x62,0xff,0x62,0x04,0xff,0x62,0x04,0xff,0x6a,0x04,
  0xff,0x6a,0x24,0xff,0x51,0xa3,0xff,0x10,0x60,0xff,0x10,0x60,0xff,0x18,0x61,0xff,
  0x82,0x85,0xff,0xdc,0x88,0xff,0xf5,0x4b,0xff,0xfd,0x8c,0xff,0xfd,0x8c,0xff,0xf5,
  0x8c,0xff,0xf5,0x6c,0xff,0xf5,0x8c,0xff,0xf5,0x6c,0xff,0xf5,0x6c,0xff,0xf5,0x6c,
  0xff,0xf5,0x8c,0xff,0xf5,0x8c,0xff,0xf5,0x6c,0xff,0xf5,0x6c,0xff,0xed,0x4c,0xff,
  0xed,0x6b,0xff,0xed,0x4a,0xff,0x51,0xa2,0xff,0x08,0x20,0xff,0x08,0x20,0xff,0x41,
  0x62,0xff,0xd4,0xca,0xff,0xfd,0xec,0xff,0xdc,0xca,0xff,0xdc,0xca,0xff,0x8b,0x07,
  0xff,0x20,0xa1,0xff,0x31,0x02,0xff,0x7a,0xc5,0xff,0x82,0xe5,0xff,0x82,0xe5,0xff,
  0x59,0x82,0xff,0x59,0xa2,0xff,0x59,0xe4,0xff,0x59,0xc4,0xff,0x59,0xc4,0xff,0x49,
  0xa3,0xff,0x49,0x83,0xff,0x41,0x43,0xff,0x41,0x83,0xff,0x41,0x83,0xff,0x31,0x22,
  0xff,0x10,0x61,0xff,0x08,0x20,0xff,0x10,0x61,0xff,0x10,0x61,0xff,0x10,0x61,0xff,
  0x39,0x43,0xff,0x6a,0x04,0xff,0x82,0xc5,0xff,0x8a,0xe6,0xff,0x8a,0xe6,0xff,0x93,
  0x47,0xff,0x82,0xc6,0xff,0x7a,0xa6,0xff,0x5a,0x04,0xff,0x5a,0x04,0xff,0x39,0x43,
  0xff,0x10,0x40,0xff,0x18,0x81,0xff,0x28,0xe2,0xff,0x49,0x83,0xff,0x49,0x83,0xff,
  0x51,0x83,0xff,0x51,0xa3,0xff,0x51,0xa3,0xff,0x51,0xa3,0xff,0x51,0xa3,0xff,0x51,
  0xa3,0xff,0x51,0xa3,0xff,0x62,0x04,0xff,0x8a,0xc6,0xff,0x8a,0xc6,0xff,0x29,0x02,
  0x00,0x10,0xa2,0x00,0x19,0x04,0x00,0x21,0x04,0x00,0x19,0x04,0x00,0x19,0x04,0x00,
  0x19,0x04,0x00,0x19,0x04,0x00,0x21,0x04,0x00,0x21,0x04,0x00,0x21,0x04,0x00,0x21,
  0x04,0x00,0x21,0x04,0x00,0x21,0x04,0x00,0x21,0x04,0x00,0x21,0x04,0x00,0x19,0x04,
  0x00,0x19,0x04,0x00,0x21,0x04,0x00,0x19,0x04,0x00,0x19,0x04,0x00,0x19,0x04,0x00,
  0x19,0x04,0x00,0x21,0x04,0x00,0x19,0x04,0x00,0x19,0x04,0x00,0x19,0x04,0x00,0x19,
  0x04,0x00,0x19,0x04,0x00,0x19,0x04,0x00,0x21,0x04,0x00,0x21,0x04,0x00,0x19,0x03,
  0x00,0x18,0xe2,0x00,0x31,0x22,0x00,0x39,0x22,0xff,0x28,0xc1,0x00,0x28,0xc1,0x00,
  0x31,0x22,0x00,0x39,0x63,0xff,0x41,0x62,0xff,0x62,0x04,0xff,0x62,0x04,0xff,0x6a,
  0x04,0xff,0x6a,0x24,0xff,0x51,0xa3,0xff,0x10,0x60,0xff,0x10,0x60,0xff,0x18,0x61,
  0xff,0x82,0x85,0xff,0xdc,0x88,0xff,0xf5,0x4b,0xff,0xfd,0x8c,0xff,0xfd,0x8c,0xff,
  0xf5,0x8c,0xff,0xf5,0x6c,0xff,0xf5,0x8c,0xff,0xf5,0x6c,0xff,0xf5,0x6c,0xff,0xf5,
  0x6c,0xff,0xf5,0x8c,0xff,0xf5,0x8c,0xff,0xf5,0x6c,0xff,0xf5,0x6c,0xff,0xed,0x4c,
  0xff,0xed,0x6b,0xff,0xed,0x4a,0xff,0x51,0xa2,0xff,0x08,0x20,0xff,0x08,0x20,0xff,
  0x41,0x62,0xff,0xd4,0xca,0xff,0xfd,0xec,0xff,0xdc,0xca,0xff,0xdc,0xca,0xff,0x8b,
  0x07,0xff,0x20,0xa1,0xff,0x31,0x02,0xff,0x7a,0xc5,0xff,0x82,0xe5,0xff,0x82,0xe5,
  0xff,0x59,0x82,0xff,0x59,0xa2,0xff,0x59,0xe4,0xff,0x59,0xc4,0xff,0x59,0xc4,0xff,
  0x49,0xa3,0xff,0x49,0x83,0xff,0x41,0x43,0xff,0x41,0x83,0xff,0x41,0x83,0xff,0x31,
  0x22,0xff,0x10,0x61,0xff,0x08,0x20,0xff,0x10,0x61,0xff,0x10,0x61,0xff,0x10,0x61,
  0xff,0x39,0x43,0xff,0x6a,0x04,0xff,0x82,0xc5,0xff,0x8a,0xe6,0xff,0x8a,0xe6,0xff,
  0x93,0x47,0xff,0x82,0xc6,0xff,0x7a,0xa6,0xff,0x5a,0x04,0xff,0x5a,0x04,0xff,0x39,
  0x43,0xff,0x10,0x40,0xff,0x18,0x81,0xff,0x28,0xe2,0xff,0x49,0x83,0xff,0x49,0x83,
  0xff,0x51,0x83,0xff,0x51,0xa3,0xff,0x51,0xa3,0xff,0x51,0xa3,0xff,0x51,0xa3,0xff,
  0x51,0xa3,0xff,0x51,0xa3,0xff,0x62,0x04,0xff,0x8a,0xc6,0xff,0x8a,0xc6,0xff,0x29,
  0x02,0x00,0x10,0xa2,0x00,0x21,0x04,0x00,0x21,0x04,0x00,0x19,0x04,0x00,0x19,0x04,
  0x00,0x19,0x04,0x00,0x19,0x04,0x00,0x21,0x04,0x00,0x21,0x04,0x00,0x21,0x04,0x00,
  0x21,0x04,0x00,0x21,0x04,0x00,0x21,0x04,0x00,0x21,0x04,0x00,0x21,0x04,0x00,0x19,
  0x04,0x00,0x19,0x04,0x00,0x19,0x04,0x00,0x19,0x04,0x00,0x19,0x04,0x00,0x19,0x04,
  0x00,0x21,0x04,0x00,0x19,0x04,0x00,0x19,0x04,0x00,0x19,0x04,0x00,0x19,0x04,0x00,
  0x19,0x04,0x00,0x19,0x04,0x00,0x19,0x04,0x00,0x19,0x04,0x00,0x19,0x04,0x00,0x19,
  0x04,0x00,0x18,0xe3,0x00,0x08,0x41,0x00,0x18,0x81,0x00,0x28,0xe2,0x00,0x28,0xe2,
  0x00,0x20,0xe1,0x00,0x18,0xa1,0x00,0x41,0x83,0xff,0x72,0x45,0xff,0x72,0x45,0xff,
  0x6a,0x04,0xff,0x61,0xe4,0xff,0x51,0x83,0xff,0x18,0x60,0xff,0x18,0x60,0xff,0x20,
  0x81,0xff,0x93,0x26,0xff,0xc3,0xe7,0xff,0xdc,0x69,0xff,0xf5,0x6b,0xff,0xf5,0x6b,
  0xff,0xf5,0x8c,0xff,0xf5,0x6c,0xff,0xf5,0x4c,0xff,0xf5,0x6c,0xff,0xf5,0x6c,0xff,
  0xf5,0x6c,0xff,0xf5,0x8d,0xff,0xf5,0x6c,0xff,0xf5,0x6c,0xff,0xf5,0x6c,0xff,0xf5,
  0xac,0xff,0xed,0x4b,0xff,0xb3,0xe7,0xff,0x39,0x01,0xff,0x08,0x20,0xff,0x08,0x20,
  0xff,0x39,0x02,0xff,0x82,0xe6,0xff,0x82,0xe5,0xff,0x31,0x02,0xff,0x31,0x02,0xff,
  0x10,0x41,0xff,0x39,0x43,0xff,0x82,0xc5,0xff,0x61,0xc3,0xff,0x49,0x21,0xff,0x49,
  0x21,0xff,0x51,0xa3,0xff,0x49,0x83,0xff,0x28,0xe2,0xff,0x28,0xe2,0xff,0x28,0xe2,
  0xff,0x10,0x61,0xff,0x10,0x81,0xff,0x18,0xa1,0xff,0x10,0x61,0xff,0x10,0x61,0xff,
  0x10,0x40,0xff,0x20,0xc1,0xff,0x20,0x81,0xff,0x39,0x63,0xff,0x49,0x63,0xff,0x49,
  0x63,0xff,0x72,0x65,0xff,0x8a,0xc6,0xff,0xab,0x87,0xff,0x9b,0x06,0xff,0x9b,0x06,
  0xff,0xab,0xa8,0xff,0xa3,0x68,0xff,0xab,0x88,0xff,0xab,0xa8,0xff,0xab,0xa8,0xff,
  0xa3,0x68,0xff,0x7a,0x86,0xff,0x41,0x43,0xff,0x10,0x40,0xff,0x28,0xc2,0xff,0x28,
  0xc2,0xff,0x41,0x43,0xff,0x41,0x43,0xff,0x49,0x63,0xff,0x51,0xa4,0xff,0x51,0xa4,
  0xff,0x41,0x43,0xff,0x49,0x83,0xff,0x49,0x63,0xff,0x82,0x85,0xff,0x82,0x85,0xff,
  0x31,0x02,0x00,0x00,0x21,0x00,0x21,0x04,0x00,0x21,0x04,0x00,0x21,0x04,0x00,0x21,
  0x04,0x00,0x19,0x04,0x00,0x19,0x04,0x00,0x21,0x04,0x00,0x21,0x04,0x00,0x21,0x04,
  0x00,0x21,0x04,0x00,0x21,0x04,0x00,0x21,0x04,0x00,0x21,0x04,0x00,0x21,0x04,0x00,
  0x19,0x04,0x00,0x21,0x04,0x00,0x19,0x04,0x00,0x19,0x04,0x00,0x19,0x04,0x00,0x19,
  0x04,0x00,0x19,0x04,0x00,0x19,0x04,0x00,0x19,0x04,0x00,0x19,0x04,0x00,0x19,0x04,
  0x00,0x19,0x04,0x00,0x19,0x04,0x00,0x19,0x04,0x00,0x21,0x04,0x00,0x21,0x04,0x00,
  0x19,0x04,0x00,0x21,0x04,0x00,0x08,0x62,0x00,0x08,0x40,0x00,0x29,0x02,0x00,0x29,
  0x02,0x00,0x18,0xa1,0x00,0x08,0x20,0xff,0x51,0xc4,0xff,0x7a,0x85,0xff,0x7a,0x85,
  0xff,0x6a,0x24,0xff,0x59,0xc3,0xff,0x59,0xc3,0xff,0x39,0x02,0xff,0x39,0x02,0xff,
  0x20,0xa1,0xff,0x6a,0x24,0xff,0xbb,0x86,0xff,0xcb,0xc7,0xff,0xed,0x4a,0xff,0xed,
  0x4a,0xff,0xf5,0x8c,0xff,0xf5,0x6c,0xff,0xf5,0x6c,0xff,0xf5,0x8c,0xff,0xf5,0x8c,
  0xff,0xf5,0x8c,0xff,0xf5,0x4c,0xff,0xfd,0x4c,0xff,0xfd,0xac,0xff,0xfd,0xac,0xff,
  0xcc,0xca,0xff,0x59,0xc3,0xff,0x28,0x81,0xff,0x18,0x81,0xff,0x20,0xa1,0xff,0x20,
  0xa1,0xff,0x18,0x61,0xff,0x08,0x20,0xff,0x10,0x41,0xff,0x20,0xc1,0xff,0x20,0xc1,
  0xff,0x51,0xa4,0xff,0x72,0x24,0xff,0x7a,0x84,0xff,0x51,0xa2,0xff,0x49,0x83,0xff,
  0x49,0x83,0xff,0x30,0xe2,0xff,0x20,0xa1,0xff,0x10,0x61,0xff,0x18,0x81,0xff,0x18,
  0x81,0xff,0x10,0x61,0xff,0x10,0x61,0xff,0x20,0xa1,0xff,0x31,0x02,0xff,0x31,0x02,
  0xff,0x39,0x02,0xff,0x49,0x83,0xff,0x51,0xa4,0xff,0x62,0x24,0xff,0x62,0x04,0xff,
  0x62,0x04,0xff,0x6a,0x24,0xff,0x61,0xe4,0xff,0x6a,0x24,0xff,0x6a,0x24,0xff,0x6a,
  0x24,0xff,0x6a,0x25,0xff,0x61,0xc4,0xff,0x61,0xe4,0xff,0x59,0xa3,0xff,0x59,0xa3,
  0xff,0x6a,0x04,0xff,0x8a,0xc5,0xff,0xa3,0x67,0xff,0x72,0x86,0xff,0x20,0xa1,0xff,
  0x20,0xa1,0xff,0x18,0x81,0xff,0x39,0x43,0xff,0x41,0x63,0xff,0x49,0x83,0xff,0x49,
  0x83,0xff,0x49,0x83,0xff,0x49,0x83,0xff,0x49,0x83,0xff,0x82,0xa6,0xff,0x82,0xa6,
  0xff,0x31,0x02,0x00,0x00,0x41,0x00,0x21,0x04,0x00,0x21,0x04,0x00,0x21,0x04,0x00,
  0x21,0x04,0x00,0x19,0x04,0x00,0x19,0x04,0x00,0x21,0x04,0x00,0x21,0x04,0x00,0x21,
  0x04,0x00,0x21,0x04,0x00,0x21,0x04,0x00,0x21,0x04,0x00,0x21,0x04,0x00,0x21,0x04,
  0x00,0x19,0x04,0x00,0x21,0x04,0x00,0x19,0x04,0x00,0x19,0x04,0x00,0x19,0x04,0x00,
  0x19,0x04,0x00,0x19,0x04,0x00,0x19,0x04,0x00,0x19,0x04,0x00,0x19,0x04,0x00,0x19,
  0x04,0x00,0x19,0x04,0x00,0x19,0x04,0x00,0x19,0x04,0x00,0x21,0x04,0x00,0x21,0x04,
  0x00,0x19,0x04,0x00,0x21,0x04,0x00,0x19,0x04,0x00,0x10,0x82,0x00,0x20,0xe2,0x00,
  0x20,0xe2,0x00,0x18,0xa1,0x00,0x28,0xc1,0x00,0x6a,0x45,0xff,0x72,0x65,0xff,0x72,
  0x65,0xff,0x6a,0x24,0xff,0x59,0xa3,0xff,0x59,0xc3,0xff,0x41,0x43,0xff,0x41,0x43,
  0xff,0x20,0xa2,0xff,0x28,0xa1,0xff,0x9a,0xe5,0xff,0xc3,0xa6,0xff,0xd4,0x48,0xff,
  0xd4,0x48,0xff,0xe5,0x0a,0xff,0xf5,0x8c,0xff,0xf5,0x6c,0xff,0xf5,0x6c,0xff,0xf5,
  0x6c,0xff,0xf5,0x2b,0xff,0xfd,0xcc,0xff,0xe4,0xea,0xff,0x7a,0x85,0xff,0x7a,0x85,
  0xff,0x10,0x40,0xff,0x49,0x83,0xff,0x8b,0x27,0xff,0x49,0x22,0xff,0x93,0x47,0xff,
  0x93,0x47,0xff,0x8b,0x46,0xff,0x20,0x81,0xff,0x20,0xa2,0xff,0x62,0x04,0xff,0x62,
  0x04,0xff,0x7a,0x64,0xff,0x59,0xa3,0xff,0x41,0x22,0xff,0x39,0x22,0xff,0x29,0x02,
  0xff,0x29,0x02,0xff,0x10,0x20,0xff,0x18,0xa2,0xff,0x20,0xe2,0xff,0x20,0xc2,0xff,
  0x20,0xc2,0xff,0x28,0xe2,0xff,0x39,0x43,0xff,0x41,0x63,0xff,0x5a,0x04,0xff,0x5a,
  0x04,0xff,0x59,0xe4,0xff,0x49,0x63,0xff,0x41,0x42,0xff,0x59,0xe4,0xff,0x7a,0xc6,
  0xff,0x7a,0xc6,0xff,0x62,0x45,0xff,0x49,0x84,0xff,0x49,0x84,0xff,0x6a,0x45,0xff,
  0x6a,0x45,0xff,0x6a,0x25,0xff,0x72,0x66,0xff,0x7a,0x86,0xff,0x72,0x45,0xff,0x72,
  0x45,0xff,0x72,0x65,0xff,0x59,0xa3,0xff,0x69,0xe3,0xff,0x9b,0x67,0xff,0x41,0x63,
  0xff,0x41,0x63,0xff,0x00,0x00,0xff,0x20,0xa1,0xff,0x39,0x23,0xff,0x39,0x02,0xff,
  0x39,0x02,0xff,0x41,0x83,0xff,0x41,0x42,0xff,0x41,0x43,0xff,0x49,0xa4,0xff,0x49,
  0xa4,0xff,0x10,0x81,0x00,0x00,0x42,0x00,0x21,0x04,0x00,0x21,0x04,0x00,0x21,0x04,
  0x00,0x21,0x04,0x00,0x21,0x04,0x00,0x19,0x04,0x00,0x21,0x04,0x00,0x21,0x04,0x00,
  0x21,0x04,0x00,0x21,0x04,0x00,0x21,0x04,0x00,0x21,0x04,0x00,0x21,0x04,0x00,0x21,
  0x04,0x00,0x21,0x04,0x00,0x21,0x04,0x00,0x21,0x04,0x00,0x19,0x04,0x00,0x19,0x04,
  0x00,0x19,0x04,0x00,0x19,0x04,0x00,0x19,0x04,0x00,0x19,0x04,0x00,0x19,0x04,0x00,
  0x19,0x04,0x00,0x19,0x04,0x00,0x19,0x04,0x00,0x21,0x04,0x00,0x21,0x04,0x00,0x21,
  0x04,0x00,0x19,0x04,0x00,0x19,0x04,0x00,0x21,0x04,0x00,0x18,0xc3,0x00,0x08,0x61,
  0xff,0x08,0x61,0xff,0x28,0xe2,0x00,0x72,0x65,0xff,0x82,0xa5,0xff,0x72,0x45,0xff,
  0x72,0x45,0xff,0x72,0x65,0xff,0x62,0x04,0xff,0x59,0xc3,0xff,0x49,0x83,0xff,0x49,
  0x83,0xff,0x39,0x43,0xff,0x18,0x81,0xff,0x61,0xe3,0xff,0xb3,0x46,0xff,0xbb,0x85,
  0xff,0xbb,0x85,0xff,0xcc,0x28,0xff,0xed,0x4b,0xff,0xf5,0x6b,0xff,0xf5,0x8b,0xff,
  0xf5,0x8b,0xff,0xed,0x2b,0xff,0xd4,0xaa,0xff,0x41,0x63,0xff,0x28,0xe1,0xff,0x28,
  0xe1,0xff,0x49,0x43,0xff,0xb4,0x08,0xff,0x8b,0x06,0xff,0x49,0x02,0xff,0xa3,0x86,
  0xff,0xa3,0x86,0xff,0xab,0xc6,0xff,0x41,0x22,0xff,0x10,0x61,0xff,0x31,0x22,0xff,
  0x31,0x22,0xff,0x41,0x83,0xff,0x39,0x02,0xff,0x31,0x02,0xff,0x28,0xa1,0xff,0x28,
  0xe2,0xff,0x28,0xe2,0xff,0x29,0x02,0xff,0x28,0xe2,0xff,0x28,0xa1,0xff,0x39,0x22,
  0xff,0x39,0x22,0xff,0x51,0xc4,0xff,0x5a,0x24,0xff,0x51,0xa4,0xff,0x59,0xc4,0xff,
  0x59,0xc4,0xff,0x59,0xe4,0xff,0x51,0xa3,0xff,0x6a,0x65,0xff,0x7a,0xa6,0xff,0x51,
  0xc4,0xff,0x51,0xc4,0xff,0x41,0x43,0xff,0x61,0xe4,0xff,0x7a,0x86,0xff,0x7a,0xa5,
  0xff,0x7a,0xa5,0xff,0x7a,0xa6,0xff,0x72,0x45,0xff,0x7a,0x85,0xff,0x7a,0x85,0xff,
  0x7a,0x85,0xff,0x72,0x86,0xff,0x62,0x04,0xff,0x59,0xc3,0xff,0x61,0xe3,0xff,0x49,
  0x63,0xff,0x49,0x63,0xff,0x08,0x20,0xff,0x10,0x61,0xff,0x20,0xc2,0xff,0x41,0x43,
  0xff,0x41,0x43,0xff,0x39,0x42,0xff,0x41,0x63,0xff,0x41,0x63,0xff,0x18,0x81,0xff,
  0x18,0x81,0xff,0x08,0x41,0xff,0x10,0x82,0x00,0x21,0x04,0x00,0x21,0x04,0x00,0x21,
  0x04,0x00,0x21,0x04,0x00,0x21,0x04,0x00,0x19,0x04,0x00,0x21,0x04,0x00,0x21,0x04,
  0x00,0x21,0x04,0x00,0x21,0x04,0x00,0x21,0x04,0x00,0x21,0x04,0x00,0x21,0x04,0x00,
  0x21,0x04,0x00,0x21,0x04,0x00,0x21,0x04,0x00,0x21,0x04,0x00,0x19,0x04,0x00,0x19,
  0x04,0x00,0x19,0x04,0x00,0x19,0x04,0x00,0x19,0x04,0x00,0x19,0x04,0x00,0x19,0x04,
  0x00,0x19,0x04,0x00,0x19,0x04,0x00,0x19,0x04,0x00,0x21,0x04,0x00,0x21,0x04,0x00,
  0x21,0x04,0x00,0x19,0x04,0x00,0x19,0x04,0x00,0x21,0x04,0x00,0x18,0xc3,0x00,0x08,
  0x61,0xff,0x08,0x61,0xff,0x28,0xe2,0x00,0x72,0x65,0xff,0x82,0xa5,0xff,0x72,0x45,
  0xff,0x72,0x45,0xff,0x72,0x65,0xff,0x62,0x04,0xff,0x59,0xc3,0xff,0x49,0x83,0xff,
  0x49,0x83,0xff,0x39,0x43,0xff,0x18,0x81,0xff,0x61,0xe3,0xff,0xb3,0x46,0xff,0xbb,
  0x85,0xff,0xbb,0x85,0xff,0xcc,0x28,0xff,0xed,0x4b,0xff,0xf5,0x6b,0xff,0xf5,0x8b,
  0xff,0xf5,0x8b,0xff,0xed,0x2b,0xff,0xd4,0xaa,0xff,0x41,0x63,0xff,0x28,0xe1,0xff,
  0x28,0xe1,0xff,0x49,0x43,0xff,0xb4,0x08,0xff,0x8b,0x06,0xff,0x49,0x02,0xff,0xa3,
  0x86,0xff,0xa3,0x86,0xff,0xab,0xc6,0xff,0x41,0x22,0xff,0x10,0x61,0xff,0x31,0x22,
  0xff,0x31,0x22,0xff,0x41,0x83,0xff,0x39,0x02,0xff,0x31,0x02,0xff,0x28,0xa1,0xff,
  0x28,0xe2,0xff,0x28,0xe2,0xff,0x29,0x02,0xff,0x28,0xe2,0xff,0x28,0xa1,0xff,0x39,
  0x22,0xff,0x39,0x22,0xff,0x51,0xc4,0xff,0x5a,0x24,0xff,0x51,0xa4,0xff,0x59,0xc4,
  0xff,0x59,0xc4,0xff,0x59,0xe4,0xff,0x51,0xa3,0xff,0x6a,0x65,0xff,0x7a,0xa6,0xff,
  0x51,0xc4,0xff,0x51,0xc4,0xff,0x41,0x43,0xff,0x61,0xe4,0xff,0x7a,0x86,0xff,0x7a,
  0xa5,0xff,0x7a,0xa5,0xff,0x7a,0xa6,0xff,0x72,0x45,0xff,0x7a,0x85,0xff,0x7a,0x85,
  0xff,0x7a,0x85,0xff,0x72,0x86,0xff,0x62,0x04,0xff,0x59,0xc3,0xff,0x61,0xe3,0xff,
  0x49,0x63,0xff,0x49,0x63,0xff,0x08,0x20,0xff,0x10,0x61,0xff,0x20,0xc2,0xff,0x41,
  0x43,0xff,0x41,0x43,0xff,0x39,0x42,0xff,0x41,0x63,0xff,0x41,0x63,0xff,0x18,0x81,
  0xff,0x18,0x81,0xff,0x08,0x41,0xff,0x10,0x82,0x00,0x21,0x04,0x00,0x21,0x04,0x00,
  0x21,0x04,0x00,0x21,0x04,0x00,0x21,0x04,0x00,0x19,0x04,0x00,0x19,0x04,0x00,0x21,
  0x04,0x00,0x21,0x04,0x00,0x21,0x04,0x00,0x21,0x04,0x00,0x21,0x04,0x00,0x19,0x04,
  0x00,0x19,0x04,0x00,0x21,0x04,0x00,0x21,0x04,0x00,0x21,0x04,0x00,0x19,0x04,0x00,
  0x19,0x04,0x00,0x19,0x04,0x00,0x19,0x04,0x00,0x21,0x04,0x00,0x19,0x04,0x00,0x19,
  0x04,0x00,0x19,0x04,0x00,0x19,0x04,0x00,0x19,0x04,0x00,0x19,0x04,0x00,0x21,0x04,
  0x00,0x21,0x04,0x00,0x19,0x04,0x00,0x19,0x04,0x00,0x18,0xe4,0x00,0x18,0xe3,0x00,
  0x00,0x20,0xff,0x00,0x20,0xff,0x10,0x61,0x00,0x72,0x65,0xff,0x7a,0x85,0xff,0x72,
  0x24,0xff,0x72,0x24,0xff,0x72,0x65,0xff,0x6a,0x24,0xff,0x51,0x83,0xff,0x49,0x42,
  0xff,0x49,0x42,0xff,0x49,0x83,0xff,0x31,0x02,0xff,0x18,0x61,0xff,0x49,0x62,0xff,
  0xb3,0xc7,0xff,0xb3,0xc7,0xff,0xc3,0xe7,0xff,0xbb,0x66,0xff,0xd4,0x27,0xff,0xdc,
  0xc9,0xff,0xdc,0xc9,0xff,0x8b,0x07,0xff,0x18,0x61,0xff,0x30,0xe2,0xff,0xa4,0x07,
  0xff,0xa4,0x07,0xff,0x92,0xe5,0xff,0x69,0xe4,0xff,0x49,0x63,0xff,0x72,0x65,0xff,
  0x72,0x24,0xff,0x72,0x24,0xff,0x72,0x24,0xff,0x6a,0x44,0xff,0x10,0x61,0xff,0x00,
  0x00,0xff,0x00,0x00,0xff,0x20,0xc2,0xff,0x31,0x02,0xff,0x31,0x22,0xff,0x28,0xc1,
  0xff,0x39,0x42,0xff,0x39,0x42,0xff,0x28,0xc1,0xff,0x30,0xc1,0xff,0x51,0xc4,0xff,
  0x62,0x04,0xff,0x62,0x04,0xff,0x59,0xc4,0xff,0x59,0xe4,0xff,0x59,0xe4,0xff,0x62,
  0x05,0xff,0x62,0x05,0xff,0x59,0xc4,0xff,0x72,0x86,0xff,0x7a,0xc6,0xff,0x5a,0x25,
  0xff,0x39,0x23,0xff,0x39,0x23,0xff,0x6a,0x05,0xff,0x93,0x26,0xff,0x8a,0xe6,0xff,
  0x7a,0x45,0xff,0x7a,0x45,0xff,0x7a,0x85,0xff,0x72,0x25,0xff,0x6a,0x04,0xff,0x6a,
  0x25,0xff,0x6a,0x25,0xff,0x6a,0x25,0xff,0x6a,0x25,0xff,0x59,0xc3,0xff,0x59,0xa3,
  0xff,0x72,0x65,0xff,0x72,0x65,0xff,0x51,0xe4,0xff,0x00,0x20,0xff,0x10,0x81,0xff,
  0x39,0x43,0xff,0x39,0x43,0xff,0x30,0xe2,0xff,0x39,0x22,0xff,0x41,0x63,0xff,0x08,
  0x41,0xff,0x08,0x41,0xff,0x00,0x41,0xff,0x18,0xe3,0x00,0x21,0x04,0x00,0x21,0x04,
  0x00,0x21,0x04,0x00,0x21,0x04,0x00,0x21,0x04,0x00,0x21,0x04,0x00,0x19,0x04,0x00,
  0x19,0x04,0x00,0x19,0x04,0x00,0x19,0x04,0x00,0x19,0x04,0x00,0x19,0x04,0x00,0x19,
  0x04,0x00,0x19,0x04,0x00,0x21,0x04,0x00,0x21,0x04,0x00,0x21,0x04,0x00,0x21,0x04,
  0x00,0x19,0x04,0x00,0x19,0x04,0x00,0x19,0x04,0x00,0x21,0x04,0x00,0x21,0x04,0x00,
  0x19,0x04,0x00,0x19,0x04,0x00,0x19,0x04,0x00,0x19,0x04,0x00,0x21,0x04,0x00,0x21,
  0x04,0x00,0x21,0x04,0x00,0x19,0x04,0x00,0x19,0x04,0x00,0x19,0x04,0x00,0x21,0x24,
  0x00,0x00,0x20,0xff,0x00,0x20,0xff,0x10,0x40,0xff,0x6a,0x25,0xff,0x7a,0x85,0xff,
  0x72,0x44,0xff,0x72,0x44,0xff,0x72,0x65,0xff,0x62,0x04,0xff,0x59,0xc3,0xff,0x49,
  0x63,0xff,0x49,0x63,0xff,0x49,0xa3,0xff,0x39,0x43,0xff,0x20,0xc2,0xff,0x08,0x41,
  0xff,0x39,0x42,0xff,0x39,0x42,0xff,0x7a,0x23,0xff,0xbb,0x86,0xff,0xe4,0xe9,0xff,
  0x61,0xc4,0xff,0x61,0xc4,0xff,0x18,0x41,0xff,0x51,0xc4,0xff,0x7a,0x85,0xff,0x82,
  0xc5,0xff,0x82,0xc5,0xff,0x72,0x44,0xff,0x72,0x65,0xff,0x6a,0x45,0xff,0x72,0x65,
  0xff,0x61,0xe4,0xff,0x61,0xe4,0xff,0x6a,0x24,0xff,0x72,0x65,0xff,0x39,0x02,0xff,
  0x10,0x81,0xff,0x10,0x81,0xff,0x10,0xa1,0xff,0x10,0x61,0xff,0x28,0xe2,0xff,0x39,
  0x63,0xff,0x41,0xa3,0xff,0x41,0xa3,0xff,0x30,0xe2,0xff,0x49,0x63,0xff,0x6a,0x24,
  0xff,0x72,0x65,0xff,0x72,0x65,0xff,0x62,0x04,0xff,0x62,0x25,0xff,0x62,0x25,0xff,
  0x5a,0x25,0xff,0x5a,0x25,0xff,0x41,0x23,0xff,0x49,0xa4,0xff,0x41,0x63,0xff,0x49,
  0x63,0xff,0x7a,0x85,0xff,0x7a,0x85,0xff,0x93,0x06,0xff,0x82,0xa5,0xff,0x82,0xa5,
  0xff,0x72,0x85,0xff,0x72,0x85,0xff,0x6a,0x25,0xff,0x62,0x04,0xff,0x6a,0x45,0xff,
  0x62,0x04,0xff,0x62,0x04,0xff,0x6a,0x25,0xff,0x6a,0x25,0xff,0x62,0x04,0xff,0x61,
  0xe3,0xff,0x72,0x44,0xff,0x72,0x44,0xff,0x7a,0x85,0xff,0x20,0xc1,0xff,0x08,0x61,
  0xff,0x28,0xe2,0xff,0x28,0xe2,0xff,0x39,0x23,0xff,0x41,0x63,0xff,0x49,0xa4,0xff,
  0x10,0x81,0xff,0x10,0x81,0xff,0x08,0x62,0xff,0x21,0x24,0x00,0x21,0x04,0x00,0x21,
  0x04,0x00,0x21,0x04,0x00,0x21,0x04,0x00,0x21,0x04,0x00,0x21,0x04,0x00,0x21,0x04,
  0x00,0x19,0x04,0x00,0x19,0x04,0x00,0x19,0x04,0x00,0x19,0x04,0x00,0x19,0x04,0x00,
  0x19,0x04,0x00,0x19,0x04,0x00,0x21,0x04,0x00,0x21,0x04,0x00,0x21,0x04,0x00,0x21,
  0x04,0x00,0x21,0x04,0x00,0x21,0x04,0x00,0x21,0x04,0x00,0x21,0x04,0x00,0x21,0x04,
  0x00,0x19,0x04,0x00,0x19,0x04,0x00,0x19,0x04,0x00,0x19,0x04,0x00,0x19,0x04,0x00,
  0x21,0x04,0x00,0x21,0x04,0x00,0x21,0x04,0x00,0x19,0x04,0x00,0x21,0x04,0x00,0x18,
  0xc3,0x00,0x18,0x81,0x00,0x18,0x81,0x00,0x49,0x83,0xff,0x6a,0x25,0xff,0x72,0x44,
  0xff,0x72,0x44,0xff,0x72,0x44,0xff,0x6a,0x04,0xff,0x62,0x04,0xff,0x61,0xe4,0xff,
  0x49,0x63,0xff,0x49,0x63,0xff,0x41,0x42,0xff,0x41,0x22,0xff,0x41,0x83,0xff,0x18,
  0xa2,0xff,0x00,0x00,0xff,0x00,0x00,0xff,0x10,0x20,0xff,0x7a,0x85,0xff,0x83,0x26,
  0xff,0x18,0x61,0xff,0x18,0x61,0xff,0x41,0x43,0xff,0x8b,0x47,0xff,0x6a,0x04,0xff,
  0x61,0xe4,0xff,0x61,0xe4,0xff,0x6a,0x24,0xff,0x72,0x65,0xff,0x62,0x04,0xff,0x6a,
  0x25,0xff,0x59,0xc4,0xff,0x59,0xc4,0xff,0x59,0xc3,0xff,0x51,0xa3,0xff,0x51,0xc4,
  0xff,0x29,0x02,0xff,0x29,0x02,0xff,0x10,0x41,0xff,0x20,0x81,0xff,0x28,0xe2,0xff,
  0x31,0x02,0xff,0x39,0x43,0xff,0x39,0x43,0xff,0x49,0x63,0xff,0x6a,0x44,0xff,0x6a,
  0x24,0xff,0x69,0xe4,0xff,0x69,0xe4,0xff,0x6a,0x45,0xff,0x72,0x86,0xff,0x51,0xa4,
  0xff,0x29,0x02,0xff,0x29,0x02,0xff,0x18,0x81,0xff,0x20,0xa2,0xff,0x51,0xa3,0xff,
  0x7a,0xa5,0xff,0x82,0x65,0xff,0x82,0x65,0xff,0x82,0xa5,0xff,0x72,0x45,0xff,0x6a,
  0x24,0xff,0x62,0x04,0xff,0x62,0x04,0xff,0x61,0xe4,0xff,0x62,0x04,0xff,0x61,0xe4,
  0xff,0x6a,0x05,0xff,0x6a,0x05,0xff,0x6a,0x45,0xff,0x62,0x04,0xff,0x6a,0x24,0xff,
  0x59,0xe4,0xff,0x59,0xa3,0xff,0x59,0xa3,0xff,0x6a,0x25,0xff,0x20,0xc2,0xff,0x08,
  0x20,0xff,0x29,0x02,0xff,0x29,0x02,0xff,0x30,0xe2,0xff,0x39,0x22,0xff,0x41,0x84,
  0xff,0x00,0x20,0xff,0x00,0x20,0xff,0x10,0xa3,0x00,0x21,0x04,0x00,0x21,0x04,0x00,
  0x21,0x04,0x00,0x21,0x04,0x00,0x21,0x04,0x00,0x21,0x04,0x00,0x21,0x04,0x00,0x21,
  0x04,0x00,0x21,0x04,0x00,0x21,0x04,0x00,0x19,0x04,0x00,0x19,0x04,0x00,0x19,0x04,
  0x00,0x19,0x04,0x00,0x19,0x04,0x00,0x21,0x04,0x00,0x21,0x04,0x00,0x21,0x04,0x00,
  0x21,0x04,0x00,0x21,0x04,0x00,0x21,0x04,0x00,0x21,0x04,0x00,0x21,0x04,0x00,0x21,
  0x04,0x00,0x21,0x04,0x00,0x21,0x04,0x00,0x19,0x04,0x00,0x19,0x04,0x00,0x19,0x04,
  0x00,0x21,0x04,0x00,0x21,0x04,0x00,0x21,0x04,0x00,0x21,0x04,0x00,0x21,0x24,0x00,
  0x08,0x41,0xff,0x41,0x83,0xff,0x41,0x83,0xff,0x8a,0xe7,0xff,0x6a,0x04,0xff,0x6a,
  0x24,0xff,0x6a,0x24,0xff,0x6a,0x24,0xff,0x6a,0x04,0xff,0x6a,0x44,0xff,0x6a,0x45,
  0xff,0x51,0xa3,0xff,0x51,0xa3,0xff,0x41,0x63,0xff,0x41,0x63,0xff,0x51,0xc3,0xff,
  0x39,0x22,0xff,0x29,0x02,0xff,0x29,0x02,0xff,0x10,0x41,0xff,0x08,0x40,0xff,0x08,
  0x20,0xff,0x41,0x83,0xff,0x41,0x83,0xff,0x72,0x85,0xff,0x6a,0x24,0xff,0x62,0x24,
  0xff,0x6a,0x25,0xff,0x6a,0x25,0xff,0x6a,0x25,0xff,0x6a,0x45,0xff,0x62,0x04,0xff,
  0x5a,0x04,0xff,0x5a,0x04,0xff,0x5a,0x04,0xff,0x59,0xe4,0xff,0x49,0x63,0xff,0x39,
  0x43,0xff,0x28,0xe2,0xff,0x28,0xe2,0xff,0x49,0x82,0xff,0x9b,0x66,0xff,0x9b,0x67,
  0xff,0x39,0x42,0xff,0x31,0x03,0xff,0x31,0x03,0xff,0x59,0xc3,0xff,0x72,0x64,0xff,
  0x72,0x44,0xff,0x72,0x44,0xff,0x72,0x44,0xff,0x72,0x65,0xff,0x6a,0x45,0xff,0x28,
  0xe2,0xff,0x08,0x20,0xff,0x08,0x20,0xff,0x31,0x02,0xff,0x62,0x04,0xff,0x72,0x44,
  0xff,0x6a,0x65,0xff,0x59,0xc3,0xff,0x59,0xc3,0xff,0x59,0xc4,0xff,0x61,0xe4,0xff,
  0x62,0x04,0xff,0x61,0xe4,0xff,0x61,0xe4,0xff,0x6a,0x25,0xff,0x62,0x24,0xff,0x62,
  0x04,0xff,0x62,0x25,0xff,0x62,0x25,0xff,0x6a,0x25,0xff,0x6a,0x25,0xff,0x6a,0x24,
  0xff,0x59,0xe4,0xff,0x59,0xc3,0xff,0x59,0xc3,0xff,0x62,0x04,0xff,0x18,0xa1,0xff,
  0x08,0x41,0xff,0x31,0x23,0xff,0x31,0x23,0xff,0x30,0xe2,0xff,0x31,0x03,0xff,0x20,
  0xe2,0xff,0x08,0x61,0xff,0x08,0x61,0xff,0x21,0x24,0x00,0x19,0x04,0x00,0x21,0x04,
  0x00,0x21,0x04,0x00,0x21,0x04,0x00,0x21,0x04,0x00,0x21,0x04,0x00,0x21,0x04,0x00,
  0x21,0x04,0x00,0x21,0x04,0x00,0x21,0x04,0x00,0x19,0x04,0x00,0x21,0x04,0x00,0x21,
  0x04,0x00,0x21,0x04,0x00,0x21,0x04,0x00,0x21,0x04,0x00,0x19,0x04,0x00,0x21,0x04,
  0x00,0x19,0x04,0x00,0x19,0x04,0x00,0x19,0x04,0x00,0x19,0x04,0x00,0x19,0x04,0x00,
  0x21,0x04,0x00,0x21,0x04,0x00,0x21,0x04,0x00,0x21,0x04,0x00,0x19,0x04,0x00,0x19,
  0x04,0x00,0x21,0x04,0x00,0x21,0x04,0x00,0x21,0x04,0x00,0x19,0x04,0x00,0x19,0x04,
  0x00,0x00,0x00,0xff,0x31,0x02,0xff,0x31,0x02,0xff,0x7a,0x86,0xff,0x6a,0x24,0xff,
  0x62,0x04,0xff,0x62,0x04,0xff,0x62,0x04,0xff,0x72,0x45,0xff,0x62,0x04,0xff,0x6a,
  0x25,0xff,0x61,0xe4,0xff,0x61,0xe4,0xff,0x49,0xa3,0xff,0x41,0x22,0xff,0x49,0x63,
  0xff,0x51,0xa3,0xff,0x49,0xa3,0xff,0x49,0xa3,0xff,0x18,0xa1,0xff,0x08,0x20,0xff,
  0x30,0xe2,0xff,0x6a,0x44,0xff,0x6a,0x44,0xff,0x62,0x24,0xff,0x62,0x05,0xff,0x62,
  0x04,0xff,0x6a,0x65,0xff,0x6a,0x65,0xff,0x62,0x05,0xff,0x62,0x05,0xff,0x62,0x05,
  0xff,0x59,0xc4,0xff,0x51,0xc4,0xff,0x51,0xc4,0xff,0x51,0xc4,0xff,0x39,0x23,0xff,
  0x20,0xa2,0xff,0x20,0x80,0xff,0x20,0x80,0xff,0x82,0xa5,0xff,0xb3,0xc7,0xff,0xbc,
  0x08,0xff,0x6a,0x24,0xff,0x18,0x61,0xff,0x18,0x61,0xff,0x49,0x63,0xff,0x61,0xe4,
  0xff,0x61,0xc3,0xff,0x7a,0xa5,0xff,0x7a,0xa5,0xff,0x62,0x04,0xff,0x39,0x22,0xff,
  0x18,0x81,0xff,0x18,0x81,0xff,0x18,0x81,0xff,0x51,0xe4,0xff,0x72,0x85,0xff,0x51,
  0x83,0xff,0x41,0x63,0xff,0x49,0x84,0xff,0x49,0x84,0xff,0x51,0xa4,0xff,0x51,0xa4,
  0xff,0x61,0xe4,0xff,0x62,0x04,0xff,0x62,0x04,0xff,0x62,0x04,0xff,0x61,0xe4,0xff,
  0x6a,0x25,0xff,0x62,0x04,0xff,0x62,0x04,0xff,0x62,0x04,0xff,0x6a,0x25,0xff,0x6a,
  0x25,0xff,0x59,0xa3,0xff,0x59,0xe4,0xff,0x59,0xe4,0xff,0x59,0xc4,0xff,0x10,0x61,
  0xff,0x00,0x21,0xff,0x20,0xa2,0xff,0x20,0xa2,0xff,0x41,0x63,0xff,0x20,0xa1,0xff,
  0x00,0x00,0xff,0x10,0xa2,0x00,0x10,0xa2,0x00,0x21,0x24,0x00,0x19,0x04,0x00,0x21,
  0x04,0x00,0x21,0x04,0x00,0x21,0x04,0x00,0x21,0x04,0x00,0x21,0x04,0x00,0x21,0x04,
  0x00,0x21,0x04,0x00,0x21,0x04,0x00,0x21,0x04,0x00,0x19,0x04,0x00,0x21,0x04,0x00,
  0x21,0x04,0x00,0x21,0x04,0x00,0x21,0x04,0x00,0x21,0x04,0x00,0x19,0x04,0x00,0x21,
  0x04,0x00,0x19,0x04,0x00,0x19,0x04,0x00,0x19,0x04,0x00,0x19,0x04,0x00,0x19,0x04,
  0x00,0x21,0x04,0x00,0x21,0x04,0x00,0x21,0x04,0x00,0x21,0x04,0x00,0x19,0x04,0x00,
  0x19,0x04,0x00,0x21,0x04,0x00,0x21,0x04,0x00,0x21,0x04,0x00,0x19,0x04,0x00,0x19,
  0x04,0x00,0x00,0x00,0xff,0x31,0x02,0xff,0x31,0x02,0xff,0x7a,0x86,0xff,0x6a,0x24,
  0xff,0x62,0x04,0xff,0x62,0x04,0xff,0x62,0x04,0xff,0x72,0x45,0xff,0x62,0x04,0xff,
  0x6a,0x25,0xff,0x61,0xe4,0xff,0x61,0xe4,0xff,0x49,0xa3,0xff,0x41,0x22,0xff,0x49,
  0x63,0xff,0x51,0xa3,0xff,0x49,0xa3,0xff,0x49,0xa3,0xff,0x18,0xa1,0xff,0x08,0x20,
  0xff,0x30,0xe2,0xff,0x6a,0x44,0xff,0x6a,0x44,0xff,0x62,0x24,0xff,0x62,0x05,0xff,
  0x62,0x04,0xff,0x6a,0x65,0xff,0x6a,0x65,0xff,0x62,0x05,0xff,0x62,0x05,0xff,0x62,
  0x05,0xff,0x59,0xc4,0xff,0x51,0xc4,0xff,0x51,0xc4,0xff,0x51,0xc4,0xff,0x39,0x23,
  0xff,0x20,0xa2,0xff,0x20,0x80,0xff,0x20,0x80,0xff,0x82,0xa5,0xff,0xb3,0xc7,0xff,
  0xbc,0x08,0xff,0x6a,0x24,0xff,0x18,0x61,0xff,0x18,0x61,0xff,0x49,0x63,0xff,0x61,
  0xe4,0xff,0x61,0xc3,0xff,0x7a,0xa5,0xff,0x7a,0xa5,0xff,0x62,0x04,0xff,0x39,0x22,
  0xff,0x18,0x81,0xff,0x18,0x81,0xff,0x18,0x81,0xff,0x51,0xe4,0xff,0x72,0x85,0xff,
  0x51,0x83,0xff,0x41,0x63,0xff,0x49,0x84,0xff,0x49,0x84,0xff,0x51,0xa4,0xff,0x51,
  0xa4,0xff,0x61,0xe4,0xff,0x62,0x04,0xff,0x62,0x04,0xff,0x62,0x04,0xff,0x61,0xe4,
  0xff,0x6a,0x25,0xff,0x62,0x04,0xff,0x62,0x04,0xff,0x62,0x04,0xff,0x6a,0x25,0xff,
  0x6a,0x25,0xff,0x59,0xa3,0xff,0x59,0xe4,0xff,0x59,0xe4,0xff,0x59,0xc4,0xff,0x10,
  0x61,0xff,0x00,0x21,0xff,0x20,0xa2,0xff,0x20,0xa2,0xff,0x41,0x63,0xff,0x20,0xa1,
  0xff,0x00,0x00,0xff,0x10,0xa2,0x00,0x10,0xa2,0x00,0x21,0x24,0x00,0x19,0x04,0x00,
  0x21,0x04,0x00,0x21,0x04,0x00,0x21,0x04,0x00,0x21,0x04,0x00,0x21,0x04,0x00,0x21,
  0x04,0x00,0x21,0x04,0x00,0x21,0x04,0x00,0x21,0x04,0x00,0x19,0x04,0x00,0x21,0x04,
  0x00,0x21,0x04,0x00,0x19,0x04,0x00,0x19,0x04,0x00,0x21,0x04,0x00,0x19,0x04,0x00,
  0x19,0x04,0x00,0x19,0x04,0x00,0x19,0x04,0x00,0x19,0x04,0x00,0x19,0x04,0x00,0x19,
  0x04,0x00,0x19,0x04,0x00,0x19,0x04,0x00,0x19,0x04,0x00,0x21,0x04,0x00,0x19,0x04,
  0x00,0x21,0x04,0x00,0x21,0x04,0x00,0x21,0x04,0x00,0x19,0x04,0x00,0x19,0x04,0x00,
  0x18,0xe3,0x00,0x00,0x00,0xff,0x28,0xc2,0xff,0x28,0xc2,0xff,0x72,0x66,0xff,0x6a,
  0x24,0xff,0x6a,0x25,0xff,0x62,0x04,0xff,0x62,0x04,0xff,0x6a,0x45,0xff,0x6a,0x04,
  0xff,0x72,0x65,0xff,0x72,0x45,0xff,0x72,0x45,0xff,0x59,0xe4,0xff,0x41,0x63,0xff,
  0x51,0xa3,0xff,0x51,0xa3,0xff,0x18,0x61,0xff,0x18,0x61,0xff,0x08,0x40,0xff,0x39,
  0x43,0xff,0x59,0xe4,0xff,0x59,0xe4,0xff,0x59,0xe4,0xff,0x59,0xe4,0xff,0x6a,0x65,
  0xff,0x6a,0x45,0xff,0x6a,0x65,0xff,0x6a,0x65,0xff,0x62,0x05,0xff,0x62,0x05,0xff,
  0x59,0xe4,0xff,0x59,0xe4,0xff,0x49,0x84,0xff,0x49,0x84,0xff,0x39,0x63,0xff,0x28,
  0xc1,0xff,0x49,0x83,0xff,0x7a,0xa5,0xff,0x7a,0xa5,0xff,0x93,0x06,0xff,0x61,0xa3,
  0xff,0x69,0xe3,0xff,0x8a,0xe6,0xff,0x39,0x22,0xff,0x39,0x22,0xff,0x39,0x43,0xff,
  0x61,0xe3,0xff,0x6a,0x24,0xff,0x6a,0x44,0xff,0x6a,0x44,0xff,0x49,0xa3,0xff,0x20,
  0xc1,0xff,0x29,0x02,0xff,0x31,0x23,0xff,0x31,0x23,0xff,0x30,0xe3,0xff,0x41,0x43,
  0xff,0x41,0x63,0xff,0x49,0x83,0xff,0x51,0x84,0xff,0x51,0x84,0xff,0x62,0x05,0xff,
  0x61,0xe4,0xff,0x6a,0x25,0xff,0x6a,0x45,0xff,0x6a,0x45,0xff,0x6a,0x45,0xff,0x62,
  0x04,0xff,0x6a,0x25,0xff,0x62,0x04,0xff,0x62,0x04,0xff,0x62,0x04,0xff,0x6a,0x45,
  0xff,0x62,0x25,0xff,0x59,0xc4,0xff,0x59,0xc4,0xff,0x59,0xc4,0xff,0x59,0xe4,0xff,
  0x18,0xa2,0x00,0x00,0x21,0xff,0x20,0xe3,0xff,0x20,0xe3,0xff,0x49,0xc4,0xff,0x18,
  0x81,0xff,0x08,0x41,0xff,0x19,0x04,0x00,0x19,0x04,0x00,0x21,0x04,0x00,0x21,0x04,
  0x00,0x21,0x04,0x00,0x21,0x04,0x00,0x21,0x04,0x00,0x21,0x04,0x00,0x21,0x04,0x00,
  0x21,0x04,0x00,0x21,0x04,0x00,0x21,0x04,0x00,0x21,0x04,0x00,0x19,0x04,0x00,0x21,
  0x04,0x00,0x21,0x04,0x00,0x21,0x04,0x00,0x21,0x04,0x00,0x21,0x04,0x00,0x19,0x04,
  0x00,0x21,0x04,0x00,0x21,0x04,0x00,0x19,0x04,0x00,0x19,0x04,0x00,0x19,0x04,0x00,
  0x19,0x04,0x00,0x19,0x04,0x00,0x21,0x04,0x00,0x21,0x04,0x00,0x21,0x04,0x00,0x21,
  0x04,0x00,0x21,0x04,0x00,0x21,0x04,0x00,0x21,0x04,0x00,0x21,0x04,0x00,0x18,0xe4,
  0x00,0x10,0x82,0x00,0x10,0x81,0x00,0x51,0xa4,0xff,0x51,0xa4,0xff,0x72,0x65,0xff,
  0x61,0xe4,0xff,0x62,0x25,0xff,0x61,0xe4,0xff,0x61,0xe4,0xff,0x62,0x04,0xff,0x72,
  0x65,0xff,0x6a,0x24,0xff,0x72,0x65,0xff,0x72,0x65,0xff,0x62,0x04,0xff,0x39,0x22,
  0xff,0x51,0xa3,0xff,0x51,0xa4,0xff,0x00,0x00,0xff,0x00,0x00,0xff,0x10,0x61,0xff,
  0x51,0xc3,0xff,0x49,0x83,0xff,0x49,0x83,0xff,0x49,0x83,0xff,0x49,0x83,0xff,0x62,
  0x25,0xff,0x6a,0x45,0xff,0x62,0x05,0xff,0x62,0x05,0xff,0x62,0x05,0xff,0x62,0x05,
  0xff,0x51,0xa4,0xff,0x51,0xc4,0xff,0x39,0x23,0xff,0x39,0x23,0xff,0x28,0xc1,0xff,
  0x72,0x85,0xff,0xab,0xc7,0xff,0x93,0x26,0xff,0x93,0x26,0xff,0x72,0x65,0xff,0x49,
  0x43,0xff,0x49,0x63,0xff,0x82,0x85,0xff,0x6a,0x24,0xff,0x6a,0x24,0xff,0x18,0x61,
  0xff,0x5a,0x04,0xff,0x62,0x24,0xff,0x39,0x22,0xff,0x39,0x22,0xff,0x18,0x81,0xff,
  0x10,0x61,0xff,0x18,0x81,0xff,0x31,0x22,0xff,0x31,0x22,0xff,0x20,0xa1,0xff,0x61,
  0xe4,0xff,0x93,0x26,0xff,0x93,0x26,0xff,0x8a,0xc6,0xff,0x8a,0xc6,0xff,0x7a,0x85,
  0xff,0x6a,0x04,0xff,0x6a,0x24,0xff,0x61,0xe4,0xff,0x61,0xe4,0xff,0x6a,0x25,0xff,
  0x6a,0x25,0xff,0x62,0x05,0xff,0x62,0x04,0xff,0x62,0x04,0xff,0x62,0x04,0xff,0x62,
  0x25,0xff,0x62,0x04,0xff,0x51,0xa3,0xff,0x51,0x83,0xff,0x51,0x83,0xff,0x59,0xe4,
  0xff,0x20,0xc2,0x00,0x00,0x00,0xff,0x10,0x82,0xff,0x10,0x82,0xff,0x20,0xe2,0xff,
  0x08,0x40,0xff,0x18,0xe3,0x00,0x21,0x24,0x00,0x21,0x24,0x00,0x19,0x04,0x00,0x21,
  0x04,0x00,0x21,0x04,0x00,0x19,0x04,0x00,0x19,0x04,0x00,0x19,0x04,0x00,0x19,0x04,
  0x00,0x19,0x04,0x00,0x19,0x04,0x00,0x19,0x04,0x00,0x19,0x04,0x00,0x19,0x04,0x00,
  0x19,0x04,0x00,0x21,0x04,0x00,0x21,0x04,0x00,0x21,0x04,0x00,0x21,0x04,0x00,0x21,
  0x04,0x00,0x21,0x04,0x00,0x21,0x04,0x00,0x19,0x04,0x00,0x19,0x04,0x00,0x19,0x04,
  0x00,0x19,0x04,0x00,0x19,0x04,0x00,0x21,0x04,0x00,0x21,0x04,0x00,0x21,0x04,0x00,
  0x19,0x04,0x00,0x21,0x04,0x00,0x21,0x04,0x00,0x21,0x04,0x00,0x21,0x04,0x00,0x18,
  0xc3,0x00,0x10,0x81,0xff,0x72,0x65,0xff,0x72,0x65,0xff,0x72,0x65,0xff,0x6a,0x45,
  0xff,0x62,0x04,0xff,0x62,0x04,0xff,0x59,0xe4,0xff,0x59,0xe4,0xff,0x6a,0x25,0xff,
  0x72,0x85,0xff,0x6a,0x45,0xff,0x6a,0x25,0xff,0x6a,0x25,0xff,0x49,0x63,0xff,0x39,
  0x22,0xff,0x51,0xa3,0xff,0x59,0xe4,0xff,0x18,0x60,0xff,0x18,0x60,0xff,0x10,0x60,
  0xff,0x41,0x63,0xff,0x41,0x62,0xff,0x49,0xa3,0xff,0x49,0xa3,0xff,0x49,0x83,0xff,
  0x51,0xa4,0xff,0x59,0xe4,0xff,0x62,0x45,0xff,0x62,0x45,0xff,0x5a,0x05,0xff,0x62,
  0x25,0xff,0x51,0xc4,0xff,0x31,0x03,0xff,0x41,0x43,0xff,0x41,0x43,0xff,0x82,0xc6,
  0xff,0xa3,0x67,0xff,0x9b,0x47,0xff,0x6a,0x23,0xff,0x6a,0x23,0xff,0x62,0x04,0xff,
  0x59,0xa4,0xff,0x59,0xc4,0xff,0x72,0x64,0xff,0x9b,0x47,0xff,0x9b,0x47,0xff,0x39,
  0x23,0xff,0x28,0xe2,0xff,0x28,0xe2,0xff,0x18,0xa1,0xff,0x18,0xa1,0xff,0x18,0xa1,
  0xff,0x41,0x63,0xff,0x61,0xe4,0xff,0x82,0xe5,0xff,0x82,0xe5,0xff,0x82,0xc5,0xff,
  0x9b,0x26,0xff,0xab,0xc7,0xff,0xab,0xa6,0xff,0x9b,0x05,0xff,0x9b,0x05,0xff,0xa3,
  0x87,0xff,0x9b,0x46,0xff,0x8a,0xe6,0xff,0x6a,0x24,0xff,0x6a,0x24,0xff,0x6a,0x05,
  0xff,0x61,0xe4,0xff,0x62,0x05,0xff,0x6a,0x45,0xff,0x6a,0x45,0xff,0x6a,0x25,0xff,
  0x6a,0x45,0xff,0x62,0x04,0xff,0x51,0xa3,0xff,0x51,0x83,0xff,0x51,0x83,0xff,0x62,
  0x24,0xff,0x29,0x22,0x00,0x00,0x20,0xff,0x00,0x00,0xff,0x00,0x00,0xff,0x08,0x41,
  0xff,0x21,0x03,0x00,0x21,0x04,0x00,0x21,0x24,0x00,0x21,0x24,0x00,0x21,0x04,0x00,
  0x21,0x04,0x00,0x21,0x04,0x00,0x19,0x04,0x00,0x19,0x04,0x00,0x19,0x04,0x00,0x19,
  0x04,0x00,0x19,0x04,0x00,0x19,0x04,0x00,0x19,0x04,0x00,0x19,0x04,0x00,0x19,0x04,
  0x00,0x19,0x04,0x00,0x19,0x04,0x00,0x19,0x04,0x00,0x19,0x04,0x00,0x19,0x04,0x00,
  0x19,0x04,0x00,0x21,0x04,0x00,0x19,0x04,0x00,0x19,0x04,0x00,0x19,0x04,0x00,0x19,
  0x04,0x00,0x19,0x04,0x00,0x19,0x04,0x00,0x21,0x04,0x00,0x21,0x04,0x00,0x21,0x04,
  0x00,0x19,0x04,0x00,0x21,0x04,0x00,0x21,0x04,0x00,0x21,0x04,0x00,0x21,0x04,0x00,
  0x10,0xa2,0x00,0x10,0x81,0x00,0x7a,0x85,0xff,0x6a,0x24,0xff,0x6a,0x24,0xff,0x62,
  0x04,0xff,0x6a,0x25,0xff,0x62,0x04,0xff,0x59,0xc4,0xff,0x59,0xc4,0xff,0x61,0xe4,
  0xff,0x6a,0x45,0xff,0x6a,0x24,0xff,0x62,0x04,0xff,0x62,0x04,0xff,0x41,0x42,0xff,
  0x39,0x22,0xff,0x49,0x83,0xff,0x51,0xa3,0xff,0x41,0x43,0xff,0x41,0x43,0xff,0x10,
  0x40,0xff,0x18,0x81,0xff,0x41,0x63,0xff,0x49,0x83,0xff,0x49,0x83,0xff,0x39,0x22,
  0xff,0x41,0x64,0xff,0x49,0x84,0xff,0x5a,0x04,0xff,0x5a,0x04,0xff,0x59,0xe4,0xff,
  0x51,0xa4,0xff,0x31,0x23,0xff,0x31,0x02,0xff,0x72,0x65,0xff,0x72,0x65,0xff,0x93,
  0x47,0xff,0x72,0x04,0xff,0x6a,0x24,0xff,0x59,0xe4,0xff,0x59,0xe4,0xff,0x59,0xa4,
  0xff,0x61,0xe4,0xff,0x6a,0x24,0xff,0x61,0xe4,0xff,0x8a,0xa5,0xff,0x8a,0xa5,0xff,
  0x59,0xe4,0xff,0x10,0x40,0xff,0x18,0x81,0xff,0x10,0x61,0xff,0x10,0x61,0xff,0x49,
  0xa4,0xff,0xab,0xc8,0xff,0xab,0x87,0xff,0x9b,0x26,0xff,0x9b,0x26,0xff,0x82,0x84,
  0xff,0x82,0x85,0xff,0x7a,0x65,0xff,0x8a,0xc5,0xff,0x92,0xe5,0xff,0x92,0xe5,0xff,
  0x92,0xe5,0xff,0x92,0xe6,0xff,0x8a,0xc6,0xff,0x82,0xc6,0xff,0x82,0xc6,0xff,0x72,
  0x65,0xff,0x61,0xc4,0xff,0x62,0x05,0xff,0x6a,0x25,0xff,0x6a,0x25,0xff,0x6a,0x25,
  0xff,0x6a,0x45,0xff,0x59,0xc4,0xff,0x49,0x83,0xff,0x59,0xc4,0xff,0x59,0xc4,0xff,
  0x59,0xc4,0xff,0x28,0xe2,0x00,0x00,0x20,0xff,0x10,0x82,0x00,0x10,0x82,0x00,0x21,
  0x04,0x00,0x29,0x44,0x00,0x21,0x04,0x00,0x21,0x04,0x00,0x21,0x04,0x00,0x21,0x04,
  0x00,0x21,0x04,0x00,0x21,0x04,0x00,0x19,0x04,0x00,0x19,0x04,0x00,0x19,0x04,0x00,
  0x19,0x04,0x00,0x19,0x04,0x00,0x19,0x04,0x00,0x19,0x04,0x00,0x19,0x04,0x00,0x19,
  0x04,0x00,0x19,0x04,0x00,0x19,0x04,0x00,0x19,0x04,0x00,0x19,0x04,0x00,0x19,0x04,
  0x00,0x19,0x04,0x00,0x21,0x04,0x00,0x19,0x04,0x00,0x19,0x04,0x00,0x19,0x04,0x00,
  0x19,0x04,0x00,0x19,0x04,0x00,0x19,0x04,0x00,0x21,0x04,0x00,0x21,0x04,0x00,0x21,
  0x04,0x00,0x19,0x04,0x00,0x21,0x04,0x00,0x21,0x04,0x00,0x21,0x04,0x00,0x21,0x04,
  0x00,0x10,0xa2,0x00,0x10,0x81,0x00,0x7a,0x85,0xff,0x6a,0x24,0xff,0x6a,0x24,0xff,
  0x62,0x04,0xff,0x6a,0x25,0xff,0x62,0x04,0xff,0x59,0xc4,0xff,0x59,0xc4,0xff,0x61,
  0xe4,0xff,0x6a,0x45,0xff,0x6a,0x24,0xff,0x62,0x04,0xff,0x62,0x04,0xff,0x41,0x42,
  0xff,0x39,0x22,0xff,0x49,0x83,0xff,0x51,0xa3,0xff,0x41,0x43,0xff,0x41,0x43,0xff,
  0x10,0x40,0xff,0x18,0x81,0xff,0x41,0x63,0xff,0x49,0x83,0xff,0x49,0x83,0xff,0x39,
  0x22,0xff,0x41,0x64,0xff,0x49,0x84,0xff,0x5a,0x04,0xff,0x5a,0x04,0xff,0x59,0xe4,
  0xff,0x51,0xa4,0xff,0x31,0x23,0xff,0x31,0x02,0xff,0x72,0x65,0xff,0x72,0x65,0xff,
  0x93,0x47,0xff,0x72,0x04,0xff,0x6a,0x24,0xff,0x59,0xe4,0xff,0x59,0xe4,0xff,0x59,
  0xa4,0xff,0x61,0xe4,0xff,0x6a,0x24,0xff,0x61,0xe4,0xff,0x8a,0xa5,0xff,0x8a,0xa5,
  0xff,0x59,0xe4,0xff,0x10,0x40,0xff,0x18,0x81,0xff,0x10,0x61,0xff,0x10,0x61,0xff,
  0x49,0xa4,0xff,0xab,0xc8,0xff,0xab,0x87,0xff,0x9b,0x26,0xff,0x9b,0x26,0xff,0x82,
  0x84,0xff,0x82,0x85,0xff,0x7a,0x65,0xff,0x8a,0xc5,0xff,0x92,0xe5,0xff,0x92,0xe5,
  0xff,0x92,0xe5,0xff,0x92,0xe6,0xff,0x8a,0xc6,0xff,0x82,0xc6,0xff,0x82,0xc6,0xff,
  0x72,0x65,0xff,0x61,0xc4,0xff,0x62,0x05,0xff,0x6a,0x25,0xff,0x6a,0x25,0xff,0x6a,
  0x25,0xff,0x6a,0x45,0xff,0x59,0xc4,0xff,0x49,0x83,0xff,0x59,0xc4,0xff,0x59,0xc4,
  0xff,0x59,0xc4,0xff,0x28,0xe2,0x00,0x00,0x20,0xff,0x10,0x82,0x00,0x10,0x82,0x00,
  0x21,0x04,0x00,0x29,0x44,0x00,0x21,0x04,0x00,0x21,0x04,0x00,0x21,0x04,0x00,0x21,
  0x04,0x00,0x21,0x04,0x00,0x21,0x04,0x00,0x19,0x04,0x00,0x19,0x04,0x00,0x19,0x04,
  0x00,0x19,0x04,0x00,0x19,0x04,0x00,0x19,0x04,0x00,0x19,0x04,0x00,0x19,0x04,0x00,
  0x19,0x04,0x00,0x19,0x04,0x00,0x19,0x04,0x00,0x19,0x04,0x00,0x19,0x04,0x00,0x21,
  0x04,0x00,0x19,0x04,0x00,0x21,0x04,0x00,0x19,0x04,0x00,0x19,0x04,0x00,0x19,0x04,
  0x00,0x19,0x04,0x00,0x19,0x04,0x00,0x21,0x04,0x00,0x21,0x04,0x00,0x21,0x04,0x00,
  0x21,0x04,0x00,0x19,0x04,0x00,0x19,0x04,0x00,0x19,0x04,0x00,0x19,0x04,0x00,0x21,
  0x04,0x00,0x10,0xa2,0x00,0x08,0x20,0xff,0x62,0x04,0xff,0x6a,0x25,0xff,0x6a,0x25,
  0xff,0x62,0x04,0xff,0x62,0x04,0xff,0x6a,0x25,0xff,0x62,0x04,0xff,0x62,0x04,0xff,
  0x62,0x04,0xff,0x61,0xe4,0xff,0x6a,0x25,0xff,0x62,0x04,0xff,0x62,0x04,0xff,0x51,
  0xa3,0xff,0x41,0x63,0xff,0x51,0xc4,0xff,0x49,0x83,0xff,0x59,0xe4,0xff,0x59,0xe4,
  0xff,0x31,0x02,0xff,0x18,0xa1,0xff,0x28,0xe2,0xff,0x41,0x43,0xff,0x41,0x43,0xff,
  0x49,0x83,0xff,0x49,0xa4,0xff,0x49,0x83,0xff,0x51,0xc4,0xff,0x51,0xc4,0xff,0x49,
  0xa4,0xff,0x28,0xe2,0xff,0x30,0xe2,0xff,0x62,0x25,0xff,0x61,0xe4,0xff,0x61,0xe4,
  0xff,0x62,0x04,0xff,0x62,0x04,0xff,0x61,0xe4,0xff,0x61,0xe4,0xff,0x61,0xe4,0xff,
  0x6a,0x04,0xff,0x6a,0x04,0xff,0x72,0x65,0xff,0x61,0xe4,0xff,0x72,0x45,0xff,0x72,
  0x45,0xff,0x8a,0xc6,0xff,0x82,0xc5,0xff,0x9b,0xa8,0xff,0x28,0xe2,0xff,0x28,0xe2,
  0xff,0x10,0x61,0xff,0x31,0x22,0xff,0x39,0x42,0xff,0x51,0xc3,0xff,0x51,0xc3,0xff,
  0x59,0xe4,0xff,0x6a,0x24,0xff,0x61,0xe3,0xff,0x72,0x44,0xff,0x72,0x44,0xff,0x72,
  0x44,0xff,0x72,0x44,0xff,0x6a,0x04,0xff,0x7a,0x85,0xff,0x82,0xa6,0xff,0x82,0xa6,
  0xff,0x7a,0x85,0xff,0x72,0x45,0xff,0x6a,0x45,0xff,0x62,0x25,0xff,0x62,0x25,0xff,
  0x6a,0x45,0xff,0x62,0x04,0xff,0x51,0xc4,0xff,0x49,0x83,0xff,0x51,0xc3,0xff,0x51,
  0xc3,0xff,0x5a,0x04,0xff,0x28,0xe2,0x00,0x08,0x41,0xff,0x29,0x64,0xff,0x29,0x64,
  0xff,0x29,0x24,0x00,0x21,0x04,0x00,0x21,0x04,0x00,0x21,0x04,0x00,0x21,0x04,0x00,
  0x21,0x04,0x00,0x21,0x04,0x00,0x21,0x04,0x00,0x19,0x04,0x00,0x21,0x04,0x00,0x21,
  0x04,0x00,0x21,0x04,0x00,0x19,0x04,0x00,0x21,0x04,0x00,0x21,0x04,0x00,0x21,0x04,
  0x00,0x21,0x04,0x00,0x21,0x04,0x00,0x21,0x04,0x00,0x19,0x04,0x00,0x19,0x04,0x00,
  0x21,0x04,0x00,0x19,0x04,0x00,0x21,0x04,0x00,0x19,0x04,0x00,0x19,0x04,0x00,0x19,
  0x04,0x00,0x19,0x04,0x00,0x21,0x04,0x00,0x19,0x04,0x00,0x19,0x04,0x00,0x19,0x04,
  0x00,0x21,0x04,0x00,0x19,0x04,0x00,0x19,0x04,0x00,0x18,0xe4,0x00,0x18,0xe4,0x00,
  0x21,0x04,0x00,0x08,0xa2,0x00,0x00,0x00,0xff,0x59,0xc4,0xff,0x6a,0x25,0xff,0x6a,
  0x25,0xff,0x62,0x04,0xff,0x59,0xe4,0xff,0x62,0x24,0xff,0x62,0x04,0xff,0x62,0x04,
  0xff,0x59,0xc4,0xff,0x61,0xe4,0xff,0x6a,0x04,0xff,0x61,0xe4,0xff,0x61,0xe4,0xff,
  0x5a,0x04,0xff,0x49,0x83,0xff,0x49,0x63,0xff,0x49,0x83,0xff,0x51,0x83,0xff,0x51,
  0x83,0xff,0x51,0xa3,0xff,0x39,0x43,0xff,0x10,0x40,0xff,0x29,0x02,0xff,0x29,0x02,
  0xff,0x39,0x43,0xff,0x49,0xa3,0xff,0x49,0x83,0xff,0x31,0x03,0xff,0x31,0x03,0xff,
  0x18,0x61,0xff,0x31,0x23,0xff,0x51,0xc4,0xff,0x62,0x04,0xff,0x51,0xa4,0xff,0x51,
  0xa4,0xff,0x59,0xc4,0xff,0x62,0x04,0xff,0x61,0xe4,0xff,0x59,0xc3,0xff,0x59,0xc3,
  0xff,0x6a,0x24,0xff,0x6a,0x04,0xff,0x6a,0x04,0xff,0x6a,0x04,0xff,0x7a,0x65,0xff,
  0x7a,0x65,0xff,0x7a,0x65,0xff,0x92,0xe5,0xff,0xd4,0xca,0xff,0x62,0x04,0xff,0x62,
  0x04,0xff,0x00,0x20,0xff,0x08,0x41,0xff,0x08,0x41,0xff,0x18,0xa1,0xff,0x18,0xa1,
  0xff,0x30,0xe2,0xff,0x62,0x44,0xff,0x72,0x85,0xff,0x6a,0x24,0xff,0x69,0xe3,0xff,
  0x69,0xe3,0xff,0x72,0x65,0xff,0x61,0xe4,0xff,0x6a,0x25,0xff,0x61,0xe4,0xff,0x61,
  0xe4,0xff,0x72,0x45,0xff,0x72,0x45,0xff,0x6a,0x05,0xff,0x6a,0x45,0xff,0x6a,0x45,
  0xff,0x62,0x04,0xff,0x51,0x83,0xff,0x51,0xc4,0xff,0x41,0x22,0xff,0x49,0x83,0xff,
  0x49,0x83,0xff,0x51,0xe4,0xff,0x31,0x22,0x00,0x18,0x82,0x00,0x29,0x24,0x00,0x29,
  0x24,0x00,0x21,0x24,0x00,0x21,0x04,0x00,0x21,0x04,0x00,0x21,0x04,0x00,0x21,0x04,
  0x00,0x21,0x04,0x00,0x21,0x04,0x00,0x19,0x04,0x00,0x21,0x04,0x00,0x21,0x04,0x00,
  0x21,0x04,0x00,0x21,0x04,0x00,0x19,0x04,0x00,0x21,0x04,0x00,0x21,0x04,0x00,0x21,
  0x04,0x00,0x21,0x04,0x00,0x21,0x04,0x00,0x21,0x04,0x00,0x21,0x04,0x00,0x21,0x04,
  0x00,0x19,0x04,0x00,0x19,0x04,0x00,0x21,0x04,0x00,0x19,0x04,0x00,0x21,0x04,0x00,
  0x21,0x04,0x00,0x21,0x04,0x00,0x21,0x04,0x00,0x21,0x04,0x00,0x19,0x04,0x00,0x19,
  0x04,0x00,0x19,0x04,0x00,0x19,0x04,0x00,0x21,0x04,0x00,0x21,0x04,0x00,0x21,0x04,
  0x00,0x18,0xe3,0x00,0x18,0xe3,0x00,0x31,0x02,0x00,0x62,0x04,0xff,0x6a,0x45,0xff,
  0x6a,0x45,0xff,0x62,0x24,0xff,0x62,0x04,0xff,0x62,0x04,0xff,0x62,0x04,0xff,0x62,
  0x04,0xff,0x61,0xe4,0xff,0x62,0x04,0xff,0x6a,0x45,0xff,0x62,0x04,0xff,0x62,0x04,
  0xff,0x62,0x24,0xff,0x51,0xa3,0xff,0x51,0xa3,0xff,0x51,0xc4,0xff,0x51,0x83,0xff,
  0x51,0x83,0xff,0x59,0xe3,0xff,0x51,0xc4,0xff,0x20,0xa1,0xff,0x10,0x61,0xff,0x10,
  0x61,0xff,0x18,0x81,0xff,0x31,0x23,0xff,0x28,0xc2,0xff,0x20,0xa2,0xff,0x20,0xa2,
  0xff,0x39,0x43,0xff,0x5a,0x05,0xff,0x59,0xc4,0xff,0x5a,0x04,0xff,0x59,0xe4,0xff,
  0x59,0xe4,0xff,0x59,0xe4,0xff,0x61,0xe4,0xff,0x62,0x04,0xff,0x62,0x04,0xff,0x62,
  0x04,0xff,0x6a,0x24,0xff,0x6a,0x24,0xff,0x6a,0x24,0xff,0x6a,0x24,0xff,0x7a,0x65,
  0xff,0x7a,0x65,0xff,0x72,0x45,0xff,0x72,0x44,0xff,0x6a,0x04,0xff,0x82,0x66,0xff,
  0x82,0x66,0xff,0x49,0x83,0xff,0x20,0xa1,0xff,0x5a,0x04,0xff,0x6a,0x44,0xff,0x6a,
  0x44,0xff,0x31,0x02,0xff,0x39,0x43,0xff,0x49,0xa3,0xff,0x72,0xa5,0xff,0x6a,0x24,
  0xff,0x6a,0x24,0xff,0x6a,0x24,0xff,0x72,0x65,0xff,0x72,0x45,0xff,0x6a,0x25,0xff,
  0x6a,0x25,0xff,0x6a,0x45,0xff,0x61,0xe4,0xff,0x61,0xe4,0xff,0x6a,0x45,0xff,0x6a,
  0x45,0xff,0x61,0xe4,0xff,0x51,0xa4,0xff,0x51,0xe4,0xff,0x49,0x63,0xff,0x49,0x83,
  0xff,0x49,0x83,0xff,0x20,0xa1,0x00,0x18,0x81,0x00,0x20,0xc3,0x00,0x29,0x24,0x00,
  0x29,0x24,0x00,0x21,0x24,0x00,0x21,0x24,0x00,0x21,0x04,0x00,0x21,0x04,0x00,0x21,
  0x04,0x00,0x21,0x04,0x00,0x21,0x04,0x00,0x19,0x04,0x00,0x21,0x04,0x00,0x21,0x04,
  0x00,0x21,0x04,0x00,0x21,0x04,0x00,0x19,0x04,0x00,0x21,0x04,0x00,0x21,0x04,0x00,
  0x21,0x04,0x00,0x21,0x04,0x00,0x21,0x04,0x00,0x21,0x04,0x00,0x21,0x04,0x00,0x21,
  0x04,0x00,0x19,0x04,0x00,0x19,0x04,0x00,0x19,0x04,0x00,0x19,0x04,0x00,0x21,0x04,
  0x00,0x21,0x04,0x00,0x19,0x04,0x00,0x21,0x04,0x00,0x21,0x04,0x00,0x19,0x04,0x00,
  0x19,0x04,0x00,0x19,0x04,0x00,0x19,0x04,0x00,0x21,0x04,0x00,0x21,0x04,0x00,0x21,
  0x04,0x00,0x08,0x82,0xff,0x20,0xe2,0x00,0x8a,0xc7,0xff,0x72,0x25,0xff,0x6a,0x04,
  0xff,0x6a,0x04,0xff,0x62,0x04,0xff,0x62,0x04,0xff,0x62,0x04,0xff,0x61,0xe4,0xff,
  0x61,0xe4,0xff,0x62,0x04,0xff,0x61,0xe4,0xff,0x6a,0x25,0xff,0x62,0x04,0xff,0x62,
  0x04,0xff,0x59,0xe4,0xff,0x59,0xe4,0xff,0x59,0xe4,0xff,0x51,0xa4,0xff,0x59,0xc4,
  0xff,0x59,0xc4,0xff,0x59,0xe4,0xff,0x41,0x43,0xff,0x18,0x81,0xff,0x18,0x81,0xff,
  0x18,0x81,0xff,0x31,0x23,0xff,0x41,0x83,0xff,0x28,0xc2,0xff,0x41,0x43,0xff,0x41,
  0x43,0xff,0x5a,0x05,0xff,0x62,0x25,0xff,0x51,0xc4,0xff,0x51,0xa3,0xff,0x59,0xc4,
  0xff,0x59,0xc4,0xff,0x59,0xe4,0xff,0x59,0xc4,0xff,0x61,0xe4,0xff,0x62,0x04,0xff,
  0x62,0x04,0xff,0x62,0x04,0xff,0x6a,0x24,0xff,0x72,0x45,0xff,0x6a,0x24,0xff,0x6a,
  0x04,0xff,0x6a,0x04,0xff,0x72,0x65,0xff,0x82,0xc6,0xff,0x72,0x04,0xff,0x82,0xa5,
  0xff,0x82,0xa5,0xff,0x8a,0xe6,0xff,0x20,0xa1,0xff,0x62,0x04,0xff,0xa3,0x47,0xff,
  0xa3,0x47,0xff,0x8a,0xe6,0xff,0x49,0x83,0xff,0x18,0xa1,0xff,0x49,0xa4,0xff,0x51,
  0x83,0xff,0x51,0x83,0xff,0x69,0xe4,0xff,0x7a,0x85,0xff,0x72,0x65,0xff,0x6a,0x04,
  0xff,0x6a,0x04,0xff,0x6a,0x25,0xff,0x59,0xc4,0xff,0x59,0xe4,0xff,0x59,0xc4,0xff,
  0x59,0xc4,0xff,0x59,0xc4,0xff,0x51,0xa4,0xff,0x41,0x63,0xff,0x51,0xa4,0xff,0x41,
  0x43,0xff,0x41,0x43,0xff,0x08,0x20,0xff,0x10,0x61,0x00,0x39,0xa5,0x00,0x31,0xa5,
  0x00,0x31,0xa5,0x00,0x21,0x04,0x00,0x21,0x04,0x00,0x21,0x04,0x00,0x21,0x04,0x00,
  0x21,0x04,0x00,0x21,0x04,0x00,0x21,0x04,0x00,0x19,0x04,0x00,0x21,0x04,0x00,0x21,
  0x04,0x00,0x21,0x04,0x00,0x21,0x04,0x00,0x19,0x04,0x00,0x21,0x04,0x00,0x21,0x04,
  0x00,0x21,0x04,0x00,0x21,0x04,0x00,0x21,0x04,0x00,0x21,0x04,0x00,0x21,0x04,0x00,
  0x21,0x04,0x00,0x19,0x04,0x00,0x19,0x04,0x00,0x19,0x04,0x00,0x19,0x04,0x00,0x21,
  0x04,0x00,0x21,0x04,0x00,0x19,0x04,0x00,0x21,0x04,0x00,0x21,0x04,0x00,0x19,0x04,
  0x00,0x19,0x04,0x00,0x19,0x04,0x00,0x19,0x04,0x00,0x21,0x04,0x00,0x21,0x04,0x00,
  0x21,0x04,0x00,0x08,0x82,0xff,0x20,0xe2,0x00,0x8a,0xc7,0xff,0x72,0x25,0xff,0x6a,
  0x04,0xff,0x6a,0x04,0xff,0x62,0x04,0xff,0x62,0x04,0xff,0x62,0x04,0xff,0x61,0xe4,
  0xff,0x61,0xe4,0xff,0x62,0x04,0xff,0x61,0xe4,0xff,0x6a,0x25,0xff,0x62,0x04,0xff,
  0x62,0x04,0xff,0x59,0xe4,0xff,0x59,0xe4,0xff,0x59,0xe4,0xff,0x51,0xa4,0xff,0x59,
  0xc4,0xff,0x59,0xc4,0xff,0x59,0xe4,0xff,0x41,0x43,0xff,0x18,0x81,0xff,0x18,0x81,
  0xff,0x18,0x81,0xff,0x31,0x23,0xff,0x41,0x83,0xff,0x28,0xc2,0xff,0x41,0x43,0xff,
  0x41,0x43,0xff,0x5a,0x05,0xff,0x62,0x25,0xff,0x51,0xc4,0xff,0x51,0xa3,0xff,0x59,
  0xc4,0xff,0x59,0xc4,0xff,0x59,0xe4,0xff,0x59,0xc4,0xff,0x61,0xe4,0xff,0x62,0x04,
  0xff,0x62,0x04,0xff,0x62,0x04,0xff,0x6a,0x24,0xff,0x72,0x45,0xff,0x6a,0x24,0xff,
  0x6a,0x04,0xff,0x6a,0x04,0xff,0x72,0x65,0xff,0x82,0xc6,0xff,0x72,0x04,0xff,0x82,
  0xa5,0xff,0x82,0xa5,0xff,0x8a,0xe6,0xff,0x20,0xa1,0xff,0x62,0x04,0xff,0xa3,0x47,
  0xff,0xa3,0x47,0xff,0x8a,0xe6,0xff,0x49,0x83,0xff,0x18,0xa1,0xff,0x49,0xa4,0xff,
  0x51,0x83,0xff,0x51,0x83,0xff,0x69,0xe4,0xff,0x7a,0x85,0xff,0x72,0x65,0xff,0x6a,
  0x04,0xff,0x6a,0x04,0xff,0x6a,0x25,0xff,0x59,0xc4,0xff,0x59,0xe4,0xff,0x59,0xc4,
  0xff,0x59,0xc4,0xff,0x59,0xc4,0xff,0x51,0xa4,0xff,0x41,0x63,0xff,0x51,0xa4,0xff,
  0x41,0x43,0xff,0x41,0x43,0xff,0x08,0x20,0xff,0x10,0x61,0x00,0x39,0xa5,0x00,0x31,
  0xa5,0x00,0x31,0xa5,0x00,0x21,0x04,0x00,0x21,0x04,0x00,0x21,0x04,0x00,0x21,0x04,
  0x00,0x21,0x04,0x00,0x21,0x04,0x00,0x21,0x04,0x00,0x19,0x04,0x00,0x21,0x04,0x00,
  0x21,0x04,0x00,0x21,0x04,0x00,0x21,0x04,0x00,0x21,0x04,0x00,0x21,0x04,0x00,0x21,
  0x04,0x00,0x21,0x04,0x00,0x21,0x04,0x00,0x21,0x04,0x00,0x21,0x04,0x00,0x21,0x04,
  0x00,0x21,0x04,0x00,0x19,0x04,0x00,0x21,0x04,0x00,0x21,0x04,0x00,0x19,0x04,0x00,
  0x21,0x04,0x00,0x21,0x04,0x00,0x21,0x04,0x00,0x21,0x04,0x00,0x21,0x04,0x00,0x19,
  0x04,0x00,0x19,0x04,0x00,0x19,0x04,0x00,0x21,0x04,0x00,0x21,0x04,0x00,0x21,0x04,
  0x00,0x21,0x04,0x00,0x00,0x41,0xff,0x20,0xa1,0x00,0x82,0xc6,0xff,0x6a,0x25,0xff,
  0x6a,0x25,0xff,0x6a,0x25,0xff,0x6a,0x25,0xff,0x62,0x04,0xff,0x62,0x04,0xff,0x6a,
  0x45,0xff,0x6a,0x45,0xff,0x72,0x65,0xff,0x62,0x04,0xff,0x62,0x04,0xff,0x61,0xe4,
  0xff,0x61,0xe4,0xff,0x61,0xe4,0xff,0x61,0xe4,0xff,0x62,0x04,0xff,0x59,0xe4,0xff,
  0x62,0x04,0xff,0x62,0x04,0xff,0x62,0x04,0xff,0x28,0xc2,0xff,0x18,0xa1,0xff,0x49,
  0x84,0xff,0x49,0x84,0xff,0x51,0xe4,0xff,0x5a,0x25,0xff,0x49,0x83,0xff,0x49,0xa4,
  0xff,0x49,0xa4,0xff,0x5a,0x05,0xff,0x51,0x83,0xff,0x5a,0x04,0xff,0x59,0xe4,0xff,
  0x59,0xc4,0xff,0x59,0xc4,0xff,0x6a,0x25,0xff,0x62,0x04,0xff,0x6a,0x25,0xff,0x61,
  0xe4,0xff,0x61,0xe4,0xff,0x6a,0x24,0xff,0x62,0x04,0xff,0x6a,0x04,0xff,0x6a,0x24,
  0xff,0x72,0x45,0xff,0x72,0x45,0xff,0x72,0x24,0xff,0x7a,0x85,0xff,0x82,0xa6,0xff,
  0x82,0x85,0xff,0x82,0x85,0xff,0x82,0xa5,0xff,0x49,0x84,0xff,0x10,0x41,0xff,0x49,
  0xa3,0xff,0x49,0xa3,0xff,0x93,0x26,0xff,0x7a,0xa6,0xff,0x29,0x02,0xff,0x20,0xe2,
  0xff,0x41,0x43,0xff,0x41,0x43,0xff,0x7a,0x85,0xff,0x7a,0x65,0xff,0x7a,0x85,0xff,
  0x72,0x25,0xff,0x72,0x25,0xff,0x72,0x65,0xff,0x62,0x04,0xff,0x62,0x05,0xff,0x51,
  0xa4,0xff,0x51,0xa4,0xff,0x62,0x25,0xff,0x51,0xc4,0xff,0x41,0x43,0xff,0x5a,0x05,
  0xff,0x41,0xa4,0xff,0x41,0xa4,0xff,0x08,0x61,0xff,0x08,0x62,0x00,0x29,0x44,0x00,
  0x31,0x65,0x00,0x31,0x65,0x00,0x21,0x24,0x00,0x21,0x04,0x00,0x21,0x04,0x00,0x21,
  0x04,0x00,0x21,0x04,0x00,0x21,0x04,0x00,0x21,0x04,0x00,0x21,0x04,0x00,0x21,0x04,
  0x00,0x21,0x04,0x00,0x21,0x04,0x00,0x21,0x04,0x00,0x21,0x04,0x00,0x21,0x04,0x00,
  0x21,0x04,0x00,0x21,0x04,0x00,0x21,0x04,0x00,0x21,0x04,0x00,0x21,0x04,0x00,0x21,
  0x04,0x00,0x21,0x04,0x00,0x21,0x04,0x00,0x21,0x04,0x00,0x21,0x04,0x00,0x19,0x04,
  0x00,0x19,0x04,0x00,0x19,0x04,0x00,0x19,0x04,0x00,0x19,0x04,0x00,0x19,0x04,0x00,
  0x19,0x04,0x00,0x19,0x04,0x00,0x21,0x04,0x00,0x21,0x04,0x00,0x21,0x04,0x00,0x21,
  0x04,0x00,0x21,0x04,0x00,0x00,0x00,0xff,0x18,0x81,0x00,0x7a,0x86,0xff,0x6a,0x24,
  0xff,0x6a,0x04,0xff,0x6a,0x04,0xff,0x6a,0x25,0xff,0x61,0xe4,0xff,0x62,0x04,0xff,
  0x7a,0xa6,0xff,0x7a,0xa6,0xff,0x7a,0xa6,0xff,0x62,0x04,0xff,0x61,0xe4,0xff,0x61,
  0xe4,0xff,0x61,0xe4,0xff,0x62,0x04,0xff,0x61,0xe4,0xff,0x62,0x04,0xff,0x62,0x04,
  0xff,0x61,0xe4,0xff,0x61,0xe4,0xff,0x62,0x04,0xff,0x30,0xe2,0xff,0x18,0x81,0xff,
  0x51,0xe4,0xff,0x51,0xe4,0xff,0x51,0xe4,0xff,0x49,0x83,0xff,0x51,0xa4,0xff,0x41,
  0x63,0xff,0x41,0x63,0xff,0x49,0xa4,0xff,0x59,0xe4,0xff,0x51,0x83,0xff,0x51,0xc3,
  0xff,0x59,0xc4,0xff,0x59,0xc4,0xff,0x62,0x04,0xff,0x6a,0x24,0xff,0x62,0x04,0xff,
  0x61,0xe4,0xff,0x61,0xe4,0xff,0x62,0x04,0xff,0x61,0xe4,0xff,0x6a,0x24,0xff,0x6a,
  0x04,0xff,0x6a,0x24,0xff,0x6a,0x24,0xff,0x72,0x45,0xff,0x7a,0x65,0xff,0x7a,0x85,
  0xff,0x72,0x24,0xff,0x72,0x24,0xff,0x6a,0x04,0xff,0x6a,0x25,0xff,0x28,0xc2,0xff,
  0x28,0xe2,0xff,0x28,0xe2,0xff,0x72,0x45,0xff,0x82,0x85,0xff,0x5a,0x04,0xff,0x18,
  0x81,0xff,0x39,0x23,0xff,0x39,0x23,0xff,0x7a,0xa5,0xff,0x72,0x45,0xff,0x72,0x24,
  0xff,0x72,0x65,0xff,0x72,0x65,0xff,0x6a,0x25,0xff,0x6a,0x45,0xff,0x59,0xc4,0xff,
  0x59,0xe4,0xff,0x59,0xe4,0xff,0x51,0xc4,0xff,0x49,0x83,0xff,0x49,0x83,0xff,0x49,
  0x84,0xff,0x20,0xc2,0xff,0x20,0xc2,0xff,0x08,0x61,0xff,0x18,0xc3,0x00,0x18,0xc3,
  0x00,0x21,0x04,0x00,0x21,0x04,0x00,0x21,0x04,0x00,0x21,0x04,0x00,0x21,0x04,0x00,
  0x21,0x04,0x00,0x21,0x04,0x00,0x21,0x04,0x00,0x21,0x04,0x00,0x21,0x04,0x00,0x21,
  0x04,0x00,0x21,0x04,0x00,0x21,0x04,0x00,0x21,0x04,0x00,0x21,0x04,0x00,0x21,0x04,
  0x00,0x21,0x04,0x00,0x21,0x04,0x00,0x21,0x04,0x00,0x21,0x04,0x00,0x21,0x04,0x00,
  0x21,0x04,0x00,0x21,0x04,0x00,0x21,0x04,0x00,0x21,0x04,0x00,0x21,0x04,0x00,0x19,
  0x04,0x00,0x19,0x04,0x00,0x19,0x04,0x00,0x19,0x04,0x00,0x19,0x04,0x00,0x19,0x04,
  0x00,0x21,0x04,0x00,0x21,0x04,0x00,0x21,0x04,0x00,0x21,0x04,0x00,0x21,0x04,0x00,
  0x10,0xa2,0x00,0x10,0xa2,0x00,0x08,0x81,0xff,0x41,0x63,0xff,0x72,0x45,0xff,0x6a,
  0x25,0xff,0x6a,0x24,0xff,0x6a,0x24,0xff,0x6a,0x25,0xff,0x62,0x04,0xff,0x62,0x04,
  0xff,0x6a,0x25,0xff,0x6a,0x25,0xff,0x6a,0x25,0xff,0x62,0x04,0xff,0x62,0x05,0xff,
  0x62,0x04,0xff,0x62,0x04,0xff,0x62,0x04,0xff,0x62,0x04,0xff,0x62,0x04,0xff,0x62,
  0x04,0xff,0x62,0x04,0xff,0x62,0x04,0xff,0x62,0x24,0xff,0x51,0xc4,0xff,0x20,0xa1,
  0xff,0x29,0x02,0xff,0x29,0x02,0xff,0x41,0x63,0xff,0x49,0xa4,0xff,0x49,0x83,0xff,
  0x41,0x63,0xff,0x41,0x63,0xff,0x49,0x84,0xff,0x5a,0x04,0xff,0x59,0xc4,0xff,0x5a,
  0x04,0xff,0x51,0xa3,0xff,0x51,0xa3,0xff,0x51,0x83,0xff,0x59,0xa3,0xff,0x62,0x04,
  0xff,0x6a,0x24,0xff,0x6a,0x24,0xff,0x62,0x04,0xff,0x6a,0x24,0xff,0x6a,0x24,0xff,
  0x6a,0x04,0xff,0x6a,0x24,0xff,0x6a,0x24,0xff,0x72,0x45,0xff,0x72,0x45,0xff,0x61,
  0xe4,0xff,0x61,0xe4,0xff,0x61,0xe4,0xff,0x61,0xc3,0xff,0x72,0x44,0xff,0x51,0xc4,
  0xff,0x20,0xc2,0xff,0x20,0xc2,0xff,0x49,0x83,0xff,0x7a,0x85,0xff,0x82,0xc6,0xff,
  0x31,0x02,0xff,0x39,0x43,0xff,0x39,0x43,0xff,0x7a,0xa6,0xff,0x72,0x65,0xff,0x6a,
  0x24,0xff,0x7a,0x85,0xff,0x7a,0x85,0xff,0x6a,0x05,0xff,0x59,0xe4,0xff,0x51,0x83,
  0xff,0x51,0xc4,0xff,0x51,0xc4,0xff,0x51,0xc4,0xff,0x41,0x43,0xff,0x5a,0x04,0xff,
  0x41,0x63,0xff,0x08,0x20,0xff,0x08,0x20,0xff,0x18,0xe3,0x00,0x21,0x44,0x00,0x21,
  0x04,0x00,0x21,0x24,0x00,0x21,0x24,0x00,0x21,0x04,0x00,0x21,0x04,0x00,0x21,0x04,
  0x00,0x21,0x04,0x00,0x21,0x04,0x00,0x21,0x04,0x00,0x21,0x04,0x00,0x21,0x04,0x00,
  0x21,0x04,0x00,0x21,0x04,0x00,0x21,0x04,0x00,0x21,0x04,0x00,0x21,0x04,0x00,0x21,
  0x04,0x00,0x21,0x04,0x00,0x21,0x04,0x00,0x21,0x04,0x00,0x21,0x04,0x00,0x21,0x04,
  0x00,0x21,0x04,0x00,0x21,0x04,0x00,0x21,0x04,0x00,0x21,0x04,0x00,0x21,0x04,0x00,
  0x21,0x04,0x00,0x19,0x04,0x00,0x19,0x04,0x00,0x19,0x04,0x00,0x19,0x04,0x00,0x21,
  0x04,0x00,0x21,0x04,0x00,0x21,0x04,0x00,0x21,0x04,0x00,0x21,0x04,0x00,0x21,0x04,
  0x00,0x00,0x20,0xff,0x00,0x20,0xff,0x31,0x43,0xff,0x7a,0xa6,0xff,0x61,0xe4,0xff,
  0x6a,0x25,0xff,0x62,0x04,0xff,0x62,0x04,0xff,0x6a,0x25,0xff,0x6a,0x25,0xff,0x62,
  0x04,0xff,0x62,0x04,0xff,0x62,0x04,0xff,0x62,0x05,0xff,0x62,0x04,0xff,0x62,0x05,
  0xff,0x62,0x04,0xff,0x62,0x04,0xff,0x62,0x04,0xff,0x62,0x04,0xff,0x62,0x04,0xff,
  0x61,0xe4,0xff,0x62,0x04,0xff,0x62,0x04,0xff,0x62,0x04,0xff,0x62,0x25,0xff,0x41,
  0x63,0xff,0x18,0x81,0xff,0x18,0x81,0xff,0x18,0x81,0xff,0x39,0x63,0xff,0x31,0x02,
  0xff,0x39,0x43,0xff,0x39,0x43,0xff,0x39,0x23,0xff,0x41,0x63,0xff,0x59,0xe4,0xff,
  0x59,0xc4,0xff,0x51,0x83,0xff,0x51,0x83,0xff,0x51,0xa3,0xff,0x51,0x83,0xff,0x62,
  0x04,0xff,0x62,0x04,0xff,0x62,0x04,0xff,0x6a,0x24,0xff,0x6a,0x04,0xff,0x6a,0x04,
  0xff,0x6a,0x24,0xff,0x6a,0x25,0xff,0x6a,0x25,0xff,0x6a,0x04,0xff,0x6a,0x04,0xff,
  0x61,0xc4,0xff,0x62,0x04,0xff,0x62,0x04,0xff,0x61,0xc4,0xff,0x62,0x04,0xff,0x62,
  0x04,0xff,0x28,0xc2,0xff,0x28,0xc2,0xff,0x39,0x22,0xff,0x6a,0x45,0xff,0x7a,0x85,
  0xff,0x62,0x04,0xff,0x30,0xc2,0xff,0x30,0xc2,0xff,0x6a,0x25,0xff,0x7a,0x85,0xff,
  0x72,0x45,0xff,0x6a,0x24,0xff,0x6a,0x24,0xff,0x59,0xc4,0xff,0x51,0xa4,0xff,0x59,
  0xe4,0xff,0x49,0x83,0xff,0x49,0x83,0xff,0x41,0x63,0xff,0x39,0x02,0xff,0x41,0x63,
  0xff,0x18,0xa2,0xff,0x08,0x61,0xff,0x08,0x61,0xff,0x21,0x04,0x00,0x21,0x04,0x00,
  0x21,0x04,0x00,0x21,0x04,0x00,0x21,0x04,0x00,0x21,0x04,0x00,0x21,0x04,0x00,0x21,
  0x04,0x00,0x21,0x04,0x00,0x21,0x04,0x00,0x21,0x04,0x00,0x21,0x04,0x00,0x21,0x04,
  0x00,0x21,0x04,0x00,0x21,0x04,0x00,0x21,0x04,0x00,0x21,0x04,0x00,0x21,0x04,0x00,
  0x21,0x04,0x00,0x19,0x04,0x00,0x19,0x04,0x00,0x21,0x04,0x00,0x21,0x04,0x00,0x21,
  0x04,0x00,0x21,0x04,0x00,0x21,0x04,0x00,0x21,0x04,0x00,0x21,0x04,0x00,0x21,0x04,
  0x00,0x19,0x04,0x00,0x21,0x04,0x00,0x21,0x04,0x00,0x21,0x04,0x00,0x21,0x04,0x00,
  0x21,0x04,0x00,0x21,0x04,0x00,0x21,0x04,0x00,0x21,0x04,0x00,0x21,0x04,0x00,0x19,
  0x04,0x00,0x00,0x41,0xff,0x00,0x41,0xff,0x20,0xc2,0xff,0x72,0x45,0xff,0x62,0x04,
  0xff,0x6a,0x24,0xff,0x62,0x04,0xff,0x62,0x04,0xff,0x6a,0x25,0xff,0x62,0x24,0xff,
  0x62,0x25,0xff,0x62,0x05,0xff,0x62,0x05,0xff,0x62,0x05,0xff,0x62,0x04,0xff,0x62,
  0x25,0xff,0x62,0x04,0xff,0x62,0x04,0xff,0x62,0x04,0xff,0x62,0x04,0xff,0x62,0x04,
  0xff,0x62,0x04,0xff,0x62,0x05,0xff,0x62,0x05,0xff,0x59,0xc4,0xff,0x62,0x04,0xff,
  0x59,0xe4,0xff,0x41,0x63,0xff,0x41,0x63,0xff,0x18,0xa1,0xff,0x10,0x61,0xff,0x18,
  0x81,0xff,0x39,0x63,0xff,0x39,0x63,0xff,0x31,0x23,0xff,0x28,0xe2,0xff,0x39,0x43,
  0xff,0x51,0xa4,0xff,0x59,0xe4,0xff,0x59,0xe4,0xff,0x59,0xe4,0xff,0x59,0xc4,0xff,
  0x59,0xe4,0xff,0x62,0x04,0xff,0x62,0x04,0xff,0x6a,0x45,0xff,0x6a,0x04,0xff,0x6a,
  0x04,0xff,0x6a,0x24,0xff,0x6a,0x25,0xff,0x6a,0x25,0xff,0x6a,0x25,0xff,0x62,0x04,
  0xff,0x61,0xe4,0xff,0x6a,0x25,0xff,0x6a,0x25,0xff,0x6a,0x24,0xff,0x62,0x04,0xff,
  0x59,0xc4,0xff,0x39,0x63,0xff,0x39,0x63,0xff,0x31,0x22,0xff,0x62,0x04,0xff,0x7a,
  0x65,0xff,0x7a,0xa6,0xff,0x41,0x22,0xff,0x41,0x22,0xff,0x6a,0x45,0xff,0x7a,0x85,
  0xff,0x6a,0x04,0xff,0x6a,0x25,0xff,0x6a,0x25,0xff,0x61,0xe4,0xff,0x51,0x83,0xff,
  0x5a,0x04,0xff,0x49,0x84,0xff,0x49,0x84,0xff,0x39,0x43,0xff,0x41,0x63,0xff,0x49,
  0x84,0xff,0x08,0x20,0xff,0x18,0xe3,0x00,0x18,0xe3,0x00,0x21,0x24,0x00,0x21,0x04,
  0x00,0x21,0x04,0x00,0x21,0x04,0x00,0x21,0x04,0x00,0x21,0x04,0x00,0x21,0x04,0x00,
  0x21,0x04,0x00,0x21,0x04,0x00,0x21,0x04,0x00,0x21,0x04,0x00,0x21,0x04,0x00,0x21,
  0x04,0x00,0x21,0x04,0x00,0x21,0x04,0x00,0x21,0x04,0x00,0x21,0x04,0x00,0x21,0x04,
  0x00,0x21,0x04,0x00,0x19,0x04,0x00,0x19,0x04,0x00,0x21,0x04,0x00,0x21,0x04,0x00,
  0x21,0x04,0x00,0x21,0x04,0x00,0x21,0x04,0x00,0x21,0x04,0x00,0x21,0x04,0x00,0x21,
  0x04,0x00,0x19,0x04,0x00,0x21,0x04,0x00,0x21,0x04,0x00,0x21,0x04,0x00,0x21,0x04,
  0x00,0x21,0x04,0x00,0x21,0x04,0x00,0x21,0x04,0x00,0x21,0x04,0x00,0x21,0x04,0x00,
  0x19,0x04,0x00,0x00,0x41,0xff,0x00,0x41,0xff,0x20,0xc2,0xff,0x72,0x45,0xff,0x62,
  0x04,0xff,0x6a,0x24,0xff,0x62,0x04,0xff,0x62,0x04,0xff,0x6a,0x25,0xff,0x62,0x24,
  0xff,0x62,0x25,0xff,0x62,0x05,0xff,0x62,0x05,0xff,0x62,0x05,0xff,0x62,0x04,0xff,
  0x62,0x25,0xff,0x62,0x04,0xff,0x62,0x04,0xff,0x62,0x04,0xff,0x62,0x04,0xff,0x62,
  0x04,0xff,0x62,0x04,0xff,0x62,0x05,0xff,0x62,0x05,0xff,0x59,0xc4,0xff,0x62,0x04,
  0xff,0x59,0xe4,0xff,0x41,0x63,0xff,0x41,0x63,0xff,0x18,0xa1,0xff,0x10,0x61,0xff,
  0x18,0x81,0xff,0x39,0x63,0xff,0x39,0x63,0xff,0x31,0x23,0xff,0x28,0xe2,0xff,0x39,
  0x43,0xff,0x51,0xa4,0xff,0x59,0xe4,0xff,0x59,0xe4,0xff,0x59,0xe4,0xff,0x59,0xc4,
  0xff,0x59,0xe4,0xff,0x62,0x04,0xff,0x62,0x04,0xff,0x6a,0x45,0xff,0x6a,0x04,0xff,
  0x6a,0x04,0xff,0x6a,0x24,0xff,0x6a,0x25,0xff,0x6a,0x25,0xff,0x6a,0x25,0xff,0x62,
  0x04,0xff,0x61,0xe4,0xff,0x6a,0x25,0xff,0x6a,0x25,0xff,0x6a,0x24,0xff,0x62,0x04,
  0xff,0x59,0xc4,0xff,0x39,0x63,0xff,0x39,0x63,0xff,0x31,0x22,0xff,0x62,0x04,0xff,
  0x7a,0x65,0xff,0x7a,0xa6,0xff,0x41,0x22,0xff,0x41,0x22,0xff,0x6a,0x45,0xff,0x7a,
  0x85,0xff,0x6a,0x04,0xff,0x6a,0x25,0xff,0x6a,0x25,0xff,0x61,0xe4,0xff,0x51,0x83,
  0xff,0x5a,0x04,0xff,0x49,0x84,0xff,0x49,0x84,0xff,0x39,0x43,0xff,0x41,0x63,0xff,
  0x49,0x84,0xff,0x08,0x20,0xff,0x18,0xe3,0x00,0x18,0xe3,0x00,0x21,0x24,0x00,0x21,
  0x04,0x00,0x21,0x04,0x00,0x21,0x04,0x00,0x21,0x04,0x00,0x21,0x04,0x00,0x21,0x04,
  0x00,0x21,0x04,0x00,0x21,0x04,0x00,0x21,0x04,0x00,0x21,0x04,0x00,0x21,0x04,0x00,
  0x21,0x04,0x00,0x21,0x04,0x00,0x21,0x04,0x00,0x21,0x04,0x00,0x21,0x04,0x00,0x21,
  0x04,0x00,0x21,0x04,0x00,0x19,0x04,0x00,0x19,0x04,0x00,0x21,0x04,0x00,0x21,0x04,
  0x00,0x21,0x04,0x00,0x21,0x04,0x00,0x21,0x04,0x00,0x21,0x04,0x00,0x21,0x04,0x00,
  0x21,0x04,0x00,0x19,0x04,0x00,0x21,0x04,0x00,0x21,0x04,0x00,0x21,0x04,0x00,0x21,
  0x04,0x00,0x21,0x04,0x00,0x21,0x04,0x00,0x21,0x04,0x00,0x21,0x04,0x00,0x21,0x04,
  0x00,0x21,0x04,0x00,0x00,0x41,0xff,0x00,0x41,0xff,0x10,0x81,0xff,0x6a,0x25,0xff,
  0x62,0x04,0xff,0x62,0x04,0xff,0x62,0x04,0xff,0x62,0x04,0xff,0x62,0x04,0xff,0x6a,
  0x25,0xff,0x62,0x25,0xff,0x62,0x04,0xff,0x62,0x04,0xff,0x62,0x25,0xff,0x62,0x05,
  0xff,0x62,0x04,0xff,0x62,0x04,0xff,0x62,0x04,0xff,0x62,0x04,0xff,0x61,0xe4,0xff,
  0x62,0x04,0xff,0x6a,0x24,0xff,0x6a,0x04,0xff,0x6a,0x04,0xff,0x6a,0x25,0xff,0x62,
  0x04,0xff,0x51,0x83,0xff,0x49,0x83,0xff,0x49,0x83,0xff,0x41,0x63,0xff,0x20,0xa2,
  0xff,0x10,0x40,0xff,0x20,0xc1,0xff,0x20,0xc1,0xff,0x30,0xe2,0xff,0x28,0xc2,0xff,
  0x30,0xe2,0xff,0x51,0xa3,0xff,0x59,0xc4,0xff,0x59,0xc4,0xff,0x62,0x04,0xff,0x59,
  0xc4,0xff,0x51,0xa4,0xff,0x59,0xe4,0xff,0x59,0xe4,0xff,0x62,0x04,0xff,0x6a,0x04,
  0xff,0x6a,0x24,0xff,0x6a,0x04,0xff,0x62,0x04,0xff,0x62,0x04,0xff,0x62,0x04,0xff,
  0x6a,0x25,0xff,0x6a,0x05,0xff,0x6a,0x05,0xff,0x6a,0x05,0xff,0x62,0x04,0xff,0x61,
  0xc4,0xff,0x59,0xc4,0xff,0x39,0x23,0xff,0x39,0x23,0xff,0x31,0x22,0xff,0x51,0xa3,
  0xff,0x72,0x24,0xff,0x7a,0x85,0xff,0x6a,0x04,0xff,0x6a,0x04,0xff,0x72,0x25,0xff,
  0x6a,0x04,0xff,0x72,0x65,0xff,0x61,0xe4,0xff,0x61,0xe4,0xff,0x59,0xc4,0xff,0x51,
  0xc4,0xff,0x51,0xc4,0xff,0x39,0x23,0xff,0x39,0x23,0xff,0x39,0x23,0xff,0x51,0xc4,
  0xff,0x49,0xe4,0xff,0x20,0xc2,0x00,0x21,0x04,0x00,0x21,0x04,0x00,0x19,0x04,0x00,
  0x21,0x04,0x00,0x21,0x04,0x00,0x21,0x04,0x00,0x21,0x04,0x00,0x21,0x04,0x00,0x21,
  0x04,0x00,0x21,0x04,0x00,0x21,0x04,0x00,0x21,0x04,0x00,0x21,0x04,0x00,0x21,0x04,
  0x00,0x21,0x04,0x00,0x21,0x04,0x00,0x21,0x04,0x00,0x21,0x04,0x00,0x19,0x04,0x00,
  0x19,0x04,0x00,0x19,0x04,0x00,0x19,0x04,0x00,0x19,0x04,0x00,0x21,0x04,0x00,0x21,
  0x04,0x00,0x21,0x04,0x00,0x21,0x04,0x00,0x21,0x04,0x00,0x19,0x04,0x00,0x21,0x04,
  0x00,0x19,0x04,0x00,0x19,0x04,0x00,0x21,0x04,0x00,0x21,0x04,0x00,0x21,0x04,0x00,
  0x21,0x04,0x00,0x21,0x04,0x00,0x21,0x04,0x00,0x21,0x04,0x00,0x21,0x04,0x00,0x21,
  0x04,0x00,0x21,0x04,0x00,0x00,0x41,0xff,0x00,0x41,0xff,0x18,0xa1,0xff,0x6a,0x45,
  0xff,0x62,0x24,0xff,0x62,0x04,0xff,0x62,0x04,0xff,0x62,0x04,0xff,0x62,0x25,0xff,
  0x62,0x04,0xff,0x62,0x24,0xff,0x62,0x05,0xff,0x62,0x05,0xff,0x62,0x25,0xff,0x62,
  0x04,0xff,0x62,0x24,0xff,0x62,0x24,0xff,0x62,0x24,0xff,0x62,0x24,0xff,0x62,0x04,
  0xff,0x62,0x04,0xff,0x62,0x04,0xff,0x6a,0x45,0xff,0x6a,0x45,0xff,0x6a,0x45,0xff,
  0x62,0x04,0xff,0x51,0x84,0xff,0x49,0x63,0xff,0x49,0x63,0xff,0x41,0x63,0xff,0x51,
  0xe5,0xff,0x31,0x22,0xff,0x08,0x40,0xff,0x08,0x40,0xff,0x28,0xe2,0xff,0x39,0x23,
  0xff,0x39,0x43,0xff,0x51,0xc4,0xff,0x51,0x83,0xff,0x51,0x83,0xff,0x59,0xe4,0xff,
  0x62,0x04,0xff,0x59,0xe4,0xff,0x59,0xe4,0xff,0x59,0xe4,0xff,0x62,0x04,0xff,0x6a,
  0x24,0xff,0x6a,0x25,0xff,0x62,0x04,0xff,0x62,0x04,0xff,0x62,0x04,0xff,0x62,0x04,
  0xff,0x62,0x04,0xff,0x6a,0x25,0xff,0x6a,0x05,0xff,0x6a,0x05,0xff,0x62,0x04,0xff,
  0x62,0x04,0xff,0x62,0x05,0xff,0x31,0x02,0xff,0x31,0x02,0xff,0x31,0x02,0xff,0x62,
  0x04,0xff,0x6a,0x24,0xff,0x7a,0x65,0xff,0x7a,0x65,0xff,0x7a,0x65,0xff,0x7a,0x65,
  0xff,0x72,0x45,0xff,0x72,0x65,0xff,0x61,0xc4,0xff,0x61,0xc4,0xff,0x61,0xe4,0xff,
  0x59,0xe4,0xff,0x51,0xc4,0xff,0x41,0x63,0xff,0x41,0x63,0xff,0x41,0x84,0xff,0x20,
  0xa2,0x00,0x20,0xe2,0x00,0x29,0x24,0x00,0x19,0x04,0x00,0x19,0x04,0x00,0x19,0x04,
  0x00,0x21,0x04,0x00,0x21,0x04,0x00,0x21,0x04,0x00,0x21,0x04,0x00,0x21,0x04,0x00,
  0x21,0x04,0x00,0x21,0x04,0x00,0x21,0x04,0x00,0x21,0x04,0x00,0x21,0x04,0x00,0x21,
  0x04,0x00,0x21,0x04,0x00,0x21,0x04,0x00,0x19,0x04,0x00,0x19,0x04,0x00,0x19,0x04,
  0x00,0x19,0x04,0x00,0x19,0x04,0x00,0x19,0x04,0x00,0x19,0x04,0x00,0x21,0x04,0x00,
  0x21,0x04,0x00,0x21,0x04,0x00,0x21,0x04,0x00,0x21,0x04,0x00,0x19,0x04,0x00,0x19,
  0x04,0x00,0x19,0x04,0x00,0x21,0x04,0x00,0x21,0x04,0x00,0x21,0x04,0x00,0x21,0x04,
  0x00,0x21,0x04,0x00,0x21,0x04,0x00,0x21,0x04,0x00,0x21,0x04,0x00,0x21,0x04,0x00,
  0x21,0x04,0x00,0x10,0xa2,0x00,0x10,0x81,0x00,0x10,0x81,0x00,0x49,0x83,0xff,0x61,
  0xe4,0xff,0x62,0x04,0xff,0x62,0x04,0xff,0x62,0x04,0xff,0x62,0x04,0xff,0x62,0x04,
  0xff,0x62,0x04,0xff,0x62,0x04,0xff,0x62,0x04,0xff,0x62,0x04,0xff,0x62,0x04,0xff,
  0x62,0x24,0xff,0x6a,0x25,0xff,0x62,0x24,0xff,0x62,0x24,0xff,0x62,0x04,0xff,0x6a,
  0x24,0xff,0x6a,0x45,0xff,0x49,0x63,0xff,0x51,0x83,0xff,0x51,0x83,0xff,0x72,0x65,
  0xff,0x6a,0x25,0xff,0x59,0xe4,0xff,0x59,0xe4,0xff,0x59,0xe4,0xff,0x41,0x42,0xff,
  0x49,0x83,0xff,0x49,0xa4,0xff,0x00,0x00,0xff,0x00,0x00,0xff,0x08,0x20,0xff,0x39,
  0x23,0xff,0x39,0x42,0xff,0x39,0x22,0xff,0x51,0xa4,0xff,0x51,0xa4,0xff,0x51,0xc4,
  0xff,0x59,0xa3,0xff,0x59,0xe4,0xff,0x51,0xc3,0xff,0x51,0xc3,0xff,0x59,0xc4,0xff,
  0x62,0x04,0xff,0x62,0x04,0xff,0x61,0xe4,0xff,0x62,0x04,0xff,0x62,0x04,0xff,0x61,
  0xe4,0xff,0x62,0x04,0xff,0x62,0x04,0xff,0x62,0x04,0xff,0x62,0x04,0xff,0x61,0xe4,
  0xff,0x61,0xe4,0xff,0x59,0xe4,0xff,0x39,0x43,0xff,0x39,0x43,0xff,0x39,0x22,0xff,
  0x62,0x25,0xff,0x6a,0x04,0xff,0x6a,0x24,0xff,0x72,0x24,0xff,0x72,0x24,0xff,0x72,
  0x65,0xff,0x61,0xe4,0xff,0x61,0xe4,0xff,0x59,0xe4,0xff,0x59,0xe4,0xff,0x62,0x04,
  0xff,0x49,0x63,0xff,0x49,0x63,0xff,0x49,0xc4,0xff,0x49,0xc4,0xff,0x29,0x03,0x00,
  0x00,0x20,0x00,0x10,0xa2,0x00,0x21,0x24,0x00,0x19,0x04,0x00,0x19,0x04,0x00,0x21,
  0x04,0x00,0x21,0x04,0x00,0x21,0x04,0x00,0x21,0x04,0x00,0x21,0x04,0x00,0x21,0x04,
  0x00,0x21,0x04,0x00,0x21,0x04,0x00,0x21,0x04,0x00,0x21,0x04,0x00,0x21,0x04,0x00,
  0x21,0x04,0x00,0x21,0x04,0x00,0x21,0x04,0x00,0x19,0x04,0x00,0x19,0x04,0x00,0x19,
  0x04,0x00,0x19,0x04,0x00,0x19,0x04,0x00,0x19,0x04,0x00,0x19,0x04,0x00,0x21,0x04,
  0x00,0x21,0x04,0x00,0x21,0x04,0x00,0x19,0x04,0x00,0x19,0x04,0x00,0x19,0x04,0x00,
  0x19,0x04,0x00,0x21,0x04,0x00,0x21,0x04,0x00,0x21,0x04,0x00,0x21,0x04,0x00,0x21,
  0x04,0x00,0x21,0x04,0x00,0x21,0x04,0x00,0x21,0x04,0x00,0x21,0x04,0x00,0x21,0x04,
  0x00,0x19,0x04,0x00,0x00,0x40,0xff,0x5a,0x25,0xff,0x5a,0x25,0xff,0x93,0x27,0xff,
  0x59,0xe4,0xff,0x62,0x04,0xff,0x62,0x24,0xff,0x62,0x04,0xff,0x62,0x04,0xff,0x62,
  0x04,0xff,0x62,0x04,0xff,0x62,0x24,0xff,0x62,0x04,0xff,0x62,0x04,0xff,0x62,0x04,
  0xff,0x6a,0x25,0xff,0x6a,0x25,0xff,0x6a,0x24,0xff,0x6a,0x24,0xff,0x6a,0x24,0xff,
  0x6a,0x24,0xff,0x6a,0x45,0xff,0x59,0xe4,0xff,0x59,0xc4,0xff,0x59,0xc4,0xff,0x6a,
  0x45,0xff,0x6a,0x45,0xff,0x6a,0x25,0xff,0x62,0x25,0xff,0x62,0x25,0xff,0x51,0xc4,
  0xff,0x49,0x83,0xff,0x41,0x63,0xff,0x20,0xa1,0xff,0x20,0xa1,0xff,0x00,0x00,0xff,
  0x29,0x03,0xff,0x41,0x43,0xff,0x41,0x43,0xff,0x49,0xa4,0xff,0x49,0xa4,0xff,0x59,
  0xe4,0xff,0x51,0xc3,0xff,0x59,0xe4,0xff,0x59,0xc4,0xff,0x59,0xc4,0xff,0x51,0xa3,
  0xff,0x51,0xa4,0xff,0x59,0xe4,0xff,0x62,0x04,0xff,0x62,0x04,0xff,0x62,0x04,0xff,
  0x61,0xe4,0xff,0x62,0x05,0xff,0x61,0xe4,0xff,0x62,0x05,0xff,0x62,0x05,0xff,0x62,
  0x04,0xff,0x62,0x04,0xff,0x59,0xe4,0xff,0x51,0xc4,0xff,0x51,0xc4,0xff,0x59,0xe4,
  0xff,0x62,0x04,0xff,0x62,0x04,0xff,0x6a,0x45,0xff,0x62,0x04,0xff,0x62,0x04,0xff,
  0x62,0x04,0xff,0x51,0xa3,0xff,0x59,0xc4,0xff,0x59,0xe4,0xff,0x59,0xe4,0xff,0x59,
  0xc4,0xff,0x49,0xa4,0xff,0x49,0xa4,0xff,0x29,0x03,0x00,0x29,0x03,0x00,0x10,0x82,
  0x00,0x10,0xa2,0x00,0x21,0x24,0x00,0x21,0x04,0x00,0x21,0x04,0x00,0x21,0x04,0x00,
  0x21,0x04,0x00,0x21,0x04,0x00,0x21,0x04,0x00,0x21,0x04,0x00,0x21,0x04,0x00,0x21,
  0x04,0x00,0x21,0x04,0x00,0x21,0x04,0x00,0x21,0x04,0x00,0x21,0x04,0x00,0x21,0x04,
  0x00,0x21,0x04,0x00,0x21,0x04,0x00,0x21,0x04,0x00,0x19,0x04,0x00,0x19,0x04,0x00,
  0x19,0x04,0x00,0x19,0x04,0x00,0x19,0x04,0x00,0x19,0x04,0x00,0x19,0x04,0x00,0x21,
  0x04,0x00,0x21,0x04,0x00,0x21,0x04,0x00,0x19,0x04,0x00,0x19,0x04,0x00,0x19,0x04,
  0x00,0x19,0x04,0x00,0x21,0x04,0x00,0x21,0x04,0x00,0x21,0x04,0x00,0x21,0x04,0x00,
  0x21,0x04,0x00,0x21,0x04,0x00,0x21,0x04,0x00,0x21,0x04,0x00,0x21,0x04,0x00,0x21,
  0x04,0x00,0x19,0x04,0x00,0x00,0x40,0xff,0x5a,0x25,0xff,0x5a,0x25,0xff,0x93,0x27,
  0xff,0x59,0xe4,0xff,0x62,0x04,0xff,0x62,0x24,0xff,0x62,0x04,0xff,0x62,0x04,0xff,
  0x62,0x04,0xff,0x62,0x04,0xff,0x62,0x24,0xff,0x62,0x04,0xff,0x62,0x04,0xff,0x62,
  0x04,0xff,0x6a,0x25,0xff,0x6a,0x25,0xff,0x6a,0x24,0xff,0x6a,0x24,0xff,0x6a,0x24,
  0xff,0x6a,0x24,0xff,0x6a,0x45,0xff,0x59,0xe4,0xff,0x59,0xc4,0xff,0x59,0xc4,0xff,
  0x6a,0x45,0xff,0x6a,0x45,0xff,0x6a,0x25,0xff,0x62,0x25,0xff,0x62,0x25,0xff,0x51,
  0xc4,0xff,0x49,0x83,0xff,0x41,0x63,0xff,0x20,0xa1,0xff,0x20,0xa1,0xff,0x00,0x00,
  0xff,0x29,0x03,0xff,0x41,0x43,0xff,0x41,0x43,0xff,0x49,0xa4,0xff,0x49,0xa4,0xff,
  0x59,0xe4,0xff,0x51,0xc3,0xff,0x59,0xe4,0xff,0x59,0xc4,0xff,0x59,0xc4,0xff,0x51,
  0xa3,0xff,0x51,0xa4,0xff,0x59,0xe4,0xff,0x62,0x04,0xff,0x62,0x04,0xff,0x62,0x04,
  0xff,0x61,0xe4,0xff,0x62,0x05,0xff,0x61,0xe4,0xff,0x62,0x05,0xff,0x62,0x05,0xff,
  0x62,0x04,0xff,0x62,0x04,0xff,0x59,0xe4,0xff,0x51,0xc4,0xff,0x51,0xc4,0xff,0x59,
  0xe4,0xff,0x62,0x04,0xff,0x62,0x04,0xff,0x6a,0x45,0xff,0x62,0x04,0xff,0x62,0x04,
  0xff,0x62,0x04,0xff,0x51,0xa3,0xff,0x59,0xc4,0xff,0x59,0xe4,0xff,0x59,0xe4,0xff,
  0x59,0xc4,0xff,0x49,0xa4,0xff,0x49,0xa4,0xff,0x29,0x03,0x00,0x29,0x03,0x00,0x10,
  0x82,0x00,0x10,0xa2,0x00,0x21,0x24,0x00,0x21,0x04,0x00,0x21,0x04,0x00,0x21,0x04,
  0x00,0x21,0x04,0x00,0x21,0x04,0x00,0x21,0x04,0x00,0x21,0x04,0x00,0x21,0x04,0x00,
  0x21,0x04,0x00,0x21,0x04,0x00,0x21,0x04,0x00,0x21,0x04,0x00,0x21,0x04,0x00,0x21,
  0x04,0x00,0x21,0x04,0x00,0x21,0x04,0x00,0x19,0x04,0x00,0x19,0x04,0x00,0x19,0x04,
  0x00,0x21,0x04,0x00,0x21,0x04,0x00,0x21,0x04,0x00,0x21,0x04,0x00,0x21,0x04,0x00,
  0x19,0x04,0x00,0x19,0x04,0x00,0x21,0x04,0x00,0x19,0x04,0x00,0x19,0x04,0x00,0x19,
  0x04,0x00,0x19,0x04,0x00,0x21,0x04,0x00,0x21,0x04,0x00,0x21,0x04,0x00,0x21,0x04,
  0x00,0x21,0x04,0x00,0x19,0x04,0x00,0x21,0x04,0x00,0x21,0x04,0x00,0x21,0x04,0x00,
  0x21,0x04,0x00,0x18,0xe3,0x00,0x00,0x20,0xff,0x62,0x45,0xff,0x62,0x45,0xff,0x82,
  0xe6,0xff,0x51,0xa3,0xff,0x51,0xc4,0xff,0x62,0x24,0xff,0x62,0x04,0xff,0x62,0x04,
  0xff,0x62,0x04,0xff,0x62,0x04,0xff,0x62,0x04,0xff,0x62,0x04,0xff,0x62,0x04,0xff,
  0x62,0x24,0xff,0x62,0x04,0xff,0x6a,0x24,0xff,0x6a,0x25,0xff,0x6a,0x25,0xff,0x6a,
  0x25,0xff,0x6a,0x24,0xff,0x6a,0x24,0xff,0x6a,0x44,0xff,0x6a,0x45,0xff,0x6a,0x45,
  0xff,0x6a,0x45,0xff,0x6a,0x24,0xff,0x6a,0x25,0xff,0x62,0x04,0xff,0x62,0x04,0xff,
  0x59,0xe4,0xff,0x49,0x63,0xff,0x41,0x43,0xff,0x41,0x84,0xff,0x41,0x84,0xff,0x10,
  0x61,0xff,0x08,0x00,0xff,0x31,0x22,0xff,0x41,0x83,0xff,0x41,0x63,0xff,0x41,0x63,
  0xff,0x49,0x83,0xff,0x59,0xe4,0xff,0x51,0xa3,0xff,0x51,0xa3,0xff,0x51,0xa3,0xff,
  0x59,0xe4,0xff,0x51,0x83,0xff,0x51,0xc4,0xff,0x51,0xa4,0xff,0x59,0xe4,0xff,0x59,
  0xe4,0xff,0x62,0x04,0xff,0x61,0xe4,0xff,0x61,0xe4,0xff,0x61,0xe4,0xff,0x61,0xe4,
  0xff,0x62,0x04,0xff,0x61,0xe4,0xff,0x59,0xa4,0xff,0x62,0x04,0xff,0x62,0x04,0xff,
  0x62,0x04,0xff,0x61,0xe4,0xff,0x59,0xe4,0xff,0x62,0x04,0xff,0x59,0xc4,0xff,0x59,
  0xc4,0xff,0x51,0x83,0xff,0x51,0xa3,0xff,0x59,0xe4,0xff,0x49,0x63,0xff,0x49,0x63,
  0xff,0x49,0x63,0xff,0x51,0xc4,0xff,0x39,0x63,0xff,0x08,0x61,0xff,0x08,0x61,0xff,
  0x10,0xa3,0x00,0x21,0x24,0x00,0x21,0x24,0x00,0x18,0xe4,0x00,0x21,0x04,0x00,0x21,
  0x04,0x00,0x21,0x04,0x00,0x21,0x04,0x00,0x21,0x04,0x00,0x21,0x04,0x00,0x21,0x04,
  0x00,0x21,0x04,0x00,0x21,0x04,0x00,0x21,0x04,0x00,0x21,0x04,0x00,0x21,0x04,0x00,
  0x21,0x04,0x00,0x21,0x04,0x00,0x19,0x04,0x00,0x19,0x04,0x00,0x21,0x04,0x00,0x21,
  0x04,0x00,0x21,0x04,0x00,0x21,0x04,0x00,0x21,0x04,0x00,0x21,0x04,0x00,0x21,0x04,
  0x00,0x19,0x04,0x00,0x19,0x04,0x00,0x19,0x04,0x00,0x19,0x04,0x00,0x19,0x04,0x00,
  0x19,0x04,0x00,0x19,0x04,0x00,0x21,0x04,0x00,0x21,0x04,0x00,0x21,0x04,0x00,0x21,
  0x04,0x00,0x21,0x04,0x00,0x19,0x04,0x00,0x21,0x04,0x00,0x21,0x04,0x00,0x21,0x04,
  0x00,0x21,0x24,0x00,0x18,0xe3,0x00,0x00,0x00,0xff,0x39,0x43,0xff,0x39,0x43,0xff,
  0x7a,0x86,0xff,0x62,0x04,0xff,0x51,0xc4,0xff,0x59,0xe4,0xff,0x61,0xe4,0xff,0x61,
  0xe4,0xff,0x62,0x04,0xff,0x62,0x04,0xff,0x6a,0x24,0xff,0x62,0x04,0xff,0x62,0x04,
  0xff,0x6a,0x24,0xff,0x62,0x04,0xff,0x6a,0x24,0xff,0x6a,0x24,0xff,0x6a,0x24,0xff,
  0x6a,0x24,0xff,0x6a,0x24,0xff,0x6a,0x24,0xff,0x6a,0x24,0xff,0x6a,0x24,0xff,0x6a,
  0x24,0xff,0x6a,0x24,0xff,0x6a,0x25,0xff,0x6a,0x24,0xff,0x62,0x25,0xff,0x62,0x25,
  0xff,0x59,0xe4,0xff,0x51,0xa4,0xff,0x49,0x83,0xff,0x51,0xc4,0xff,0x51,0xc4,0xff,
  0x41,0x63,0xff,0x08,0x20,0xff,0x18,0xa1,0xff,0x39,0x63,0xff,0x39,0x02,0xff,0x39,
  0x02,0xff,0x41,0x43,0xff,0x41,0x63,0xff,0x59,0xc4,0xff,0x51,0xc3,0xff,0x51,0xc3,
  0xff,0x59,0xe4,0xff,0x59,0xc4,0xff,0x51,0xc4,0xff,0x51,0xa3,0xff,0x51,0xc4,0xff,
  0x51,0xc4,0xff,0x59,0xe4,0xff,0x61,0xe4,0xff,0x62,0x04,0xff,0x62,0x05,0xff,0x62,
  0x05,0xff,0x5a,0x04,0xff,0x5a,0x04,0xff,0x59,0xc4,0xff,0x59,0xe4,0xff,0x59,0xe4,
  0xff,0x59,0xc4,0xff,0x62,0x05,0xff,0x59,0xe4,0xff,0x59,0xc4,0xff,0x51,0x83,0xff,
  0x51,0x83,0xff,0x51,0xc3,0xff,0x51,0xa3,0xff,0x51,0xa3,0xff,0x41,0x43,0xff,0x41,
  0x43,0xff,0x49,0xa4,0xff,0x31,0x23,0xff,0x08,0x41,0xff,0x10,0xa2,0x00,0x10,0xa2,
  0x00,0x21,0x44,0x00,0x21,0x04,0x00,0x21,0x04,0x00,0x21,0x04,0x00,0x21,0x04,0x00,
  0x21,0x04,0x00,0x21,0x04,0x00,0x21,0x04,0x00,0x21,0x04,0x00,0x21,0x04,0x00,0x21,
  0x04,0x00,0x21,0x04,0x00,0x21,0x04,0x00,0x21,0x04,0x00,0x21,0x04,0x00,0x21,0x04,
  0x00,0x21,0x04,0x00,0x21,0x04,0x00,0x19,0x04,0x00,0x21,0x04,0x00,0x21,0x04,0x00,
  0x21,0x04,0x00,0x21,0x04,0x00,0x21,0x04,0x00,0x21,0x04,0x00,0x21,0x04,0x00,0x21,
  0x04,0x00,0x19,0x04,0x00,0x19,0x04,0x00,0x19,0x04,0x00,0x19,0x04,0x00,0x19,0x04,
  0x00,0x19,0x04,0x00,0x19,0x04,0x00,0x21,0x04,0x00,0x21,0x04,0x00,0x21,0x04,0x00,
  0x21,0x04,0x00,0x21,0x04,0x00,0x19,0x04,0x00,0x21,0x04,0x00,0x21,0x04,0x00,0x21,
  0x04,0x00,0x21,0x04,0x00,0x10,0xc3,0x00,0x00,0x00,0xff,0x18,0xa1,0xff,0x18,0xa1,
  0xff,0x6a,0x25,0xff,0x59,0xe4,0xff,0x49,0x83,0xff,0x59,0xe4,0xff,0x59,0xc4,0xff,
  0x59,0xc4,0xff,0x49,0x83,0xff,0x41,0x22,0xff,0x49,0x83,0xff,0x51,0xc4,0xff,0x51,
  0xc4,0xff,0x6a,0x24,0xff,0x72,0x45,0xff,0x6a,0x44,0xff,0x6a,0x24,0xff,0x6a,0x24,
  0xff,0x72,0x45,0xff,0x72,0x45,0xff,0x72,0x45,0xff,0x6a,0x04,0xff,0x6a,0x24,0xff,
  0x6a,0x24,0xff,0x62,0x04,0xff,0x6a,0x24,0xff,0x62,0x24,0xff,0x62,0x04,0xff,0x62,
  0x04,0xff,0x59,0xe4,0xff,0x51,0xc4,0xff,0x49,0x84,0xff,0x41,0x63,0xff,0x41,0x63,
  0xff,0x49,0x83,0xff,0x31,0x23,0xff,0x00,0x00,0xff,0x10,0x41,0xff,0x31,0x02,0xff,
  0x31,0x02,0xff,0x39,0x43,0xff,0x31,0x02,0xff,0x49,0x83,0xff,0x51,0xc4,0xff,0x51,
  0xc4,0xff,0x51,0xa4,0xff,0x59,0xc4,0xff,0x59,0xc4,0xff,0x51,0x83,0xff,0x51,0xa4,
  0xff,0x51,0xa4,0xff,0x49,0xa3,0xff,0x59,0xc4,0xff,0x62,0x04,0xff,0x62,0x05,0xff,
  0x62,0x05,0xff,0x51,0xc4,0xff,0x51,0xa3,0xff,0x51,0xa4,0xff,0x51,0xa4,0xff,0x51,
  0xa4,0xff,0x51,0xa4,0xff,0x59,0xe4,0xff,0x51,0xc4,0xff,0x49,0x83,0xff,0x51,0xc3,
  0xff,0x51,0xc3,0xff,0x51,0xc4,0xff,0x41,0x43,0xff,0x41,0x22,0xff,0x49,0xa3,0xff,
  0x49,0xa3,0xff,0x41,0x84,0xff,0x10,0x61,0xff,0x08,0x61,0xff,0x19,0x04,0x00,0x19,
  0x04,0x00,0x21,0x44,0x00,0x18,0xe4,0x00,0x21,0x04,0x00,0x21,0x04,0x00,0x21,0x04,
  0x00,0x21,0x04,0x00,0x21,0x04,0x00,0x21,0x04,0x00,0x21,0x04,0x00,0x21,0x04,0x00,
  0x21,0x04,0x00,0x21,0x04,0x00,0x21,0x04,0x00,0x21,0x04,0x00,0x21,0x04,0x00,0x21,
  0x04,0x00,0x21,0x04,0x00,0x21,0x04,0x00,0x21,0x04,0x00,0x21,0x04,0x00,0x21,0x04,
  0x00,0x21,0x04,0x00,0x21,0x04,0x00,0x21,0x04,0x00,0x21,0x04,0x00,0x21,0x04,0x00,
  0x21,0x04,0x00,0x19,0x04,0x00,0x21,0x04,0x00,0x21,0x04,0x00,0x21,0x04,0x00,0x21,
  0x04,0x00,0x19,0x04,0x00,0x19,0x04,0x00,0x21,0x04,0x00,0x21,0x04,0x00,0x21,0x04,
  0x00,0x21,0x04,0x00,0x21,0x04,0x00,0x19,0x04,0x00,0x21,0x04,0x00,0x21,0x04,0x00,
  0x21,0x04,0x00,0x21,0x24,0x00,0x10,0xa2,0x00,0x08,0x61,0xff,0x39,0x43,0xff,0x39,
  0x43,0xff,0x62,0x05,0xff,0x62,0x04,0xff,0x51,0xc3,0xff,0x51,0xc4,0xff,0x49,0x83,
  0xff,0x49,0x83,0xff,0x59,0xc4,0xff,0x51,0xa3,0xff,0x49,0x83,0xff,0x30,0xe2,0xff,
  0x30,0xe2,0xff,0x41,0x63,0xff,0x51,0xa3,0xff,0x61,0xe4,0xff,0x62,0x24,0xff,0x62,
  0x24,0xff,0x62,0x24,0xff,0x61,0xe4,0xff,0x62,0x04,0xff,0x6a,0x04,0xff,0x6a,0x24,
  0xff,0x6a,0x24,0xff,0x6a,0x24,0xff,0x6a,0x24,0xff,0x62,0x04,0xff,0x59,0xc4,0xff,
  0x59,0xc4,0xff,0x59,0xc4,0xff,0x59,0xe4,0xff,0x51,0xa4,0xff,0x49,0x83,0xff,0x49,
  0x83,0xff,0x49,0x83,0xff,0x49,0xa4,0xff,0x10,0x61,0xff,0x00,0x00,0xff,0x18,0xa2,
  0xff,0x18,0xa2,0xff,0x39,0x43,0xff,0x41,0x63,0xff,0x41,0x63,0xff,0x39,0x42,0xff,
  0x39,0x42,0xff,0x51,0xc4,0xff,0x59,0xc4,0xff,0x59,0xe4,0xff,0x51,0xc4,0xff,0x51,
  0xa4,0xff,0x51,0xa4,0xff,0x49,0x83,0xff,0x51,0xc4,0xff,0x59,0xc4,0xff,0x59,0xe4,
  0xff,0x59,0xe4,0xff,0x49,0xa3,0xff,0x41,0x63,0xff,0x49,0xa4,0xff,0x59,0xe4,0xff,
  0x59,0xe4,0xff,0x59,0xe4,0xff,0x59,0xe4,0xff,0x51,0xc4,0xff,0x49,0xa3,0xff,0x49,
  0x83,0xff,0x49,0x83,0xff,0x49,0x63,0xff,0x41,0x63,0xff,0x49,0x83,0xff,0x39,0x43,
  0xff,0x39,0x43,0xff,0x18,0xa1,0xff,0x08,0x41,0xff,0x19,0x04,0x00,0x21,0x04,0x00,
  0x21,0x04,0x00,0x21,0x24,0x00,0x21,0x04,0x00,0x21,0x04,0x00,0x21,0x04,0x00,0x21,
  0x04,0x00,0x21,0x04,0x00,0x21,0x04,0x00,0x21,0x04,0x00,0x21,0x04,0x00,0x19,0x04,
  0x00,0x19,0x04,0x00,0x19,0x04,0x00,0x21,0x04,0x00,0x21,0x04,0x00,0x21,0x04,0x00,
  0x21,0x04,0x00,0x21,0x04,0x00,0x19,0x04,0x00,0x21,0x04,0x00,0x21,0x04,0x00,0x21,
  0x04,0x00,0x21,0x04,0x00,0x21,0x04,0x00,0x21,0x04,0x00,0x21,0x04,0x00,0x21,0x04,
  0x00,0x21,0x04,0x00,0x21,0x04,0x00,0x21,0x04,0x00,0x21,0x04,0x00,0x21,0x04,0x00,
  0x21,0x04,0x00,0x21,0x04,0x00,0x21,0x04,0x00,0x21,0x04,0x00,0x21,0x04,0x00,0x21,
  0x04,0x00,0x21,0x04,0x00,0x21,0x04,0x00,0x21,0x04,0x00,0x21,0x04,0x00,0x19,0x04,
  0x00,0x19,0x04,0x00,0x19,0x04,0x00,0x08,0x41,0xff,0x18,0x81,0xff,0x5a,0x04,0xff,
  0x5a,0x04,0xff,0x51,0x63,0xff,0x59,0xe4,0xff,0x51,0xc3,0xff,0x31,0x03,0xff,0x51,
  0xa3,0xff,0x51,0xa3,0xff,0x93,0x06,0xff,0x8a,0xc6,0xff,0x7a,0xa6,0xff,0x6a,0x45,
  0xff,0x6a,0x45,0xff,0x59,0xe4,0xff,0x41,0x22,0xff,0x41,0x22,0xff,0x38,0xe1,0xff,
  0x38,0xe1,0xff,0x39,0x02,0xff,0x41,0x22,0xff,0x51,0xa3,0xff,0x61,0xe4,0xff,0x6a,
  0x24,0xff,0x6a,0x24,0xff,0x6a,0x24,0xff,0x6a,0x24,0xff,0x62,0x04,0xff,0x62,0x05,
  0xff,0x62,0x05,0xff,0x59,0xc4,0xff,0x59,0xe5,0xff,0x51,0xc4,0xff,0x51,0xc4,0xff,
  0x51,0xc4,0xff,0x49,0xa4,0xff,0x49,0x83,0xff,0x39,0x43,0xff,0x20,0xc2,0xff,0x00,
  0x00,0xff,0x00,0x00,0xff,0x20,0xa2,0xff,0x41,0x83,0xff,0x41,0x63,0xff,0x39,0x22,
  0xff,0x39,0x22,0xff,0x41,0x63,0xff,0x49,0x63,0xff,0x51,0xc4,0xff,0x59,0xe4,0xff,
  0x59,0xe4,0xff,0x59,0xe4,0xff,0x51,0xa3,0xff,0x59,0xe4,0xff,0x5a,0x05,0xff,0x59,
  0xc4,0xff,0x59,0xc4,0xff,0x51,0xa4,0xff,0x51,0xa4,0xff,0x51,0xc4,0xff,0x5a,0x04,
  0xff,0x5a,0x04,0xff,0x62,0x25,0xff,0x51,0xc4,0xff,0x41,0x63,0xff,0x41,0x63,0xff,
  0x39,0x02,0xff,0x39,0x02,0xff,0x41,0x63,0xff,0x49,0x83,0xff,0x39,0x43,0xff,0x08,
  0x41,0xff,0x08,0x41,0xff,0x08,0x41,0xff,0x19,0x03,0x00,0x29,0x45,0x00,0x21,0x04,
  0x00,0x21,0x04,0x00,0x21,0x04,0x00,0x21,0x04,0x00,0x21,0x04,0x00,0x21,0x04,0x00,
  0x21,0x04,0x00,0x21,0x04,0x00,0x21,0x04,0x00,0x21,0x04,0x00,0x21,0x04,0x00,0x21,
  0x04,0x00,0x21,0x04,0x00,0x19,0x04,0x00,0x21,0x04,0x00,0x21,0x04,0x00,0x21,0x04,
  0x00,0x21,0x04,0x00,0x21,0x04,0x00,0x21,0x04,0x00,0x21,0x04,0x00,0x21,0x04,0x00,
  0x21,0x04,0x00,0x21,0x04,0x00,0x21,0x04,0x00,0x21,0x04,0x00,0x21,0x04,0x00,0x21,
  0x04,0x00,0x21,0x04,0x00,0x21,0x04,0x00,0x21,0x04,0x00,0x21,0x04,0x00,0x21,0x04,
  0x00,0x21,0x04,0x00,0x21,0x04,0x00,0x21,0x04,0x00,0x21,0x04,0x00,0x21,0x04,0x00,
  0x21,0x04,0x00,0x21,0x04,0x00,0x21,0x04,0x00,0x21,0x04,0x00,0x21,0x04,0x00,0x19,
  0x04,0x00,0x19,0x04,0x00,0x19,0x04,0x00,0x08,0x41,0xff,0x18,0x81,0xff,0x5a,0x04,
  0xff,0x5a,0x04,0xff,0x51,0x63,0xff,0x59,0xe4,0xff,0x51,0xc3,0xff,0x31,0x03,0xff,
  0x51,0xa3,0xff,0x51,0xa3,0xff,0x93,0x06,0xff,0x8a,0xc6,0xff,0x7a,0xa6,0xff,0x6a,
  0x45,0xff,0x6a,0x45,0xff,0x59,0xe4,0xff,0x41,0x22,0xff,0x41,0x22,0xff,0x38,0xe1,
  0xff,0x38,0xe1,0xff,0x39,0x02,0xff,0x41,0x22,0xff,0x51,0xa3,0xff,0x61,0xe4,0xff,
  0x6a,0x24,0xff,0x6a,0x24,0xff,0x6a,0x24,0xff,0x6a,0x24,0xff,0x62,0x04,0xff,0x62,
  0x05,0xff,0x62,0x05,0xff,0x59,0xc4,0xff,0x59,0xe5,0xff,0x51,0xc4,0xff,0x51,0xc4,
  0xff,0x51,0xc4,0xff,0x49,0xa4,0xff,0x49,0x83,0xff,0x39,0x43,0xff,0x20,0xc2,0xff,
  0x00,0x00,0xff,0x00,0x00,0xff,0x20,0xa2,0xff,0x41,0x83,0xff,0x41,0x63,0xff,0x39,
  0x22,0xff,0x39,0x22,0xff,0x41,0x63,0xff,0x49,0x63,0xff,0x51,0xc4,0xff,0x59,0xe4,
  0xff,0x59,0xe4,0xff,0x59,0xe4,0xff,0x51,0xa3,0xff,0x59,0xe4,0xff,0x5a,0x05,0xff,
  0x59,0xc4,0xff,0x59,0xc4,0xff,0x51,0xa4,0xff,0x51,0xa4,0xff,0x51,0xc4,0xff,0x5a,
  0x04,0xff,0x5a,0x04,0xff,0x62,0x25,0xff,0x51,0xc4,0xff,0x41,0x63,0xff,0x41,0x63,
  0xff,0x39,0x02,0xff,0x39,0x02,0xff,0x41,0x63,0xff,0x49,0x83,0xff,0x39,0x43,0xff,
  0x08,0x41,0xff,0x08,0x41,0xff,0x08,0x41,0xff,0x19,0x03,0x00,0x29,0x45,0x00,0x21,
  0x04,0x00,0x21,0x04,0x00,0x21,0x04,0x00,0x21,0x04,0x00,0x21,0x04,0x00,0x21,0x04,
  0x00,0x21,0x04,0x00,0x21,0x04,0x00,0x21,0x04,0x00,0x21,0x04,0x00,0x21,0x04,0x00,
  0x21,0x04,0x00,0x21,0x04,0x00,0x19,0x04,0x00,0x21,0x04,0x00,0x21,0x04,0x00,0x21,
  0x04,0x00,0x21,0x04,0x00,0x21,0x04,0x00,0x21,0x04,0x00,0x21,0x04,0x00,0x21,0x04,
  0x00,0x21,0x04,0x00,0x21,0x04,0x00,0x21,0x04,0x00,0x21,0x04,0x00,0x21,0x04,0x00,
  0x19,0x04,0x00,0x19,0x04,0x00,0x21,0x04,0x00,0x21,0x04,0x00,0x21,0x04,0x00,0x21,
  0x04,0x00,0x21,0x04,0x00,0x21,0x04,0x00,0x21,0x04,0x00,0x19,0x04,0x00,0x21,0x04,
  0x00,0x21,0x04,0x00,0x21,0x04,0x00,0x21,0x04,0x00,0x21,0x04,0x00,0x21,0x04,0x00,
  0x21,0x04,0x00,0x21,0x04,0x00,0x10,0x82,0x00,0x20,0xe2,0x00,0x72,0x85,0xff,0x7a,
  0xa5,0xff,0x7a,0xa5,0xff,0x59,0xc3,0xff,0x51,0xc4,0xff,0x41,0x83,0xff,0x31,0x02,
  0xff,0x8a,0xc6,0xff,0x8a,0xc6,0xff,0x8a,0xe6,0xff,0x69,0xe3,0xff,0x69,0xe4,0xff,
  0x6a,0x24,0xff,0x6a,0x24,0xff,0x6a,0x04,0xff,0x72,0x45,0xff,0x72,0x65,0xff,0x6a,
  0x25,0xff,0x6a,0x25,0xff,0x7a,0xc6,0xff,0x83,0x07,0xff,0x7a,0xc7,0xff,0x51,0xa4,
  0xff,0x49,0x63,0xff,0x49,0x63,0xff,0x49,0x83,0xff,0x41,0x63,0xff,0x39,0x22,0xff,
  0x41,0x43,0xff,0x41,0x43,0xff,0x31,0x23,0xff,0x39,0x43,0xff,0x39,0x23,0xff,0x39,
  0x43,0xff,0x39,0x43,0xff,0x39,0x23,0xff,0x39,0x23,0xff,0x39,0x63,0xff,0x39,0x43,
  0xff,0x10,0x61,0xff,0x10,0x61,0xff,0x10,0x81,0xff,0x20,0xc2,0xff,0x39,0x63,0xff,
  0x41,0x63,0xff,0x41,0x63,0xff,0x41,0x83,0xff,0x41,0x43,0xff,0x49,0x84,0xff,0x41,
  0x43,0xff,0x49,0x83,0xff,0x49,0x83,0xff,0x49,0xa3,0xff,0x49,0xa3,0xff,0x49,0x83,
  0xff,0x49,0xa4,0xff,0x49,0xa4,0xff,0x49,0xa3,0xff,0x51,0xc4,0xff,0x49,0x83,0xff,
  0x51,0xc4,0xff,0x51,0xc4,0xff,0x49,0xa3,0xff,0x49,0x63,0xff,0x41,0x63,0xff,0x41,
  0x63,0xff,0x39,0x42,0xff,0x39,0x42,0xff,0x41,0x63,0xff,0x29,0x02,0xff,0x08,0x20,
  0xff,0x08,0x41,0xff,0x08,0x41,0xff,0x08,0x61,0xff,0x21,0x03,0x00,0x21,0x24,0x00,
  0x21,0x04,0x00,0x21,0x04,0x00,0x21,0x04,0x00,0x21,0x04,0x00,0x21,0x04,0x00,0x21,
  0x04,0x00,0x21,0x04,0x00,0x21,0x04,0x00,0x21,0x04,0x00,0x21,0x04,0x00,0x21,0x04,
  0x00,0x21,0x04,0x00,0x21,0x04,0x00,0x21,0x04,0x00,0x19,0x04,0x00,0x21,0x04,0x00,
  0x21,0x04,0x00,0x21,0x04,0x00,0x21,0x04,0x00,0x21,0x04,0x00,0x21,0x04,0x00,0x21,
  0x04,0x00,0x21,0x04,0x00,0x21,0x04,0x00,0x19,0x04,0x00,0x19,0x04,0x00,0x19,0x04,
  0x00,0x19,0x04,0x00,0x19,0x04,0x00,0x21,0x04,0x00,0x21,0x04,0x00,0x21,0x04,0x00,
  0x21,0x04,0x00,0x21,0x04,0x00,0x21,0x04,0x00,0x21,0x04,0x00,0x19,0x04,0x00,0x19,
  0x04,0x00,0x21,0x04,0x00,0x21,0x04,0x00,0x21,0x04,0x00,0x21,0x04,0x00,0x21,0x04,
  0x00,0x21,0x04,0x00,0x21,0x04,0x00,0x00,0x20,0xff,0x41,0xa3,0xff,0xa3,0xc9,0xff,
  0x59,0xa2,0xff,0x59,0xa2,0xff,0x6a,0x24,0xff,0x41,0x63,0xff,0x20,0xa1,0xff,0x72,
  0x85,0xff,0x92,0xe6,0xff,0x92,0xe6,0xff,0x69,0xc3,0xff,0x72,0x65,0xff,0x72,0x65,
  0xff,0x6a,0x04,0xff,0x6a,0x04,0xff,0x72,0x45,0xff,0x6a,0x24,0xff,0x6a,0x04,0xff,
  0x72,0x65,0xff,0x72,0x65,0xff,0x7a,0x85,0xff,0x7a,0xa6,0xff,0x6a,0x45,0xff,0x41,
  0x43,0xff,0x49,0x84,0xff,0x49,0x84,0xff,0x6a,0x65,0xff,0x62,0x45,0xff,0x51,0x84,
  0xff,0x49,0x83,0xff,0x49,0x83,0xff,0x39,0x22,0xff,0x39,0x02,0xff,0x39,0x43,0xff,
  0x41,0x63,0xff,0x41,0x63,0xff,0x30,0xe2,0xff,0x39,0x23,0xff,0x30,0xe2,0xff,0x31,
  0x02,0xff,0x31,0x02,0xff,0x31,0x02,0xff,0x18,0x81,0xff,0x10,0x41,0xff,0x20,0xe2,
  0xff,0x20,0xa1,0xff,0x20,0xa1,0xff,0x39,0x23,0xff,0x49,0x84,0xff,0x39,0x43,0xff,
  0x39,0x02,0xff,0x39,0x43,0xff,0x39,0x43,0xff,0x39,0x43,0xff,0x39,0x43,0xff,0x39,
  0x22,0xff,0x41,0x43,0xff,0x41,0x43,0xff,0x39,0x43,0xff,0x39,0x43,0xff,0x39,0x43,
  0xff,0x39,0x43,0xff,0x39,0x43,0xff,0x39,0x23,0xff,0x39,0x43,0xff,0x30,0xe2,0xff,
  0x39,0x22,0xff,0x39,0x43,0xff,0x39,0x43,0xff,0x28,0xe2,0xff,0x08,0x20,0xff,0x28,
  0xe2,0xff,0x41,0xa4,0xff,0x41,0xa4,0xff,0x00,0x20,0xff,0x20,0xe3,0x00,0x21,0x04,
  0x00,0x21,0x04,0x00,0x21,0x04,0x00,0x21,0x04,0x00,0x21,0x04,0x00,0x21,0x04,0x00,
  0x21,0x04,0x00,0x21,0x04,0x00,0x21,0x04,0x00,0x19,0x04,0x00,0x21,0x04,0x00,0x21,
  0x04,0x00,0x21,0x04,0x00,0x21,0x04,0x00,0x21,0x04,0x00,0x19,0x04,0x00,0x19,0x04,
  0x00,0x21,0x04,0x00,0x21,0x04,0x00,0x21,0x04,0x00,0x21,0x04,0x00,0x21,0x04,0x00,
  0x21,0x04,0x00,0x19,0x04,0x00,0x19,0x04,0x00,0x19,0x04,0x00,0x19,0x04,0x00,0x19,
  0x04,0x00,0x19,0x04,0x00,0x19,0x04,0x00,0x21,0x04,0x00,0x21,0x04,0x00,0x21,0x04,
  0x00,0x21,0x04,0x00,0x21,0x04,0x00,0x21,0x04,0x00,0x21,0x04,0x00,0x19,0x04,0x00,
  0x19,0x04,0x00,0x21,0x04,0x00,0x21,0x04,0x00,0x21,0x04,0x00,0x21,0x04,0x00,0x21,
  0x04,0x00,0x18,0xe3,0x00,0x18,0xe3,0x00,0x00,0x00,0xff,0x28,0xe2,0xff,0x6a,0x65,
  0xff,0x6a,0x03,0xff,0x6a,0x03,0xff,0x62,0x04,0xff,0x39,0x43,0xff,0x39,0x43,0xff,
  0xa3,0x88,0xff,0x7a,0x85,0xff,0x7a,0x85,0xff,0x72,0x24,0xff,0x7a,0x85,0xff,0x7a,
  0xa5,0xff,0x72,0x44,0xff,0x72,0x44,0xff,0x72,0x85,0xff,0x62,0x04,0xff,0x62,0x04,
  0xff,0x62,0x04,0xff,0x62,0x04,0xff,0x6a,0x04,0xff,0x6a,0x04,0xff,0x72,0x65,0xff,
  0x6a,0x45,0xff,0x72,0x66,0xff,0x72,0x66,0xff,0x82,0xc6,0xff,0x82,0xe7,0xff,0x7a,
  0x86,0xff,0x72,0x86,0xff,0x72,0x86,0xff,0x6a,0x45,0xff,0x62,0x25,0xff,0x6a,0x25,
  0xff,0x6a,0x65,0xff,0x6a,0x65,0xff,0x5a,0x04,0xff,0x5a,0x04,0xff,0x51,0xa4,0xff,
  0x49,0xa3,0xff,0x49,0xa4,0xff,0x49,0xa4,0xff,0x41,0x83,0xff,0x20,0xc2,0xff,0x10,
  0x61,0xff,0x08,0x40,0xff,0x08,0x40,0xff,0x18,0xa1,0xff,0x31,0x22,0xff,0x49,0x83,
  0xff,0x41,0x63,0xff,0x41,0x63,0xff,0x41,0x63,0xff,0x39,0x22,0xff,0x39,0x63,0xff,
  0x41,0x63,0xff,0x39,0x63,0xff,0x39,0x63,0xff,0x39,0x43,0xff,0x41,0x63,0xff,0x41,
  0x83,0xff,0x39,0x43,0xff,0x39,0x43,0xff,0x31,0x02,0xff,0x41,0x63,0xff,0x39,0x43,
  0xff,0x39,0x63,0xff,0x18,0x81,0xff,0x18,0x81,0xff,0x08,0x20,0xff,0x10,0x40,0xff,
  0x62,0x65,0xff,0x41,0x83,0xff,0x41,0x83,0xff,0x00,0x00,0xff,0x21,0x24,0x00,0x21,
  0x24,0x00,0x21,0x04,0x00,0x21,0x04,0x00,0x21,0x04,0x00,0x21,0x04,0x00,0x21,0x04,
  0x00,0x21,0x04,0x00,0x21,0x04,0x00,0x21,0x04,0x00,0x19,0x04,0x00,0x21,0x04,0x00,
  0x21,0x04,0x00,0x21,0x04,0x00,0x21,0x04,0x00,0x21,0x04,0x00,0x19,0x04,0x00,0x19,
  0x04,0x00,0x21,0x04,0x00,0x21,0x04,0x00,0x21,0x04,0x00,0x21,0x04,0x00,0x21,0x04,
  0x00,0x21,0x04,0x00,0x19,0x04,0x00,0x19,0x04,0x00,0x19,0x04,0x00,0x19,0x04,0x00,
  0x19,0x04,0x00,0x21,0x04,0x00,0x21,0x04,0x00,0x21,0x04,0x00,0x21,0x04,0x00,0x21,
  0x04,0x00,0x21,0x04,0x00,0x21,0x04,0x00,0x21,0x04,0x00,0x21,0x04,0x00,0x19,0x04,
  0x00,0x19,0x04,0x00,0x21,0x04,0x00,0x21,0x04,0x00,0x21,0x04,0x00,0x21,0x04,0x00,
  0x21,0x04,0x00,0x10,0xc3,0x00,0x10,0xc3,0x00,0x08,0x41,0xff,0x30,0xe2,0xff,0x51,
  0x83,0xff,0x62,0x24,0xff,0x62,0x24,0xff,0x41,0x42,0xff,0x18,0x61,0xff,0x72,0x86,
  0xff,0x7a,0x65,0xff,0x61,0xe4,0xff,0x61,0xe4,0xff,0x7a,0x65,0xff,0x72,0x44,0xff,
  0x6a,0x04,0xff,0x59,0xe4,0xff,0x59,0xe4,0xff,0x51,0xa3,0xff,0x62,0x25,0xff,0x6a,
  0x45,0xff,0x62,0x04,0xff,0x62,0x04,0xff,0x6a,0x45,0xff,0x6a,0x25,0xff,0x72,0x65,
  0xff,0x6a,0x25,0xff,0x6a,0x25,0xff,0x6a,0x25,0xff,0x62,0x05,0xff,0x6a,0x24,0xff,
  0x6a,0x45,0xff,0x62,0x04,0xff,0x62,0x04,0xff,0x62,0x04,0xff,0x6a,0x25,0xff,0x61,
  0xe4,0xff,0x62,0x04,0xff,0x62,0x04,0xff,0x62,0x24,0xff,0x59,0xe4,0xff,0x59,0xe4,
  0xff,0x62,0x04,0xff,0x51,0xa3,0xff,0x51,0xa3,0xff,0x59,0xe4,0xff,0x39,0x43,0xff,
  0x08,0x20,0xff,0x08,0x41,0xff,0x08,0x41,0xff,0x08,0x61,0xff,0x10,0x61,0xff,0x39,
  0x63,0xff,0x39,0x63,0xff,0x41,0x63,0xff,0x41,0x63,0xff,0x39,0x63,0xff,0x39,0x63,
  0xff,0x31,0x02,0xff,0x39,0x43,0xff,0x39,0x43,0xff,0x41,0x83,0xff,0x39,0x43,0xff,
  0x39,0x22,0xff,0x41,0x83,0xff,0x41,0x83,0xff,0x39,0x63,0xff,0x29,0x02,0xff,0x20,
  0xa1,0xff,0x10,0x61,0xff,0x18,0x81,0xff,0x18,0x81,0xff,0x20,0xc2,0xff,0x31,0x03,
  0xff,0x51,0xc4,0xff,0x18,0x81,0xff,0x18,0x81,0xff,0x08,0x41,0xff,0x21,0x24,0x00,
  0x21,0x04,0x00,0x21,0x04,0x00,0x21,0x04,0x00,0x21,0x04,0x00,0x21,0x04,0x00,0x21,
  0x04,0x00,0x21,0x04,0x00,0x21,0x04,0x00,0x21,0x04,0x00,0x21,0x04,0x00,0x19,0x04,
  0x00,0x21,0x04,0x00,0x21,0x04,0x00,0x21,0x04,0x00,0x21,0x04,0x00,0x19,0x04,0x00,
  0x19,0x04,0x00,0x21,0x04,0x00,0x21,0x04,0x00,0x21,0x04,0x00,0x21,0x04,0x00,0x21,
  0x04,0x00,0x21,0x04,0x00,0x19,0x04,0x00,0x19,0x04,0x00,0x19,0x04,0x00,0x19,0x04,
  0x00,0x19,0x04,0x00,0x21,0x04,0x00,0x21,0x04,0x00,0x21,0x04,0x00,0x21,0x04,0x00,
  0x21,0x04,0x00,0x21,0x04,0x00,0x21,0x04,0x00,0x21,0x04,0x00,0x21,0x04,0x00,0x19,
  0x04,0x00,0x19,0x04,0x00,0x21,0x04,0x00,0x21,0x04,0x00,0x21,0x04,0x00,0x21,0x04,
  0x00,0x21,0x04,0x00,0x10,0xc3,0x00,0x10,0xc3,0x00,0x08,0x41,0xff,0x30,0xe2,0xff,
  0x51,0x83,0xff,0x62,0x24,0xff,0x62,0x24,0xff,0x41,0x42,0xff,0x18,0x61,0xff,0x72,
  0x86,0xff,0x7a,0x65,0xff,0x61,0xe4,0xff,0x61,0xe4,0xff,0x7a,0x65,0xff,0x72,0x44,
  0xff,0x6a,0x04,0xff,0x59,0xe4,0xff,0x59,0xe4,0xff,0x51,0xa3,0xff,0x62,0x25,0xff,
  0x6a,0x45,0xff,0x62,0x04,0xff,0x62,0x04,0xff,0x6a,0x45,0xff,0x6a,0x25,0xff,0x72,
  0x65,0xff,0x6a,0x25,0xff,0x6a,0x25,0xff,0x6a,0x25,0xff,0x62,0x05,0xff,0x6a,0x24,
  0xff,0x6a,0x45,0xff,0x62,0x04,0xff,0x62,0x04,0xff,0x62,0x04,0xff,0x6a,0x25,0xff,
  0x61,0xe4,0xff,0x62,0x04,0xff,0x62,0x04,0xff,0x62,0x24,0xff,0x59,0xe4,0xff,0x59,
  0xe4,0xff,0x62,0x04,0xff,0x51,0xa3,0xff,0x51,0xa3,0xff,0x59,0xe4,0xff,0x39,0x43,
  0xff,0x08,0x20,0xff,0x08,0x41,0xff,0x08,0x41,0xff,0x08,0x61,0xff,0x10,0x61,0xff,
  0x39,0x63,0xff,0x39,0x63,0xff,0x41,0x63,0xff,0x41,0x63,0xff,0x39,0x63,0xff,0x39,
  0x63,0xff,0x31,0x02,0xff,0x39,0x43,0xff,0x39,0x43,0xff,0x41,0x83,0xff,0x39,0x43,
  0xff,0x39,0x22,0xff,0x41,0x83,0xff,0x41,0x83,0xff,0x39,0x63,0xff,0x29,0x02,0xff,
  0x20,0xa1,0xff,0x10,0x61,0xff,0x18,0x81,0xff,0x18,0x81,0xff,0x20,0xc2,0xff,0x31,
  0x03,0xff,0x51,0xc4,0xff,0x18,0x81,0xff,0x18,0x81,0xff,0x08,0x41,0xff,0x21,0x24,
  0x00,0x21,0x04,0x00,0x21,0x04,0x00,0x21,0x04,0x00,0x21,0x04,0x00,0x21,0x04,0x00,
  0x21,0x04,0x00,0x21,0x04,0x00,0x21,0x04,0x00,0x21,0x04,0x00,0x21,0x04,0x00,0x19,
  0x04,0x00,0x21,0x04,0x00,0x21,0x04,0x00,0x21,0x04,0x00,0x21,0x04,0x00,0x19,0x04,
  0x00,0x19,0x04,0x00,0x21,0x04,0x00,0x21,0x04,0x00,0x21,0x04,0x00,0x21,0x04,0x00,
  0x19,0x04,0x00,0x21,0x04,0x00,0x21,0x04,0x00,0x21,0x04,0x00,0x21,0x04,0x00,0x21,
  0x04,0x00,0x21,0x04,0x00,0x19,0x04,0x00,0x19,0x04,0x00,0x19,0x04,0x00,0x19,0x04,
  0x00,0x21,0x04,0x00,0x21,0x04,0x00,0x21,0x04,0x00,0x21,0x04,0x00,0x21,0x04,0x00,
  0x19,0x04,0x00,0x19,0x04,0x00,0x21,0x04,0x00,0x21,0x04,0x00,0x21,0x04,0x00,0x18,
  0xe4,0x00,0x21,0x04,0x00,0x00,0x21,0xff,0x00,0x21,0xff,0x18,0x81,0xff,0x62,0x65,
  0xff,0x59,0xc4,0xff,0x59,0xe4,0xff,0x59,0xe4,0xff,0x28,0xe2,0xff,0x31,0x03,0xff,
  0x8b,0x07,0xff,0x61,0xe3,0xff,0x6a,0x24,0xff,0x6a,0x24,0xff,0x72,0x45,0xff,0x72,
  0x44,0xff,0x6a,0x45,0xff,0x61,0xe4,0xff,0x61,0xe4,0xff,0x51,0x83,0xff,0x59,0xe4,
  0xff,0x62,0x25,0xff,0x62,0x24,0xff,0x62,0x24,0xff,0x6a,0x25,0xff,0x62,0x04,0xff,
  0x6a,0x25,0xff,0x62,0x04,0xff,0x61,0xe4,0xff,0x61,0xe4,0xff,0x61,0xe4,0xff,0x62,
  0x25,0xff,0x61,0xe4,0xff,0x61,0xe4,0xff,0x61,0xe4,0xff,0x62,0x04,0xff,0x62,0x05,
  0xff,0x62,0x04,0xff,0x62,0x04,0xff,0x62,0x04,0xff,0x59,0xe4,0xff,0x59,0xc4,0xff,
  0x59,0xc4,0xff,0x59,0xe4,0xff,0x59,0xc4,0xff,0x59,0xc4,0xff,0x62,0x25,0xff,0x51,
  0xe4,0xff,0x10,0x61,0xff,0x18,0xc2,0xff,0x18,0xc2,0xff,0x29,0x23,0xff,0x10,0x61,
  0xff,0x08,0x61,0xff,0x10,0x61,0xff,0x28,0xe2,0xff,0x28,0xe2,0xff,0x39,0x22,0xff,
  0x41,0x63,0xff,0x39,0x43,0xff,0x39,0x43,0xff,0x39,0x43,0xff,0x39,0x22,0xff,0x41,
  0x63,0xff,0x41,0x63,0xff,0x39,0x43,0xff,0x39,0x43,0xff,0x20,0xc1,0xff,0x08,0x20,
  0xff,0x00,0x00,0xff,0x10,0x61,0xff,0x31,0x22,0xff,0x31,0x22,0xff,0x39,0x43,0xff,
  0x41,0x43,0xff,0x39,0x43,0xff,0x08,0x20,0xff,0x08,0x20,0xff,0x10,0xa2,0x00,0x21,
  0x24,0x00,0x21,0x04,0x00,0x21,0x04,0x00,0x21,0x04,0x00,0x21,0x04,0x00,0x21,0x04,
  0x00,0x21,0x04,0x00,0x21,0x04,0x00,0x21,0x04,0x00,0x21,0x04,0x00,0x21,0x04,0x00,
  0x19,0x04,0x00,0x19,0x04,0x00,0x19,0x04,0x00,0x19,0x04,0x00,0x21,0x04,0x00,0x19,
  0x04,0x00,0x21,0x04,0x00,0x19,0x04,0x00,0x19,0x04,0x00,0x19,0x04,0x00,0x21,0x04,
  0x00,0x19,0x04,0x00,0x21,0x04,0x00,0x21,0x04,0x00,0x21,0x04,0x00,0x21,0x04,0x00,
  0x21,0x04,0x00,0x21,0x04,0x00,0x21,0x04,0x00,0x21,0x04,0x00,0x19,0x04,0x00,0x19,
  0x04,0x00,0x21,0x04,0x00,0x21,0x04,0x00,0x21,0x04,0x00,0x21,0x04,0x00,0x21,0x04,
  0x00,0x19,0x04,0x00,0x21,0x04,0x00,0x21,0x04,0x00,0x21,0x04,0x00,0x19,0x04,0x00,
  0x19,0x04,0x00,0x18,0xc3,0x00,0x18,0x81,0x00,0x18,0x81,0x00,0x49,0x23,0xff,0x6a,
  0x45,0xff,0x59,0xc4,0xff,0x39,0x02,0xff,0x39,0x02,0xff,0x28,0xe1,0xff,0x7a,0xa7,
  0xff,0x6a,0x24,0xff,0x6a,0x04,0xff,0x72,0x25,0xff,0x72,0x25,0xff,0x6a,0x25,0xff,
  0x6a,0x24,0xff,0x6a,0x24,0xff,0x6a,0x24,0xff,0x6a,0x24,0xff,0x6a,0x25,0xff,0x51,
  0xa3,0xff,0x51,0xc4,0xff,0x6a,0x45,0xff,0x6a,0x45,0xff,0x6a,0x25,0xff,0x61,0xe4,
  0xff,0x62,0x04,0xff,0x62,0x04,0xff,0x62,0x25,0xff,0x62,0x25,0xff,0x62,0x04,0xff,
  0x62,0x04,0xff,0x62,0x04,0xff,0x62,0x04,0xff,0x62,0x04,0xff,0x61,0xe4,0xff,0x59,
  0xe4,0xff,0x62,0x04,0xff,0x62,0x04,0xff,0x62,0x04,0xff,0x61,0xe4,0xff,0x61,0xe4,
  0xff,0x51,0xa3,0xff,0x51,0xa3,0xff,0x59,0xe4,0xff,0x59,0xe4,0xff,0x62,0x04,0xff,
  0x49,0x84,0xff,0x08,0x41,0xff,0x28,0xe2,0xff,0x28,0xe2,0xff,0x41,0x83,0xff,0x29,
  0x02,0xff,0x08,0x40,0xff,0x08,0x20,0xff,0x18,0x81,0xff,0x18,0x81,0xff,0x29,0x02,
  0xff,0x31,0x43,0xff,0x31,0x03,0xff,0x31,0x23,0xff,0x31,0x23,0xff,0x31,0x23,0xff,
  0x31,0x23,0xff,0x31,0x02,0xff,0x28,0xe2,0xff,0x28,0xe2,0xff,0x10,0x61,0xff,0x18,
  0x81,0xff,0x18,0x81,0xff,0x29,0x03,0xff,0x31,0x02,0xff,0x31,0x02,0xff,0x28,0xc1,
  0xff,0x41,0x63,0xff,0x20,0xa2,0xff,0x00,0x00,0xff,0x00,0x00,0xff,0x20,0xe3,0x00,
  0x21,0x04,0x00,0x19,0x03,0x00,0x21,0x04,0x00,0x21,0x04,0x00,0x21,0x04,0x00,0x21,
  0x04,0x00,0x21,0x04,0x00,0x21,0x04,0x00,0x21,0x04,0x00,0x21,0x04,0x00,0x21,0x04,
  0x00,0x21,0x04,0x00,0x19,0x04,0x00,0x19,0x04,0x00,0x19,0x04,0x00,0x21,0x04,0x00,
  0x19,0x04,0x00,0x21,0x04,0x00,0x19,0x04,0x00,0x19,0x04,0x00,0x19,0x04,0x00,0x19,
  0x04,0x00,0x19,0x04,0x00,0x21,0x04,0x00,0x21,0x04,0x00,0x21,0x04,0x00,0x21,0x04,
  0x00,0x21,0x04,0x00,0x21,0x04,0x00,0x21,0x04,0x00,0x21,0x04,0x00,0x19,0x04,0x00,
  0x19,0x04,0x00,0x21,0x04,0x00,0x21,0x04,0x00,0x21,0x04,0x00,0x21,0x04,0x00,0x21,
  0x04,0x00,0x19,0x04,0x00,0x21,0x04,0x00,0x21,0x04,0x00,0x21,0x04,0x00,0x21,0x04,
  0x00,0x18,0xe4,0x00,0x08,0x61,0xff,0x6a,0x45,0xff,0x6a,0x45,0xff,0x82,0xa6,0xff,
  0x61,0xe4,0xff,0x59,0xc4,0xff,0x30,0xe2,0xff,0x30,0xe2,0xff,0x5a,0x25,0xff,0x9b,
  0xa9,0xff,0x61,0xe3,0xff,0x6a,0x25,0xff,0x6a,0x25,0xff,0x6a,0x25,0xff,0x6a,0x25,
  0xff,0x6a,0x24,0xff,0x6a,0x24,0xff,0x6a,0x24,0xff,0x6a,0x24,0xff,0x6a,0x24,0xff,
  0x6a,0x25,0xff,0x51,0xc4,0xff,0x49,0x83,0xff,0x49,0x83,0xff,0x62,0x05,0xff,0x6a,
  0x45,0xff,0x6a,0x25,0xff,0x61,0xe4,0xff,0x62,0x04,0xff,0x62,0x04,0xff,0x59,0xe4,
  0xff,0x59,0xc4,0xff,0x62,0x04,0xff,0x62,0x25,0xff,0x62,0x25,0xff,0x62,0x04,0xff,
  0x62,0x04,0xff,0x61,0xe4,0xff,0x62,0x04,0xff,0x62,0x04,0xff,0x62,0x04,0xff,0x62,
  0x25,0xff,0x59,0xe4,0xff,0x59,0xe4,0xff,0x59,0xe4,0xff,0x59,0xe4,0xff,0x62,0x04,
  0xff,0x59,0xe5,0xff,0x10,0x81,0xff,0x29,0x02,0xff,0x29,0x02,0xff,0x39,0x42,0xff,
  0x31,0x02,0xff,0x31,0x22,0xff,0x29,0x02,0xff,0x29,0x23,0xff,0x29,0x23,0xff,0x10,
  0x61,0xff,0x08,0x20,0xff,0x00,0x00,0xff,0x00,0x00,0xff,0x00,0x00,0xff,0x00,0x00,
  0xff,0x00,0x20,0xff,0x10,0x41,0xff,0x20,0xe2,0xff,0x20,0xe2,0xff,0x31,0x23,0xff,
  0x39,0x43,0xff,0x29,0x02,0xff,0x28,0xe2,0xff,0x28,0xe2,0xff,0x28,0xe2,0xff,0x31,
  0x22,0xff,0x39,0x63,0xff,0x20,0xc2,0xff,0x08,0x20,0xff,0x08,0x20,0xff,0x21,0x23,
  0x00,0x21,0x03,0x00,0x19,0x03,0x00,0x19,0x03,0x00,0x19,0x03,0x00,0x21,0x04,0x00,
  0x21,0x04,0x00,0x21,0x04,0x00,0x21,0x04,0x00,0x21,0x04,0x00,0x21,0x04,0x00,0x21,
  0x04,0x00,0x21,0x04,0x00,0x19,0x04,0x00,0x19,0x04,0x00,0x19,0x04,0x00,0x19,0x04,
  0x00,0x19,0x04,0x00,0x19,0x04,0x00,0x21,0x04,0x00,0x21,0x04,0x00,0x19,0x04,0x00,
  0x21,0x04,0x00,0x21,0x04,0x00,0x21,0x04,0x00,0x21,0x04,0x00,0x21,0x04,0x00,0x21,
  0x04,0x00,0x21,0x04,0x00,0x21,0x04,0x00,0x21,0x04,0x00,0x21,0x04,0x00,0x19,0x04,
  0x00,0x19,0x04,0x00,0x21,0x04,0x00,0x19,0x04,0x00,0x19,0x04,0x00,0x21,0x04,0x00,
  0x21,0x04,0x00,0x19,0x04,0x00,0x21,0x04,0x00,0x21,0x04,0x00,0x21,0x04,0x00,0x21,
  0x04,0x00,0x18,0xe3,0x00,0x08,0x20,0xff,0x7a,0x86,0xff,0x7a,0x86,0xff,0x7a,0x85,
  0xff,0x61,0xe4,0xff,0x49,0x83,0xff,0x20,0xa1,0xff,0x20,0xa1,0xff,0x6a,0x46,0xff,
  0x82,0xc6,0xff,0x62,0x04,0xff,0x6a,0x25,0xff,0x6a,0x24,0xff,0x6a,0x24,0xff,0x6a,
  0x04,0xff,0x6a,0x04,0xff,0x6a,0x24,0xff,0x62,0x04,0xff,0x62,0x04,0xff,0x6a,0x04,
  0xff,0x6a,0x24,0xff,0x62,0x05,0xff,0x49,0x83,0xff,0x49,0x83,0xff,0x49,0x83,0xff,
  0x59,0xc4,0xff,0x62,0x04,0xff,0x5a,0x04,0xff,0x59,0xe4,0xff,0x59,0xe4,0xff,0x59,
  0xe4,0xff,0x62,0x04,0xff,0x59,0xe4,0xff,0x61,0xe4,0xff,0x61,0xe4,0xff,0x62,0x04,
  0xff,0x62,0x04,0xff,0x62,0x04,0xff,0x62,0x04,0xff,0x62,0x04,0xff,0x61,0xe4,0xff,
  0x62,0x05,0xff,0x62,0x04,0xff,0x59,0xe4,0xff,0x59,0xa4,0xff,0x59,0xa4,0xff,0x61,
  0xe4,0xff,0x6a,0x45,0xff,0x31,0x23,0xff,0x10,0x61,0xff,0x10,0x61,0xff,0x39,0x43,
  0xff,0x39,0x02,0xff,0x39,0x22,0xff,0x39,0x22,0xff,0x31,0x02,0xff,0x31,0x02,0xff,
  0x20,0xa1,0xff,0x10,0x61,0xff,0x10,0x61,0xff,0x10,0x61,0xff,0x10,0x61,0xff,0x10,
  0x41,0xff,0x18,0x81,0xff,0x20,0xa2,0xff,0x31,0x03,0xff,0x31,0x03,0xff,0x31,0x03,
  0xff,0x31,0x02,0xff,0x31,0x02,0xff,0x31,0x03,0xff,0x28,0xe2,0xff,0x28,0xe2,0xff,
  0x31,0x23,0xff,0x39,0x23,0xff,0x39,0x43,0xff,0x10,0x40,0xff,0x10,0x40,0xff,0x10,
  0xa2,0x00,0x21,0x24,0x00,0x18,0xe3,0x00,0x19,0x04,0x00,0x19,0x04,0x00,0x21,0x04,
  0x00,0x19,0x04,0x00,0x19,0x04,0x00,0x21,0x04,0x00,0x19,0x04,0x00,0x19,0x04,0x00,
  0x19,0x04,0x00,0x21,0x04,0x00,0x19,0x04,0x00,0x21,0x04,0x00,0x21,0x04,0x00,0x21,
  0x04,0x00,0x19,0x04,0x00,0x19,0x04,0x00,0x21,0x04,0x00,0x21,0x04,0x00,0x19,0x04,
  0x00,0x19,0x04,0x00,0x19,0x04,0x00,0x21,0x04,0x00,0x21,0x04,0x00,0x21,0x04,0x00,
  0x21,0x04,0x00,0x21,0x04,0x00,0x21,0x04,0x00,0x21,0x04,0x00,0x21,0x04,0x00,0x19,
  0x04,0x00,0x19,0x04,0x00,0x21,0x04,0x00,0x19,0x04,0x00,0x19,0x04,0x00,0x19,0x04,
  0x00,0x21,0x04,0x00,0x19,0x04,0x00,0x21,0x04,0x00,0x21,0x04,0x00,0x21,0x04,0x00,
  0x21,0x04,0x00,0x18,0xe3,0x00,0x00,0x20,0xff,0x59,0xa4,0xff,0x59,0xa4,0xff,0x6a,
  0x04,0xff,0x6a,0x44,0xff,0x51,0xc4,0xff,0x29,0x02,0xff,0x29,0x02,0xff,0x51,0xe4,
  0xff,0x6a,0x25,0xff,0x6a,0x25,0xff,0x6a,0x25,0xff,0x6a,0x24,0xff,0x6a,0x24,0xff,
  0x6a,0x24,0xff,0x6a,0x04,0xff,0x62,0x04,0xff,0x62,0x04,0xff,0x62,0x04,0xff,0x62,
  0x24,0xff,0x62,0x04,0xff,0x6a,0x24,0xff,0x62,0x04,0xff,0x62,0x04,0xff,0x51,0xa4,
  0xff,0x41,0x63,0xff,0x49,0x83,0xff,0x49,0x83,0xff,0x51,0xa4,0xff,0x51,0xa4,0xff,
  0x59,0xe4,0xff,0x62,0x24,0xff,0x61,0xe4,0xff,0x62,0x25,0xff,0x62,0x25,0xff,0x59,
  0xe4,0xff,0x62,0x04,0xff,0x62,0x04,0xff,0x62,0x04,0xff,0x62,0x04,0xff,0x62,0x24,
  0xff,0x6a,0x25,0xff,0x6a,0x25,0xff,0x6a,0x24,0xff,0x6a,0x05,0xff,0x6a,0x05,0xff,
  0x6a,0x45,0xff,0x6a,0x45,0xff,0x6a,0x86,0xff,0x28,0xe2,0xff,0x28,0xe2,0xff,0x31,
  0x23,0xff,0x41,0x83,0xff,0x39,0x43,0xff,0x31,0x02,0xff,0x39,0x22,0xff,0x39,0x22,
  0xff,0x39,0x23,0xff,0x31,0x23,0xff,0x39,0x23,0xff,0x39,0x43,0xff,0x39,0x43,0xff,
  0x31,0x23,0xff,0x39,0x43,0xff,0x31,0x23,0xff,0x31,0x23,0xff,0x31,0x23,0xff,0x31,
  0x02,0xff,0x39,0x23,0xff,0x31,0x23,0xff,0x39,0x23,0xff,0x31,0x23,0xff,0x31,0x23,
  0xff,0x41,0x63,0xff,0x41,0x84,0xff,0x51,0xe5,0xff,0x20,0xa1,0xff,0x20,0xa1,0xff,
  0x08,0x61,0xff,0x21,0x24,0x00,0x20,0xe3,0x00,0x21,0x04,0x00,0x21,0x04,0x00,0x21,
  0x04,0x00,0x21,0x04,0x00,0x21,0x04,0x00,0x19,0x04,0x00,0x19,0x04,0x00,0x19,0x04,
  0x00,0x19,0x04,0x00,0x19,0x04,0x00,0x19,0x04,0x00,0x21,0x04,0x00,0x21,0x04,0x00,
  0x21,0x04,0x00,0x21,0x04,0x00,0x21,0x04,0x00,0x19,0x04,0x00,0x19,0x04,0x00,0x19,
  0x04,0x00,0x21,0x04,0x00,0x19,0x04,0x00,0x21,0x04,0x00,0x21,0x04,0x00,0x21,0x04,
  0x00,0x21,0x04,0x00,0x21,0x04,0x00,0x21,0x04,0x00,0x21,0x04,0x00,0x21,0x04,0x00,
  0x19,0x04,0x00,0x19,0x04,0x00,0x21,0x04,0x00,0x19,0x04,0x00,0x19,0x04,0x00,0x19,
  0x04,0x00,0x21,0x04,0x00,0x19,0x04,0x00,0x21,0x04,0x00,0x21,0x04,0x00,0x21,0x04,
  0x00,0x21,0x04,0x00,0x18,0xe3,0x00,0x00,0x20,0xff,0x59,0xa4,0xff,0x59,0xa4,0xff,
  0x6a,0x04,0xff,0x6a,0x44,0xff,0x51,0xc4,0xff,0x29,0x02,0xff,0x29,0x02,0xff,0x51,
  0xe4,0xff,0x6a,0x25,0xff,0x6a,0x25,0xff,0x6a,0x25,0xff,0x6a,0x24,0xff,0x6a,0x24,
  0xff,0x6a,0x24,0xff,0x6a,0x04,0xff,0x62,0x04,0xff,0x62,0x04,0xff,0x62,0x04,0xff,
  0x62,0x24,0xff,0x62,0x04,0xff,0x6a,0x24,0xff,0x62,0x04,0xff,0x62,0x04,0xff,0x51,
  0xa4,0xff,0x41,0x63,0xff,0x49,0x83,0xff,0x49,0x83,0xff,0x51,0xa4,0xff,0x51,0xa4,
  0xff,0x59,0xe4,0xff,0x62,0x24,0xff,0x61,0xe4,0xff,0x62,0x25,0xff,0x62,0x25,0xff,
  0x59,0xe4,0xff,0x62,0x04,0xff,0x62,0x04,0xff,0x62,0x04,0xff,0x62,0x04,0xff,0x62,
  0x24,0xff,0x6a,0x25,0xff,0x6a,0x25,0xff,0x6a,0x24,0xff,0x6a,0x05,0xff,0x6a,0x05,
  0xff,0x6a,0x45,0xff,0x6a,0x45,0xff,0x6a,0x86,0xff,0x28,0xe2,0xff,0x28,0xe2,0xff,
  0x31,0x23,0xff,0x41,0x83,0xff,0x39,0x43,0xff,0x31,0x02,0xff,0x39,0x22,0xff,0x39,
  0x22,0xff,0x39,0x23,0xff,0x31,0x23,0xff,0x39,0x23,0xff,0x39,0x43,0xff,0x39,0x43,
  0xff,0x31,0x23,0xff,0x39,0x43,0xff,0x31,0x23,0xff,0x31,0x23,0xff,0x31,0x23,0xff,
  0x31,0x02,0xff,0x39,0x23,0xff,0x31,0x23,0xff,0x39,0x23,0xff,0x31,0x23,0xff,0x31,
  0x23,0xff,0x41,0x63,0xff,0x41,0x84,0xff,0x51,0xe5,0xff,0x20,0xa1,0xff,0x20,0xa1,
  0xff,0x08,0x61,0xff,0x21,0x24,0x00,0x20,0xe3,0x00,0x21,0x04,0x00,0x21,0x04,0x00,
  0x21,0x04,0x00,0x21,0x04,0x00,0x21,0x04,0x00,0x19,0x04,0x00,0x19,0x04,0x00,0x19,
  0x04,0x00,0x19,0x04,0x00,0x19,0x04,0x00,0x19,0x04,0x00,0x21,0x04,0x00,0x21,0x04,
  0x00,0x21,0x04,0x00,0x21,0x04,0x00,0x21,0x04,0x00,0x19,0x04,0x00,0x19,0x04,0x00,
  0x19,0x04,0x00,0x21,0x04,0x00,0x19,0x04,0x00,0x21,0x04,0x00,0x21,0x04,0x00,0x21,
  0x04,0x00,0x21,0x04,0x00,0x21,0x04,0x00,0x21,0x04,0x00,0x21,0x04,0x00,0x21,0x04,
  0x00,0x19,0x04,0x00,0x19,0x04,0x00,0x21,0x04,0x00,0x19,0x04,0x00,0x19,0x04,0x00,
  0x19,0x04,0x00,0x21,0x04,0x00,0x19,0x04,0x00,0x21,0x04,0x00,0x21,0x04,0x00,0x21,
  0x04,0x00,0x21,0x04,0x00,0x10,0xc3,0x00,0x00,0x00,0xff,0x41,0x43,0xff,0x41,0x43,
  0xff,0x59,0xc4,0xff,0x49,0x83,0xff,0x51,0xc4,0xff,0x31,0x02,0xff,0x31,0x02,0xff,
  0x41,0x43,0xff,0x62,0x04,0xff,0x6a,0x04,0xff,0x6a,0x25,0xff,0x62,0x04,0xff,0x62,
  0x04,0xff,0x6a,0x24,0xff,0x62,0x04,0xff,0x62,0x04,0xff,0x62,0x04,0xff,0x62,0x04,
  0xff,0x62,0x04,0xff,0x62,0x04,0xff,0x62,0x04,0xff,0x62,0x04,0xff,0x62,0x04,0xff,
  0x61,0xe4,0xff,0x62,0x04,0xff,0x59,0xe4,0xff,0x49,0x83,0xff,0x49,0x83,0xff,0x49,
  0x83,0xff,0x41,0x63,0xff,0x51,0xa4,0xff,0x59,0xe4,0xff,0x5a,0x04,0xff,0x5a,0x04,
  0xff,0x62,0x04,0xff,0x61,0xe4,0xff,0x61,0xe4,0xff,0x6a,0x25,0xff,0x6a,0x25,0xff,
  0x62,0x04,0xff,0x6a,0x25,0xff,0x61,0xe4,0xff,0x6a,0x45,0xff,0x6a,0x04,0xff,0x6a,
  0x04,0xff,0x6a,0x25,0xff,0x6a,0x04,0xff,0x82,0xc6,0xff,0x5a,0x25,0xff,0x5a,0x25,
  0xff,0x18,0xa1,0xff,0x41,0x63,0xff,0x39,0x43,0xff,0x39,0x23,0xff,0x39,0x43,0xff,
  0x39,0x43,0xff,0x39,0x22,0xff,0x39,0x43,0xff,0x39,0x23,0xff,0x39,0x23,0xff,0x39,
  0x23,0xff,0x39,0x43,0xff,0x39,0x43,0xff,0x39,0x23,0xff,0x39,0x43,0xff,0x39,0x43,
  0xff,0x39,0x23,0xff,0x31,0x23,0xff,0x31,0x03,0xff,0x31,0x23,0xff,0x41,0x63,0xff,
  0x41,0x63,0xff,0x49,0xa4,0xff,0x49,0x64,0xff,0x51,0xa4,0xff,0x49,0x64,0xff,0x49,
  0x64,0xff,0x18,0x81,0xff,0x08,0x61,0xff,0x21,0x04,0x00,0x21,0x04,0x00,0x21,0x04,
  0x00,0x21,0x04,0x00,0x21,0x04,0x00,0x21,0x04,0x00,0x19,0x04,0x00,0x19,0x04,0x00,
  0x19,0x04,0x00,0x19,0x04,0x00,0x19,0x04,0x00,0x19,0x04,0x00,0x21,0x04,0x00,0x21,
  0x04,0x00,0x21,0x04,0x00,0x21,0x04,0x00,0x21,0x04,0x00,0x19,0x04,0x00,0x19,0x04,
  0x00,0x19,0x04,0x00,0x19,0x04,0x00,0x21,0x04,0x00,0x21,0x04,0x00,0x21,0x04,0x00,
  0x21,0x04,0x00,0x21,0x04,0x00,0x21,0x04,0x00,0x19,0x04,0x00,0x19,0x04,0x00,0x19,
  0x04,0x00,0x19,0x04,0x00,0x19,0x04,0x00,0x21,0x04,0x00,0x19,0x04,0x00,0x19,0x04,
  0x00,0x19,0x04,0x00,0x19,0x04,0x00,0x21,0x04,0x00,0x21,0x04,0x00,0x21,0x04,0x00,
  0x21,0x04,0x00,0x19,0x04,0x00,0x18,0xe3,0x00,0x00,0x20,0xff,0x49,0xa4,0xff,0x49,
  0xa4,0xff,0x61,0xe4,0xff,0x39,0x22,0xff,0x49,0xc4,0xff,0x41,0x63,0xff,0x41,0x63,
  0xff,0x41,0x83,0xff,0x62,0x25,0xff,0x6a,0x25,0xff,0x6a,0x25,0xff,0x62,0x04,0xff,
  0x62,0x04,0xff,0x62,0x04,0xff,0x62,0x04,0xff,0x62,0x24,0xff,0x62,0x04,0xff,0x62,
  0x04,0xff,0x62,0x04,0xff,0x62,0x05,0xff,0x62,0x05,0xff,0x61,0xe4,0xff,0x61,0xe4,
  0xff,0x61,0xe4,0xff,0x62,0x04,0xff,0x62,0x04,0xff,0x62,0x05,0xff,0x5a,0x05,0xff,
  0x5a,0x05,0xff,0x51,0xa4,0xff,0x49,0x83,0xff,0x49,0x83,0xff,0x51,0xa3,0xff,0x51,
  0xa3,0xff,0x51,0xa4,0xff,0x59,0xe4,0xff,0x62,0x05,0xff,0x6a,0x45,0xff,0x6a,0x45,
  0xff,0x62,0x04,0xff,0x6a,0x25,0xff,0x62,0x04,0xff,0x62,0x04,0xff,0x6a,0x25,0xff,
  0x6a,0x25,0xff,0x72,0x65,0xff,0x72,0x65,0xff,0x72,0x45,0xff,0x62,0x05,0xff,0x62,
  0x05,0xff,0x20,0xc2,0xff,0x20,0xc2,0xff,0x39,0x43,0xff,0x41,0x63,0xff,0x39,0x43,
  0xff,0x39,0x43,0xff,0x39,0x43,0xff,0x41,0x83,0xff,0x39,0x43,0xff,0x39,0x43,0xff,
  0x39,0x43,0xff,0x41,0x43,0xff,0x41,0x43,0xff,0x41,0x63,0xff,0x49,0x84,0xff,0x49,
  0x84,0xff,0x41,0x63,0xff,0x41,0x63,0xff,0x31,0x03,0xff,0x39,0x23,0xff,0x49,0xc4,
  0xff,0x49,0xc4,0xff,0x59,0xe5,0xff,0x51,0xa4,0xff,0x59,0xe4,0xff,0x6a,0x45,0xff,
  0x6a,0x45,0xff,0x62,0x25,0xff,0x08,0x40,0xff,0x18,0xe4,0x00,0x21,0x04,0x00,0x21,
  0x04,0x00,0x21,0x04,0x00,0x19,0x04,0x00,0x19,0x04,0x00,0x21,0x04,0x00,0x21,0x04,
  0x00,0x21,0x04,0x00,0x19,0x04,0x00,0x19,0x04,0x00,0x19,0x04,0x00,0x21,0x04,0x00,
  0x21,0x04,0x00,0x21,0x04,0x00,0x21,0x04,0x00,0x21,0x04,0x00,0x21,0x04,0x00,0x21,
  0x04,0x00,0x19,0x04,0x00,0x19,0x04,0x00,0x21,0x04,0x00,0x21,0x04,0x00,0x21,0x04,
  0x00,0x21,0x04,0x00,0x21,0x04,0x00,0x19,0x04,0x00,0x19,0x04,0x00,0x21,0x04,0x00,
  0x21,0x04,0x00,0x19,0x04,0x00,0x19,0x04,0x00,0x21,0x04,0x00,0x21,0x04,0x00,0x21,
  0x04,0x00,0x21,0x04,0x00,0x21,0x04,0x00,0x19,0x04,0x00,0x21,0x04,0x00,0x21,0x04,
  0x00,0x21,0x04,0x00,0x19,0x04,0x00,0x18,0xe3,0x00,0x10,0x82,0x00,0x20,0xa1,0x00,
  0x20,0xa1,0x00,0x49,0x63,0xff,0x49,0x83,0xff,0x39,0x22,0xff,0x41,0x83,0xff,0x41,
  0x83,0xff,0x39,0x43,0xff,0x49,0xa4,0xff,0x62,0x25,0xff,0x62,0x05,0xff,0x62,0x24,
  0xff,0x62,0x24,0xff,0x62,0x04,0xff,0x61,0xe4,0xff,0x62,0x04,0xff,0x62,0x04,0xff,
  0x62,0x04,0xff,0x62,0x24,0xff,0x61,0xe4,0xff,0x61,0xe4,0xff,0x61,0xe4,0xff,0x61,
  0xe4,0xff,0x61,0xe4,0xff,0x59,0xe4,0xff,0x62,0x04,0xff,0x62,0x04,0xff,0x62,0x04,
  0xff,0x62,0x04,0xff,0x62,0x04,0xff,0x62,0x04,0xff,0x59,0xe4,0xff,0x59,0xe4,0xff,
  0x59,0xe4,0xff,0x49,0x83,0xff,0x49,0xa3,0xff,0x51,0xc4,0xff,0x62,0x25,0xff,0x62,
  0x25,0xff,0x6a,0x45,0xff,0x6a,0x45,0xff,0x62,0x04,0xff,0x61,0xe4,0xff,0x6a,0x25,
  0xff,0x6a,0x25,0xff,0x72,0x65,0xff,0x6a,0x25,0xff,0x59,0xa4,0xff,0x59,0xa3,0xff,
  0x59,0xa3,0xff,0x51,0xc4,0xff,0x18,0x81,0xff,0x20,0xc1,0xff,0x39,0x23,0xff,0x39,
  0x43,0xff,0x39,0x43,0xff,0x39,0x43,0xff,0x41,0x43,0xff,0x41,0x83,0xff,0x49,0x84,
  0xff,0x49,0x84,0xff,0x41,0x43,0xff,0x41,0x63,0xff,0x49,0x63,0xff,0x49,0x63,0xff,
  0x49,0x63,0xff,0x51,0xc4,0xff,0x51,0xc4,0xff,0x39,0x23,0xff,0x39,0x23,0xff,0x51,
  0xc4,0xff,0x51,0xc4,0xff,0x59,0xc4,0xff,0x62,0x25,0xff,0x5a,0x04,0xff,0x6a,0x65,
  0xff,0x6a,0x65,0xff,0x6a,0x66,0xff,0x00,0x20,0xff,0x18,0xe3,0x00,0x21,0x04,0x00,
  0x21,0x04,0x00,0x19,0x04,0x00,0x19,0x04,0x00,0x21,0x04,0x00,0x19,0x04,0x00,0x19,
  0x04,0x00,0x19,0x04,0x00,0x21,0x04,0x00,0x21,0x04,0x00,0x19,0x04,0x00,0x21,0x04,
  0x00,0x21,0x04,0x00,0x21,0x04,0x00,0x21,0x04,0x00,0x21,0x04,0x00,0x21,0x04,0x00,
  0x21,0x04,0x00,0x19,0x04,0x00,0x21,0x04,0x00,0x21,0x04,0x00,0x21,0x04,0x00,0x21,
  0x04,0x00,0x21,0x04,0x00,0x21,0x04,0x00,0x21,0x04,0x00,0x19,0x04,0x00,0x21,0x04,
  0x00,0x21,0x04,0x00,0x19,0x04,0x00,0x19,0x04,0x00,0x21,0x04,0x00,0x21,0x04,0x00,
  0x21,0x04,0x00,0x21,0x04,0x00,0x21,0x04,0x00,0x19,0x04,0x00,0x21,0x04,0x00,0x21,
  0x04,0x00,0x21,0x04,0x00,0x19,0x04,0x00,0x19,0x04,0x00,0x21,0x04,0x00,0x10,0x82,
  0x00,0x10,0x82,0x00,0x20,0xc2,0x00,0x49,0x83,0xff,0x49,0xa3,0xff,0x49,0xa3,0xff,
  0x49,0xa3,0xff,0x39,0x43,0xff,0x49,0xa4,0xff,0x51,0xc4,0xff,0x59,0xe4,0xff,0x62,
  0x04,0xff,0x62,0x04,0xff,0x62,0x04,0xff,0x62,0x04,0xff,0x62,0x04,0xff,0x62,0x04,
  0xff,0x62,0x04,0xff,0x62,0x25,0xff,0x61,0xe4,0xff,0x61,0xe4,0xff,0x61,0xe4,0xff,
  0x61,0xe4,0xff,0x62,0x04,0xff,0x62,0x04,0xff,0x62,0x04,0xff,0x61,0xe4,0xff,0x61,
  0xe4,0xff,0x61,0xe4,0xff,0x62,0x04,0xff,0x61,0xe4,0xff,0x6a,0x25,0xff,0x6a,0x25,
  0xff,0x6a,0x25,0xff,0x62,0x05,0xff,0x5a,0x05,0xff,0x51,0xa3,0xff,0x59,0xe4,0xff,
  0x59,0xe4,0xff,0x6a,0x25,0xff,0x62,0x05,0xff,0x59,0xe4,0xff,0x62,0x24,0xff,0x6a,
  0x25,0xff,0x6a,0x25,0xff,0x61,0xe4,0xff,0x51,0xa3,0xff,0x59,0xc4,0xff,0x59,0xe4,
  0xff,0x59,0xe4,0xff,0x62,0x24,0xff,0x49,0xa4,0xff,0x28,0xe2,0xff,0x10,0x61,0xff,
  0x31,0x43,0xff,0x31,0x43,0xff,0x41,0x63,0xff,0x41,0x83,0xff,0x49,0x84,0xff,0x49,
  0x83,0xff,0x49,0x83,0xff,0x51,0x84,0xff,0x51,0xc4,0xff,0x59,0xc4,0xff,0x61,0xe5,
  0xff,0x61,0xe5,0xff,0x62,0x05,0xff,0x59,0xe5,0xff,0x49,0xa4,0xff,0x49,0xa4,0xff,
  0x59,0xe4,0xff,0x59,0xe4,0xff,0x59,0xe5,0xff,0x5a,0x05,0xff,0x51,0xc4,0xff,0x59,
  0xe5,0xff,0x59,0xe5,0xff,0x39,0x23,0xff,0x00,0x00,0xff,0x21,0x04,0x00,0x21,0x04,
  0x00,0x21,0x04,0x00,0x19,0x04,0x00,0x19,0x04,0x00,0x21,0x04,0x00,0x19,0x04,0x00,
  0x19,0x04,0x00,0x19,0x04,0x00,0x21,0x04,0x00,0x21,0x04,0x00,0x19,0x04,0x00,0x21,
  0x04,0x00,0x21,0x04,0x00,0x21,0x04,0x00,0x21,0x04,0x00,0x21,0x04,0x00,0x21,0x04,
  0x00,0x21,0x04,0x00,0x19,0x04,0x00,0x21,0x04,0x00,0x21,0x04,0x00,0x21,0x04,0x00,
  0x21,0x04,0x00,0x21,0x04,0x00,0x21,0x04,0x00,0x21,0x04,0x00,0x19,0x04,0x00,0x21,
  0x04,0x00,0x21,0x04,0x00,0x19,0x04,0x00,0x19,0x04,0x00,0x21,0x04,0x00,0x21,0x04,
  0x00,0x21,0x04,0x00,0x21,0x04,0x00,0x21,0x04,0x00,0x19,0x04,0x00,0x21,0x04,0x00,
  0x21,0x04,0x00,0x21,0x04,0x00,0x19,0x04,0x00,0x19,0x04,0x00,0x21,0x04,0x00,0x10,
  0x82,0x00,0x10,0x82,0x00,0x20,0xc2,0x00,0x49,0x83,0xff,0x49,0xa3,0xff,0x49,0xa3,
  0xff,0x49,0xa3,0xff,0x39,0x43,0xff,0x49,0xa4,0xff,0x51,0xc4,0xff,0x59,0xe4,0xff,
  0x62,0x04,0xff,0x62,0x04,0xff,0x62,0x04,0xff,0x62,0x04,0xff,0x62,0x04,0xff,0x62,
  0x04,0xff,0x62,0x04,0xff,0x62,0x25,0xff,0x61,0xe4,0xff,0x61,0xe4,0xff,0x61,0xe4,
  0xff,0x61,0xe4,0xff,0x62,0x04,0xff,0x62,0x04,0xff,0x62,0x04,0xff,0x61,0xe4,0xff,
  0x61,0xe4,0xff,0x61,0xe4,0xff,0x62,0x04,0xff,0x61,0xe4,0xff,0x6a,0x25,0xff,0x6a,
  0x25,0xff,0x6a,0x25,0xff,0x62,0x05,0xff,0x5a,0x05,0xff,0x51,0xa3,0xff,0x59,0xe4,
  0xff,0x59,0xe4,0xff,0x6a,0x25,0xff,0x62,0x05,0xff,0x59,0xe4,0xff,0x62,0x24,0xff,
  0x6a,0x25,0xff,0x6a,0x25,0xff,0x61,0xe4,0xff,0x51,0xa3,0xff,0x59,0xc4,0xff,0x59,
  0xe4,0xff,0x59,0xe4,0xff,0x62,0x24,0xff,0x49,0xa4,0xff,0x28,0xe2,0xff,0x10,0x61,
  0xff,0x31,0x43,0xff,0x31,0x43,0xff,0x41,0x63,0xff,0x41,0x83,0xff,0x49,0x84,0xff,
  0x49,0x83,0xff,0x49,0x83,0xff,0x51,0x84,0xff,0x51,0xc4,0xff,0x59,0xc4,0xff,0x61,
  0xe5,0xff,0x61,0xe5,0xff,0x62,0x05,0xff,0x59,0xe5,0xff,0x49,0xa4,0xff,0x49,0xa4,
  0xff,0x59,0xe4,0xff,0x59,0xe4,0xff,0x59,0xe5,0xff,0x5a,0x05,0xff,0x51,0xc4,0xff,
  0x59,0xe5,0xff,0x59,0xe5,0xff,0x39,0x23,0xff,0x00,0x00,0xff,0x21,0x04,0x00,0x21,
  0x04,0x00,0x21,0x04,0x00,0x19,0x04,0x00,0x19,0x04,0x00,0x21,0x04,0x00,0x19,0x04,
  0x00,0x19,0x04,0x00,0x19,0x04,0x00,0x21,0x04,0x00,0x21,0x04,0x00,0x19,0x04,0x00,
  0x21,0x04,0x00,0x21,0x04,0x00,0x21,0x04,0x00,0x21,0x04,0x00,0x21,0x04,0x00,0x21,
  0x04,0x00,0x21,0x04,0x00,0x19,0x04,0x00,0x21,0x04,0x00,0x21,0x04,0x00,0x21,0x04,
  0x00,0x21,0x04,0x00,0x21,0x04,0x00,0x21,0x04,0x00,0x21,0x04,0x00,0x19,0x04,0x00,
  0x21,0x04,0x00,0x21,0x04,0x00,0x19,0x04,0x00,0x19,0x04,0x00,0x21,0x04,0x00,0x21,
  0x04,0x00,0x21,0x04,0x00,0x21,0x04,0x00,0x21,0x04,0x00,0x19,0x04,0x00,0x21,0x04,
  0x00,0x19,0x04,0x00,0x19,0x04,0x00,0x21,0x04,0x00,0x18,0xe4,0x00,0x21,0x24,0x00,
  0x10,0xa2,0x00,0x10,0xa2,0x00,0x00,0x00,0xff,0x29,0x02,0xff,0x41,0x83,0xff,0x41,
  0x63,0xff,0x41,0x63,0xff,0x41,0x63,0xff,0x41,0x63,0xff,0x49,0x84,0xff,0x49,0xa4,
  0xff,0x49,0x83,0xff,0x49,0x83,0xff,0x51,0xc4,0xff,0x51,0xa4,0xff,0x59,0xe4,0xff,
  0x62,0x25,0xff,0x62,0x25,0xff,0x62,0x05,0xff,0x62,0x04,0xff,0x62,0x24,0xff,0x62,
  0x04,0xff,0x62,0x04,0xff,0x62,0x24,0xff,0x62,0x04,0xff,0x61,0xe4,0xff,0x59,0xe4,
  0xff,0x62,0x04,0xff,0x62,0x04,0xff,0x61,0xe4,0xff,0x62,0x04,0xff,0x62,0x04,0xff,
  0x61,0xe4,0xff,0x61,0xe4,0xff,0x62,0x04,0xff,0x62,0x04,0xff,0x61,0xe4,0xff,0x62,
  0x04,0xff,0x62,0x04,0xff,0x61,0xe4,0xff,0x59,0xc4,0xff,0x51,0xa3,0xff,0x59,0xc3,
  0xff,0x62,0x04,0xff,0x62,0x04,0xff,0x59,0xe4,0xff,0x51,0xa3,0xff,0x5a,0x04,0xff,
  0x59,0xc4,0xff,0x59,0xc4,0xff,0x51,0xa3,0xff,0x59,0xe4,0xff,0x51,0xc4,0xff,0x28,
  0xe2,0xff,0x18,0xc2,0xff,0x18,0xc2,0xff,0x31,0x02,0xff,0x41,0x63,0xff,0x49,0x63,
  0xff,0x51,0xa4,0xff,0x51,0xa4,0xff,0x59,0xc4,0xff,0x62,0x04,0xff,0x61,0xe4,0xff,
  0x62,0x05,0xff,0x62,0x05,0xff,0x51,0xa4,0xff,0x51,0xa4,0xff,0x51,0xa4,0xff,0x51,
  0xc4,0xff,0x51,0xa4,0xff,0x51,0xa4,0xff,0x59,0xe4,0xff,0x49,0x83,0xff,0x49,0x43,
  0xff,0x59,0xc4,0xff,0x59,0xc4,0xff,0x20,0x81,0xff,0x00,0x00,0xff,0x19,0x04,0x00,
  0x21,0x04,0x00,0x21,0x04,0x00,0x19,0x04,0x00,0x21,0x04,0x00,0x21,0x04,0x00,0x21,
  0x04,0x00,0x19,0x04,0x00,0x19,0x04,0x00,0x21,0x04,0x00,0x19,0x04,0x00,0x19,0x04,
  0x00,0x21,0x04,0x00,0x21,0x04,0x00,0x21,0x04,0x00,0x21,0x04,0x00,0x21,0x04,0x00,
  0x21,0x04,0x00,0x21,0x04,0x00,0x21,0x04,0x00,0x21,0x04,0x00,0x21,0x04,0x00,0x21,
  0x04,0x00,0x21,0x04,0x00,0x21,0x04,0x00,0x21,0x04,0x00,0x21,0x04,0x00,0x19,0x04,
  0x00,0x19,0x04,0x00,0x19,0x04,0x00,0x19,0x04,0x00,0x19,0x04,0x00,0x21,0x04,0x00,
  0x21,0x04,0x00,0x21,0x04,0x00,0x21,0x04,0x00,0x21,0x04,0x00,0x21,0x04,0x00,0x21,
  0x04,0x00,0x21,0x04,0x00,0x21,0x04,0x00,0x19,0x04,0x00,0x19,0x04,0x00,0x21,0x24,
  0x00,0x10,0xa2,0x00,0x10,0xa2,0x00,0x00,0x20,0xff,0x10,0x61,0xff,0x18,0x81,0xff,
  0x39,0x43,0xff,0x39,0x43,0xff,0x41,0x63,0xff,0x49,0x83,0xff,0x51,0xc4,0xff,0x51,
  0xc4,0xff,0x49,0xa4,0xff,0x49,0xa4,0xff,0x49,0xc4,0xff,0x41,0x63,0xff,0x41,0x83,
  0xff,0x49,0x83,0xff,0x49,0x83,0xff,0x51,0xc4,0xff,0x62,0x04,0xff,0x62,0x25,0xff,
  0x62,0x04,0xff,0x62,0x04,0xff,0x59,0xe4,0xff,0x61,0xe4,0xff,0x62,0x04,0xff,0x62,
  0x04,0xff,0x6a,0x25,0xff,0x6a,0x25,0xff,0x61,0xe4,0xff,0x6a,0x24,0xff,0x6a,0x04,
  0xff,0x6a,0x24,0xff,0x6a,0x24,0xff,0x62,0x04,0xff,0x6a,0x25,0xff,0x6a,0x45,0xff,
  0x6a,0x45,0xff,0x6a,0x45,0xff,0x62,0x04,0xff,0x62,0x04,0xff,0x59,0xc3,0xff,0x59,
  0xe4,0xff,0x51,0xa4,0xff,0x51,0xa4,0xff,0x59,0xc4,0xff,0x59,0xc4,0xff,0x59,0xe4,
  0xff,0x51,0xc4,0xff,0x51,0xc4,0xff,0x51,0xc4,0xff,0x51,0xc4,0xff,0x59,0xc4,0xff,
  0x5a,0x25,0xff,0x31,0x43,0xff,0x31,0x43,0xff,0x20,0xc2,0xff,0x41,0x63,0xff,0x51,
  0xc4,0xff,0x59,0xe4,0xff,0x59,0xe4,0xff,0x59,0xc4,0xff,0x59,0xe4,0xff,0x51,0xa4,
  0xff,0x49,0x83,0xff,0x49,0x83,0xff,0x41,0x63,0xff,0x41,0x63,0xff,0x49,0x84,0xff,
  0x49,0xa4,0xff,0x49,0x63,0xff,0x49,0x63,0xff,0x49,0xa3,0xff,0x49,0x83,0xff,0x51,
  0xa3,0xff,0x51,0xe4,0xff,0x51,0xe4,0xff,0x10,0x40,0xff,0x00,0x21,0xff,0x21,0x04,
  0x00,0x21,0x04,0x00,0x21,0x04,0x00,0x19,0x04,0x00,0x19,0x04,0x00,0x21,0x04,0x00,
  0x21,0x04,0x00,0x19,0x04,0x00,0x19,0x04,0x00,0x19,0x04,0x00,0x19,0x04,0x00,0x19,
  0x04,0x00,0x21,0x04,0x00,0x21,0x04,0x00,0x21,0x04,0x00,0x21,0x04,0x00,0x21,0x04,
  0x00,0x21,0x04,0x00,0x21,0x04,0x00,0x21,0x04,0x00,0x21,0x04,0x00,0x21,0x04,0x00,
  0x21,0x04,0x00,0x21,0x04,0x00,0x21,0x04,0x00,0x21,0x04,0x00,0x21,0x04,0x00,0x19,
  0x04,0x00,0x19,0x04,0x00,0x19,0x04,0x00,0x19,0x04,0x00,0x19,0x04,0x00,0x21,0x04,
  0x00,0x21,0x04,0x00,0x21,0x04,0x00,0x21,0x04,0x00,0x21,0x04,0x00,0x21,0x04,0x00,
  0x21,0x04,0x00,0x19,0x04,0x00,0x19,0x04,0x00,0x21,0x04,0x00,0x19,0x04,0x00,0x21,
  0x24,0x00,0x00,0x20,0xff,0x00,0x20,0xff,0x18,0x60,0xff,0x51,0xa3,0xff,0x28,0xe2,
  0xff,0x20,0xc2,0xff,0x20,0xc2,0xff,0x18,0x81,0xff,0x29,0x22,0xff,0x39,0x43,0xff,
  0x49,0xa4,0xff,0x51,0xe4,0xff,0x51,0xe4,0xff,0x51,0xc4,0xff,0x51,0xc4,0xff,0x51,
  0xa4,0xff,0x49,0x63,0xff,0x49,0x63,0xff,0x49,0x83,0xff,0x49,0x83,0xff,0x49,0x83,
  0xff,0x49,0x83,0xff,0x49,0x83,0xff,0x41,0x63,0xff,0x49,0x63,0xff,0x59,0xe4,0xff,
  0x62,0x04,0xff,0x62,0x04,0xff,0x62,0x04,0xff,0x6a,0x45,0xff,0x6a,0x45,0xff,0x6a,
  0x45,0xff,0x6a,0x45,0xff,0x6a,0x45,0xff,0x62,0x05,0xff,0x62,0x25,0xff,0x62,0x05,
  0xff,0x59,0xe4,0xff,0x59,0xe4,0xff,0x49,0x83,0xff,0x51,0x83,0xff,0x51,0xa3,0xff,
  0x51,0xa3,0xff,0x49,0x63,0xff,0x49,0x63,0xff,0x51,0xa3,0xff,0x51,0xa3,0xff,0x49,
  0x83,0xff,0x51,0xa4,0xff,0x51,0xa4,0xff,0x51,0xa4,0xff,0x49,0x63,0xff,0x49,0x83,
  0xff,0x51,0xc4,0xff,0x39,0x63,0xff,0x39,0x63,0xff,0x29,0x02,0xff,0x49,0xc4,0xff,
  0x59,0xc4,0xff,0x59,0xc4,0xff,0x59,0xc4,0xff,0x51,0xc4,0xff,0x49,0x83,0xff,0x41,
  0x43,0xff,0x41,0x43,0xff,0x41,0x43,0xff,0x41,0x63,0xff,0x49,0x83,0xff,0x41,0x63,
  0xff,0x49,0x84,0xff,0x49,0xa4,0xff,0x49,0xa4,0xff,0x49,0x83,0xff,0x39,0x22,0xff,
  0x41,0x63,0xff,0x28,0xe2,0xff,0x28,0xe2,0xff,0x00,0x20,0xff,0x10,0xa3,0x00,0x18,
  0xe4,0x00,0x19,0x04,0x00,0x19,0x04,0x00,0x19,0x04,0x00,0x19,0x04,0x00,0x21,0x04,
  0x00,0x19,0x04,0x00,0x19,0x04,0x00,0x19,0x04,0x00,0x19,0x04,0x00,0x19,0x04,0x00,
  0x19,0x04,0x00,0x19,0x04,0x00,0x19,0x04,0x00,0x21,0x04,0x00,0x21,0x04,0x00,0x21,
  0x04,0x00,0x21,0x04,0x00,0x21,0x04,0x00,0x21,0x04,0x00,0x21,0x04,0x00,0x21,0x04,
  0x00,0x21,0x04,0x00,0x21,0x04,0x00,0x21,0x04,0x00,0x21,0x04,0x00,0x21,0x04,0x00,
  0x19,0x04,0x00,0x21,0x04,0x00,0x21,0x04,0x00,0x19,0x04,0x00,0x19,0x04,0x00,0x21,
  0x04,0x00,0x21,0x04,0x00,0x21,0x04,0x00,0x21,0x04,0x00,0x21,0x04,0x00,0x21,0x04,
  0x00,0x21,0x04,0x00,0x21,0x04,0x00,0x21,0x04,0x00,0x21,0x04,0x00,0x21,0x24,0x00,
  0x19,0x04,0x00,0x00,0x00,0xff,0x00,0x00,0xff,0x51,0x83,0xff,0x9b,0x47,0xff,0x62,
  0x04,0xff,0x41,0x63,0xff,0x41,0x63,0xff,0x31,0x02,0xff,0x28,0xe2,0xff,0x18,0x81,
  0xff,0x20,0xe2,0xff,0x20,0xc1,0xff,0x20,0xc1,0xff,0x31,0x23,0xff,0x39,0x43,0xff,
  0x41,0x63,0xff,0x41,0x63,0xff,0x41,0x63,0xff,0x51,0xc4,0xff,0x49,0xa4,0xff,0x51,
  0xc4,0xff,0x51,0xa3,0xff,0x51,0xa3,0xff,0x51,0xa3,0xff,0x51,0xa4,0xff,0x51,0xc4,
  0xff,0x51,0xc4,0xff,0x59,0xc4,0xff,0x59,0xc4,0xff,0x59,0xe4,0xff,0x59,0xe4,0xff,
  0x51,0xa3,0xff,0x51,0xa3,0xff,0x51,0xa3,0xff,0x49,0x83,0xff,0x41,0x63,0xff,0x41,
  0x43,0xff,0x49,0x63,0xff,0x49,0x63,0xff,0x49,0x83,0xff,0x51,0xa4,0xff,0x59,0xc4,
  0xff,0x59,0xc4,0xff,0x51,0xc4,0xff,0x51,0xc4,0xff,0x51,0xc4,0xff,0x49,0x83,0xff,
  0x49,0x83,0xff,0x49,0xa3,0xff,0x49,0xa3,0xff,0x49,0xa3,0xff,0x49,0xa3,0xff,0x49,
  0xa4,0xff,0x41,0x63,0xff,0x29,0x02,0xff,0x29,0x02,0xff,0x39,0x43,0xff,0x51,0xa4,
  0xff,0x49,0xa3,0xff,0x49,0x83,0xff,0x49,0x83,0xff,0x41,0x63,0xff,0x41,0x43,0xff,
  0x41,0x63,0xff,0x49,0x83,0xff,0x49,0x83,0xff,0x41,0x63,0xff,0x41,0x83,0xff,0x41,
  0x43,0xff,0x39,0x43,0xff,0x31,0x02,0xff,0x31,0x02,0xff,0x28,0xe2,0xff,0x20,0xa1,
  0xff,0x18,0x81,0xff,0x08,0x40,0xff,0x08,0x40,0xff,0x18,0xc2,0x00,0x21,0x04,0x00,
  0x19,0x04,0x00,0x19,0x04,0x00,0x19,0x04,0x00,0x21,0x04,0x00,0x19,0x04,0x00,0x19,
  0x04,0x00,0x21,0x04,0x00,0x19,0x04,0x00,0x19,0x04,0x00,0x21,0x04,0x00,0x21,0x04,
  0x00,0x19,0x04,0x00,0x21,0x04,0x00,0x21,0x04,0x00,0x21,0x04,0x00,0x19,0x04,0x00,
  0x19,0x04,0x00,0x21,0x04,0x00,0x21,0x04,0x00,0x21,0x04,0x00,0x21,0x04,0x00,0x21,
  0x04,0x00,0x21,0x04,0x00,0x21,0x04,0x00,0x21,0x04,0x00,0x21,0x04,0x00,0x21,0x04,
  0x00,0x19,0x04,0x00,0x21,0x04,0x00,0x21,0x04,0x00,0x19,0x04,0x00,0x19,0x04,0x00,
  0x21,0x04,0x00,0x21,0x04,0x00,0x21,0x04,0x00,0x21,0x04,0x00,0x21,0x04,0x00,0x21,
  0x04,0x00,0x21,0x04,0x00,0x21,0x04,0x00,0x21,0x04,0x00,0x21,0x04,0x00,0x21,0x24,
  0x00,0x19,0x04,0x00,0x00,0x00,0xff,0x00,0x00,0xff,0x51,0x83,0xff,0x9b,0x47,0xff,
  0x62,0x04,0xff,0x41,0x63,0xff,0x41,0x63,0xff,0x31,0x02,0xff,0x28,0xe2,0xff,0x18,
  0x81,0xff,0x20,0xe2,0xff,0x20,0xc1,0xff,0x20,0xc1,0xff,0x31,0x23,0xff,0x39,0x43,
  0xff,0x41,0x63,0xff,0x41,0x63,0xff,0x41,0x63,0xff,0x51,0xc4,0xff,0x49,0xa4,0xff,
  0x51,0xc4,0xff,0x51,0xa3,0xff,0x51,0xa3,0xff,0x51,0xa3,0xff,0x51,0xa4,0xff,0x51,
  0xc4,0xff,0x51,0xc4,0xff,0x59,0xc4,0xff,0x59,0xc4,0xff,0x59,0xe4,0xff,0x59,0xe4,
  0xff,0x51,0xa3,0xff,0x51,0xa3,0xff,0x51,0xa3,0xff,0x49,0x83,0xff,0x41,0x63,0xff,
  0x41,0x43,0xff,0x49,0x63,0xff,0x49,0x63,0xff,0x49,0x83,0xff,0x51,0xa4,0xff,0x59,
  0xc4,0xff,0x59,0xc4,0xff,0x51,0xc4,0xff,0x51,0xc4,0xff,0x51,0xc4,0xff,0x49,0x83,
  0xff,0x49,0x83,0xff,0x49,0xa3,0xff,0x49,0xa3,0xff,0x49,0xa3,0xff,0x49,0xa3,0xff,
  0x49,0xa4,0xff,0x41,0x63,0xff,0x29,0x02,0xff,0x29,0x02,0xff,0x39,0x43,0xff,0x51,
  0xa4,0xff,0x49,0xa3,0xff,0x49,0x83,0xff,0x49,0x83,0xff,0x41,0x63,0xff,0x41,0x43,
  0xff,0x41,0x63,0xff,0x49,0x83,0xff,0x49,0x83,0xff,0x41,0x63,0xff,0x41,0x83,0xff,
  0x41,0x43,0xff,0x39,0x43,0xff,0x31,0x02,0xff,0x31,0x02,0xff,0x28,0xe2,0xff,0x20,
  0xa1,0xff,0x18,0x81,0xff,0x08,0x40,0xff,0x08,0x40,0xff,0x18,0xc2,0x00,0x21,0x04,
  0x00,0x19,0x04,0x00,0x19,0x04,0x00,0x19,0x04,0x00,0x21,0x04,0x00,0x19,0x04,0x00,
  0x19,0x04,0x00,0x21,0x04,0x00,0x19,0x04,0x00,0x19,0x04,0x00,0x21,0x04,0x00,0x21,
  0x04,0x00,0x19,0x04,0x00,0x21,0x04,0x00,0x21,0x04,0x00,0x21,0x04,0x00,0x19,0x04,
  0x00,0x19,0x04,0x00,0x21,0x04,0x00,0x21,0x04,0x00,0x21,0x04,0x00,0x21,0x04,0x00,
  0x21,0x04,0x00,0x21,0x04,0x00,0x21,0x04,0x00,0x21,0x04,0x00,0x21,0x04,0x00,0x21,
  0x04,0x00,0x21,0x04,0x00,0x21,0x04,0x00,0x21,0x04,0x00,0x21,0x04,0x00,0x21,0x04,
  0x00,0x21,0x04,0x00,0x21,0x04,0x00,0x21,0x04,0x00,0x21,0x04,0x00,0x21,0x04,0x00,
  0x21,0x04,0x00,0x21,0x04,0x00,0x21,0x04,0x00,0x21,0x04,0x00,0x21,0x04,0x00,0x21,
  0x24,0x00,0x19,0x04,0x00,0x00,0x00,0xff,0x00,0x00,0xff,0x61,0xc3,0xff,0x8a,0xc6,
  0xff,0x69,0xe4,0xff,0x62,0x24,0xff,0x62,0x24,0xff,0x59,0xc4,0xff,0x59,0xe4,0xff,
  0x51,0xc4,0xff,0x49,0x83,0xff,0x29,0x02,0xff,0x29,0x02,0xff,0x20,0xc2,0xff,0x10,
  0x61,0xff,0x18,0xa1,0xff,0x28,0xe2,0xff,0x28,0xe2,0xff,0x31,0x23,0xff,0x39,0x63,
  0xff,0x41,0x83,0xff,0x41,0x63,0xff,0x41,0x63,0xff,0x49,0xa4,0xff,0x51,0xa4,0xff,
  0x51,0xc4,0xff,0x51,0xc4,0xff,0x51,0xe4,0xff,0x51,0xe4,0xff,0x51,0xa3,0xff,0x51,
  0xa3,0xff,0x51,0xa3,0xff,0x51,0xa4,0xff,0x51,0xa4,0xff,0x51,0xa3,0xff,0x51,0xa4,
  0xff,0x51,0xa3,0xff,0x51,0xc4,0xff,0x51,0xc4,0xff,0x59,0xe4,0xff,0x59,0xc4,0xff,
  0x51,0x83,0xff,0x51,0xa3,0xff,0x51,0xa4,0xff,0x51,0xa4,0xff,0x51,0xa3,0xff,0x49,
  0x63,0xff,0x41,0x63,0xff,0x41,0x22,0xff,0x41,0x22,0xff,0x41,0x63,0xff,0x41,0x83,
  0xff,0x41,0x63,0xff,0x31,0x02,0xff,0x28,0xc2,0xff,0x28,0xc2,0xff,0x49,0xa4,0xff,
  0x51,0xc4,0xff,0x49,0x83,0xff,0x41,0x83,0xff,0x41,0x83,0xff,0x41,0x63,0xff,0x49,
  0x83,0xff,0x41,0x63,0xff,0x41,0x63,0xff,0x41,0x63,0xff,0x31,0x22,0xff,0x28,0xe2,
  0xff,0x20,0xa1,0xff,0x18,0xa1,0xff,0x18,0x81,0xff,0x18,0x81,0xff,0x20,0xa1,0xff,
  0x39,0x63,0xff,0x28,0xe2,0xff,0x00,0x00,0xff,0x00,0x00,0xff,0x18,0xe3,0x00,0x21,
  0x04,0x00,0x19,0x04,0x00,0x19,0x04,0x00,0x19,0x04,0x00,0x19,0x04,0x00,0x19,0x04,
  0x00,0x19,0x04,0x00,0x21,0x04,0x00,0x19,0x04,0x00,0x19,0x04,0x00,0x19,0x04,0x00,
  0x21,0x04,0x00,0x21,0x04,0x00,0x21,0x04,0x00,0x21,0x04,0x00,0x21,0x04,0x00,0x21,
  0x04,0x00,0x19,0x04,0x00,0x21,0x04,0x00,0x21,0x04,0x00,0x21,0x04,0x00,0x21,0x04,
  0x00,0x21,0x04,0x00,0x21,0x04,0x00,0x21,0x04,0x00,0x21,0x04,0x00,0x21,0x04,0x00,
  0x19,0x04,0x00,0x21,0x04,0x00,0x21,0x04,0x00,0x21,0x04,0x00,0x21,0x04,0x00,0x21,
  0x04,0x00,0x21,0x04,0x00,0x21,0x04,0x00,0x21,0x04,0x00,0x21,0x04,0x00,0x21,0x04,
  0x00,0x21,0x04,0x00,0x19,0x04,0x00,0x21,0x04,0x00,0x21,0x04,0x00,0x21,0x04,0x00,
  0x21,0x24,0x00,0x19,0x04,0x00,0x00,0x00,0xff,0x00,0x00,0xff,0x51,0x83,0xff,0x93,
  0x06,0xff,0x72,0x45,0xff,0x6a,0x24,0xff,0x6a,0x24,0xff,0x59,0xc3,0xff,0x62,0x04,
  0xff,0x62,0x04,0xff,0x62,0x24,0xff,0x59,0xe4,0xff,0x59,0xe4,0xff,0x51,0xc4,0xff,
  0x49,0xa4,0xff,0x51,0xa4,0xff,0x49,0xc4,0xff,0x49,0xc4,0xff,0x31,0x02,0xff,0x10,
  0x61,0xff,0x18,0x81,0xff,0x28,0xc2,0xff,0x28,0xc2,0xff,0x28,0xe2,0xff,0x28,0xc2,
  0xff,0x31,0x02,0xff,0x41,0x63,0xff,0x49,0xa4,0xff,0x49,0xa4,0xff,0x49,0xa4,0xff,
  0x51,0xc4,0xff,0x49,0xa4,0xff,0x51,0xc4,0xff,0x51,0xc4,0xff,0x49,0xa3,0xff,0x49,
  0xa3,0xff,0x49,0x83,0xff,0x49,0x83,0xff,0x49,0x83,0xff,0x49,0x83,0xff,0x49,0xa3,
  0xff,0x51,0xc4,0xff,0x51,0xc4,0xff,0x49,0x83,0xff,0x49,0x83,0xff,0x51,0xc4,0xff,
  0x49,0x83,0xff,0x41,0x63,0xff,0x41,0x43,0xff,0x41,0x43,0xff,0x41,0x63,0xff,0x39,
  0x43,0xff,0x39,0x63,0xff,0x28,0xe2,0xff,0x28,0xe2,0xff,0x28,0xe2,0xff,0x41,0x83,
  0xff,0x41,0x63,0xff,0x39,0x22,0xff,0x31,0x22,0xff,0x31,0x22,0xff,0x28,0xe2,0xff,
  0x29,0x02,0xff,0x20,0xa1,0xff,0x20,0xa1,0xff,0x20,0xa1,0xff,0x18,0x81,0xff,0x20,
  0xc2,0xff,0x28,0xc2,0xff,0x29,0x02,0xff,0x20,0xa1,0xff,0x20,0xa1,0xff,0x39,0x23,
  0xff,0x5a,0x25,0xff,0x41,0x83,0xff,0x00,0x00,0xff,0x00,0x00,0xff,0x18,0xe3,0x00,
  0x21,0x04,0x00,0x21,0x04,0x00,0x19,0x04,0x00,0x19,0x04,0x00,0x21,0x04,0x00,0x19,
  0x04,0x00,0x19,0x04,0x00,0x21,0x04,0x00,0x19,0x04,0x00,0x19,0x04,0x00,0x19,0x04,
  0x00,0x19,0x04,0x00,0x19,0x04,0x00,0x21,0x04,0x00,0x21,0x04,0x00,0x21,0x04,0x00,
  0x21,0x04,0x00,0x19,0x04,0x00,0x21,0x04,0x00,0x21,0x04,0x00,0x21,0x04,0x00,0x21,
  0x04,0x00,0x21,0x04,0x00,0x19,0x04,0x00,0x21,0x04,0x00,0x21,0x04,0x00,0x19,0x04,
  0x00,0x19,0x04,0x00,0x21,0x04,0x00,0x21,0x04,0x00,0x21,0x04,0x00,0x21,0x04,0x00,
  0x21,0x04,0x00,0x19,0x04,0x00,0x19,0x04,0x00,0x19,0x04,0x00,0x21,0x04,0x00,0x21,
  0x04,0x00,0x21,0x04,0x00,0x21,0x04,0x00,0x21,0x04,0x00,0x21,0x04,0x00,0x21,0x04,
  0x00,0x21,0x04,0x00,0x21,0x24,0x00,0x00,0x41,0xff,0x00,0x41,0xff,0x28,0xa1,0xff,
  0x6a,0x25,0xff,0x51,0xa3,0xff,0x51,0xa3,0xff,0x51,0xa3,0xff,0x6a,0x24,0xff,0x62,
  0x04,0xff,0x59,0xa3,0xff,0x61,0xe4,0xff,0x61,0xe4,0xff,0x61,0xe4,0xff,0x6a,0x25,
  0xff,0x62,0x04,0xff,0x6a,0x24,0xff,0x72,0x65,0xff,0x72,0x65,0xff,0x62,0x04,0xff,
  0x49,0x83,0xff,0x41,0x63,0xff,0x51,0xe4,0xff,0x51,0xe4,0xff,0x51,0xc4,0xff,0x30,
  0xe2,0xff,0x18,0xa1,0xff,0x10,0x80,0xff,0x20,0xa1,0xff,0x20,0xa1,0xff,0x20,0xc1,
  0xff,0x20,0xc1,0xff,0x20,0xc1,0xff,0x20,0xc1,0xff,0x20,0xc1,0xff,0x20,0xa1,0xff,
  0x20,0xc1,0xff,0x20,0xa1,0xff,0x20,0xc1,0xff,0x20,0xc1,0xff,0x20,0xc1,0xff,0x29,
  0x02,0xff,0x29,0x02,0xff,0x31,0x22,0xff,0x31,0x22,0xff,0x31,0x22,0xff,0x31,0x22,
  0xff,0x31,0x02,0xff,0x31,0x02,0xff,0x31,0x22,0xff,0x31,0x22,0xff,0x29,0x02,0xff,
  0x20,0xa1,0xff,0x20,0xa1,0xff,0x18,0xa1,0xff,0x20,0xa1,0xff,0x20,0xa1,0xff,0x20,
  0xc1,0xff,0x28,0xc1,0xff,0x28,0xc1,0xff,0x31,0x02,0xff,0x31,0x02,0xff,0x30,0xe2,
  0xff,0x31,0x02,0xff,0x39,0x42,0xff,0x41,0x83,0xff,0x41,0x83,0xff,0x41,0x63,0xff,
  0x49,0x83,0xff,0x51,0xe4,0xff,0x51,0xe4,0xff,0x39,0x23,0xff,0x39,0x23,0xff,0x39,
  0x22,0xff,0x59,0xc4,0xff,0x41,0x63,0xff,0x00,0x00,0xff,0x00,0x00,0xff,0x10,0xa3,
  0x00,0x21,0x24,0x00,0x19,0x04,0x00,0x19,0x04,0x00,0x19,0x04,0x00,0x21,0x04,0x00,
  0x21,0x04,0x00,0x19,0x04,0x00,0x19,0x04,0x00,0x21,0x04,0x00,0x21,0x04,0x00,0x19,
  0x04,0x00,0x21,0x04,0x00,0x19,0x04,0x00,0x21,0x04,0x00,0x21,0x04,0x00,0x21,0x04,
  0x00,0x21,0x04,0x00,0x21,0x04,0x00,0x21,0x04,0x00,0x21,0x04,0x00,0x21,0x04,0x00,
  0x21,0x04,0x00,0x19,0x04,0x00,0x19,0x04,0x00,0x21,0x04,0x00,0x21,0x04,0x00,0x21,
  0x04,0x00,0x19,0x04,0x00,0x21,0x04,0x00,0x21,0x04,0x00,0x21,0x04,0x00,0x21,0x04,
  0x00,0x21,0x04,0x00,0x19,0x04,0x00,0x21,0x04,0x00,0x21,0x04,0x00,0x21,0x04,0x00,
  0x21,0x04,0x00,0x21,0x04,0x00,0x21,0x04,0x00,0x21,0x04,0x00,0x21,0x04,0x00,0x21,
  0x04,0x00,0x21,0x04,0x00,0x21,0x04,0x00,0x10,0xe3,0x00,0x10,0xe3,0x00,0x08,0x41,
  0xff,0x10,0x41,0xff,0x10,0x41,0xff,0x28,0xc2,0xff,0x28,0xc2,0xff,0x49,0xc4,0xff,
  0x59,0xe4,0xff,0x62,0x04,0xff,0x6a,0x25,0xff,0x62,0x04,0xff,0x62,0x04,0xff,0x62,
  0x04,0xff,0x61,0xc4,0xff,0x62,0x04,0xff,0x6a,0x04,0xff,0x6a,0x04,0xff,0x72,0x45,
  0xff,0x72,0x45,0xff,0x72,0x65,0xff,0x7a,0xa6,0xff,0x7a,0xa6,0xff,0x82,0xc6,0xff,
  0x72,0x65,0xff,0x59,0xe4,0xff,0x31,0x02,0xff,0x31,0x02,0xff,0x31,0x02,0xff,0x39,
  0x42,0xff,0x39,0x42,0xff,0x39,0x22,0xff,0x39,0x22,0xff,0x39,0x22,0xff,0x31,0x02,
  0xff,0x31,0x22,0xff,0x28,0xe1,0xff,0x20,0xc1,0xff,0x20,0xc1,0xff,0x18,0x60,0xff,
  0x18,0x61,0xff,0x18,0x81,0xff,0x18,0x81,0xff,0x18,0x81,0xff,0x18,0x81,0xff,0x18,
  0xa1,0xff,0x18,0x61,0xff,0x20,0xc2,0xff,0x41,0x83,0xff,0x41,0x83,0xff,0x51,0xa4,
  0xff,0x49,0x83,0xff,0x49,0x83,0xff,0x51,0xa4,0xff,0x51,0xc4,0xff,0x51,0xc4,0xff,
  0x51,0xa4,0xff,0x59,0xc4,0xff,0x59,0xe4,0xff,0x62,0x24,0xff,0x62,0x24,0xff,0x59,
  0xc4,0xff,0x51,0xc4,0xff,0x51,0xc4,0xff,0x59,0xe4,0xff,0x59,0xe4,0xff,0x51,0xa4,
  0xff,0x51,0xc4,0xff,0x49,0xa3,0xff,0x51,0xa4,0xff,0x49,0xa4,0xff,0x49,0xa4,0xff,
  0x41,0x63,0xff,0x59,0xe5,0xff,0x39,0x63,0xff,0x00,0x00,0xff,0x00,0x00,0xff,0x18,
  0xe3,0x00,0x21,0x04,0x00,0x19,0x04,0x00,0x21,0x04,0x00,0x21,0x04,0x00,0x21,0x04,
  0x00,0x21,0x04,0x00,0x21,0x04,0x00,0x21,0x04,0x00,0x21,0x04,0x00,0x21,0x04,0x00,
  0x21,0x04,0x00,0x21,0x04,0x00,0x19,0x04,0x00,0x21,0x04,0x00,0x21,0x04,0x00,0x21,
  0x04,0x00,0x21,0x04,0x00,0x21,0x04,0x00,0x21,0x04,0x00,0x21,0x04,0x00,0x21,0x04,
  0x00,0x21,0x04,0x00,0x19,0x04,0x00,0x21,0x04,0x00,0x21,0x04,0x00,0x21,0x04,0x00,
  0x21,0x04,0x00,0x19,0x04,0x00,0x21,0x04,0x00,0x21,0x04,0x00,0x21,0x04,0x00,0x21,
  0x04,0x00,0x19,0x04,0x00,0x21,0x04,0x00,0x21,0x04,0x00,0x21,0x04,0x00,0x21,0x04,
  0x00,0x21,0x04,0x00,0x21,0x04,0x00,0x21,0x04,0x00,0x21,0x04,0x00,0x21,0x04,0x00,
  0x21,0x04,0x00,0x21,0x04,0x00,0x21,0x04,0x00,0x21,0x44,0x00,0x21,0x44,0x00,0x08,
  0x82,0x00,0x00,0x20,0xff,0x10,0x82,0xff,0x10,0x81,0xff,0x10,0x81,0xff,0x08,0x41,
  0xff,0x18,0xa1,0xff,0x41,0x83,0xff,0x59,0xe4,0xff,0x51,0xa3,0xff,0x51,0xa3,0xff,
  0x59,0xe4,0xff,0x6a,0x25,0xff,0x6a,0x24,0xff,0x61,0xe4,0xff,0x61,0xe4,0xff,0x72,
  0x44,0xff,0x72,0x44,0xff,0x7a,0x65,0xff,0x72,0x65,0xff,0x72,0x65,0xff,0x7a,0x85,
  0xff,0x82,0xa5,0xff,0x7a,0xa6,0xff,0x6a,0x45,0xff,0x6a,0x25,0xff,0x6a,0x25,0xff,
  0x72,0x65,0xff,0x72,0x65,0xff,0x6a,0x24,0xff,0x6a,0x25,0xff,0x6a,0x25,0xff,0x62,
  0x24,0xff,0x62,0x24,0xff,0x62,0x25,0xff,0x51,0xc4,0xff,0x51,0xc4,0xff,0x41,0x42,
  0xff,0x41,0x43,0xff,0x49,0x83,0xff,0x49,0xa4,0xff,0x49,0x84,0xff,0x49,0x84,0xff,
  0x51,0xa4,0xff,0x49,0x83,0xff,0x51,0xa4,0xff,0x62,0x04,0xff,0x62,0x04,0xff,0x6a,
  0x04,0xff,0x61,0xe4,0xff,0x6a,0x24,0xff,0x62,0x04,0xff,0x62,0x04,0xff,0x62,0x04,
  0xff,0x61,0xe4,0xff,0x62,0x04,0xff,0x61,0xe4,0xff,0x59,0xe4,0xff,0x59,0xe4,0xff,
  0x59,0xe4,0xff,0x51,0xa3,0xff,0x41,0x63,0xff,0x49,0x83,0xff,0x49,0x83,0xff,0x59,
  0xe4,0xff,0x51,0xe4,0xff,0x49,0x83,0xff,0x51,0xc4,0xff,0x49,0x84,0xff,0x49,0x84,
  0xff,0x31,0x02,0xff,0x20,0xc2,0xff,0x08,0x40,0xff,0x08,0x20,0xff,0x08,0x20,0xff,
  0x18,0xe4,0x00,0x21,0x04,0x00,0x19,0x04,0x00,0x21,0x04,0x00,0x21,0x04,0x00,0x21,
  0x04,0x00,0x21,0x04,0x00,0x21,0x04,0x00,0x21,0x04,0x00,0x21,0x04,0x00,0x21,0x04,
  0x00,0x21,0x04,0x00,0x21,0x04,0x00,0x21,0x04,0x00,0x21,0x04,0x00,0x21,0x04,0x00,
  0x21,0x04,0x00,0x21,0x04,0x00,0x21,0x04,0x00,0x21,0x04,0x00,0x21,0x04,0x00,0x21,
  0x04,0x00,0x21,0x04,0x00,0x19,0x04,0x00,0x21,0x04,0x00,0x21,0x04,0x00,0x21,0x04,
  0x00,0x21,0x04,0x00,0x19,0x04,0x00,0x21,0x04,0x00,0x21,0x04,0x00,0x21,0x04,0x00,
  0x21,0x04,0x00,0x19,0x04,0x00,0x21,0x04,0x00,0x21,0x04,0x00,0x21,0x04,0x00,0x21,
  0x04,0x00,0x21,0x04,0x00,0x21,0x04,0x00,0x21,0x04,0x00,0x21,0x04,0x00,0x21,0x04,
  0x00,0x21,0x04,0x00,0x21,0x04,0x00,0x21,0x04,0x00,0x21,0x44,0x00,0x21,0x44,0x00,
  0x08,0x82,0x00,0x00,0x20,0xff,0x10,0x82,0xff,0x10,0x81,0xff,0x10,0x81,0xff,0x08,
  0x41,0xff,0x18,0xa1,0xff,0x41,0x83,0xff,0x59,0xe4,0xff,0x51,0xa3,0xff,0x51,0xa3,
  0xff,0x59,0xe4,0xff,0x6a,0x25,0xff,0x6a,0x24,0xff,0x61,0xe4,0xff,0x61,0xe4,0xff,
  0x72,0x44,0xff,0x72,0x44,0xff,0x7a,0x65,0xff,0x72,0x65,0xff,0x72,0x65,0xff,0x7a,
  0x85,0xff,0x82,0xa5,0xff,0x7a,0xa6,0xff,0x6a,0x45,0xff,0x6a,0x25,0xff,0x6a,0x25,
  0xff,0x72,0x65,0xff,0x72,0x65,0xff,0x6a,0x24,0xff,0x6a,0x25,0xff,0x6a,0x25,0xff,
  0x62,0x24,0xff,0x62,0x24,0xff,0x62,0x25,0xff,0x51,0xc4,0xff,0x51,0xc4,0xff,0x41,
  0x42,0xff,0x41,0x43,0xff,0x49,0x83,0xff,0x49,0xa4,0xff,0x49,0x84,0xff,0x49,0x84,
  0xff,0x51,0xa4,0xff,0x49,0x83,0xff,0x51,0xa4,0xff,0x62,0x04,0xff,0x62,0x04,0xff,
  0x6a,0x04,0xff,0x61,0xe4,0xff,0x6a,0x24,0xff,0x62,0x04,0xff,0x62,0x04,0xff,0x62,
  0x04,0xff,0x61,0xe4,0xff,0x62,0x04,0xff,0x61,0xe4,0xff,0x59,0xe4,0xff,0x59,0xe4,
  0xff,0x59,0xe4,0xff,0x51,0xa3,0xff,0x41,0x63,0xff,0x49,0x83,0xff,0x49,0x83,0xff,
  0x59,0xe4,0xff,0x51,0xe4,0xff,0x49,0x83,0xff,0x51,0xc4,0xff,0x49,0x84,0xff,0x49,
  0x84,0xff,0x31,0x02,0xff,0x20,0xc2,0xff,0x08,0x40,0xff,0x08,0x20,0xff,0x08,0x20,
  0xff,0x18,0xe4,0x00,0x21,0x04,0x00,0x19,0x04,0x00,0x21,0x04,0x00,0x21,0x04,0x00,
  0x21,0x04,0x00,0x21,0x04,0x00,0x21,0x04,0x00,0x21,0x04,0x00,0x21,0x04,0x00,0x21,
  0x04,0x00,0x21,0x04,0x00,0x21,0x04,0x00,0x21,0x04,0x00,0x21,0x04,0x00,0x21,0x04,
  0x00,0x21,0x04,0x00,0x21,0x04,0x00,0x21,0x04,0x00,0x21,0x04,0x00,0x21,0x04,0x00,
  0x21,0x04,0x00,0x21,0x04,0x00,0x19,0x04,0x00,0x21,0x04,0x00,0x21,0x04,0x00,0x21,
  0x04,0x00,0x21,0x04,0x00,0x21,0x04,0x00,0x21,0x04,0x00,0x21,0x04,0x00,0x21,0x04,
  0x00,0x21,0x04,0x00,0x21,0x04,0x00,0x21,0x04,0x00,0x21,0x04,0x00,0x21,0x04,0x00,
  0x21,0x04,0x00,0x21,0x04,0x00,0x21,0x04,0x00,0x21,0x04,0x00,0x21,0x04,0x00,0x21,
  0x04,0x00,0x19,0x04,0x00,0x21,0x04,0x00,0x21,0x04,0x00,0x21,0x24,0x00,0x21,0x24,
  0x00,0x08,0x81,0xff,0x08,0x40,0xff,0x31,0x43,0xff,0x31,0x43,0xff,0x31,0x43,0xff,
  0x10,0x61,0xff,0x08,0x61,0xff,0x08,0x20,0xff,0x08,0x40,0xff,0x08,0x20,0xff,0x08,
  0x20,0xff,0x18,0xa2,0xff,0x28,0xe2,0xff,0x51,0xc3,0xff,0x72,0x65,0xff,0x72,0x65,
  0xff,0x72,0x85,0xff,0x6a,0x44,0xff,0x72,0x65,0xff,0x72,0x65,0xff,0x72,0x65,0xff,
  0x7a,0x85,0xff,0x7a,0x65,0xff,0x7a,0x85,0xff,0x72,0x65,0xff,0x72,0x65,0xff,0x72,
  0x65,0xff,0x72,0x65,0xff,0x72,0x65,0xff,0x72,0x45,0xff,0x6a,0x45,0xff,0x6a,0x45,
  0xff,0x6a,0x25,0xff,0x6a,0x45,0xff,0x6a,0x45,0xff,0x62,0x05,0xff,0x62,0x05,0xff,
  0x59,0xe4,0xff,0x59,0xe4,0xff,0x62,0x04,0xff,0x62,0x25,0xff,0x61,0xe4,0xff,0x61,
  0xe4,0xff,0x62,0x04,0xff,0x61,0xe4,0xff,0x59,0xe4,0xff,0x59,0xc4,0xff,0x59,0xc4,
  0xff,0x59,0xa3,0xff,0x59,0xa3,0xff,0x59,0xa3,0xff,0x59,0xa3,0xff,0x61,0xe4,0xff,
  0x61,0xe4,0xff,0x59,0xc4,0xff,0x61,0xe4,0xff,0x61,0xe4,0xff,0x59,0xa3,0xff,0x59,
  0xa3,0xff,0x59,0xc3,0xff,0x59,0xe4,0xff,0x41,0x63,0xff,0x31,0x22,0xff,0x31,0x22,
  0xff,0x39,0x43,0xff,0x39,0x43,0xff,0x28,0xe2,0xff,0x28,0xe2,0xff,0x18,0xa2,0xff,
  0x18,0xa2,0xff,0x10,0x41,0xff,0x00,0x00,0xff,0x08,0x40,0xff,0x21,0x03,0x00,0x21,
  0x03,0x00,0x21,0x04,0x00,0x19,0x04,0x00,0x19,0x04,0x00,0x21,0x04,0x00,0x21,0x04,
  0x00,0x21,0x04,0x00,0x21,0x04,0x00,0x21,0x04,0x00,0x19,0x04,0x00,0x21,0x04,0x00,
  0x21,0x04,0x00,0x21,0x04,0x00,0x21,0x04,0x00,0x21,0x04,0x00,0x21,0x04,0x00,0x21,
  0x04,0x00,0x21,0x04,0x00,0x21,0x04,0x00,0x21,0x04,0x00,0x21,0x04,0x00,0x21,0x04,
  0x00,0x21,0x04,0x00,0x21,0x04,0x00,0x21,0x04,0x00,0x21,0x04,0x00,0x21,0x04,0x00,
  0x21,0x04,0x00,0x21,0x04,0x00,0x21,0x04,0x00,0x21,0x04,0x00,0x21,0x04,0x00,0x21,
  0x04,0x00,0x21,0x04,0x00,0x21,0x04,0x00,0x21,0x04,0x00,0x21,0x04,0x00,0x21,0x04,
  0x00,0x21,0x04,0x00,0x21,0x04,0x00,0x21,0x04,0x00,0x21,0x04,0x00,0x21,0x04,0x00,
  0x21,0x04,0x00,0x19,0x04,0x00,0x21,0x04,0x00,0x21,0x04,0x00,0x21,0x24,0x00,0x21,
  0x24,0x00,0x08,0x61,0xff,0x08,0x20,0xff,0x31,0x44,0xff,0x31,0x43,0xff,0x31,0x43,
  0xff,0x29,0x23,0xff,0x29,0x03,0xff,0x18,0xc2,0xff,0x18,0xa2,0xff,0x08,0x41,0xff,
  0x08,0x41,0xff,0x08,0x41,0xff,0x00,0x00,0xff,0x20,0xc2,0xff,0x31,0x02,0xff,0x31,
  0x02,0xff,0x39,0x43,0xff,0x29,0x02,0xff,0x28,0xe2,0xff,0x41,0x43,0xff,0x41,0x43,
  0xff,0x6a,0x25,0xff,0x6a,0x25,0xff,0x6a,0x24,0xff,0x61,0xe4,0xff,0x6a,0x25,0xff,
  0x6a,0x25,0xff,0x72,0x65,0xff,0x72,0x65,0xff,0x6a,0x45,0xff,0x6a,0x45,0xff,0x6a,
  0x45,0xff,0x6a,0x25,0xff,0x6a,0x45,0xff,0x6a,0x25,0xff,0x6a,0x45,0xff,0x6a,0x45,
  0xff,0x6a,0x25,0xff,0x6a,0x45,0xff,0x6a,0x25,0xff,0x6a,0x25,0xff,0x62,0x04,0xff,
  0x62,0x04,0xff,0x6a,0x05,0xff,0x6a,0x04,0xff,0x6a,0x04,0xff,0x61,0xe4,0xff,0x61,
  0xe4,0xff,0x62,0x04,0xff,0x61,0xe4,0xff,0x61,0xc3,0xff,0x61,0xe4,0xff,0x6a,0x04,
  0xff,0x6a,0x04,0xff,0x59,0xe4,0xff,0x59,0xc4,0xff,0x59,0xc3,0xff,0x59,0xe4,0xff,
  0x59,0xe4,0xff,0x51,0xa3,0xff,0x49,0xa3,0xff,0x28,0xe2,0xff,0x08,0x41,0xff,0x08,
  0x41,0xff,0x08,0x41,0xff,0x08,0x41,0xff,0x08,0x20,0xff,0x08,0x41,0xff,0x08,0x20,
  0xff,0x08,0x20,0xff,0x10,0x61,0xff,0x08,0x41,0xff,0x10,0x81,0x00,0x21,0x24,0x00,
  0x21,0x24,0x00,0x19,0x04,0x00,0x19,0x04,0x00,0x21,0x04,0x00,0x21,0x04,0x00,0x21,
  0x04,0x00,0x21,0x04,0x00,0x21,0x04,0x00,0x21,0x04,0x00,0x21,0x04,0x00,0x21,0x04,
  0x00,0x21,0x04,0x00,0x21,0x04,0x00,0x21,0x04,0x00,0x21,0x04,0x00,0x21,0x04,0x00,
  0x21,0x04,0x00,0x21,0x04,0x00,0x21,0x04,0x00,0x21,0x04,0x00,0x21,0x04,0x00,0x21,
  0x04,0x00,0x21,0x04,0x00,0x21,0x04,0x00,0x21,0x04,0x00,0x21,0x04,0x00,0x21,0x04,
  0x00,0x21,0x04,0x00,0x21,0x04,0x00,0x21,0x04,0x00,0x19,0x04,0x00,0x21,0x04,0x00,
  0x21,0x04,0x00,0x21,0x04,0x00,0x21,0x04,0x00,0x21,0x04,0x00,0x21,0x04,0x00,0x21,
  0x04,0x00,0x21,0x04,0x00,0x21,0x04,0x00,0x21,0x04,0x00,0x21,0x04,0x00,0x21,0x04,
  0x00,0x21,0x04,0x00,0x19,0x04,0x00,0x21,0x04,0x00,0x21,0x04,0x00,0x21,0x24,0x00,
  0x21,0x24,0x00,0x08,0x61,0xff,0x08,0x40,0xff,0x31,0x44,0xff,0x31,0x44,0xff,0x31,
  0x44,0xff,0x29,0x03,0xff,0x29,0x03,0xff,0x29,0x23,0xff,0x31,0x43,0xff,0x31,0x23,
  0xff,0x31,0x23,0xff,0x31,0x64,0xff,0x29,0x03,0xff,0x18,0xa2,0xff,0x08,0x20,0xff,
  0x08,0x20,0xff,0x08,0x20,0xff,0x00,0x20,0xff,0x08,0x20,0xff,0x10,0x61,0xff,0x10,
  0x61,0xff,0x28,0xe2,0xff,0x30,0xe2,0xff,0x31,0x22,0xff,0x30,0xe2,0xff,0x41,0x63,
  0xff,0x41,0x63,0xff,0x49,0x83,0xff,0x51,0xc4,0xff,0x59,0xc4,0xff,0x59,0xe4,0xff,
  0x59,0xe4,0xff,0x51,0xc4,0xff,0x51,0xc4,0xff,0x51,0xc4,0xff,0x51,0xc4,0xff,0x51,
  0xc4,0xff,0x59,0xc4,0xff,0x59,0xe4,0xff,0x59,0xe4,0xff,0x5a,0x04,0xff,0x62,0x04,
  0xff,0x62,0x04,0xff,0x62,0x04,0xff,0x62,0x04,0xff,0x62,0x04,0xff,0x61,0xe4,0xff,
  0x61,0xe4,0xff,0x62,0x04,0xff,0x59,0xc4,0xff,0x62,0x04,0xff,0x59,0xe4,0xff,0x49,
  0x83,0xff,0x49,0x83,0xff,0x18,0x81,0xff,0x08,0x20,0xff,0x08,0x20,0xff,0x18,0x81,
  0xff,0x18,0x81,0xff,0x10,0x41,0xff,0x08,0x20,0xff,0x08,0x20,0xff,0x08,0x41,0xff,
  0x08,0x41,0xff,0x08,0x41,0xff,0x18,0xa2,0xff,0x20,0xe2,0xff,0x29,0x03,0xff,0x20,
  0xc2,0xff,0x20,0xc2,0xff,0x20,0xe2,0xff,0x21,0x03,0xff,0x08,0x40,0xff,0x10,0xa2,
  0x00,0x10,0xa2,0x00,0x21,0x24,0x00,0x21,0x04,0x00,0x21,0x04,0x00,0x21,0x04,0x00,
  0x21,0x04,0x00,0x21,0x04,0x00,0x21,0x04,0x00,0x19,0x04,0x00,0x19,0x04,0x00,0x21,
  0x04,0x00,0x21,0x04,0x00,0x21,0x04,0x00,0x21,0x04,0x00,0x21,0x04,0x00,0x21,0x04,
  0x00,0x21,0x04,0x00,0x21,0x04,0x00,0x21,0x04,0x00,0x21,0x04,0x00,0x21,0x04,0x00,
  0x21,0x04,0x00,0x21,0x04,0x00,0x21,0x04,0x00,0x21,0x04,0x00,0x21,0x04,0x00,0x21,
  0x04,0x00,0x21,0x04,0x00,0x21,0x04,0x00,0x21,0x04,0x00,0x19,0x04,0x00,0x19,0x04,
  0x00,0x19,0x04,0x00,0x21,0x04,0x00,0x21,0x04,0x00,0x21,0x04,0x00,0x21,0x04,0x00,
  0x21,0x04,0x00,0x21,0x04,0x00,0x21,0x04,0x00,0x21,0x04,0x00,0x21,0x04,0x00,0x19,
  0x04,0x00,0x19,0x04,0x00,0x19,0x04,0x00,0x21,0x04,0x00,0x19,0x04,0x00,0x21,0x04,
  0x00,0x21,0x04,0x00,0x08,0x61,0xff,0x08,0x20,0xff,0x31,0x24,0xff,0x39,0xa5,0xff,
  0x39,0xa5,0xff,0x41,0xa5,0xff,0x41,0xa5,0xff,0x39,0x64,0xff,0x39,0x84,0xff,0x29,
  0x03,0xff,0x29,0x03,0xff,0x29,0x03,0xff,0x20,0xe2,0xff,0x20,0xe2,0xff,0x20,0xc2,
  0xff,0x20,0xc2,0xff,0x20,0xe2,0xff,0x20,0xe2,0xff,0x21,0x03,0xff,0x18,0xa2,0xff,
  0x18,0xa2,0xff,0x18,0x81,0xff,0x10,0x41,0xff,0x10,0x81,0xff,0x10,0x61,0xff,0x10,
  0x61,0xff,0x10,0x61,0xff,0x08,0x40,0xff,0x10,0x61,0xff,0x10,0x61,0xff,0x10,0x40,
  0xff,0x10,0x40,0xff,0x08,0x20,0xff,0x08,0x20,0xff,0x00,0x00,0xff,0x00,0x00,0xff,
  0x00,0x00,0xff,0x00,0x00,0xff,0x00,0x00,0xff,0x00,0x00,0xff,0x08,0x00,0xff,0x08,
  0x00,0xff,0x08,0x00,0xff,0x08,0x20,0xff,0x08,0x20,0xff,0x08,0x40,0xff,0x08,0x40,
  0xff,0x08,0x40,0xff,0x08,0x40,0xff,0x08,0x20,0xff,0x08,0x20,0xff,0x08,0x20,0xff,
  0x08,0x20,0xff,0x08,0x20,0xff,0x08,0x20,0xff,0x10,0x61,0xff,0x10,0x61,0xff,0x10,
  0x81,0xff,0x10,0x81,0xff,0x10,0x61,0xff,0x18,0x82,0xff,0x18,0x82,0xff,0x29,0x03,
  0xff,0x29,0x03,0xff,0x20,0xe3,0xff,0x29,0x03,0xff,0x29,0x23,0xff,0x31,0x23,0xff,
  0x29,0x03,0xff,0x29,0x03,0xff,0x29,0x03,0xff,0x31,0x44,0xff,0x08,0x40,0xff,0x00,
  0x20,0xff,0x00,0x20,0xff,0x21,0x04,0x00,0x21,0x04,0x00,0x21,0x04,0x00,0x21,0x04,
  0x00,0x21,0x04,0x00,0x21,0x04,0x00,0x21,0x04,0x00,0x19,0x04,0x00,0x19,0x04,0x00,
  0x21,0x04,0x00,0x21,0x04,0x00,0x21,0x04,0x00,0x21,0x04,0x00,0x21,0x04,0x00,0x21,
  0x04,0x00,0x21,0x04,0x00,0x21,0x04,0x00,0x21,0x04,0x00,0x21,0x04,0x00,0x21,0x04,
  0x00,0x21,0x04,0x00,0x21,0x04,0x00,0x19,0x04,0x00,0x21,0x04,0x00,0x21,0x04,0x00,
  0x21,0x04,0x00,0x21,0x04,0x00,0x21,0x04,0x00,0x21,0x04,0x00,0x19,0x04,0x00,0x19,
  0x04,0x00,0x19,0x04,0x00,0x21,0x04,0x00,0x21,0x04,0x00,0x21,0x04,0x00,0x21,0x04,
  0x00,0x21,0x04,0x00,0x21,0x04,0x00,0x21,0x04,0x00,0x21,0x04,0x00,0x21,0x04,0x00,
  0x19,0x04,0x00,0x19,0x04,0x00,0x19,0x04,0x00,0x21,0x04,0x00,0x19,0x04,0x00,0x21,
  0x04,0x00,0x21,0x04,0x00,0x08,0x61,0xff,0x08,0x20,0xff,0x31,0x24,0xff,0x39,0xa5,
  0xff,0x39,0xa5,0xff,0x41,0xa5,0xff,0x41,0xa5,0xff,0x39,0x64,0xff,0x39,0x84,0xff,
  0x29,0x03,0xff,0x29,0x03,0xff,0x29,0x03,0xff,0x20,0xe2,0xff,0x20,0xe2,0xff,0x20,
  0xc2,0xff,0x20,0xc2,0xff,0x20,0xe2,0xff,0x20,0xe2,0xff,0x21,0x03,0xff,0x18,0xa2,
  0xff,0x18,0xa2,0xff,0x18,0x81,0xff,0x10,0x41,0xff,0x10,0x81,0xff,0x10,0x61,0xff,
  0x10,0x61,0xff,0x10,0x61,0xff,0x08,0x40,0xff,0x10,0x61,0xff,0x10,0x61,0xff,0x10,
  0x40,0xff,0x10,0x40,0xff,0x08,0x20,0xff,0x08,0x20,0xff,0x00,0x00,0xff,0x00,0x00,
  0xff,0x00,0x00,0xff,0x00,0x00,0xff,0x00,0x00,0xff,0x00,0x00,0xff,0x08,0x00,0xff,
  0x08,0x00,0xff,0x08,0x00,0xff,0x08,0x20,0xff,0x08,0x20,0xff,0x08,0x40,0xff,0x08,
  0x40,0xff,0x08,0x40,0xff,0x08,0x40,0xff,0x08,0x20,0xff,0x08,0x20,0xff,0x08,0x20,
  0xff,0x08,0x20,0xff,0x08,0x20,0xff,0x08,0x20,0xff,0x10,0x61,0xff,0x10,0x61,0xff,
  0x10,0x81,0xff,0x10,0x81,0xff,0x10,0x61,0xff,0x18,0x82,0xff,0x18,0x82,0xff,0x29,
  0x03,0xff,0x29,0x03,0xff,0x20,0xe3,0xff,0x29,0x03,0xff,0x29,0x23,0xff,0x31,0x23,
  0xff,0x29,0x03,0xff,0x29,0x03,0xff,0x29,0x03,0xff,0x31,0x44,0xff,0x08,0x40,0xff,
  0x00,0x20,0xff,0x00,0x20,0xff,0x21,0x04,0x00,0x21,0x04,0x00,0x21,0x04,0x00,0x21,
  0x04,0x00,0x21,0x04,0x00,0x21,0x04,0x00,0x21,0x04,0x00,0x19,0x04,0x00,0x19,0x04,
  0x00,0x21,0x04,0x00,0x21,0x04,0x00,0x21,0x04,0x00,0x21,0x04,0x00,0x21,0x04,0x00,
  0x21,0x04,0x00,0x21,0x04,0x00,0x21,0x04,0x00,0x21,0x04,0x00,0x21,0x04,0x00,0x21,
  0x04,0x00,0x21,0x04,0x00,0x21,0x04,0x00,0x19,0x04,0x00,0x21,0x04,0x00,0x21,0x04,
  0x00,0x21,0x04,0x00,0x21,0x04,0x00,0x21,0x04,0x00,0x21,0x04,0x00,0x19,0x04,0x00,
  0x19,0x04,0x00,0x19,0x04,0x00,0x21,0x04,0x00,0x21,0x04,0x00,0x21,0x04,0x00,0x21,
  0x04,0x00,0x21,0x04,0x00,0x21,0x04,0x00,0x21,0x04,0x00,0x21,0x04,0x00,0x21,0x04,
  0x00,0x21,0x04,0x00,0x21,0x04,0x00,0x19,0x04,0x00,0x21,0x04,0x00,0x21,0x04,0x00,
  0x21,0x04,0x00,0x21,0x04,0x00,0x08,0x61,0xff,0x08,0x40,0xff,0x31,0x24,0xff,0x29,
  0x23,0xff,0x29,0x23,0xff,0x31,0x44,0xff,0x49,0xe5,0xff,0x49,0xe6,0xff,0x49,0xe6,
  0xff,0x41,0xc5,0xff,0x41,0xc5,0xff,0x41,0x85,0xff,0x39,0x64,0xff,0x39,0x64,0xff,
  0x39,0x64,0xff,0x39,0x64,0xff,0x39,0x84,0xff,0x39,0x64,0xff,0x39,0x84,0xff,0x31,
  0x23,0xff,0x31,0x23,0xff,0x29,0x03,0xff,0x20,0xe2,0xff,0x20,0xe2,0xff,0x10,0x81,
  0xff,0x18,0x82,0xff,0x18,0x82,0xff,0x18,0xa2,0xff,0x08,0x61,0xff,0x00,0x00,0xff,
  0x00,0x20,0xff,0x00,0x20,0xff,0x00,0x20,0xff,0x00,0x20,0xff,0x08,0x21,0xff,0x08,
  0x41,0xff,0x08,0x41,0xff,0x08,0x41,0xff,0x10,0x61,0xff,0x10,0x61,0xff,0x10,0x81,
  0xff,0x10,0x82,0xff,0x10,0x82,0xff,0x18,0x82,0xff,0x18,0xa2,0xff,0x18,0xa2,0xff,
  0x10,0x81,0xff,0x10,0x81,0xff,0x10,0x81,0xff,0x10,0x61,0xff,0x18,0x82,0xff,0x29,
  0x03,0xff,0x31,0x43,0xff,0x31,0x43,0xff,0x39,0x64,0xff,0x41,0xa5,0xff,0x31,0x64,
  0xff,0x31,0x43,0xff,0x31,0x43,0xff,0x29,0x03,0xff,0x31,0x44,0xff,0x39,0x64,0xff,
  0x39,0x84,0xff,0x39,0x84,0xff,0x31,0x23,0xff,0x31,0x44,0xff,0x28,0xe3,0xff,0x20,
  0xe2,0xff,0x29,0x03,0xff,0x29,0x03,0xff,0x39,0x64,0xff,0x41,0xa5,0xff,0x10,0x81,
  0xff,0x00,0x20,0xff,0x00,0x20,0xff,0x21,0x04,0x00,0x21,0x04,0x00,0x21,0x04,0x00,
  0x21,0x04,0x00,0x21,0x04,0x00,0x21,0x04,0x00,0x21,0x04,0x00,0x19,0x04,0x00,0x19,
  0x04,0x00,0x21,0x04,0x00,0x21,0x04,0x00,0x21,0x04,0x00,0x21,0x04,0x00,0x21,0x04,
  0x00,0x21,0x04,0x00,0x21,0x04,0x00,0x21,0x04,0x00,0x21,0x04,0x00,0x21,0x04,0x00,
  0x21,0x04,0x00,0x21,0x04,0x00,0x21,0x04,0x00,0x21,0x04,0x00,0x21,0x04,0x00,0x21,
  0x04,0x00,0x21,0x04,0x00,0x21,0x04,0x00,0x21,0x04,0x00,0x21,0x04,0x00,0x19,0x04,
  0x00,0x19,0x04,0x00,0x19,0x04,0x00,0x21,0x04,0x00,0x21,0x04,0x00,0x21,0x04,0x00,
  0x21,0x04,0x00,0x21,0x04,0x00,0x21,0x04,0x00,0x21,0x04,0x00,0x21,0x04,0x00,0x21,
  0x04,0x00,0x21,0x04,0x00,0x21,0x04,0x00,0x19,0x04,0x00,0x19,0x04,0x00,0x21,0x04,
  0x00,0x21,0x04,0x00,0x21,0x04,0x00,0x08,0x61,0xff,0x00,0x20,0xff,0x29,0x23,0xff,
  0x20,0xc2,0xff,0x20,0xc2,0xff,0x20,0xe2,0xff,0x41,0xa5,0xff,0x49,0xe5,0xff,0x49,
  0xc5,0xff,0x49,0xe6,0xff,0x49,0xe6,0xff,0x49,0xe5,0xff,0x49,0xc5,0xff,0x49,0xe5,
  0xff,0x49,0xc5,0xff,0x49,0xc5,0xff,0x41,0xa5,0xff,0x39,0x64,0xff,0x39,0x64,0xff,
  0x39,0x44,0xff,0x39,0x44,0xff,0x39,0x84,0xff,0x31,0x23,0xff,0x20,0xc2,0xff,0x18,
  0xa1,0xff,0x39,0x64,0xff,0x39,0x64,0xff,0x49,0xe5,0xff,0x31,0x64,0xff,0x10,0x61,
  0xff,0x18,0x81,0xff,0x18,0x81,0xff,0x29,0x23,0xff,0x29,0x03,0xff,0x29,0x03,0xff,
  0x29,0x23,0xff,0x29,0x23,0xff,0x29,0x23,0xff,0x29,0x23,0xff,0x31,0x23,0xff,0x31,
  0x23,0xff,0x31,0x23,0xff,0x31,0x23,0xff,0x31,0x43,0xff,0x31,0x43,0xff,0x31,0x23,
  0xff,0x31,0x23,0xff,0x31,0x23,0xff,0x31,0x23,0xff,0x29,0x03,0xff,0x31,0x23,0xff,
  0x39,0x84,0xff,0x41,0xa5,0xff,0x41,0xa5,0xff,0x39,0x64,0xff,0x39,0x84,0xff,0x41,
  0xa5,0xff,0x39,0x64,0xff,0x39,0x64,0xff,0x29,0x03,0xff,0x31,0x23,0xff,0x39,0xa5,
  0xff,0x41,0xc5,0xff,0x41,0xc5,0xff,0x41,0xc5,0xff,0x49,0xc5,0xff,0x41,0xa5,0xff,
  0x31,0x44,0xff,0x20,0xc2,0xff,0x20,0xc2,0xff,0x39,0x44,0xff,0x41,0x85,0xff,0x08,
  0x40,0xff,0x00,0x20,0xff,0x00,0x20,0xff,0x21,0x04,0x00,0x21,0x04,0x00,0x21,0x04,
  0x00,0x21,0x04,0x00,0x21,0x04,0x00,0x21,0x04,0x00,0x21,0x04,0x00,0x19,0x04,0x00,
  0x19,0x04,0x00,0x21,0x04,0x00,0x21,0x04,0x00,0x21,0x04,0x00,0x21,0x04,0x00,0x21,
  0x04,0x00,0x21,0x04,0x00,0x21,0x04,0x00,0x21,0x04,0x00,0x21,0x04,0x00,0x21,0x04,
  0x00,0x21,0x04,0x00,0x21,0x04,0x00,0x21,0x04,0x00,0x21,0x04,0x00,0x21,0x04,0x00,
  0x19,0x04,0x00,0x19,0x04,0x00,0x19,0x04,0x00,0x19,0x04,0x00,0x19,0x04,0x00,0x19,
  0x04,0x00,0x19,0x04,0x00,0x19,0x04,0x00,0x21,0x04,0x00,0x21,0x04,0x00,0x21,0x04,
  0x00,0x21,0x04,0x00,0x21,0x04,0x00,0x21,0x04,0x00,0x21,0x04,0x00,0x21,0x04,0x00,
  0x21,0x04,0x00,0x21,0x04,0x00,0x21,0x04,0x00,0x19,0x04,0x00,0x21,0x04,0x00,0x21,
  0x04,0x00,0x21,0x24,0x00,0x21,0x24,0x00,0x08,0x61,0xff,0x00,0x20,0xff,0x39,0x64,
  0xff,0x41,0xc5,0xff,0x41,0xc5,0xff,0x41,0xa5,0xff,0x41,0xc5,0xff,0x49,0xc5,0xff,
  0x49,0xe5,0xff,0x49,0xe5,0xff,0x49,0xe5,0xff,0x49,0xe5,0xff,0x49,0xc5,0xff,0x49,
  0xc5,0xff,0x49,0xe5,0xff,0x49,0xe5,0xff,0x49,0xe6,0xff,0x49,0xc5,0xff,0x49,0xc5,
  0xff,0x41,0xa5,0xff,0x41,0xa5,0xff,0x41,0xc5,0xff,0x41,0x84,0xff,0x31,0x23,0xff,
  0x18,0xa2,0xff,0x39,0x84,0xff,0x39,0x84,0xff,0x52,0x26,0xff,0x49,0xe5,0xff,0x18,
  0xa1,0xff,0x20,0xc2,0xff,0x20,0xc2,0xff,0x31,0x44,0xff,0x31,0x23,0xff,0x29,0x03,
  0xff,0x29,0x03,0xff,0x29,0x03,0xff,0x29,0x03,0xff,0x29,0x03,0xff,0x29,0x23,0xff,
  0x31,0x23,0xff,0x31,0x23,0xff,0x31,0x23,0xff,0x31,0x23,0xff,0x31,0x23,0xff,0x31,
  0x43,0xff,0x31,0x23,0xff,0x31,0x23,0xff,0x31,0x43,0xff,0x31,0x44,0xff,0x39,0x64,
  0xff,0x39,0x64,0xff,0x41,0x84,0xff,0x41,0x84,0xff,0x41,0xc5,0xff,0x41,0xc5,0xff,
  0x41,0xa5,0xff,0x41,0xa5,0xff,0x41,0xa5,0xff,0x41,0xa5,0xff,0x39,0x84,0xff,0x31,
  0x23,0xff,0x39,0x84,0xff,0x39,0x84,0xff,0x49,0xe6,0xff,0x49,0xe6,0xff,0x41,0xa5,
  0xff,0x49,0xe6,0xff,0x31,0x43,0xff,0x31,0x43,0xff,0x31,0x44,0xff,0x41,0xa5,0xff,
  0x18,0x81,0xff,0x08,0x40,0xff,0x08,0x40,0xff,0x21,0x24,0x00,0x21,0x04,0x00,0x21,
  0x04,0x00,0x21,0x04,0x00,0x21,0x04,0x00,0x21,0x04,0x00,0x21,0x04,0x00,0x19,0x04,
  0x00,0x21,0x04,0x00,0x21,0x04,0x00,0x21,0x04,0x00,0x19,0x04,0x00,0x21,0x04,0x00,
  0x19,0x04,0x00,0x21,0x04,0x00,0x21,0x04,0x00,0x21,0x04,0x00,0x21,0x04,0x00,0x21,
  0x04,0x00,0x21,0x04,0x00,0x21,0x04,0x00,0x21,0x04,0x00,0x21,0x04,0x00,0x21,0x04,
  0x00,0x21,0x04,0x00,0x19,0x04,0x00,0x19,0x04,0x00,0x19,0x04,0x00,0x19,0x04,0x00,
  0x19,0x04,0x00,0x19,0x04,0x00,0x19,0x04,0x00,0x21,0x04,0x00,0x21,0x04,0x00,0x21,
  0x04,0x00,0x21,0x04,0x00,0x21,0x04,0x00,0x21,0x04,0x00,0x21,0x04,0x00,0x21,0x04,
  0x00,0x21,0x04,0x00,0x21,0x04,0x00,0x21,0x04,0x00,0x19,0x04,0x00,0x21,0x04,0x00,
  0x21,0x04,0x00,0x21,0x24,0x00,0x21,0x24,0x00,0x08,0x61,0xff,0x00,0x00,0xff,0x41,
  0x85,0xff,0x4a,0x06,0xff,0x4a,0x06,0xff,0x49,0xe5,0xff,0x49,0xe6,0xff,0x49,0xc5,
  0xff,0x49,0xe6,0xff,0x49,0xc5,0xff,0x49,0xc5,0xff,0x49,0xc5,0xff,0x49,0xc5,0xff,
  0x49,0xc5,0xff,0x39,0x64,0xff,0x39,0x64,0xff,0x41,0x84,0xff,0x49,0xe6,0xff,0x49,
  0xe6,0xff,0x41,0x85,0xff,0x41,0x85,0xff,0x39,0x64,0xff,0x41,0xc5,0xff,0x39,0x64,
  0xff,0x18,0x81,0xff,0x39,0x64,0xff,0x39,0x64,0xff,0x49,0xe6,0xff,0x49,0xe6,0xff,
  0x29,0x03,0xff,0x20,0xc2,0xff,0x20,0xc2,0xff,0x39,0x64,0xff,0x39,0x64,0xff,0x39,
  0x64,0xff,0x41,0xa4,0xff,0x41,0xa4,0xff,0x41,0xa5,0xff,0x41,0xa5,0xff,0x49,0xc5,
  0xff,0x49,0xe5,0xff,0x49,0xc5,0xff,0x49,0xc5,0xff,0x49,0xe6,0xff,0x49,0xe5,0xff,
  0x49,0xe6,0xff,0x49,0xc5,0xff,0x49,0xc5,0xff,0x41,0xc5,0xff,0x41,0xa5,0xff,0x41,
  0xc5,0xff,0x41,0xa5,0xff,0x41,0xc5,0xff,0x41,0xc5,0xff,0x41,0xa5,0xff,0x41,0xa5,
  0xff,0x41,0xa5,0xff,0x49,0xc5,0xff,0x49,0xc5,0xff,0x49,0xe5,0xff,0x49,0xc5,0xff,
  0x39,0x84,0xff,0x31,0x64,0xff,0x31,0x64,0xff,0x31,0x23,0xff,0x41,0x85,0xff,0x4a,
  0x06,0xff,0x52,0x27,0xff,0x41,0xc5,0xff,0x41,0xc5,0xff,0x28,0xc2,0xff,0x41,0x85,
  0xff,0x20,0xe2,0xff,0x00,0x00,0xff,0x00,0x00,0xff,0x21,0x04,0x00,0x21,0x04,0x00,
  0x19,0x04,0x00,0x21,0x04,0x00,0x21,0x04,0x00,0x21,0x04,0x00,0x21,0x04,0x00,0x19,
  0x04,0x00,0x21,0x04,0x00,0x21,0x04,0x00,0x21,0x04,0x00,0x19,0x04,0x00,0x19,0x04,
  0x00,0x19,0x04,0x00,0x21,0x04,0x00,0x21,0x04,0x00,0x21,0x04,0x00,0x21,0x04,0x00,
  0x19,0x04,0x00,0x21,0x04,0x00,0x21,0x04,0x00,0x21,0x04,0x00,0x21,0x04,0x00,0x21,
  0x04,0x00,0x21,0x04,0x00,0x21,0x04,0x00,0x21,0x04,0x00,0x19,0x04,0x00,0x19,0x04,
  0x00,0x19,0x04,0x00,0x19,0x04,0x00,0x19,0x04,0x00,0x21,0x04,0x00,0x21,0x04,0x00,
  0x21,0x04,0x00,0x21,0x04,0x00,0x21,0x04,0x00,0x21,0x04,0x00,0x21,0x04,0x00,0x21,
  0x04,0x00,0x21,0x04,0x00,0x21,0x04,0x00,0x21,0x04,0x00,0x19,0x04,0x00,0x21,0x04,
  0x00,0x21,0x04,0x00,0x21,0x24,0x00,0x21,0x24,0x00,0x08,0x61,0xff,0x00,0x20,0xff,
  0x41,0xa5,0xff,0x49,0xe6,0xff,0x49,0xe6,0xff,0x49,0xc5,0xff,0x49,0xe5,0xff,0x49,
  0xe5,0xff,0x49,0xe5,0xff,0x49,0xe5,0xff,0x49,0xe5,0xff,0x49,0xe5,0xff,0x52,0x06,
  0xff,0x49,0xe5,0xff,0x39,0x44,0xff,0x39,0x44,0xff,0x31,0x23,0xff,0x31,0x23,0xff,
  0x41,0x84,0xff,0x41,0xc5,0xff,0x41,0xc5,0xff,0x41,0xa5,0xff,0x31,0x43,0xff,0x31,
  0x23,0xff,0x18,0xa2,0xff,0x31,0x84,0xff,0x31,0x84,0xff,0x4a,0x06,0xff,0x4a,0x06,
  0xff,0x39,0x64,0xff,0x20,0xe2,0xff,0x20,0xe2,0xff,0x41,0xe5,0xff,0x49,0xe5,0xff,
  0x41,0xc5,0xff,0x41,0xc5,0xff,0x41,0xc5,0xff,0x41,0xc5,0xff,0x49,0xe5,0xff,0x49,
  0xe5,0xff,0x4a,0x06,0xff,0x49,0xe6,0xff,0x49,0xe6,0xff,0x4a,0x06,0xff,0x49,0xe5,
  0xff,0x49,0xe5,0xff,0x49,0xe5,0xff,0x49,0xe5,0xff,0x49,0xe5,0xff,0x41,0xc5,0xff,
  0x41,0xa5,0xff,0x41,0xc5,0xff,0x49,0xc5,0xff,0x49,0xc5,0xff,0x41,0xc5,0xff,0x49,
  0xc5,0xff,0x49,0xc5,0xff,0x49,0xc5,0xff,0x49,0xc5,0xff,0x41,0xa5,0xff,0x49,0xc5,
  0xff,0x49,0xc5,0xff,0x49,0xc5,0xff,0x49,0xc5,0xff,0x39,0x44,0xff,0x31,0x23,0xff,
  0x31,0x44,0xff,0x49,0xe6,0xff,0x39,0x84,0xff,0x39,0x84,0xff,0x28,0xe2,0xff,0x41,
  0xc5,0xff,0x39,0x64,0xff,0x08,0x20,0xff,0x08,0x20,0xff,0x21,0x04,0x00,0x21,0x04,
  0x00,0x21,0x04,0x00,0x21,0x04,0x00,0x21,0x04,0x00,0x21,0x04,0x00,0x19,0x04,0x00,
  0x21,0x04,0x00,0x21,0x04,0x00,0x21,0x04,0x00,0x21,0x04,0x00,0x21,0x04,0x00,0x19,
  0x04,0x00,0x19,0x04,0x00,0x21,0x04,0x00,0x21,0x04,0x00,0x21,0x04,0x00,0x21,0x04,
  0x00,0x19,0x04,0x00,0x21,0x04,0x00,0x21,0x04,0x00,0x21,0x04,0x00,0x21,0x04,0x00,
  0x21,0x04,0x00,0x21,0x04,0x00,0x21,0x04,0x00,0x21,0x04,0x00,0x19,0x04,0x00,0x19,
  0x04,0x00,0x19,0x04,0x00,0x19,0x04,0x00,0x19,0x04,0x00,0x21,0x04,0x00,0x21,0x04,
  0x00,0x21,0x04,0x00,0x21,0x04,0x00,0x21,0x04,0x00,0x21,0x04,0x00,0x21,0x04,0x00,
  0x21,0x04,0x00,0x21,0x04,0x00,0x21,0x04,0x00,0x21,0x04,0x00,0x19,0x04,0x00,0x21,
  0x04,0x00,0x21,0x04,0x00,0x21,0x24,0x00,0x21,0x24,0x00,0x08,0x61,0xff,0x00,0x20,
  0xff,0x41,0xa5,0xff,0x49,0xe6,0xff,0x49,0xe6,0xff,0x49,0xc5,0xff,0x49,0xe5,0xff,
  0x49,0xe5,0xff,0x49,0xe5,0xff,0x49,0xe5,0xff,0x49,0xe5,0xff,0x49,0xe5,0xff,0x52,
  0x06,0xff,0x49,0xe5,0xff,0x39,0x44,0xff,0x39,0x44,0xff,0x31,0x23,0xff,0x31,0x23,
  0xff,0x41,0x84,0xff,0x41,0xc5,0xff,0x41,0xc5,0xff,0x41,0xa5,0xff,0x31,0x43,0xff,
  0x31,0x23,0xff,0x18,0xa2,0xff,0x31,0x84,0xff,0x31,0x84,0xff,0x4a,0x06,0xff,0x4a,
  0x06,0xff,0x39,0x64,0xff,0x20,0xe2,0xff,0x20,0xe2,0xff,0x41,0xe5,0xff,0x49,0xe5,
  0xff,0x41,0xc5,0xff,0x41,0xc5,0xff,0x41,0xc5,0xff,0x41,0xc5,0xff,0x49,0xe5,0xff,
  0x49,0xe5,0xff,0x4a,0x06,0xff,0x49,0xe6,0xff,0x49,0xe6,0xff,0x4a,0x06,0xff,0x49,
  0xe5,0xff,0x49,0xe5,0xff,0x49,0xe5,0xff,0x49,0xe5,0xff,0x49,0xe5,0xff,0x41,0xc5,
  0xff,0x41,0xa5,0xff,0x41,0xc5,0xff,0x49,0xc5,0xff,0x49,0xc5,0xff,0x41,0xc5,0xff,
  0x49,0xc5,0xff,0x49,0xc5,0xff,0x49,0xc5,0xff,0x49,0xc5,0xff,0x41,0xa5,0xff,0x49,
  0xc5,0xff,0x49,0xc5,0xff,0x49,0xc5,0xff,0x49,0xc5,0xff,0x39,0x44,0xff,0x31,0x23,
  0xff,0x31,0x44,0xff,0x49,0xe6,0xff,0x39,0x84,0xff,0x39,0x84,0xff,0x28,0xe2,0xff,
  0x41,0xc5,0xff,0x39,0x64,0xff,0x08,0x20,0xff,0x08,0x20,0xff,0x21,0x04,0x00,0x21,
  0x04,0x00,0x21,0x04,0x00,0x21,0x04,0x00,0x21,0x04,0x00,0x21,0x04,0x00,0x19,0x04,
  0x00,0x21,0x04,0x00,0x21,0x04,0x00,0x21,0x04,0x00,0x21,0x04,0x00,0x21,0x04,0x00,
  0x19,0x04,0x00,0x19,0x04,0x00,0x21,0x04,0x00,0x21,0x04,0x00,0x21,0x04,0x00,0x21,
  0x04,0x00,0x19,0x04,0x00,0x21,0x04,0x00,0x21,0x04,0x00,0x21,0x04,0x00,0x21,0x04,
  0x00,0x21,0x04,0x00,0x21,0x04,0x00,0x21,0x04,0x00,0x21,0x04,0x00,0x19,0x04,0x00,
  0x19,0x04,0x00,0x21,0x04,0x00,0x19,0x04,0x00,0x19,0x04,0x00,0x21,0x04,0x00,0x21,
  0x04,0x00,0x21,0x04,0x00,0x21,0x04,0x00,0x21,0x04,0x00,0x19,0x04,0x00,0x21,0x04,
  0x00,0x19,0x04,0x00,0x19,0x04,0x00,0x19,0x04,0x00,0x19,0x04,0x00,0x19,0x04,0x00,
  0x21,0x04,0x00,0x21,0x04,0x00,0x21,0x24,0x00,0x21,0x24,0x00,0x08,0x82,0xff,0x00,
  0x20,0xff,0x41,0xa5,0xff,0x49,0xe6,0xff,0x49,0xe6,0xff,0x49,0xc5,0xff,0x49,0xe5,
  0xff,0x49,0xe5,0xff,0x49,0xe5,0xff,0x49,0xe5,0xff,0x49,0xe5,0xff,0x51,0xe6,0xff,
  0x49,0xc5,0xff,0x49,0xe5,0xff,0x49,0xc5,0xff,0x49,0xc5,0xff,0x39,0x64,0xff,0x20,
  0xc2,0xff,0x29,0x02,0xff,0x29,0x02,0xff,0x29,0x02,0xff,0x39,0x64,0xff,0x39,0x44,
  0xff,0x39,0x64,0xff,0x20,0xe2,0xff,0x29,0x03,0xff,0x29,0x03,0xff,0x52,0x47,0xff,
  0x4a,0x06,0xff,0x39,0x84,0xff,0x18,0xa2,0xff,0x18,0xa2,0xff,0x41,0xa5,0xff,0x52,
  0x06,0xff,0x49,0xe6,0xff,0x4a,0x06,0xff,0x4a,0x06,0xff,0x49,0xe6,0xff,0x4a,0x06,
  0xff,0x49,0xe5,0xff,0x49,0xe6,0xff,0x49,0xe6,0xff,0x49,0xe6,0xff,0x52,0x06,0xff,
  0x49,0xe5,0xff,0x49,0xe5,0xff,0x49,0xc5,0xff,0x49,0xc5,0xff,0x49,0xc5,0xff,0x49,
  0xc5,0xff,0x41,0xc5,0xff,0x41,0xa5,0xff,0x49,0xc5,0xff,0x49,0xc5,0xff,0x49,0xe5,
  0xff,0x49,0xc5,0xff,0x41,0xa5,0xff,0x49,0xc5,0xff,0x49,0xc5,0xff,0x49,0xa5,0xff,
  0x41,0xa5,0xff,0x41,0xa5,0xff,0x49,0xa5,0xff,0x49,0xa5,0xff,0x49,0xc5,0xff,0x41,
  0xc5,0xff,0x31,0x44,0xff,0x31,0x44,0xff,0x28,0xe3,0xff,0x28,0xe3,0xff,0x20,0xa2,
  0xff,0x39,0x84,0xff,0x39,0x64,0xff,0x00,0x00,0xff,0x00,0x00,0xff,0x21,0x04,0x00,
  0x21,0x04,0x00,0x21,0x04,0x00,0x19,0x04,0x00,0x19,0x04,0x00,0x21,0x04,0x00,0x19,
  0x04,0x00,0x21,0x04,0x00,0x21,0x04,0x00,0x21,0x04,0x00,0x21,0x04,0x00,0x21,0x04,
  0x00,0x19,0x04,0x00,0x19,0x04,0x00,0x19,0x04,0x00,0x19,0x04,0x00,0x21,0x04,0x00,
  0x19,0x04,0x00,0x19,0x04,0x00,0x21,0x04,0x00,0x21,0x04,0x00,0x21,0x04,0x00,0x21,
  0x04,0x00,0x21,0x04,0x00,0x21,0x04,0x00,0x21,0x04,0x00,0x21,0x04,0x00,0x19,0x04,
  0x00,0x19,0x04,0x00,0x21,0x04,0x00,0x19,0x04,0x00,0x19,0x04,0x00,0x21,0x04,0x00,
  0x21,0x04,0x00,0x21,0x04,0x00,0x21,0x04,0x00,0x21,0x04,0x00,0x19,0x04,0x00,0x19,
  0x04,0x00,0x21,0x04,0x00,0x21,0x04,0x00,0x21,0x04,0x00,0x21,0x04,0x00,0x21,0x04,
  0x00,0x21,0x04,0x00,0x21,0x04,0x00,0x21,0x24,0x00,0x21,0x24,0x00,0x08,0x82,0x00,
  0x08,0x20,0xff,0x41,0xa5,0xff,0x4a,0x06,0xff,0x4a,0x06,0xff,0x49,0xe5,0xff,0x49,
  0xe5,0xff,0x49,0xc5,0xff,0x49,0xe6,0xff,0x49,0xe5,0xff,0x49,0xe5,0xff,0x49,0xe6,
  0xff,0x49,0xc5,0xff,0x41,0xa5,0xff,0x41,0xa5,0xff,0x41,0xa5,0xff,0x49,0xc5,0xff,
  0x41,0xa4,0xff,0x31,0x43,0xff,0x20,0xa2,0xff,0x20,0xa2,0xff,0x20,0xe2,0xff,0x20,
  0xc2,0xff,0x39,0x63,0xff,0x41,0xa5,0xff,0x20,0xe2,0xff,0x20,0xe2,0xff,0x39,0x85,
  0xff,0x49,0xc5,0xff,0x49,0xc5,0xff,0x31,0x43,0xff,0x31,0x43,0xff,0x31,0x64,0xff,
  0x41,0xa5,0xff,0x39,0x44,0xff,0x39,0x64,0xff,0x39,0x64,0xff,0x31,0x43,0xff,0x31,
  0x43,0xff,0x31,0x23,0xff,0x31,0x23,0xff,0x31,0x23,0xff,0x31,0x23,0xff,0x41,0x85,
  0xff,0x49,0xc5,0xff,0x49,0xe5,0xff,0x49,0xc5,0xff,0x49,0xc5,0xff,0x49,0xc5,0xff,
  0x41,0xc5,0xff,0x41,0xc5,0xff,0x49,0xc5,0xff,0x49,0xe5,0xff,0x49,0xe5,0xff,0x49,
  0xc5,0xff,0x49,0xe5,0xff,0x49,0xc5,0xff,0x49,0xc5,0xff,0x49,0xc5,0xff,0x49,0xc5,
  0xff,0x49,0xc5,0xff,0x41,0xa5,0xff,0x49,0xc5,0xff,0x49,0xc5,0xff,0x49,0xc5,0xff,
  0x49,0xe6,0xff,0x49,0xc5,0xff,0x49,0xc5,0xff,0x39,0x44,0xff,0x39,0x44,0xff,0x29,
  0x23,0xff,0x39,0x64,0xff,0x31,0x44,0xff,0x00,0x00,0xff,0x00,0x00,0xff,0x21,0x03,
  0x00,0x21,0x04,0x00,0x21,0x04,0x00,0x21,0x04,0x00,0x21,0x04,0x00,0x21,0x04,0x00,
  0x19,0x04,0x00,0x21,0x04,0x00,0x21,0x04,0x00,0x21,0x04,0x00,0x21,0x04,0x00,0x21,
  0x04,0x00,0x19,0x04,0x00,0x21,0x04,0x00,0x19,0x04,0x00,0x19,0x04,0x00,0x21,0x04,
  0x00,0x19,0x04,0x00,0x19,0x04,0x00,0x21,0x04,0x00,0x21,0x04,0x00,0x21,0x04,0x00,
  0x21,0x04,0x00,0x21,0x04,0x00,0x21,0x04,0x00,0x21,0x04,0x00,0x21,0x04,0x00,0x19,
  0x04,0x00,0x19,0x04,0x00,0x21,0x04,0x00,0x21,0x04,0x00,0x21,0x04,0x00,0x21,0x04,
  0x00,0x21,0x04,0x00,0x21,0x04,0x00,0x19,0x04,0x00,0x19,0x04,0x00,0x19,0x04,0x00,
  0x19,0x04,0x00,0x21,0x04,0x00,0x21,0x04,0x00,0x21,0x04,0x00,0x21,0x04,0x00,0x21,
  0x04,0x00,0x21,0x04,0x00,0x21,0x04,0x00,0x21,0x04,0x00,0x21,0x04,0x00,0x08,0x62,
  0xff,0x00,0x20,0xff,0x41,0xa5,0xff,0x49,0xe5,0xff,0x49,0xe5,0xff,0x49,0xe5,0xff,
  0x49,0xe5,0xff,0x49,0xe5,0xff,0x49,0xe5,0xff,0x49,0xe5,0xff,0x49,0xe5,0xff,0x41,
  0xa5,0xff,0x39,0x43,0xff,0x41,0xa5,0xff,0x49,0xc5,0xff,0x49,0xc5,0xff,0x49,0xc5,
  0xff,0x41,0xa5,0xff,0x41,0xa4,0xff,0x39,0x64,0xff,0x39,0x64,0xff,0x29,0x03,0xff,
  0x10,0x61,0xff,0x10,0x61,0xff,0x29,0x23,0xff,0x10,0x61,0xff,0x10,0x61,0xff,0x00,
  0x00,0xff,0x20,0xe2,0xff,0x49,0xc5,0xff,0x39,0x64,0xff,0x39,0x64,0xff,0x28,0xe3,
  0x00,0x39,0x64,0xff,0x41,0xc5,0xff,0x41,0xa5,0xff,0x41,0xa5,0xff,0x41,0xa5,0xff,
  0x49,0xc5,0xff,0x49,0xc5,0xff,0x49,0xc5,0xff,0x41,0xc5,0xff,0x41,0xc5,0xff,0x49,
  0xc5,0xff,0x49,0xc5,0xff,0x49,0xc5,0xff,0x49,0xc5,0xff,0x49,0xc5,0xff,0x49,0xc5,
  0xff,0x41,0xc5,0xff,0x49,0xc5,0xff,0x49,0xc5,0xff,0x49,0xc5,0xff,0x49,0xc5,0xff,
  0x49,0xe6,0xff,0x41,0xa5,0xff,0x49,0xc5,0xff,0x49,0xc5,0xff,0x49,0xc5,0xff,0x41,
  0xa5,0xff,0x49,0xc5,0xff,0x49,0xc5,0xff,0x49,0xe6,0xff,0x49,0xe6,0xff,0x49,0xc5,
  0xff,0x49,0xc5,0xff,0x49,0xe5,0xff,0x49,0xc5,0xff,0x49,0xc5,0xff,0x49,0xc5,0xff,
  0x39,0x84,0xff,0x31,0x44,0xff,0x41,0x84,0xff,0x29,0x03,0xff,0x29,0x03,0xff,0x10,
  0x61,0xff,0x10,0xa2,0x00,0x21,0x04,0x00,0x21,0x04,0x00,0x21,0x04,0x00,0x21,0x04,
  0x00,0x21,0x04,0x00,0x21,0x04,0x00,0x21,0x04,0x00,0x21,0x04,0x00,0x21,0x04,0x00,
  0x21,0x04,0x00,0x21,0x04,0x00,0x21,0x04,0x00,0x21,0x04,0x00,0x21,0x04,0x00,0x21,
  0x04,0x00,0x19,0x04,0x00,0x21,0x04,0x00,0x21,0x04,0x00,0x21,0x04,0x00,0x21,0x04,
  0x00,0x21,0x04,0x00,0x21,0x04,0x00,0x21,0x04,0x00,0x21,0x04,0x00,0x21,0x04,0x00,
  0x19,0x04,0x00,0x19,0x04,0x00,0x21,0x04,0x00,0x21,0x04,0x00,0x21,0x04,0x00,0x19,
  0x04,0x00,0x19,0x04,0x00,0x21,0x04,0x00,0x21,0x04,0x00,0x21,0x04,0x00,0x19,0x04,
  0x00,0x19,0x04,0x00,0x21,0x04,0x00,0x21,0x04,0x00,0x21,0x04,0x00,0x21,0x04,0x00,
  0x21,0x04,0x00,0x21,0x04,0x00,0x21,0x04,0x00,0x21,0x04,0x00,0x21,0x04,0x00,0x08,
  0x82,0x00,0x08,0x20,0xff,0x49,0xc5,0xff,0x49,0xe6,0xff,0x49,0xe6,0xff,0x49,0xe5,
  0xff,0x49,0xe6,0xff,0x49,0xe5,0xff,0x49,0xe5,0xff,0x49,0xe5,0xff,0x49,0xe5,0xff,
  0x41,0xc5,0xff,0x41,0xa5,0xff,0x49,0xc5,0xff,0x49,0xe6,0xff,0x49,0xe6,0xff,0x49,
  0xe5,0xff,0x41,0xa5,0xff,0x41,0xa5,0xff,0x41,0xc5,0xff,0x41,0xc5,0xff,0x41,0xa4,
  0xff,0x29,0x23,0xff,0x20,0xc2,0xff,0x10,0x41,0xff,0x08,0x20,0xff,0x08,0x20,0xff,
  0x00,0x00,0xff,0x08,0x61,0xff,0x31,0x44,0xff,0x39,0x64,0xff,0x39,0x64,0xff,0x29,
  0x03,0x00,0x29,0x23,0x00,0x41,0xa5,0xff,0x49,0xc5,0xff,0x49,0xc5,0xff,0x41,0xc5,
  0xff,0x49,0xe5,0xff,0x49,0xe5,0xff,0x52,0x06,0xff,0x51,0xe5,0xff,0x51,0xe5,0xff,
  0x49,0xe5,0xff,0x49,0xe5,0xff,0x49,0xe5,0xff,0x49,0xe5,0xff,0x49,0xe5,0xff,0x49,
  0xe5,0xff,0x49,0xc5,0xff,0x49,0xc5,0xff,0x41,0xc5,0xff,0x49,0xe6,0xff,0x49,0xe6,
  0xff,0x5a,0x67,0xff,0x49,0xe5,0xff,0x49,0xc5,0xff,0x52,0x06,0xff,0x52,0x06,0xff,
  0x49,0xc5,0xff,0x49,0xc5,0xff,0x49,0xc5,0xff,0x52,0x06,0xff,0x52,0x06,0xff,0x49,
  0xe5,0xff,0x49,0xe6,0xff,0x49,0xc5,0xff,0x41,0xc5,0xff,0x49,0xe5,0xff,0x49,0xe5,
  0xff,0x41,0xc5,0xff,0x31,0x43,0xff,0x52,0x06,0xff,0x5a,0x47,0xff,0x5a,0x47,0xff,
  0x10,0x40,0xff,0x08,0x41,0xff,0x21,0x24,0x00,0x21,0x04,0x00,0x21,0x04,0x00,0x21,
  0x04,0x00,0x21,0x04,0x00,0x21,0x04,0x00,0x19,0x04,0x00,0x21,0x04,0x00,0x21,0x04,
  0x00,0x19,0x04,0x00,0x19,0x04,0x00,0x19,0x04,0x00,0x19,0x04,0x00,0x19,0x04,0x00,
  0x21,0x04,0x00,0x19,0x04,0x00,0x21,0x04,0x00,0x19,0x04,0x00,0x19,0x04,0x00,0x19,
  0x04,0x00,0x21,0x04,0x00,0x21,0x04,0x00,0x21,0x04,0x00,0x21,0x04,0x00,0x21,0x04,
  0x00,0x19,0x04,0x00,0x19,0x04,0x00,0x21,0x04,0x00,0x21,0x04,0x00,0x21,0x04,0x00,
  0x19,0x04,0x00,0x19,0x04,0x00,0x21,0x04,0x00,0x21,0x04,0x00,0x21,0x04,0x00,0x19,
  0x04,0x00,0x19,0x04,0x00,0x21,0x04,0x00,0x21,0x04,0x00,0x21,0x04,0x00,0x21,0x04,
  0x00,0x21,0x04,0x00,0x21,0x04,0x00,0x21,0x04,0x00,0x21,0x04,0x00,0x21,0x04,0x00,
  0x08,0x82,0x00,0x08,0x20,0xff,0x49,0xc5,0xff,0x49,0xe6,0xff,0x49,0xe6,0xff,0x49,
  0xe5,0xff,0x49,0xe6,0xff,0x49,0xe5,0xff,0x49,0xe5,0xff,0x49,0xe5,0xff,0x49,0xe5,
  0xff,0x41,0xc5,0xff,0x41,0xa5,0xff,0x49,0xc5,0xff,0x49,0xe6,0xff,0x49,0xe6,0xff,
  0x49,0xe5,0xff,0x41,0xa5,0xff,0x41,0xa5,0xff,0x41,0xc5,0xff,0x41,0xc5,0xff,0x41,
  0xa4,0xff,0x29,0x23,0xff,0x20,0xc2,0xff,0x10,0x41,0xff,0x08,0x20,0xff,0x08,0x20,
  0xff,0x00,0x00,0xff,0x08,0x61,0xff,0x31,0x44,0xff,0x39,0x64,0xff,0x39,0x64,0xff,
  0x29,0x03,0x00,0x29,0x23,0x00,0x41,0xa5,0xff,0x49,0xc5,0xff,0x49,0xc5,0xff,0x41,
  0xc5,0xff,0x49,0xe5,0xff,0x49,0xe5,0xff,0x52,0x06,0xff,0x51,0xe5,0xff,0x51,0xe5,
  0xff,0x49,0xe5,0xff,0x49,0xe5,0xff,0x49,0xe5,0xff,0x49,0xe5,0xff,0x49,0xe5,0xff,
  0x49,0xe5,0xff,0x49,0xc5,0xff,0x49,0xc5,0xff,0x41,0xc5,0xff,0x49,0xe6,0xff,0x49,
  0xe6,0xff,0x5a,0x67,0xff,0x49,0xe5,0xff,0x49,0xc5,0xff,0x52,0x06,0xff,0x52,0x06,
  0xff,0x49,0xc5,0xff,0x49,0xc5,0xff,0x49,0xc5,0xff,0x52,0x06,0xff,0x52,0x06,0xff,
  0x49,0xe5,0xff,0x49,0xe6,0xff,0x49,0xc5,0xff,0x41,0xc5,0xff,0x49,0xe5,0xff,0x49,
  0xe5,0xff,0x41,0xc5,0xff,0x31,0x43,0xff,0x52,0x06,0xff,0x5a,0x47,0xff,0x5a,0x47,
  0xff,0x10,0x40,0xff,0x08,0x41,0xff,0x21,0x24,0x00,0x21,0x04,0x00,0x21,0x04,0x00,
  0x21,0x04,0x00,0x21,0x04,0x00,0x21,0x04,0x00,0x19,0x04,0x00,0x21,0x04,0x00,0x21,
  0x04,0x00,0x19,0x04,0x00,0x19,0x04,0x00,0x19,0x04,0x00,0x19,0x04,0x00,0x19,0x04,
  0x00,0x21,0x04,0x00,0x19,0x04,0x00,0x21,0x04,0x00,0x19,0x04,0x00,0x19,0x04,0x00,
  0x19,0x04,0x00,0x21,0x04,0x00,0x21,0x04,0x00,0x21,0x04,0x00,0x21,0x04,0x00,0x21,
  0x04,0x00,0x19,0x04,0x00,0x19,0x04,0x00,0x19,0x04,0x00,0x19,0x04,0x00,0x19,0x04,
  0x00,0x21,0x04,0x00,0x21,0x04,0x00,0x21,0x04,0x00,0x19,0x04,0x00,0x19,0x04,0x00,
  0x21,0x04,0x00,0x21,0x04,0x00,0x21,0x04,0x00,0x21,0x04,0x00,0x21,0x04,0x00,0x21,
  0x04,0x00,0x21,0x04,0x00,0x21,0x04,0x00,0x21,0x04,0x00,0x21,0x24,0x00,0x21,0x24,
  0x00,0x08,0x82,0x00,0x08,0x20,0xff,0x41,0xa5,0xff,0x49,0xe5,0xff,0x49,0xe5,0xff,
  0x49,0xe6,0xff,0x49,0xe6,0xff,0x49,0xe5,0xff,0x49,0xc5,0xff,0x49,0xe5,0xff,0x49,
  0xe5,0xff,0x49,0xe5,0xff,0x49,0xe5,0xff,0x49,0xe5,0xff,0x49,0xc5,0xff,0x49,0xc5,
  0xff,0x49,0xc5,0xff,0x49,0xc5,0xff,0x49,0xc5,0xff,0x41,0x84,0xff,0x41,0x84,0xff,
  0x41,0xa5,0xff,0x41,0xc4,0xff,0x39,0x84,0xff,0x28,0xe3,0x00,0x18,0xc2,0x00,0x18,
  0xc2,0x00,0x08,0x61,0xff,0x08,0x41,0xff,0x08,0x20,0xff,0x20,0xc2,0x00,0x20,0xc2,
  0x00,0x20,0xe2,0x00,0x18,0xa2,0x00,0x20,0xc2,0x00,0x41,0xa4,0xff,0x41,0xa4,0xff,
  0x49,0xe5,0xff,0x49,0xc5,0xff,0x49,0xc5,0xff,0x49,0xc5,0xff,0x49,0xc5,0xff,0x49,
  0xc5,0xff,0x49,0xe5,0xff,0x49,0xe5,0xff,0x49,0xe5,0xff,0x49,0xe5,0xff,0x49,0xe5,
  0xff,0x49,0xc5,0xff,0x49,0xc5,0xff,0x49,0xe5,0xff,0x49,0xc5,0xff,0x49,0xe5,0xff,
  0x49,0xe5,0xff,0x52,0x26,0xff,0x41,0xa5,0xff,0x49,0xc5,0xff,0x52,0x06,0xff,0x52,
  0x06,0xff,0x49,0xa5,0xff,0x49,0xe5,0xff,0x49,0xe6,0xff,0x49,0xc5,0xff,0x49,0xc5,
  0xff,0x49,0xe6,0xff,0x49,0xe5,0xff,0x49,0xc5,0xff,0x49,0xc5,0xff,0x49,0xc5,0xff,
  0x49,0xc5,0xff,0x41,0xa4,0xff,0x31,0x23,0xff,0x49,0xe5,0xff,0x5a,0x47,0xff,0x5a,
  0x47,0xff,0x08,0x40,0xff,0x08,0x41,0xff,0x21,0x04,0x00,0x21,0x04,0x00,0x21,0x04,
  0x00,0x21,0x04,0x00,0x21,0x04,0x00,0x19,0x04,0x00,0x19,0x04,0x00,0x19,0x04,0x00,
  0x19,0x04,0x00,0x19,0x04,0x00,0x21,0x04,0x00,0x19,0x04,0x00,0x19,0x04,0x00,0x19,
  0x04,0x00,0x21,0x04,0x00,0x19,0x04,0x00,0x21,0x04,0x00,0x19,0x04,0x00,0x19,0x04,
  0x00,0x19,0x04,0x00,0x21,0x04,0x00,0x21,0x04,0x00,0x21,0x04,0x00,0x21,0x04,0x00,
  0x21,0x04,0x00,0x19,0x04,0x00,0x19,0x04,0x00,0x21,0x04,0x00,0x19,0x04,0x00,0x19,
  0x04,0x00,0x21,0x04,0x00,0x21,0x04,0x00,0x21,0x04,0x00,0x19,0x04,0x00,0x19,0x04,
  0x00,0x21,0x04,0x00,0x21,0x04,0x00,0x21,0x04,0x00,0x21,0x04,0x00,0x21,0x04,0x00,
  0x21,0x04,0x00,0x21,0x04,0x00,0x21,0x04,0x00,0x21,0x04,0x00,0x21,0x24,0x00,0x21,
  0x24,0x00,0x10,0xc3,0x00,0x10,0x82,0x00,0x18,0x81,0x00,0x31,0x43,0x00,0x31,0x43,
  0x00,0x52,0x06,0xff,0x49,0xe6,0xff,0x49,0xe5,0xff,0x49,0xe5,0xff,0x49,0xc5,0xff,
  0x49,0xc5,0xff,0x49,0xe5,0xff,0x49,0xc5,0xff,0x49,0xc5,0xff,0x49,0xc5,0xff,0x49,
  0xc5,0xff,0x49,0xc5,0xff,0x41,0xa5,0xff,0x41,0xa5,0xff,0x49,0xc5,0xff,0x49,0xc5,
  0xff,0x49,0xc5,0xff,0x41,0x84,0xff,0x41,0x84,0xff,0x31,0x23,0x00,0x31,0x64,0x00,
  0x31,0x64,0x00,0x29,0x23,0x00,0x20,0xc2,0x00,0x10,0x81,0x00,0x10,0xa1,0x00,0x10,
  0xa1,0x00,0x08,0x40,0x00,0x18,0xa2,0x00,0x18,0xa2,0x00,0x21,0x02,0x00,0x21,0x02,
  0x00,0x31,0x23,0x00,0x41,0xa4,0xff,0x49,0xe5,0xff,0x49,0xe5,0xff,0x49,0xc5,0xff,
  0x49,0xc5,0xff,0x49,0xe5,0xff,0x49,0xc5,0xff,0x49,0xe5,0xff,0x49,0xe5,0xff,0x49,
  0xe5,0xff,0x49,0xe5,0xff,0x49,0xe5,0xff,0x49,0xe6,0xff,0x49,0xe6,0xff,0x49,0xc5,
  0xff,0x49,0xc5,0xff,0x49,0xa5,0xff,0x49,0xc5,0xff,0x49,0xe6,0xff,0x52,0x06,0xff,
  0x52,0x06,0xff,0x49,0xc5,0xff,0x49,0xe5,0xff,0x49,0xc5,0xff,0x49,0xe5,0xff,0x49,
  0xe5,0xff,0x49,0xe5,0xff,0x49,0xe6,0xff,0x49,0xc5,0xff,0x49,0xe5,0xff,0x49,0xe5,
  0xff,0x49,0xe5,0xff,0x41,0xc5,0xff,0x31,0x43,0xff,0x49,0xe6,0xff,0x62,0x67,0xff,
  0x62,0x67,0xff,0x08,0x40,0xff,0x08,0x61,0xff,0x21,0x24,0x00,0x21,0x04,0x00,0x21,
  0x04,0x00,0x21,0x04,0x00,0x21,0x04,0x00,0x19,0x04,0x00,0x21,0x04,0x00,0x19,0x04,
  0x00,0x19,0x04,0x00,0x21,0x04,0x00,0x21,0x04,0x00,0x21,0x04,0x00,0x19,0x04,0x00,
  0x19,0x04,0x00,0x21,0x04,0x00,0x19,0x04,0x00,0x21,0x04,0x00,0x19,0x04,0x00,0x19,
  0x04,0x00,0x19,0x04,0x00,0x21,0x04,0x00,0x21,0x04,0x00,0x19,0x04,0x00,0x19,0x04,
  0x00,0x19,0x04,0x00,0x19,0x04,0x00,0x19,0x04,0x00,0x21,0x04,0x00,0x19,0x04,0x00,
  0x19,0x04,0x00,0x21,0x04,0x00,0x21,0x04,0x00,0x21,0x04,0x00,0x21,0x04,0x00,0x21,
  0x04,0x00,0x21,0x04,0x00,0x21,0x04,0x00,0x21,0x04,0x00,0x21,0x04,0x00,0x21,0x04,
  0x00,0x21,0x04,0x00,0x21,0x04,0x00,0x21,0x04,0x00,0x21,0x04,0x00,0x21,0x04,0x00,
  0x21,0x04,0x00,0x19,0x04,0x00,0x18,0xc3,0x00,0x08,0x20,0xff,0x31,0x23,0x00,0x31,
  0x23,0x00,0x52,0x06,0xff,0x49,0xe5,0xff,0x49,0xe6,0xff,0x49,0xe5,0xff,0x49,0xc5,
  0xff,0x49,0xc5,0xff,0x49,0xc5,0xff,0x49,0xc5,0xff,0x49,0xc5,0xff,0x49,0xc5,0xff,
  0x49,0xc5,0xff,0x49,0xc5,0xff,0x41,0xa5,0xff,0x41,0xa5,0xff,0x41,0xc5,0xff,0x41,
  0xc5,0xff,0x31,0x44,0x00,0x20,0xc2,0x00,0x29,0x03,0x00,0x31,0x23,0x00,0x31,0x23,
  0x00,0x31,0x23,0x00,0x20,0xe3,0x00,0x31,0x44,0x00,0x29,0x23,0x00,0x18,0xa2,0x00,
  0x18,0xa2,0x00,0x10,0x41,0x00,0x10,0x81,0x00,0x10,0x61,0xff,0x08,0x41,0xff,0x08,
  0x41,0xff,0x20,0xc2,0x00,0x29,0x23,0x00,0x31,0x23,0x00,0x39,0x84,0xff,0x49,0xc5,
  0xff,0x49,0xc5,0xff,0x49,0xe5,0xff,0x49,0xe5,0xff,0x49,0xc5,0xff,0x49,0xe5,0xff,
  0x49,0xe5,0xff,0x49,0xe5,0xff,0x49,0xe5,0xff,0x49,0xc5,0xff,0x49,0xe5,0xff,0x51,
  0xe6,0xff,0x51,0xe6,0xff,0x49,0xe6,0xff,0x52,0x06,0xff,0x49,0xe5,0xff,0x49,0xc5,
  0xff,0x49,0xc5,0xff,0x49,0xe5,0xff,0x49,0xe5,0xff,0x49,0xe5,0xff,0x49,0xe6,0xff,
  0x49,0xe6,0xff,0x49,0xc5,0xff,0x49,0xe5,0xff,0x49,0xe5,0xff,0x49,0xc5,0xff,0x49,
  0xe5,0xff,0x49,0xe5,0xff,0x49,0xe5,0xff,0x31,0x23,0xff,0x41,0xa5,0xff,0x5a,0x67,
  0xff,0x5a,0x67,0xff,0x08,0x40,0xff,0x08,0x61,0xff,0x21,0x24,0x00,0x19,0x04,0x00,
  0x19,0x04,0x00,0x21,0x04,0x00,0x21,0x04,0x00,0x21,0x04,0x00,0x19,0x04,0x00,0x21,
  0x04,0x00,0x21,0x04,0x00,0x21,0x04,0x00,0x19,0x04,0x00,0x21,0x04,0x00,0x19,0x04,
  0x00,0x19,0x04,0x00,0x19,0x04,0x00,0x19,0x04,0x00,0x21,0x04,0x00,0x19,0x04,0x00,
  0x19,0x04,0x00,0x19,0x04,0x00,0x21,0x04,0x00,0x21,0x04,0x00,0x19,0x04,0x00,0x21,
  0x04,0x00,0x21,0x04,0x00,0x19,0x04,0x00,0x19,0x04,0x00,0x19,0x04,0x00,0x19,0x04,
  0x00,0x19,0x04,0x00,0x21,0x04,0x00,0x21,0x04,0x00,0x21,0x04,0x00,0x21,0x04,0x00,
  0x21,0x04,0x00,0x21,0x04,0x00,0x21,0x04,0x00,0x21,0x04,0x00,0x21,0x04,0x00,0x21,
  0x04,0x00,0x21,0x04,0x00,0x21,0x04,0x00,0x21,0x04,0x00,0x21,0x04,0x00,0x21,0x04,
  0x00,0x21,0x04,0x00,0x21,0x24,0x00,0x18,0xe3,0x00,0x08,0x40,0xff,0x39,0x84,0xff,
  0x39,0x84,0xff,0x52,0x06,0xff,0x49,0xe5,0xff,0x49,0xe6,0xff,0x49,0xe5,0xff,0x49,
  0xc5,0xff,0x49,0xc5,0xff,0x49,0xc5,0xff,0x49,0xc5,0xff,0x49,0xc5,0xff,0x49,0xc5,
  0xff,0x49,0xc5,0xff,0x41,0xa5,0xff,0x41,0xc5,0xff,0x49,0xc5,0xff,0x41,0xc5,0xff,
  0x41,0xc5,0xff,0x39,0x84,0xff,0x29,0x03,0x00,0x29,0x03,0x00,0x31,0x43,0x00,0x31,
  0x44,0x00,0x31,0x44,0x00,0x29,0x03,0x00,0x29,0x23,0x00,0x31,0x43,0x00,0x20,0xe2,
  0x00,0x20,0xe2,0x00,0x18,0xa2,0x00,0x18,0xa2,0x00,0x08,0x41,0xff,0x08,0x20,0xff,
  0x08,0x20,0xff,0x31,0x44,0x00,0x41,0x84,0xff,0x39,0x64,0xff,0x39,0x64,0xff,0x31,
  0x43,0xff,0x31,0x43,0xff,0x41,0x85,0xff,0x49,0xc5,0xff,0x49,0xe6,0xff,0x49,0xe5,
  0xff,0x49,0xe5,0xff,0x49,0xe6,0xff,0x49,0xe5,0xff,0x49,0xe6,0xff,0x49,0xe5,0xff,
  0x49,0xe6,0xff,0x49,0xe6,0xff,0x49,0xe6,0xff,0x52,0x26,0xff,0x49,0xe6,0xff,0x49,
  0xe6,0xff,0x49,0xe6,0xff,0x49,0xe5,0xff,0x49,0xe5,0xff,0x49,0xe5,0xff,0x49,0xe6,
  0xff,0x49,0xe6,0xff,0x49,0xe6,0xff,0x49,0xe5,0xff,0x49,0xe5,0xff,0x49,0xe5,0xff,
  0x49,0xe5,0xff,0x49,0xe5,0xff,0x49,0xe6,0xff,0x39,0x64,0xff,0x41,0xc5,0xff,0x5a,
  0x67,0xff,0x5a,0x67,0xff,0x08,0x40,0xff,0x10,0x82,0x00,0x21,0x24,0x00,0x18,0xe4,
  0x00,0x18,0xe4,0x00,0x21,0x04,0x00,0x21,0x04,0x00,0x21,0x04,0x00,0x19,0x04,0x00,
  0x19,0x04,0x00,0x19,0x04,0x00,0x19,0x04,0x00,0x19,0x04,0x00,0x19,0x04,0x00,0x19,
  0x04,0x00,0x19,0x04,0x00,0x21,0x04,0x00,0x19,0x04,0x00,0x21,0x04,0x00,0x19,0x04,
  0x00,0x19,0x04,0x00,0x19,0x04,0x00,0x21,0x04,0x00,0x21,0x04,0x00,0x19,0x04,0x00,
  0x21,0x04,0x00,0x21,0x04,0x00,0x19,0x04,0x00,0x19,0x04,0x00,0x19,0x04,0x00,0x19,
  0x04,0x00,0x19,0x04,0x00,0x21,0x04,0x00,0x21,0x04,0x00,0x21,0x04,0x00,0x21,0x04,
  0x00,0x21,0x04,0x00,0x21,0x04,0x00,0x21,0x04,0x00,0x21,0x04,0x00,0x21,0x04,0x00,
  0x21,0x04,0x00,0x21,0x04,0x00,0x21,0x04,0x00,0x21,0x04,0x00,0x21,0x04,0x00,0x21,
  0x04,0x00,0x21,0x04,0x00,0x21,0x24,0x00,0x18,0xe3,0x00,0x08,0x40,0xff,0x39,0x84,
  0xff,0x39,0x84,0xff,0x52,0x06,0xff,0x49,0xe5,0xff,0x49,0xe6,0xff,0x49,0xe5,0xff,
  0x49,0xc5,0xff,0x49,0xc5,0xff,0x49,0xc5,0xff,0x49,0xc5,0xff,0x49,0xc5,0xff,0x49,
  0xc5,0xff,0x49,0xc5,0xff,0x41,0xa5,0xff,0x41,0xc5,0xff,0x49,0xc5,0xff,0x41,0xc5,
  0xff,0x41,0xc5,0xff,0x39,0x84,0xff,0x29,0x03,0x00,0x29,0x03,0x00,0x31,0x43,0x00,
  0x31,0x44,0x00,0x31,0x44,0x00,0x29,0x03,0x00,0x29,0x23,0x00,0x31,0x43,0x00,0x20,
  0xe2,0x00,0x20,0xe2,0x00,0x18,0xa2,0x00,0x18,0xa2,0x00,0x08,0x41,0xff,0x08,0x20,
  0xff,0x08,0x20,0xff,0x31,0x44,0x00,0x41,0x84,0xff,0x39,0x64,0xff,0x39,0x64,0xff,
  0x31,0x43,0xff,0x31,0x43,0xff,0x41,0x85,0xff,0x49,0xc5,0xff,0x49,0xe6,0xff,0x49,
  0xe5,0xff,0x49,0xe5,0xff,0x49,0xe6,0xff,0x49,0xe5,0xff,0x49,0xe6,0xff,0x49,0xe5,
  0xff,0x49,0xe6,0xff,0x49,0xe6,0xff,0x49,0xe6,0xff,0x52,0x26,0xff,0x49,0xe6,0xff,
  0x49,0xe6,0xff,0x49,0xe6,0xff,0x49,0xe5,0xff,0x49,0xe5,0xff,0x49,0xe5,0xff,0x49,
  0xe6,0xff,0x49,0xe6,0xff,0x49,0xe6,0xff,0x49,0xe5,0xff,0x49,0xe5,0xff,0x49,0xe5,
  0xff,0x49,0xe5,0xff,0x49,0xe5,0xff,0x49,0xe6,0xff,0x39,0x64,0xff,0x41,0xc5,0xff,
  0x5a,0x67,0xff,0x5a,0x67,0xff,0x08,0x40,0xff,0x10,0x82,0x00,0x21,0x24,0x00,0x18,
  0xe4,0x00,0x18,0xe4,0x00,0x21,0x04,0x00,0x21,0x04,0x00,0x21,0x04,0x00,0x19,0x04,
  0x00,0x19,0x04,0x00,0x19,0x04,0x00,0x19,0x04,0x00,0x19,0x04,0x00,0x19,0x04,0x00,
  0x19,0x04,0x00,0x19,0x04,0x00,0x21,0x04,0x00,0x19,0x04,0x00,0x21,0x04,0x00,0x19,
  0x04,0x00,0x19,0x04,0x00,0x19,0x04,0x00,0x21,0x04,0x00,0x21,0x04,0x00,0x19,0x04,
  0x00,0x19,0x04,0x00,0x19,0x04,0x00,0x21,0x04,0x00,0x19,0x04,0x00,0x19,0x04,0x00,
  0x19,0x04,0x00,0x19,0x04,0x00,0x21,0x04,0x00,0x21,0x04,0x00,0x21,0x04,0x00,0x21,
  0x04,0x00,0x21,0x04,0x00,0x21,0x04,0x00,0x21,0x04,0x00,0x21,0x04,0x00,0x21,0x04,
  0x00,0x21,0x04,0x00,0x21,0x04,0x00,0x21,0x04,0x00,0x21,0x04,0x00,0x21,0x04,0x00,
  0x21,0x04,0x00,0x21,0x04,0x00,0x21,0x04,0x00,0x18,0xc3,0x00,0x00,0x00,0xff,0x39,
  0x64,0xff,0x39,0x64,0xff,0x49,0xe6,0xff,0x49,0xc5,0xff,0x49,0xc5,0xff,0x49,0xc5,
  0xff,0x49,0xc5,0xff,0x49,0xc5,0xff,0x49,0xc5,0xff,0x49,0xc5,0xff,0x49,0xc5,0xff,
  0x49,0xc5,0xff,0x49,0xc5,0xff,0x49,0xc5,0xff,0x41,0xa5,0xff,0x49,0xc5,0xff,0x49,
  0xc5,0xff,0x49,0xc5,0xff,0x49,0xe5,0xff,0x41,0xc5,0xff,0x39,0x84,0xff,0x29,0x03,
  0x00,0x20,0xe2,0x00,0x20,0xe2,0x00,0x29,0x23,0x00,0x31,0x44,0x00,0x28,0xe3,0x00,
  0x18,0x82,0x00,0x18,0x82,0x00,0x18,0xa2,0x00,0x29,0x44,0x00,0x20,0xe3,0x00,0x08,
  0x41,0xff,0x08,0x41,0xff,0x10,0x81,0x00,0x41,0xc5,0xff,0x49,0xe5,0xff,0x41,0xa5,
  0xff,0x39,0x64,0xff,0x39,0x64,0xff,0x39,0x64,0xff,0x49,0xc5,0xff,0x49,0xe5,0xff,
  0x49,0xe5,0xff,0x49,0xe5,0xff,0x49,0xe5,0xff,0x49,0xe6,0xff,0x49,0xe6,0xff,0x49,
  0xc5,0xff,0x49,0xe5,0xff,0x49,0xe5,0xff,0x49,0xe5,0xff,0x49,0xe6,0xff,0x52,0x06,
  0xff,0x49,0xc5,0xff,0x49,0xc5,0xff,0x49,0xe5,0xff,0x49,0xe6,0xff,0x49,0xc5,0xff,
  0x49,0xe6,0xff,0x49,0xe6,0xff,0x49,0xe6,0xff,0x49,0xe6,0xff,0x49,0xc5,0xff,0x49,
  0xe5,0xff,0x49,0xe5,0xff,0x49,0xe5,0xff,0x49,0xe6,0xff,0x39,0x84,0xff,0x31,0x43,
  0xff,0x52,0x26,0xff,0x52,0x26,0xff,0x18,0x81,0xff,0x08,0x40,0xff,0x18,0xa3,0x00,
  0x21,0x04,0x00,0x21,0x04,0x00,0x21,0x04,0x00,0x19,0x04,0x00,0x21,0x04,0x00,0x19,
  0x04,0x00,0x19,0x04,0x00,0x19,0x04,0x00,0x19,0x04,0x00,0x19,0x04,0x00,0x19,0x04,
  0x00,0x21,0x04,0x00,0x21,0x04,0x00,0x21,0x04,0x00,0x19,0x04,0x00,0x21,0x04,0x00,
  0x21,0x04,0x00,0x21,0x04,0x00,0x19,0x04,0x00,0x21,0x04,0x00,0x21,0x04,0x00,0x19,
  0x04,0x00,0x19,0x04,0x00,0x19,0x04,0x00,0x21,0x04,0x00,0x21,0x04,0x00,0x19,0x04,
  0x00,0x19,0x04,0x00,0x19,0x04,0x00,0x21,0x04,0x00,0x21,0x04,0x00,0x21,0x04,0x00,
  0x21,0x04,0x00,0x21,0x04,0x00,0x21,0x04,0x00,0x21,0x04,0x00,0x21,0x04,0x00,0x21,
  0x04,0x00,0x21,0x04,0x00,0x21,0x04,0x00,0x21,0x04,0x00,0x21,0x04,0x00,0x21,0x04,
  0x00,0x21,0x04,0x00,0x21,0x04,0x00,0x21,0x24,0x00,0x18,0xe3,0x00,0x00,0x20,0xff,
  0x39,0x84,0xff,0x39,0x84,0xff,0x49,0xe6,0xff,0x49,0xc5,0xff,0x49,0xc5,0xff,0x49,
  0xc5,0xff,0x49,0xc5,0xff,0x49,0xc5,0xff,0x49,0xc5,0xff,0x49,0xc5,0xff,0x49,0xc5,
  0xff,0x49,0xc5,0xff,0x49,0xc5,0xff,0x49,0xc5,0xff,0x49,0xc5,0xff,0x49,0xc5,0xff,
  0x49,0xc5,0xff,0x49,0xc5,0xff,0x49,0xc5,0xff,0x49,0xe5,0xff,0x49,0xe5,0xff,0x39,
  0x64,0xff,0x31,0x43,0x00,0x31,0x43,0x00,0x29,0x23,0x00,0x31,0x44,0x00,0x29,0x23,
  0x00,0x20,0xc2,0x00,0x20,0xc2,0x00,0x29,0x03,0x00,0x31,0x44,0x00,0x31,0x64,0xff,
  0x10,0x81,0xff,0x10,0x81,0xff,0x00,0x00,0xff,0x10,0x82,0xff,0x39,0x64,0xff,0x49,
  0xe6,0xff,0x49,0xe6,0xff,0x49,0xe6,0xff,0x4a,0x06,0xff,0x4a,0x06,0xff,0x49,0xe6,
  0xff,0x49,0xe5,0xff,0x49,0xe5,0xff,0x49,0xe6,0xff,0x49,0xe5,0xff,0x49,0xe6,0xff,
  0x49,0xe5,0xff,0x49,0xe6,0xff,0x49,0xe6,0xff,0x49,0xe5,0xff,0x49,0xe6,0xff,0x49,
  0xe5,0xff,0x49,0xe5,0xff,0x49,0xe5,0xff,0x49,0xe6,0xff,0x49,0xe6,0xff,0x49,0xe6,
  0xff,0x49,0xe5,0xff,0x49,0xe5,0xff,0x49,0xe5,0xff,0x49,0xe5,0xff,0x49,0xe6,0xff,
  0x49,0xe6,0xff,0x49,0xe5,0xff,0x49,0xe5,0xff,0x52,0x06,0xff,0x41,0xa5,0xff,0x39,
  0x64,0xff,0x52,0x06,0xff,0x52,0x06,0xff,0x51,0xe6,0xff,0x18,0xc2,0xff,0x08,0x41,
  0xff,0x21,0x04,0x00,0x21,0x04,0x00,0x21,0x04,0x00,0x21,0x04,0x00,0x21,0x04,0x00,
  0x19,0x04,0x00,0x21,0x04,0x00,0x21,0x04,0x00,0x21,0x04,0x00,0x19,0x04,0x00,0x19,
  0x04,0x00,0x21,0x04,0x00,0x21,0x04,0x00,0x21,0x04,0x00,0x19,0x04,0x00,0x19,0x04,
  0x00,0x21,0x04,0x00,0x21,0x04,0x00,0x19,0x04,0x00,0x21,0x04,0x00,0x21,0x04,0x00,
  0x21,0x04,0x00,0x21,0x04,0x00,0x21,0x04,0x00,0x19,0x04,0x00,0x19,0x04,0x00,0x21,
  0x04,0x00,0x21,0x04,0x00,0x21,0x04,0x00,0x21,0x04,0x00,0x21,0x04,0x00,0x21,0x04,
  0x00,0x21,0x04,0x00,0x21,0x04,0x00,0x21,0x04,0x00,0x21,0x04,0x00,0x21,0x04,0x00,
  0x21,0x04,0x00,0x21,0x04,0x00,0x21,0x04,0x00,0x21,0x04,0x00,0x21,0x04,0x00,0x21,
  0x04,0x00,0x21,0x04,0x00,0x21,0x04,0x00,0x21,0x24,0x00,0x18,0xe3,0x00,0x00,0x00,
  0xff,0x39,0x64,0xff,0x39,0x64,0xff,0x49,0xe6,0xff,0x41,0xc5,0xff,0x49,0xc5,0xff,
  0x49,0xc5,0xff,0x49,0xc5,0xff,0x49,0xc5,0xff,0x49,0xc5,0xff,0x49,0xc5,0xff,0x49,
  0xc5,0xff,0x49,0xc5,0xff,0x49,0xc5,0xff,0x49,0xc5,0xff,0x49,0xc5,0xff,0x49,0xc5,
  0xff,0x49,0xc5,0xff,0x49,0xc5,0xff,0x49,0xc5,0xff,0x49,0xc5,0xff,0x49,0xc5,0xff,
  0x49,0xc5,0xff,0x41,0xa5,0xff,0x41,0xa5,0xff,0x31,0x03,0x00,0x31,0x44,0x00,0x28,
  0xe3,0x00,0x20,0xe2,0x00,0x20,0xe2,0x00,0x29,0x44,0x00,0x29,0x03,0x00,0x31,0x44,
  0x00,0x08,0x41,0xff,0x08,0x41,0xff,0x08,0x41,0xff,0x00,0x00,0xff,0x20,0xe3,0xff,
  0x52,0x06,0xff,0x49,0xe5,0xff,0x49,0xe5,0xff,0x4a,0x06,0xff,0x49,0xe6,0xff,0x49,
  0xe6,0xff,0x49,0xe5,0xff,0x49,0xe5,0xff,0x49,0xe6,0xff,0x49,0xe5,0xff,0x49,0xe5,
  0xff,0x49,0xe6,0xff,0x49,0xc5,0xff,0x49,0xc5,0xff,0x49,0xe6,0xff,0x49,0xe6,0xff,
  0x49,0xc5,0xff,0x49,0xe6,0xff,0x49,0xe6,0xff,0x49,0xe5,0xff,0x49,0xe6,0xff,0x49,
  0xe5,0xff,0x49,0xe5,0xff,0x49,0xe5,0xff,0x49,0xc5,0xff,0x49,0xe6,0xff,0x49,0xe5,
  0xff,0x49,0xe6,0xff,0x49,0xe5,0xff,0x49,0xe5,0xff,0x49,0xe6,0xff,0x49,0xe6,0xff,
  0x31,0x43,0xff,0x49,0xc5,0xff,0x49,0xc5,0xff,0x62,0x87,0xff,0x29,0x03,0xff,0x00,
  0x00,0xff,0x18,0xe4,0x00,0x18,0xe4,0x00,0x21,0x04,0x00,0x21,0x04,0x00,0x21,0x04,
  0x00,0x21,0x04,0x00,0x21,0x04,0x00,0x21,0x04,0x00,0x21,0x04,0x00,0x21,0x04,0x00,
  0x21,0x04,0x00,0x19,0x04,0x00,0x19,0x04,0x00,0x21,0x04,0x00,0x19,0x04,0x00,0x19,
  0x04,0x00,0x19,0x04,0x00,0x19,0x04,0x00,0x19,0x04,0x00,0x19,0x04,0x00,0x21,0x04,
  0x00,0x21,0x04,0x00,0x21,0x04,0x00,0x21,0x04,0x00,0x19,0x04,0x00,0x19,0x04,0x00,
  0x21,0x04,0x00,0x21,0x04,0x00,0x21,0x04,0x00,0x21,0x04,0x00,0x21,0x04,0x00,0x21,
  0x04,0x00,0x21,0x04,0x00,0x21,0x04,0x00,0x21,0x04,0x00,0x21,0x04,0x00,0x21,0x04,
  0x00,0x21,0x04,0x00,0x21,0x04,0x00,0x21,0x04,0x00,0x21,0x04,0x00,0x21,0x04,0x00,
  0x21,0x04,0x00,0x21,0x04,0x00,0x21,0x04,0x00,0x21,0x04,0x00,0x18,0xe3,0x00,0x00,
  0x00,0xff,0x39,0x64,0xff,0x39,0x64,0xff,0x49,0xe6,0xff,0x41,0xc5,0xff,0x49,0xc5,
  0xff,0x49,0xc5,0xff,0x49,0xc5,0xff,0x49,0xc5,0xff,0x49,0xc5,0xff,0x49,0xc5,0xff,
  0x49,0xc5,0xff,0x49,0xc5,0xff,0x49,0xc5,0xff,0x49,0xc5,0xff,0x49,0xc5,0xff,0x49,
  0xc5,0xff,0x49,0xc5,0xff,0x49,0xc5,0xff,0x49,0xe5,0xff,0x49,0xc5,0xff,0x49,0xc5,
  0xff,0x49,0xe5,0xff,0x49,0xe5,0xff,0x49,0xe5,0xff,0x41,0xa5,0xff,0x41,0xa5,0xff,
  0x29,0x23,0x00,0x21,0x03,0x00,0x21,0x03,0x00,0x29,0x44,0x00,0x29,0x23,0x00,0x31,
  0x44,0x00,0x08,0x41,0xff,0x08,0x41,0xff,0x08,0x61,0xff,0x08,0x61,0xff,0x18,0xc2,
  0xff,0x52,0x26,0xff,0x49,0xe5,0xff,0x49,0xe5,0xff,0x49,0xe6,0xff,0x49,0xe6,0xff,
  0x49,0xe6,0xff,0x49,0xe6,0xff,0x49,0xe6,0xff,0x49,0xe6,0xff,0x49,0xe6,0xff,0x49,
  0xe6,0xff,0x49,0xe6,0xff,0x49,0xe6,0xff,0x49,0xe6,0xff,0x52,0x06,0xff,0x52,0x06,
  0xff,0x49,0xc5,0xff,0x52,0x06,0xff,0x52,0x06,0xff,0x49,0xe5,0xff,0x49,0xe6,0xff,
  0x49,0xe6,0xff,0x49,0xe5,0xff,0x49,0xe5,0xff,0x49,0xe5,0xff,0x49,0xe6,0xff,0x49,
  0xe5,0xff,0x49,0xe6,0xff,0x49,0xe6,0xff,0x49,0xe6,0xff,0x49,0xe5,0xff,0x4a,0x06,
  0xff,0x39,0x84,0xff,0x41,0x85,0xff,0x41,0x85,0xff,0x62,0x67,0xff,0x39,0x84,0xff,
  0x00,0x00,0xff,0x21,0x04,0x00,0x21,0x04,0x00,0x21,0x04,0x00,0x21,0x04,0x00,0x21,
  0x04,0x00,0x21,0x04,0x00,0x21,0x04,0x00,0x21,0x04,0x00,0x21,0x04,0x00,0x21,0x04,
  0x00,0x21,0x04,0x00,0x19,0x04,0x00,0x19,0x04,0x00,0x19,0x04,0x00,0x19,0x04,0x00,
  0x21,0x04,0x00,0x21,0x04,0x00,0x21,0x04,0x00,0x19,0x04,0x00,0x19,0x04,0x00,0x21,
  0x04,0x00,0x21,0x04,0x00,0x21,0x04,0x00,0x21,0x04,0x00,0x19,0x04,0x00,0x19,0x04,
  0x00,0x21,0x04,0x00,0x21,0x04,0x00,0x21,0x04,0x00,0x21,0x04,0x00,0x21,0x04,0x00,
  0x21,0x04,0x00,0x21,0x04,0x00,0x21,0x04,0x00,0x21,0x04,0x00,0x21,0x04,0x00,0x21,
  0x04,0x00,0x21,0x04,0x00,0x21,0x04,0x00,0x21,0x04,0x00,0x21,0x04,0x00,0x21,0x04,
  0x00,0x21,0x04,0x00,0x21,0x04,0x00,0x21,0x04,0x00,0x21,0x04,0x00,0x19,0x04,0x00,
  0x00,0x00,0xff,0x31,0x43,0x00,0x31,0x43,0x00,0x49,0xe5,0xff,0x41,0xc5,0xff,0x41,
  0xa5,0xff,0x49,0xc5,0xff,0x49,0xc5,0xff,0x49,0xc5,0xff,0x49,0xc5,0xff,0x49,0xc5,
  0xff,0x49,0xc5,0xff,0x49,0xc5,0xff,0x49,0xc5,0xff,0x49,0xc5,0xff,0x49,0xc5,0xff,
  0x49,0xc5,0xff,0x49,0xc5,0xff,0x49,0xc5,0xff,0x49,0xc5,0xff,0x49,0xc5,0xff,0x49,
  0xe5,0xff,0x49,0xc5,0xff,0x49,0xc5,0xff,0x49,0xc5,0xff,0x49,0xc5,0xff,0x41,0x84,
  0xff,0x31,0x43,0x00,0x20,0xe3,0x00,0x20,0xe3,0x00,0x29,0x03,0x00,0x31,0x23,0x00,
  0x31,0x24,0x00,0x00,0x00,0xff,0x00,0x00,0xff,0x18,0xa2,0x00,0x29,0x24,0x00,0x10,
  0x61,0xff,0x39,0x64,0xff,0x49,0xe6,0xff,0x49,0xe6,0xff,0x49,0xe5,0xff,0x49,0xe5,
  0xff,0x49,0xe5,0xff,0x49,0xe5,0xff,0x49,0xe5,0xff,0x49,0xc5,0xff,0x49,0xe5,0xff,
  0x49,0xe6,0xff,0x49,0xe6,0xff,0x49,0xe6,0xff,0x49,0xe6,0xff,0x49,0xe5,0xff,0x49,
  0xe6,0xff,0x52,0x06,0xff,0x49,0xe5,0xff,0x49,0xe5,0xff,0x52,0x06,0xff,0x49,0xe6,
  0xff,0x49,0xe5,0xff,0x49,0xe6,0xff,0x49,0xe6,0xff,0x49,0xe5,0xff,0x49,0xe6,0xff,
  0x49,0xe5,0xff,0x49,0xe5,0xff,0x49,0xe6,0xff,0x49,0xe6,0xff,0x49,0xe5,0xff,0x4a,
  0x06,0xff,0x39,0x64,0xff,0x29,0x03,0xff,0x29,0x03,0xff,0x5a,0x26,0xff,0x31,0x23,
  0xff,0x00,0x00,0xff,0x18,0xe3,0x00,0x18,0xe3,0x00,0x21,0x04,0x00,0x21,0x04,0x00,
  0x21,0x04,0x00,0x21,0x04,0x00,0x21,0x04,0x00,0x21,0x04,0x00,0x21,0x04,0x00,0x21,
  0x04,0x00,0x21,0x04,0x00,0x19,0x04,0x00,0x19,0x04,0x00,0x21,0x04,0x00,0x19,0x04,
  0x00,0x21,0x04,0x00,0x19,0x04,0x00,0x19,0x04,0x00,0x19,0x04,0x00,0x21,0x04,0x00,
  0x21,0x04,0x00,0x21,0x04,0x00,0x21,0x04,0x00,0x21,0x04,0x00,0x19,0x04,0x00,0x19,
  0x04,0x00,0x21,0x04,0x00,0x21,0x04,0x00,0x21,0x04,0x00,0x21,0x04,0x00,0x21,0x04,
  0x00,0x21,0x04,0x00,0x21,0x04,0x00,0x21,0x04,0x00,0x21,0x04,0x00,0x21,0x04,0x00,
  0x21,0x04,0x00,0x21,0x04,0x00,0x21,0x04,0x00,0x21,0x04,0x00,0x21,0x04,0x00,0x21,
  0x04,0x00,0x21,0x04,0x00,0x21,0x04,0x00,0x21,0x04,0x00,0x21,0x04,0x00,0x19,0x04,
  0x00,0x00,0x00,0xff,0x31,0x43,0x00,0x31,0x43,0x00,0x49,0xe5,0xff,0x41,0xc5,0xff,
  0x41,0xa5,0xff,0x49,0xc5,0xff,0x49,0xc5,0xff,0x49,0xc5,0xff,0x49,0xc5,0xff,0x49,
  0xc5,0xff,0x49,0xc5,0xff,0x49,0xc5,0xff,0x49,0xc5,0xff,0x49,0xc5,0xff,0x49,0xc5,
  0xff,0x49,0xc5,0xff,0x49,0xc5,0xff,0x49,0xc5,0xff,0x49,0xc5,0xff,0x49,0xc5,0xff,
  0x49,0xe5,0xff,0x49,0xc5,0xff,0x49,0xc5,0xff,0x49,0xc5,0xff,0x49,0xc5,0xff,0x41,
  0x84,0xff,0x31,0x43,0x00,0x20,0xe3,0x00,0x20,0xe3,0x00,0x29,0x03,0x00,0x31,0x23,
  0x00,0x31,0x24,0x00,0x00,0x00,0xff,0x00,0x00,0xff,0x18,0xa2,0x00,0x29,0x24,0x00,
  0x10,0x61,0xff,0x39,0x64,0xff,0x49,0xe6,0xff,0x49,0xe6,0xff,0x49,0xe5,0xff,0x49,
  0xe5,0xff,0x49,0xe5,0xff,0x49,0xe5,0xff,0x49,0xe5,0xff,0x49,0xc5,0xff,0x49,0xe5,
  0xff,0x49,0xe6,0xff,0x49,0xe6,0xff,0x49,0xe6,0xff,0x49,0xe6,0xff,0x49,0xe5,0xff,
  0x49,0xe6,0xff,0x52,0x06,0xff,0x49,0xe5,0xff,0x49,0xe5,0xff,0x52,0x06,0xff,0x49,
  0xe6,0xff,0x49,0xe5,0xff,0x49,0xe6,0xff,0x49,0xe6,0xff,0x49,0xe5,0xff,0x49,0xe6,
  0xff,0x49,0xe5,0xff,0x49,0xe5,0xff,0x49,0xe6,0xff,0x49,0xe6,0xff,0x49,0xe5,0xff,
  0x4a,0x06,0xff,0x39,0x64,0xff,0x29,0x03,0xff,0x29,0x03,0xff,0x5a,0x26,0xff,0x31,
  0x23,0xff,0x00,0x00,0xff,0x18,0xe3,0x00,0x18,0xe3,0x00,0x21,0x04,0x00,0x21,0x04,
  0x00,0x21,0x04,0x00,0x21,0x04,0x00,0x21,0x04,0x00,0x21,0x04,0x00,0x21,0x04,0x00,
  0x21,0x04,0x00,0x21,0x04,0x00,0x19,0x04,0x00,0x19,0x04,0x00,0x21,0x04,0x00,0x19,
  0x04,0x00,0x21,0x04,0x00,0x19,0x04,0x00,0x19,0x04,0x00,0x19,0x04,0x00,0x21,0x04,
  0x00,0x21,0x04,0x00,0x21,0x04,0x00,0x21,0x04,0x00,0x21,0x04,0x00,0x21,0x04,0x00,
  0x21,0x04,0x00,0x21,0x04,0x00,0x21,0x04,0x00,0x21,0x04,0x00,0x21,0x04,0x00,0x21,
  0x04,0x00,0x21,0x04,0x00,0x21,0x04,0x00,0x21,0x04,0x00,0x21,0x04,0x00,0x19,0x04,
  0x00,0x19,0x04,0x00,0x21,0x04,0x00,0x21,0x04,0x00,0x21,0x04,0x00,0x21,0x04,0x00,
  0x21,0x04,0x00,0x21,0x04,0x00,0x21,0x04,0x00,0x21,0x04,0x00,0x21,0x04,0x00,0x21,
  0x04,0x00,0x00,0x20,0xff,0x29,0x23,0x00,0x29,0x23,0x00,0x52,0x06,0xff,0x41,0xc5,
  0xff,0x41,0xa5,0xff,0x49,0xc5,0xff,0x41,0xc5,0xff,0x41,0xc5,0xff,0x49,0xc5,0xff,
  0x49,0xc5,0xff,0x49,0xc5,0xff,0x49,0xc5,0xff,0x49,0xc5,0xff,0x49,0xc5,0xff,0x49,
  0xc5,0xff,0x49,0xc5,0xff,0x49,0xc5,0xff,0x49,0xc5,0xff,0x49,0xe5,0xff,0x49,0xc5,
  0xff,0x49,0xc5,0xff,0x49,0xe5,0xff,0x49,0xe5,0xff,0x49,0xe5,0xff,0x41,0x84,0xff,
  0x39,0x64,0xff,0x31,0x44,0x00,0x20,0xe3,0x00,0x20,0xe3,0x00,0x29,0x23,0x00,0x31,
  0x23,0x00,0x31,0x44,0x00,0x08,0x20,0xff,0x08,0x20,0xff,0x18,0xa2,0x00,0x29,0x24,
  0x00,0x10,0x82,0x00,0x29,0x03,0x00,0x49,0xe6,0xff,0x49,0xe6,0xff,0x49,0xe5,0xff,
  0x49,0xe5,0xff,0x49,0xe6,0xff,0x49,0xe5,0xff,0x49,0xe5,0xff,0x49,0xe5,0xff,0x49,
  0xe6,0xff,0x49,0xe5,0xff,0x49,0xe6,0xff,0x52,0x06,0xff,0x52,0x06,0xff,0x49,0xe5,
  0xff,0x52,0x06,0xff,0x5a,0x47,0xff,0x52,0x06,0xff,0x52,0x06,0xff,0x49,0xe6,0xff,
  0x49,0xe6,0xff,0x49,0xe5,0xff,0x49,0xe6,0xff,0x49,0xe6,0xff,0x49,0xe6,0xff,0x51,
  0xe6,0xff,0x49,0xe5,0xff,0x49,0xe5,0xff,0x49,0xe5,0xff,0x49,0xe5,0xff,0x49,0xe5,
  0xff,0x49,0xe6,0xff,0x39,0x84,0xff,0x29,0x23,0xff,0x29,0x23,0xff,0x5a,0x46,0xff,
  0x28,0xc2,0xff,0x00,0x00,0xff,0x21,0x03,0x00,0x21,0x03,0x00,0x21,0x24,0x00,0x21,
  0x04,0x00,0x21,0x04,0x00,0x21,0x04,0x00,0x21,0x04,0x00,0x21,0x04,0x00,0x21,0x04,
  0x00,0x21,0x04,0x00,0x21,0x04,0x00,0x21,0x04,0x00,0x21,0x04,0x00,0x21,0x04,0x00,
  0x21,0x04,0x00,0x21,0x04,0x00,0x19,0x04,0x00,0x19,0x04,0x00,0x19,0x04,0x00,0x21,
  0x04,0x00,0x21,0x04,0x00,0x21,0x04,0x00,0x21,0x04,0x00,0x21,0x04,0x00,0x21,0x04,
  0x00,0x21,0x04,0x00,0x21,0x04,0x00,0x21,0x04,0x00,0x21,0x04,0x00,0x21,0x04,0x00,
  0x21,0x04,0x00,0x21,0x04,0x00,0x21,0x04,0x00,0x21,0x04,0x00,0x21,0x04,0x00,0x19,
  0x04,0x00,0x19,0x04,0x00,0x21,0x04,0x00,0x21,0x04,0x00,0x21,0x04,0x00,0x21,0x04,
  0x00,0x21,0x04,0x00,0x21,0x04,0x00,0x21,0x04,0x00,0x21,0x04,0x00,0x21,0x04,0x00,
  0x21,0x04,0x00,0x08,0x61,0xff,0x20,0xe2,0x00,0x20,0xe2,0x00,0x41,0x84,0xff,0x41,
  0xa5,0xff,0x49,0xc5,0xff,0x41,0xa5,0xff,0x41,0xc5,0xff,0x41,0xc5,0xff,0x49,0xc5,
  0xff,0x41,0xc5,0xff,0x49,0xc5,0xff,0x49,0xc5,0xff,0x49,0xc5,0xff,0x49,0xc5,0xff,
  0x49,0xc5,0xff,0x49,0xc5,0xff,0x49,0xc5,0xff,0x49,0xc5,0xff,0x49,0xc5,0xff,0x49,
  0xc5,0xff,0x49,0xc5,0xff,0x49,0xc5,0xff,0x49,0xe5,0xff,0x49,0xe5,0xff,0x49,0xc5,
  0xff,0x41,0xa5,0xff,0x31,0x23,0x00,0x20,0xe2,0x00,0x20,0xe2,0x00,0x31,0x44,0x00,
  0x29,0x03,0x00,0x29,0x24,0x00,0x00,0x20,0xff,0x00,0x20,0xff,0x10,0x82,0x00,0x21,
  0x04,0x00,0x18,0xe3,0x00,0x08,0x41,0xff,0x29,0x03,0xff,0x29,0x03,0xff,0x4a,0x26,
  0xff,0x49,0xc5,0xff,0x49,0xe5,0xff,0x49,0xc5,0xff,0x49,0xc5,0xff,0x49,0xe5,0xff,
  0x49,0xc5,0xff,0x49,0xe6,0xff,0x49,0xe6,0xff,0x49,0xe6,0xff,0x49,0xe6,0xff,0x51,
  0xe6,0xff,0x49,0xe6,0xff,0x52,0x06,0xff,0x49,0xe6,0xff,0x49,0xe6,0xff,0x49,0xe6,
  0xff,0x4a,0x06,0xff,0x49,0xe5,0xff,0x49,0xe6,0xff,0x49,0xe6,0xff,0x49,0xe6,0xff,
  0x49,0xe6,0xff,0x49,0xe6,0xff,0x49,0xe6,0xff,0x49,0xe5,0xff,0x49,0xe5,0xff,0x49,
  0xe5,0xff,0x49,0xe5,0xff,0x49,0xc5,0xff,0x29,0x02,0xff,0x29,0x02,0xff,0x49,0xc5,
  0xff,0x41,0xa5,0xff,0x18,0xa2,0x00,0x18,0xa2,0x00,0x18,0xa2,0x00,0x21,0x03,0x00,
  0x21,0x24,0x00,0x21,0x04,0x00,0x21,0x04,0x00,0x21,0x04,0x00,0x21,0x04,0x00,0x21,
  0x04,0x00,0x21,0x04,0x00,0x21,0x04,0x00,0x21,0x04,0x00,0x21,0x04,0x00,0x21,0x04,
  0x00,0x21,0x04,0x00,0x21,0x04,0x00,0x19,0x04,0x00,0x19,0x04,0x00,0x19,0x04,0x00,
  0x21,0x04,0x00,0x21,0x04,0x00,0x21,0x04,0x00,0x21,0x04,0x00,0x21,0x04,0x00,0x21,
  0x04,0x00,0x21,0x04,0x00,0x21,0x04,0x00,0x21,0x04,0x00,0x21,0x04,0x00,0x21,0x04,
  0x00,0x21,0x04,0x00,0x21,0x04,0x00,0x21,0x04,0x00,0x21,0x04,0x00,0x21,0x04,0x00,
  0x21,0x04,0x00,0x19,0x04,0x00,0x19,0x04,0x00,0x21,0x04,0x00,0x21,0x04,0x00,0x21,
  0x04,0x00,0x21,0x04,0x00,0x19,0x04,0x00,0x21,0x04,0x00,0x21,0x04,0x00,0x21,0x04,
  0x00,0x21,0x04,0x00,0x18,0xe3,0x00,0x10,0x82,0x00,0x10,0x82,0x00,0x10,0x40,0xff,
  0x31,0x43,0xff,0x49,0xc5,0xff,0x41,0xc5,0xff,0x41,0xc5,0xff,0x41,0xc5,0xff,0x49,
  0xc5,0xff,0x49,0xc5,0xff,0x49,0xc5,0xff,0x49,0xc5,0xff,0x49,0xc5,0xff,0x49,0xc5,
  0xff,0x49,0xc5,0xff,0x49,0xc5,0xff,0x49,0xc5,0xff,0x49,0xc5,0xff,0x49,0xc5,0xff,
  0x49,0xc5,0xff,0x49,0xe5,0xff,0x49,0xe5,0xff,0x49,0xc5,0xff,0x49,0xc5,0xff,0x49,
  0xe5,0xff,0x52,0x06,0xff,0x31,0x64,0xff,0x20,0xe3,0x00,0x20,0xe3,0x00,0x29,0x03,
  0x00,0x31,0x43,0x00,0x31,0x44,0x00,0x00,0x20,0xff,0x00,0x20,0xff,0x18,0xa3,0x00,
  0x21,0x04,0x00,0x21,0x04,0x00,0x10,0x82,0x00,0x08,0x62,0xff,0x08,0x62,0xff,0x29,
  0x23,0xff,0x39,0x64,0xff,0x49,0xc5,0xff,0x49,0xc5,0xff,0x49,0xc5,0xff,0x49,0xe5,
  0xff,0x49,0xe5,0xff,0x49,0xe6,0xff,0x49,0xe6,0xff,0x52,0x06,0xff,0x52,0x06,0xff,
  0x52,0x06,0xff,0x52,0x06,0xff,0x49,0xe5,0xff,0x52,0x06,0xff,0x52,0x06,0xff,0x52,
  0x06,0xff,0x49,0xe6,0xff,0x49,0xe6,0xff,0x4a,0x06,0xff,0x4a,0x06,0xff,0x49,0xe6,
  0xff,0x49,0xe6,0xff,0x52,0x06,0xff,0x49,0xe6,0xff,0x49,0xe6,0xff,0x49,0xe6,0xff,
  0x49,0xe5,0xff,0x49,0xe5,0xff,0x4a,0x06,0xff,0x39,0x84,0xff,0x39,0x84,0xff,0x39,
  0x84,0xff,0x5a,0x46,0xff,0x41,0xa5,0xff,0x00,0x20,0xff,0x00,0x20,0xff,0x18,0xe3,
  0x00,0x21,0x24,0x00,0x19,0x04,0x00,0x21,0x04,0x00,0x21,0x04,0x00,0x21,0x04,0x00,
  0x21,0x04,0x00,0x21,0x04,0x00,0x21,0x04,0x00,0x21,0x04,0x00,0x21,0x04,0x00,0x21,
  0x04,0x00,0x21,0x04,0x00,0x21,0x04,0x00,0x19,0x04,0x00,0x19,0x04,0x00,0x19,0x04,
  0x00,0x21,0x04,0x00,0x21,0x04,0x00,0x21,0x04,0x00,0x21,0x04,0x00,0x21,0x04,0x00,
  0x21,0x04,0x00,0x21,0x04,0x00,0x21,0x04,0x00,0x21,0x04,0x00,0x21,0x04,0x00,0x21,
  0x04,0x00,0x21,0x04,0x00,0x21,0x04,0x00,0x21,0x04,0x00,0x21,0x04,0x00,0x21,0x04,
  0x00,0x21,0x04,0x00,0x21,0x04,0x00,0x21,0x04,0x00,0x21,0x04,0x00,0x21,0x04,0x00,
  0x21,0x04,0x00,0x21,0x04,0x00,0x21,0x04,0x00,0x21,0x04,0x00,0x21,0x04,0x00,0x21,
  0x04,0x00,0x21,0x04,0x00,0x21,0x04,0x00,0x08,0x61,0xff,0x08,0x61,0xff,0x08,0x40,
  0xff,0x39,0x84,0xff,0x41,0xc5,0xff,0x41,0xa5,0xff,0x41,0xc5,0xff,0x41,0xc5,0xff,
  0x49,0xc5,0xff,0x49,0xc5,0xff,0x49,0xc5,0xff,0x49,0xc5,0xff,0x49,0xc5,0xff,0x49,
  0xc5,0xff,0x49,0xc5,0xff,0x49,0xc5,0xff,0x49,0xe5,0xff,0x49,0xe5,0xff,0x49,0xe5,
  0xff,0x49,0xc5,0xff,0x49,0xc5,0xff,0x49,0xc5,0xff,0x52,0x06,0xff,0x52,0x06,0xff,
  0x52,0x05,0xff,0x52,0x26,0xff,0x31,0x64,0xff,0x20,0xc2,0x00,0x20,0xc2,0x00,0x29,
  0x03,0x00,0x29,0x23,0x00,0x29,0x24,0x00,0x00,0x00,0xff,0x00,0x00,0xff,0x10,0xa2,
  0x00,0x21,0x04,0x00,0x18,0xe3,0x00,0x18,0xe3,0x00,0x08,0x62,0xff,0x08,0x62,0xff,
  0x08,0x21,0xff,0x39,0xa4,0xff,0x49,0xe5,0xff,0x41,0xa5,0xff,0x41,0xa5,0xff,0x49,
  0xc5,0xff,0x49,0xc5,0xff,0x49,0xc5,0xff,0x49,0xe6,0xff,0x51,0xe6,0xff,0x51,0xe6,
  0xff,0x51,0xe6,0xff,0x49,0xe6,0xff,0x49,0xe6,0xff,0x51,0xe6,0xff,0x51,0xe6,0xff,
  0x49,0xe6,0xff,0x52,0x06,0xff,0x49,0xe5,0xff,0x49,0xe6,0xff,0x49,0xe6,0xff,0x51,
  0xe6,0xff,0x52,0x06,0xff,0x49,0xe6,0xff,0x4a,0x06,0xff,0x4a,0x06,0xff,0x4a,0x06,
  0xff,0x49,0xe6,0xff,0x49,0xc5,0xff,0x49,0xe6,0xff,0x39,0x84,0xff,0x39,0x84,0xff,
  0x20,0xe2,0xff,0x52,0x26,0xff,0x31,0x23,0xff,0x00,0x00,0xff,0x00,0x00,0xff,0x18,
  0xe3,0x00,0x21,0x24,0x00,0x19,0x04,0x00,0x21,0x04,0x00,0x21,0x04,0x00,0x21,0x04,
  0x00,0x21,0x04,0x00,0x21,0x04,0x00,0x21,0x04,0x00,0x21,0x04,0x00,0x21,0x04,0x00,
  0x21,0x04,0x00,0x21,0x04,0x00,0x21,0x04,0x00,0x21,0x04,0x00,0x21,0x04,0x00,0x19,
  0x04,0x00,0x21,0x04,0x00,0x21,0x04,0x00,0x21,0x04,0x00,0x21,0x04,0x00,0x21,0x04,
  0x00,0x21,0x04,0x00,0x21,0x04,0x00,0x21,0x04,0x00,0x21,0x04,0x00,0x21,0x04,0x00,
  0x21,0x04,0x00,0x21,0x04,0x00,0x21,0x04,0x00,0x21,0x04,0x00,0x21,0x04,0x00,0x21,
  0x04,0x00,0x21,0x04,0x00,0x21,0x04,0x00,0x21,0x04,0x00,0x21,0x04,0x00,0x21,0x04,
  0x00,0x21,0x04,0x00,0x21,0x04,0x00,0x21,0x04,0x00,0x21,0x04,0x00,0x21,0x04,0x00,
  0x21,0x04,0x00,0x21,0x04,0x00,0x21,0x04,0x00,0x08,0x61,0xff,0x08,0x61,0xff,0x08,
  0x40,0xff,0x39,0x84,0xff,0x41,0xc5,0xff,0x41,0xa5,0xff,0x41,0xc5,0xff,0x41,0xc5,
  0xff,0x49,0xc5,0xff,0x49,0xc5,0xff,0x49,0xc5,0xff,0x49,0xc5,0xff,0x49,0xc5,0xff,
  0x49,0xc5,0xff,0x49,0xc5,0xff,0x49,0xc5,0xff,0x49,0xe5,0xff,0x49,0xe5,0xff,0x49,
  0xe5,0xff,0x49,0xc5,0xff,0x49,0xc5,0xff,0x49,0xc5,0xff,0x52,0x06,0xff,0x52,0x06,
  0xff,0x52,0x05,0xff,0x52,0x26,0xff,0x31,0x64,0xff,0x20,0xc2,0x00,0x20,0xc2,0x00,
  0x29,0x03,0x00,0x29,0x23,0x00,0x29,0x24,0x00,0x00,0x00,0xff,0x00,0x00,0xff,0x10,
  0xa2,0x00,0x21,0x04,0x00,0x18,0xe3,0x00,0x18,0xe3,0x00,0x08,0x62,0xff,0x08,0x62,
  0xff,0x08,0x21,0xff,0x39,0xa4,0xff,0x49,0xe5,0xff,0x41,0xa5,0xff,0x41,0xa5,0xff,
  0x49,0xc5,0xff,0x49,0xc5,0xff,0x49,0xc5,0xff,0x49,0xe6,0xff,0x51,0xe6,0xff,0x51,
  0xe6,0xff,0x51,0xe6,0xff,0x49,0xe6,0xff,0x49,0xe6,0xff,0x51,0xe6,0xff,0x51,0xe6,
  0xff,0x49,0xe6,0xff,0x52,0x06,0xff,0x49,0xe5,0xff,0x49,0xe6,0xff,0x49,0xe6,0xff,
  0x51,0xe6,0xff,0x52,0x06,0xff,0x49,0xe6,0xff,0x4a,0x06,0xff,0x4a,0x06,0xff,0x4a,
  0x06,0xff,0x49,0xe6,0xff,0x49,0xc5,0xff,0x49,0xe6,0xff,0x39,0x84,0xff,0x39,0x84,
  0xff,0x20,0xe2,0xff,0x52,0x26,0xff,0x31,0x23,0xff,0x00,0x00,0xff,0x00,0x00,0xff,
  0x18,0xe3,0x00,0x21,0x24,0x00,0x19,0x04,0x00,0x21,0x04,0x00,0x21,0x04,0x00,0x21,
  0x04,0x00,0x21,0x04,0x00,0x21,0x04,0x00,0x21,0x04,0x00,0x21,0x04,0x00,0x21,0x04,
  0x00,0x21,0x04,0x00,0x21,0x04,0x00,0x21,0x04,0x00,0x21,0x04,0x00,0x21,0x04,0x00,
  0x19,0x04,0x00,0x21,0x04,0x00,0x21,0x04,0x00,0x21,0x04,0x00,0x21,0x04,0x00,0x21,
  0x04,0x00,0x19,0x04,0x00,0x21,0x04,0x00,0x21,0x04,0x00,0x21,0x04,0x00,0x21,0x04,
  0x00,0x21,0x04,0x00,0x21,0x04,0x00,0x21,0x04,0x00,0x21,0x04,0x00,0x21,0x04,0x00,
  0x21,0x04,0x00,0x21,0x04,0x00,0x21,0x04,0x00,0x21,0x04,0x00,0x21,0x04,0x00,0x21,
  0x04,0x00,0x21,0x04,0x00,0x21,0x04,0x00,0x21,0x04,0x00,0x21,0x04,0x00,0x21,0x04,
  0x00,0x21,0x04,0x00,0x21,0x04,0x00,0x21,0x24,0x00,0x08,0x41,0xff,0x08,0x41,0xff,
  0x10,0x61,0xff,0x41,0xa5,0xff,0x41,0xc5,0xff,0x41,0xa5,0xff,0x49,0xc5,0xff,0x49,
  0xc5,0xff,0x49,0xe5,0xff,0x49,0xc5,0xff,0x49,0xc5,0xff,0x49,0xc5,0xff,0x49,0xc5,
  0xff,0x49,0xe5,0xff,0x49,0xc5,0xff,0x49,0xe5,0xff,0x49,0xe5,0xff,0x49,0xe5,0xff,
  0x49,0xe5,0xff,0x49,0xc5,0xff,0x49,0xe5,0xff,0x49,0xe5,0xff,0x52,0x06,0xff,0x52,
  0x06,0xff,0x52,0x06,0xff,0x39,0x64,0xff,0x31,0x23,0x00,0x29,0x03,0x00,0x29,0x03,
  0x00,0x29,0x23,0x00,0x31,0x23,0x00,0x31,0x64,0xff,0x08,0x20,0xff,0x08,0x20,0xff,
  0x18,0xa3,0x00,0x21,0x24,0x00,0x21,0x04,0x00,0x21,0x03,0x00,0x18,0xc3,0x00,0x18,
  0xc3,0x00,0x08,0x62,0xff,0x29,0x43,0xff,0x49,0xc5,0xff,0x41,0xa5,0xff,0x41,0xa5,
  0xff,0x49,0xc5,0xff,0x49,0xc5,0xff,0x49,0xe6,0xff,0x49,0xc5,0xff,0x49,0xe6,0xff,
  0x49,0xe6,0xff,0x49,0xe6,0xff,0x49,0xe6,0xff,0x49,0xe6,0xff,0x51,0xe6,0xff,0x51,
  0xe6,0xff,0x51,0xe6,0xff,0x52,0x06,0xff,0x49,0xe6,0xff,0x49,0xe6,0xff,0x49,0xe6,
  0xff,0x52,0x06,0xff,0x51,0xe6,0xff,0x4a,0x06,0xff,0x4a,0x06,0xff,0x4a,0x06,0xff,
  0x4a,0x06,0xff,0x49,0xe5,0xff,0x49,0xc5,0xff,0x52,0x06,0xff,0x41,0xa5,0xff,0x41,
  0xa5,0xff,0x29,0x03,0xff,0x52,0x26,0xff,0x39,0x64,0xff,0x00,0x00,0xff,0x00,0x00,
  0xff,0x29,0x44,0x00,0x21,0x44,0x00,0x21,0x04,0x00,0x21,0x04,0x00,0x21,0x04,0x00,
  0x21,0x04,0x00,0x21,0x04,0x00,0x21,0x04,0x00,0x21,0x04,0x00,0x21,0x04,0x00,0x21,
  0x04,0x00,0x21,0x04,0x00,0x21,0x04,0x00,0x21,0x04,0x00,0x21,0x04,0x00,0x21,0x04,
  0x00,0x21,0x04,0x00,0x21,0x04,0x00,0x21,0x04,0x00,0x21,0x04,0x00,0x21,0x04,0x00,
  0x21,0x04,0x00,0x19,0x04,0x00,0x19,0x04,0x00,0x19,0x04,0x00,0x19,0x04,0x00,0x19,
  0x04,0x00,0x21,0x04,0x00,0x21,0x04,0x00,0x21,0x04,0x00,0x21,0x04,0x00,0x21,0x04,
  0x00,0x21,0x04,0x00,0x21,0x04,0x00,0x21,0x04,0x00,0x21,0x04,0x00,0x21,0x04,0x00,
  0x21,0x04,0x00,0x21,0x04,0x00,0x21,0x04,0x00,0x21,0x04,0x00,0x21,0x04,0x00,0x21,
  0x04,0x00,0x21,0x04,0x00,0x19,0x04,0x00,0x21,0x04,0x00,0x00,0x20,0xff,0x00,0x20,
  0xff,0x10,0x61,0xff,0x41,0xa5,0xff,0x41,0x84,0xff,0x49,0xc5,0xff,0x49,0xc5,0xff,
  0x49,0xc5,0xff,0x49,0xe5,0xff,0x49,0xc5,0xff,0x49,0xc5,0xff,0x49,0xc5,0xff,0x49,
  0xc5,0xff,0x49,0xc5,0xff,0x49,0xc5,0xff,0x49,0xc5,0xff,0x49,0xc5,0xff,0x49,0xc5,
  0xff,0x49,0xe5,0xff,0x49,0xe5,0xff,0x49,0xc5,0xff,0x49,0xe5,0xff,0x52,0x06,0xff,
  0x52,0x06,0xff,0x41,0x84,0xff,0x31,0x44,0xff,0x31,0x44,0xff,0x29,0x03,0x00,0x29,
  0x03,0x00,0x20,0xc2,0x00,0x31,0x44,0xff,0x31,0x64,0xff,0x00,0x00,0xff,0x00,0x00,
  0xff,0x10,0xa2,0x00,0x21,0x04,0x00,0x19,0x04,0x00,0x18,0xe3,0x00,0x21,0x04,0x00,
  0x21,0x04,0x00,0x08,0x62,0xff,0x00,0x00,0xff,0x41,0x85,0xff,0x41,0xc5,0xff,0x41,
  0xc5,0xff,0x41,0xc5,0xff,0x49,0xc5,0xff,0x49,0xc5,0xff,0x49,0xe5,0xff,0x49,0xc5,
  0xff,0x49,0xc5,0xff,0x49,0xe5,0xff,0x51,0xe6,0xff,0x49,0xe5,0xff,0x51,0xe6,0xff,
  0x51,0xe6,0xff,0x51,0xe6,0xff,0x51,0xe6,0xff,0x51,0xe6,0xff,0x49,0xe6,0xff,0x49,
  0xe6,0xff,0x49,0xe6,0xff,0x51,0xe6,0xff,0x49,0xe6,0xff,0x49,0xe6,0xff,0x49,0xe6,
  0xff,0x49,0xe6,0xff,0x49,0xe6,0xff,0x49,0xc5,0xff,0x41,0xc5,0xff,0x41,0xa5,0xff,
  0x41,0xa5,0xff,0x20,0xa2,0xff,0x41,0x84,0xff,0x49,0xe5,0xff,0x39,0x64,0xff,0x39,
  0x64,0xff,0x18,0xe2,0x00,0x18,0xc3,0x00,0x21,0x04,0x00,0x19,0x04,0x00,0x21,0x04,
  0x00,0x21,0x04,0x00,0x21,0x04,0x00,0x21,0x04,0x00,0x21,0x04,0x00,0x21,0x04,0x00,
  0x21,0x04,0x00,0x21,0x04,0x00,0x21,0x04,0x00,0x21,0x04,0x00,0x21,0x04,0x00,0x21,
  0x04,0x00,0x21,0x04,0x00,0x21,0x04,0x00,0x21,0x04,0x00,0x21,0x04,0x00,0x21,0x04,
  0x00,0x21,0x04,0x00,0x21,0x04,0x00,0x21,0x04,0x00,0x21,0x04,0x00,0x19,0x04,0x00,
  0x19,0x04,0x00,0x21,0x04,0x00,0x21,0x04,0x00,0x21,0x04,0x00,0x21,0x04,0x00,0x21,
  0x04,0x00,0x21,0x04,0x00,0x21,0x04,0x00,0x21,0x04,0x00,0x21,0x04,0x00,0x21,0x04,
  0x00,0x21,0x04,0x00,0x19,0x04,0x00,0x21,0x04,0x00,0x21,0x04,0x00,0x21,0x04,0x00,
  0x21,0x04,0x00,0x19,0x04,0x00,0x21,0x04,0x00,0x19,0x04,0x00,0x00,0x41,0xff,0x00,
  0x41,0xff,0x10,0x61,0xff,0x41,0xa5,0xff,0x41,0xa5,0xff,0x49,0xc5,0xff,0x49,0xc5,
  0xff,0x49,0xc5,0xff,0x49,0xc5,0xff,0x49,0xc5,0xff,0x49,0xe6,0xff,0x49,0xe6,0xff,
  0x49,0xe6,0xff,0x49,0xc5,0xff,0x49,0xc5,0xff,0x49,0xe5,0xff,0x49,0xe5,0xff,0x49,
  0xe5,0xff,0x49,0xe5,0xff,0x49,0xe5,0xff,0x49,0xe5,0xff,0x49,0xe5,0xff,0x49,0xc5,
  0xff,0x49,0xc5,0xff,0x41,0x84,0xff,0x41,0xc5,0xff,0x52,0x47,0xff,0x29,0x23,0x00,
  0x29,0x23,0x00,0x20,0xe3,0x00,0x31,0x64,0xff,0x31,0x44,0x00,0x00,0x00,0xff,0x00,
  0x00,0xff,0x18,0xc3,0x00,0x21,0x04,0x00,0x18,0xe3,0x00,0x18,0xe3,0x00,0x21,0x04,
  0x00,0x21,0x04,0x00,0x18,0xc3,0x00,0x00,0x00,0xff,0x41,0xc4,0xff,0x49,0xe5,0xff,
  0x49,0xe5,0xff,0x41,0xc5,0xff,0x49,0xc5,0xff,0x49,0xc5,0xff,0x49,0xe5,0xff,0x49,
  0xe5,0xff,0x49,0xe5,0xff,0x49,0xe6,0xff,0x51,0xe6,0xff,0x51,0xe6,0xff,0x52,0x06,
  0xff,0x52,0x06,0xff,0x52,0x06,0xff,0x52,0x06,0xff,0x4a,0x06,0xff,0x52,0x06,0xff,
  0x52,0x06,0xff,0x49,0xe6,0xff,0x49,0xe6,0xff,0x52,0x06,0xff,0x4a,0x06,0xff,0x49,
  0xe6,0xff,0x49,0xe6,0xff,0x4a,0x06,0xff,0x49,0xc5,0xff,0x49,0xc5,0xff,0x49,0xe5,
  0xff,0x49,0xe5,0xff,0x31,0x44,0xff,0x31,0x44,0xff,0x52,0x06,0xff,0x49,0xc5,0xff,
  0x49,0xc5,0xff,0x08,0x61,0xff,0x08,0x41,0xff,0x21,0x04,0x00,0x21,0x04,0x00,0x19,
  0x04,0x00,0x19,0x04,0x00,0x21,0x04,0x00,0x21,0x04,0x00,0x21,0x04,0x00,0x21,0x04,
  0x00,0x21,0x04,0x00,0x21,0x04,0x00,0x21,0x04,0x00,0x21,0x04,0x00,0x21,0x04,0x00,
  0x21,0x04,0x00,0x21,0x04,0x00,0x21,0x04,0x00,0x21,0x04,0x00,0x21,0x04,0x00,0x21,
  0x04,0x00,0x21,0x04,0x00,0x21,0x04,0x00,0x21,0x04,0x00,0x21,0x04,0x00,0x21,0x04,
  0x00,0x21,0x04,0x00,0x21,0x04,0x00,0x21,0x04,0x00,0x21,0x04,0x00,0x21,0x04,0x00,
  0x21,0x04,0x00,0x21,0x04,0x00,0x21,0x04,0x00,0x21,0x04,0x00,0x21,0x04,0x00,0x21,
  0x04,0x00,0x21,0x04,0x00,0x19,0x04,0x00,0x21,0x04,0x00,0x21,0x04,0x00,0x19,0x04,
  0x00,0x19,0x04,0x00,0x19,0x04,0x00,0x19,0x04,0x00,0x19,0x04,0x00,0x08,0x82,0x00,
  0x08,0x82,0x00,0x08,0x61,0xff,0x39,0x84,0xff,0x41,0xa5,0xff,0x41,0xa5,0xff,0x49,
  0xc5,0xff,0x49,0xc5,0xff,0x49,0xc5,0xff,0x49,0xe6,0xff,0x62,0xa8,0xff,0x5a,0x26,
  0xff,0x5a,0x26,0xff,0x49,0xa5,0xff,0x49,0xc5,0xff,0x49,0xc5,0xff,0x49,0xc5,0xff,
  0x49,0xc5,0xff,0x49,0xe5,0xff,0x49,0xe5,0xff,0x49,0xe5,0xff,0x41,0x84,0xff,0x39,
  0x44,0xff,0x39,0x44,0xff,0x49,0xe5,0xff,0x49,0xc5,0xff,0x49,0xe5,0xff,0x39,0x84,
  0xff,0x39,0x84,0xff,0x18,0xc2,0x00,0x20,0xe2,0x00,0x18,0xa1,0x00,0x00,0x00,0xff,
  0x00,0x00,0xff,0x18,0xa2,0x00,0x21,0x04,0x00,0x18,0xe3,0x00,0x18,0xe3,0x00,0x18,
  0xe3,0x00,0x18,0xe3,0x00,0x18,0xe4,0x00,0x08,0x61,0xff,0x21,0x02,0xff,0x49,0xc5,
  0xff,0x49,0xc5,0xff,0x41,0xa5,0xff,0x41,0xc5,0xff,0x49,0xc5,0xff,0x49,0xc5,0xff,
  0x49,0xe5,0xff,0x49,0xe5,0xff,0x49,0xe5,0xff,0x49,0xe6,0xff,0x52,0x06,0xff,0x52,
  0x06,0xff,0x52,0x06,0xff,0x52,0x06,0xff,0x52,0x06,0xff,0x52,0x06,0xff,0x52,0x06,
  0xff,0x52,0x06,0xff,0x51,0xe6,0xff,0x52,0x06,0xff,0x49,0xe5,0xff,0x49,0xe6,0xff,
  0x49,0xe5,0xff,0x49,0xe5,0xff,0x49,0xe5,0xff,0x49,0xc5,0xff,0x49,0xe5,0xff,0x52,
  0x46,0xff,0x52,0x46,0xff,0x41,0xa5,0xff,0x29,0x03,0xff,0x49,0xc5,0xff,0x41,0x84,
  0xff,0x41,0x84,0xff,0x08,0x41,0xff,0x00,0x21,0xff,0x21,0x04,0x00,0x21,0x04,0x00,
  0x19,0x04,0x00,0x19,0x04,0x00,0x21,0x04,0x00,0x21,0x04,0x00,0x21,0x04,0x00,0x21,
  0x04,0x00,0x21,0x04,0x00,0x21,0x04,0x00,0x21,0x04,0x00,0x21,0x04,0x00,0x21,0x04,
  0x00,0x21,0x04,0x00,0x21,0x04,0x00,0x21,0x04,0x00,0x21,0x04,0x00,0x21,0x04,0x00,
  0x21,0x04,0x00,0x21,0x04,0x00,0x21,0x04,0x00,0x21,0x04,0x00,0x21,0x04,0x00,0x21,
  0x04,0x00,0x21,0x04,0x00,0x21,0x04,0x00,0x21,0x04,0x00,0x21,0x04,0x00,0x21,0x04,
  0x00,0x21,0x04,0x00,0x21,0x04,0x00,0x21,0x04,0x00,0x19,0x04,0x00,0x19,0x04,0x00,
  0x21,0x04,0x00,0x21,0x04,0x00,0x21,0x04,0x00,0x21,0x04,0x00,0x19,0x04,0x00,0x19,
  0x04,0x00,0x19,0x04,0x00,0x19,0x04,0x00,0x19,0x04,0x00,0x21,0x04,0x00,0x18,0xe3,
  0x00,0x18,0xe3,0x00,0x10,0xa2,0x00,0x31,0x64,0x00,0x41,0xa5,0xff,0x41,0xa5,0xff,
  0x49,0xe5,0xff,0x49,0xe5,0xff,0x52,0x06,0xff,0x51,0xe6,0xff,0x52,0x26,0xff,0x49,
  0xe5,0xff,0x49,0xe5,0xff,0x49,0xc5,0xff,0x49,0xe5,0xff,0x51,0xe5,0xff,0x49,0xc5,
  0xff,0x49,0xc5,0xff,0x49,0xe5,0xff,0x49,0xe5,0xff,0x49,0xc5,0xff,0x39,0x64,0xff,
  0x31,0x23,0x00,0x31,0x23,0x00,0x41,0xa5,0xff,0x49,0xc5,0xff,0x49,0xe5,0xff,0x31,
  0x44,0x00,0x31,0x44,0x00,0x18,0xc2,0x00,0x20,0xc2,0x00,0x18,0xa2,0x00,0x00,0x20,
  0xff,0x00,0x20,0xff,0x18,0xc3,0x00,0x21,0x04,0x00,0x18,0xe3,0x00,0x18,0xe3,0x00,
  0x18,0xe3,0x00,0x18,0xe3,0x00,0x18,0xe3,0x00,0x21,0x24,0x00,0x00,0x20,0xff,0x10,
  0x61,0xff,0x10,0x61,0xff,0x41,0xa5,0xff,0x49,0xc5,0xff,0x49,0xe5,0xff,0x49,0xc5,
  0xff,0x52,0x06,0xff,0x52,0x06,0xff,0x49,0xe6,0xff,0x52,0x06,0xff,0x52,0x06,0xff,
  0x51,0xe6,0xff,0x51,0xe6,0xff,0x52,0x06,0xff,0x52,0x06,0xff,0x52,0x06,0xff,0x49,
  0xe6,0xff,0x49,0xe6,0xff,0x52,0x26,0xff,0x62,0x88,0xff,0x49,0xc5,0xff,0x49,0xc5,
  0xff,0x49,0xe6,0xff,0x49,0xe6,0xff,0x4a,0x06,0xff,0x49,0xe6,0xff,0x49,0xe5,0xff,
  0x39,0x64,0xff,0x39,0x64,0xff,0x31,0x23,0xff,0x31,0x23,0xff,0x49,0xe5,0xff,0x51,
  0xe5,0xff,0x51,0xe5,0xff,0x29,0x23,0x00,0x10,0xa2,0x00,0x18,0xe3,0x00,0x21,0x04,
  0x00,0x19,0x04,0x00,0x19,0x04,0x00,0x21,0x04,0x00,0x21,0x04,0x00,0x21,0x04,0x00,
  0x21,0x04,0x00,0x21,0x04,0x00,0x21,0x04,0x00,0x21,0x04,0x00,0x21,0x04,0x00,0x21,
  0x04,0x00,0x21,0x04,0x00,0x21,0x04,0x00,0x21,0x04,0x00,0x21,0x04,0x00,0x21,0x04,
  0x00,0x21,0x04,0x00,0x21,0x04,0x00,0x21,0x04,0x00,0x21,0x04,0x00,0x21,0x04,0x00,
  0x21,0x04,0x00,0x21,0x04,0x00,0x21,0x04,0x00,0x21,0x04,0x00,0x21,0x04,0x00,0x21,
  0x04,0x00,0x21,0x04,0x00,0x21,0x04,0x00,0x21,0x04,0x00,0x19,0x04,0x00,0x19,0x04,
  0x00,0x21,0x04,0x00,0x21,0x04,0x00,0x21,0x04,0x00,0x21,0x04,0x00,0x19,0x04,0x00,
  0x19,0x04,0x00,0x19,0x04,0x00,0x19,0x04,0x00,0x19,0x04,0x00,0x21,0x04,0x00,0x18,
  0xe3,0x00,0x18,0xe3,0x00,0x10,0xa2,0x00,0x31,0x64,0x00,0x41,0xa5,0xff,0x41,0xa5,
  0xff,0x49,0xe5,0xff,0x49,0xe5,0xff,0x52,0x06,0xff,0x51,0xe6,0xff,0x52,0x26,0xff,
  0x49,0xe5,0xff,0x49,0xe5,0xff,0x49,0xc5,0xff,0x49,0xe5,0xff,0x51,0xe5,0xff,0x49,
  0xc5,0xff,0x49,0xc5,0xff,0x49,0xe5,0xff,0x49,0xe5,0xff,0x49,0xc5,0xff,0x39,0x64,
  0xff,0x31,0x23,0x00,0x31,0x23,0x00,0x41,0xa5,0xff,0x49,0xc5,0xff,0x49,0xe5,0xff,
  0x31,0x44,0x00,0x31,0x44,0x00,0x18,0xc2,0x00,0x20,0xc2,0x00,0x18,0xa2,0x00,0x00,
  0x20,0xff,0x00,0x20,0xff,0x18,0xc3,0x00,0x21,0x04,0x00,0x18,0xe3,0x00,0x18,0xe3,
  0x00,0x18,0xe3,0x00,0x18,0xe3,0x00,0x18,0xe3,0x00,0x21,0x24,0x00,0x00,0x20,0xff,
  0x10,0x61,0xff,0x10,0x61,0xff,0x41,0xa5,0xff,0x49,0xc5,0xff,0x49,0xe5,0xff,0x49,
  0xc5,0xff,0x52,0x06,0xff,0x52,0x06,0xff,0x49,0xe6,0xff,0x52,0x06,0xff,0x52,0x06,
  0xff,0x51,0xe6,0xff,0x51,0xe6,0xff,0x52,0x06,0xff,0x52,0x06,0xff,0x52,0x06,0xff,
  0x49,0xe6,0xff,0x49,0xe6,0xff,0x52,0x26,0xff,0x62,0x88,0xff,0x49,0xc5,0xff,0x49,
  0xc5,0xff,0x49,0xe6,0xff,0x49,0xe6,0xff,0x4a,0x06,0xff,0x49,0xe6,0xff,0x49,0xe5,
  0xff,0x39,0x64,0xff,0x39,0x64,0xff,0x31,0x23,0xff,0x31,0x23,0xff,0x49,0xe5,0xff,
  0x51,0xe5,0xff,0x51,0xe5,0xff,0x29,0x23,0x00,0x10,0xa2,0x00,0x18,0xe3,0x00,0x21,
  0x04,0x00,0x19,0x04,0x00,0x19,0x04,0x00,0x21,0x04,0x00,0x21,0x04,0x00,0x21,0x04,
  0x00,0x21,0x04,0x00,0x21,0x04,0x00,0x21,0x04,0x00,0x21,0x04,0x00,0x21,0x04,0x00,
  0x21,0x04,0x00,0x21,0x04,0x00,0x21,0x04,0x00,0x21,0x04,0x00,0x21,0x04,0x00,0x21,
  0x04,0x00,0x19,0x04,0x00,0x19,0x04,0x00,0x21,0x04,0x00,0x21,0x04,0x00,0x21,0x04,
  0x00,0x21,0x04,0x00,0x21,0x04,0x00,0x21,0x04,0x00,0x21,0x04,0x00,0x21,0x04,0x00,
  0x21,0x04,0x00,0x21,0x04,0x00,0x21,0x04,0x00,0x19,0x04,0x00,0x19,0x04,0x00,0x21,
  0x04,0x00,0x21,0x04,0x00,0x21,0x04,0x00,0x21,0x04,0x00,0x19,0x04,0x00,0x19,0x04,
  0x00,0x19,0x04,0x00,0x19,0x04,0x00,0x19,0x04,0x00,0x19,0x04,0x00,0x21,0x04,0x00,
  0x19,0x04,0x00,0x19,0x04,0x00,0x18,0xe3,0x00,0x18,0xa2,0x00,0x31,0x23,0x00,0x49,
  0xc5,0xff,0x49,0xc5,0xff,0x49,0xc5,0xff,0x49,0xe5,0xff,0x49,0xe5,0xff,0x49,0xc5,
  0xff,0x51,0xe6,0xff,0x51,0xe6,0xff,0x52,0x06,0xff,0x51,0xe6,0xff,0x51,0xe5,0xff,
  0x49,0xe5,0xff,0x49,0xe5,0xff,0x49,0xc5,0xff,0x49,0xc5,0xff,0x49,0xc5,0xff,0x39,
  0x64,0xff,0x31,0x43,0x00,0x31,0x43,0x00,0x29,0x03,0x00,0x39,0x64,0xff,0x39,0x84,
  0xff,0x20,0xe2,0x00,0x20,0xe2,0x00,0x20,0xc2,0x00,0x29,0x43,0x00,0x29,0x23,0x00,
  0x08,0x40,0xff,0x08,0x40,0xff,0x10,0x82,0x00,0x20,0xe4,0x00,0x18,0xc3,0x00,0x18,
  0xe3,0x00,0x18,0xe3,0x00,0x18,0xe3,0x00,0x18,0xc3,0x00,0x21,0x24,0x00,0x08,0x62,
  0x00,0x00,0x00,0xff,0x00,0x00,0xff,0x39,0x84,0xff,0x41,0xa5,0xff,0x49,0xc5,0xff,
  0x49,0xe5,0xff,0x49,0xe5,0xff,0x49,0xe5,0xff,0x49,0xe6,0xff,0x52,0x06,0xff,0x52,
  0x06,0xff,0x52,0x06,0xff,0x52,0x06,0xff,0x52,0x06,0xff,0x52,0x06,0xff,0x52,0x06,
  0xff,0x49,0xe5,0xff,0x49,0xe5,0xff,0x52,0x06,0xff,0x5a,0x67,0xff,0x49,0xc5,0xff,
  0x49,0xc5,0xff,0x49,0xc5,0xff,0x49,0xc5,0xff,0x49,0xe5,0xff,0x49,0xc5,0xff,0x41,
  0xa4,0xff,0x31,0x03,0xff,0x31,0x03,0xff,0x39,0x64,0xff,0x39,0x64,0xff,0x29,0x03,
  0xff,0x49,0xe5,0xff,0x49,0xe5,0xff,0x49,0xc5,0xff,0x08,0x20,0xff,0x08,0x41,0xff,
  0x21,0x24,0x00,0x21,0x04,0x00,0x21,0x04,0x00,0x19,0x04,0x00,0x21,0x04,0x00,0x21,
  0x04,0x00,0x21,0x04,0x00,0x21,0x04,0x00,0x21,0x04,0x00,0x21,0x04,0x00,0x21,0x04,
  0x00,0x21,0x04,0x00,0x21,0x04,0x00,0x21,0x04,0x00,0x21,0x04,0x00,0x21,0x04,0x00,
  0x21,0x04,0x00,0x19,0x04,0x00,0x19,0x04,0x00,0x21,0x04,0x00,0x21,0x04,0x00,0x21,
  0x04,0x00,0x21,0x04,0x00,0x21,0x04,0x00,0x21,0x04,0x00,0x21,0x04,0x00,0x21,0x04,
  0x00,0x21,0x04,0x00,0x21,0x04,0x00,0x21,0x04,0x00,0x19,0x04,0x00,0x21,0x04,0x00,
  0x21,0x04,0x00,0x21,0x04,0x00,0x21,0x04,0x00,0x21,0x04,0x00,0x19,0x04,0x00,0x19,
  0x04,0x00,0x21,0x04,0x00,0x21,0x04,0x00,0x19,0x04,0x00,0x19,0x04,0x00,0x19,0x04,
  0x00,0x21,0x04,0x00,0x21,0x04,0x00,0x21,0x24,0x00,0x08,0x41,0x00,0x18,0x81,0x00,
  0x41,0x84,0xff,0x49,0xc5,0xff,0x49,0xc5,0xff,0x52,0x06,0xff,0x51,0xe6,0xff,0x52,
  0x06,0xff,0x52,0x06,0xff,0x52,0x06,0xff,0x5a,0x46,0xff,0x52,0x06,0xff,0x51,0xe6,
  0xff,0x51,0xe5,0xff,0x51,0xe5,0xff,0x51,0xe5,0xff,0x49,0xc5,0xff,0x49,0xe5,0xff,
  0x41,0xa4,0xff,0x41,0xa5,0xff,0x41,0xa5,0xff,0x31,0x23,0x00,0x31,0x43,0x00,0x31,
  0x43,0x00,0x29,0x23,0x00,0x29,0x23,0x00,0x20,0xe3,0x00,0x29,0x23,0x00,0x29,0x23,
  0x00,0x18,0xa1,0x00,0x18,0xa1,0x00,0x08,0x61,0x00,0x21,0x04,0x00,0x18,0xe3,0x00,
  0x18,0xe3,0x00,0x18,0xe3,0x00,0x18,0xe3,0x00,0x20,0xe3,0x00,0x21,0x03,0x00,0x18,
  0xe3,0x00,0x10,0x81,0xff,0x10,0x81,0xff,0x31,0x64,0xff,0x39,0x64,0xff,0x41,0xa5,
  0xff,0x49,0xe6,0xff,0x49,0xe6,0xff,0x49,0xe6,0xff,0x49,0xe6,0xff,0x52,0x06,0xff,
  0x52,0x06,0xff,0x52,0x06,0xff,0x52,0x06,0xff,0x52,0x06,0xff,0x52,0x06,0xff,0x52,
  0x06,0xff,0x52,0x06,0xff,0x52,0x06,0xff,0x49,0xc5,0xff,0x49,0xe6,0xff,0x51,0xe5,
  0xff,0x52,0x06,0xff,0x49,0xe6,0xff,0x49,0xe6,0xff,0x52,0x06,0xff,0x49,0xc5,0xff,
  0x49,0xc5,0xff,0x41,0x84,0xff,0x41,0x84,0xff,0x49,0xe5,0xff,0x49,0xc5,0xff,0x31,
  0x43,0xff,0x41,0xa4,0xff,0x41,0xa4,0xff,0x5a,0x06,0xff,0x49,0xa5,0xff,0x29,0x23,
  0x00,0x10,0xa2,0x00,0x21,0x04,0x00,0x21,0x04,0x00,0x21,0x04,0x00,0x21,0x04,0x00,
  0x21,0x04,0x00,0x21,0x04,0x00,0x21,0x04,0x00,0x21,0x04,0x00,0x21,0x04,0x00,0x21,
  0x04,0x00,0x21,0x04,0x00,0x21,0x04,0x00,0x21,0x04,0x00,0x21,0x04,0x00,0x19,0x04,
  0x00,0x19,0x04,0x00,0x19,0x04,0x00,0x19,0x04,0x00,0x21,0x04,0x00,0x21,0x04,0x00,
  0x21,0x04,0x00,0x21,0x04,0x00,0x21,0x04,0x00,0x21,0x04,0x00,0x21,0x04,0x00,0x21,
  0x04,0x00,0x21,0x04,0x00,0x21,0x04,0x00,0x19,0x04,0x00,0x19,0x04,0x00,0x21,0x04,
  0x00,0x21,0x04,0x00,0x21,0x04,0x00,0x21,0x04,0x00,0x21,0x04,0x00,0x21,0x04,0x00,
  0x21,0x04,0x00,0x21,0x04,0x00,0x21,0x04,0x00,0x21,0x04,0x00,0x19,0x04,0x00,0x19,
  0x04,0x00,0x19,0x04,0x00,0x19,0x04,0x00,0x18,0xe3,0x00,0x00,0x20,0x00,0x08,0x40,
  0x00,0x29,0x23,0x00,0x49,0xc5,0xff,0x49,0xc5,0xff,0x52,0x06,0xff,0x49,0xe5,0xff,
  0x52,0x06,0xff,0x51,0xe6,0xff,0x51,0xe6,0xff,0x51,0xe6,0xff,0x52,0x06,0xff,0x52,
  0x06,0xff,0x49,0xc5,0xff,0x49,0xc5,0xff,0x49,0xc5,0xff,0x41,0x84,0xff,0x39,0x64,
  0xff,0x41,0xa5,0xff,0x41,0xa5,0xff,0x41,0xa5,0xff,0x41,0xa4,0xff,0x31,0x64,0xff,
  0x20,0xe3,0x00,0x29,0x23,0x00,0x29,0x23,0x00,0x28,0xe3,0x00,0x20,0xc2,0x00,0x29,
  0x23,0x00,0x18,0xc2,0x00,0x18,0xc2,0x00,0x00,0x00,0x00,0x18,0xe3,0x00,0x21,0x03,
  0x00,0x18,0xe3,0x00,0x18,0xe3,0x00,0x18,0xe3,0x00,0x18,0xe3,0x00,0x18,0xe3,0x00,
  0x21,0x03,0x00,0x10,0x81,0x00,0x10,0x81,0x00,0x10,0x61,0xff,0x31,0x43,0x00,0x31,
  0x63,0x00,0x39,0x65,0xff,0x4a,0x06,0xff,0x4a,0x06,0xff,0x49,0xe6,0xff,0x52,0x06,
  0xff,0x49,0xe6,0xff,0x52,0x06,0xff,0x52,0x06,0xff,0x52,0x06,0xff,0x52,0x06,0xff,
  0x52,0x06,0xff,0x52,0x06,0xff,0x52,0x06,0xff,0x49,0xe5,0xff,0x51,0xe6,0xff,0x52,
  0x06,0xff,0x52,0x26,0xff,0x49,0xc5,0xff,0x49,0xc5,0xff,0x49,0xc5,0xff,0x49,0xe6,
  0xff,0x49,0xe6,0xff,0x49,0xc5,0xff,0x49,0xc5,0xff,0x49,0xa5,0xff,0x52,0x05,0xff,
  0x41,0xa4,0xff,0x29,0x02,0xff,0x29,0x02,0xff,0x52,0x05,0xff,0x72,0xe8,0xff,0x4a,
  0x05,0xff,0x00,0x21,0xff,0x18,0xc3,0x00,0x18,0xc3,0x00,0x21,0x04,0x00,0x19,0x04,
  0x00,0x21,0x04,0x00,0x21,0x04,0x00,0x21,0x04,0x00,0x21,0x04,0x00,0x19,0x04,0x00,
  0x21,0x04,0x00,0x21,0x04,0x00,0x21,0x04,0x00,0x21,0x04,0x00,0x21,0x04,0x00,0x19,
  0x04,0x00,0x21,0x04,0x00,0x21,0x04,0x00,0x21,0x04,0x00,0x21,0x04,0x00,0x21,0x04,
  0x00,0x21,0x04,0x00,0x21,0x04,0x00,0x21,0x04,0x00,0x21,0x04,0x00,0x21,0x04,0x00,
  0x21,0x04,0x00,0x19,0x04,0x00,0x19,0x04,0x00,0x19,0x04,0x00,0x19,0x04,0x00,0x21,
  0x04,0x00,0x21,0x04,0x00,0x21,0x04,0x00,0x21,0x04,0x00,0x19,0x04,0x00,0x19,0x04,
  0x00,0x19,0x04,0x00,0x19,0x04,0x00,0x19,0x04,0x00,0x19,0x04,0x00,0x19,0x04,0x00,
  0x19,0x04,0x00,0x21,0x04,0x00,0x21,0x04,0x00,0x19,0x03,0x00,0x00,0x20,0x00,0x18,
  0xa2,0x00,0x31,0x44,0x00,0x31,0x23,0x00,0x31,0x23,0x00,0x39,0x64,0xff,0x49,0xc5,
  0xff,0x52,0x06,0xff,0x51,0xe6,0xff,0x51,0xe6,0xff,0x52,0x26,0xff,0x52,0x06,0xff,
  0x52,0x06,0xff,0x41,0x84,0xff,0x41,0x84,0xff,0x31,0x43,0xff,0x31,0x23,0xff,0x31,
  0x23,0xff,0x31,0x23,0xff,0x41,0x84,0xff,0x41,0x84,0xff,0x49,0xe5,0xff,0x41,0xa5,
  0xff,0x29,0x03,0x00,0x29,0x03,0x00,0x29,0x03,0x00,0x28,0xe3,0x00,0x28,0xe3,0x00,
  0x31,0x23,0x00,0x20,0xe2,0x00,0x20,0xe2,0x00,0x08,0x40,0x00,0x10,0xa2,0x00,0x18,
  0xe3,0x00,0x18,0xe3,0x00,0x18,0xe3,0x00,0x18,0xe3,0x00,0x21,0x04,0x00,0x21,0x04,
  0x00,0x21,0x24,0x00,0x18,0xe3,0x00,0x18,0xe3,0x00,0x10,0x82,0x00,0x18,0xc2,0x00,
  0x20,0xc2,0x00,0x20,0xe3,0x00,0x41,0xa5,0xff,0x41,0xa5,0xff,0x49,0xc5,0xff,0x52,
  0x06,0xff,0x52,0x06,0xff,0x52,0x06,0xff,0x52,0x06,0xff,0x52,0x06,0xff,0x52,0x06,
  0xff,0x52,0x06,0xff,0x51,0xe6,0xff,0x51,0xe6,0xff,0x52,0x06,0xff,0x52,0x06,0xff,
  0x49,0xe5,0xff,0x52,0x06,0xff,0x49,0xe5,0xff,0x49,0xe5,0xff,0x52,0x06,0xff,0x49,
  0xc5,0xff,0x39,0x64,0xff,0x41,0xa5,0xff,0x41,0xa5,0xff,0x49,0xe5,0xff,0x51,0xe5,
  0xff,0x49,0xe5,0xff,0x31,0x43,0xff,0x31,0x43,0xff,0x41,0xc5,0xff,0x62,0x46,0xff,
  0x20,0xe2,0x00,0x08,0x41,0xff,0x19,0x03,0x00,0x19,0x03,0x00,0x21,0x24,0x00,0x19,
  0x04,0x00,0x21,0x04,0x00,0x21,0x04,0x00,0x21,0x04,0x00,0x21,0x04,0x00,0x21,0x04,
  0x00,0x21,0x04,0x00,0x21,0x04,0x00,0x21,0x04,0x00,0x21,0x04,0x00,0x21,0x04,0x00,
  0x19,0x04,0x00,0x21,0x04,0x00,0x21,0x04,0x00,0x21,0x04,0x00,0x21,0x04,0x00,0x21,
  0x04,0x00,0x21,0x04,0x00,0x21,0x04,0x00,0x21,0x04,0x00,0x21,0x04,0x00,0x21,0x04,
  0x00,0x21,0x04,0x00,0x19,0x04,0x00,0x19,0x04,0x00,0x19,0x04,0x00,0x19,0x04,0x00,
  0x21,0x04,0x00,0x21,0x04,0x00,0x21,0x04,0x00,0x21,0x04,0x00,0x19,0x04,0x00,0x19,
  0x04,0x00,0x19,0x04,0x00,0x19,0x04,0x00,0x19,0x04,0x00,0x19,0x04,0x00,0x19,0x04,
  0x00,0x19,0x04,0x00,0x21,0x04,0x00,0x21,0x04,0x00,0x19,0x03,0x00,0x00,0x20,0x00,
  0x18,0xa2,0x00,0x31,0x44,0x00,0x31,0x23,0x00,0x31,0x23,0x00,0x39,0x64,0xff,0x49,
  0xc5,0xff,0x52,0x06,0xff,0x51,0xe6,0xff,0x51,0xe6,0xff,0x52,0x26,0xff,0x52,0x06,
  0xff,0x52,0x06,0xff,0x41,0x84,0xff,0x41,0x84,0xff,0x31,0x43,0xff,0x31,0x23,0xff,
  0x31,0x23,0xff,0x31,0x23,0xff,0x41,0x84,0xff,0x41,0x84,0xff,0x49,0xe5,0xff,0x41,
  0xa5,0xff,0x29,0x03,0x00,0x29,0x03,0x00,0x29,0x03,0x00,0x28,0xe3,0x00,0x28,0xe3,
  0x00,0x31,0x23,0x00,0x20,0xe2,0x00,0x20,0xe2,0x00,0x08,0x40,0x00,0x10,0xa2,0x00,
  0x18,0xe3,0x00,0x18,0xe3,0x00,0x18,0xe3,0x00,0x18,0xe3,0x00,0x21,0x04,0x00,0x21,
  0x04,0x00,0x21,0x24,0x00,0x18,0xe3,0x00,0x18,0xe3,0x00,0x10,0x82,0x00,0x18,0xc2,
  0x00,0x20,0xc2,0x00,0x20,0xe3,0x00,0x41,0xa5,0xff,0x41,0xa5,0xff,0x49,0xc5,0xff,
  0x52,0x06,0xff,0x52,0x06,0xff,0x52,0x06,0xff,0x52,0x06,0xff,0x52,0x06,0xff,0x52,
  0x06,0xff,0x52,0x06,0xff,0x51,0xe6,0xff,0x51,0xe6,0xff,0x52,0x06,0xff,0x52,0x06,
  0xff,0x49,0xe5,0xff,0x52,0x06,0xff,0x49,0xe5,0xff,0x49,0xe5,0xff,0x52,0x06,0xff,
  0x49,0xc5,0xff,0x39,0x64,0xff,0x41,0xa5,0xff,0x41,0xa5,0xff,0x49,0xe5,0xff,0x51,
  0xe5,0xff,0x49,0xe5,0xff,0x31,0x43,0xff,0x31,0x43,0xff,0x41,0xc5,0xff,0x62,0x46,
  0xff,0x20,0xe2,0x00,0x08,0x41,0xff,0x19,0x03,0x00,0x19,0x03,0x00,0x21,0x24,0x00,
  0x19,0x04,0x00,0x21,0x04,0x00,0x21,0x04,0x00,0x21,0x04,0x00,0x21,0x04,0x00,0x21,
  0x04,0x00,0x21,0x04,0x00,0x21,0x04,0x00,0x21,0x04,0x00,0x21,0x04,0x00,0x21,0x04,
  0x00,0x19,0x04,0x00,0x21,0x04,0x00,0x21,0x04,0x00,0x21,0x04,0x00,0x21,0x04,0x00,
  0x21,0x04,0x00,0x21,0x04,0x00,0x21,0x04,0x00,0x21,0x04,0x00,0x21,0x04,0x00,0x21,
  0x04,0x00,0x21,0x04,0x00,0x19,0x04,0x00,0x19,0x04,0x00,0x19,0x04,0x00,0x19,0x04,
  0x00,0x21,0x04,0x00,0x21,0x04,0x00,0x21,0x04,0x00,0x21,0x04,0x00,0x21,0x04,0x00,
  0x21,0x04,0x00,0x21,0x04,0x00,0x21,0x04,0x00,0x21,0x04,0x00,0x21,0x04,0x00,0x21,
  0x04,0x00,0x21,0x04,0x00,0x21,0x04,0x00,0x21,0x04,0x00,0x18,0xe3,0x00,0x00,0x00,
  0x00,0x20,0xc2,0x00,0x49,0xe5,0xff,0x39,0x43,0x00,0x39,0x43,0x00,0x31,0x43,0x00,
  0x31,0x43,0x00,0x39,0x84,0xff,0x39,0x64,0xff,0x39,0x64,0xff,0x49,0xe5,0xff,0x49,
  0xc5,0xff,0x39,0x44,0xff,0x31,0x23,0xff,0x31,0x23,0xff,0x31,0x23,0xff,0x29,0x03,
  0xff,0x29,0x23,0xff,0x28,0xe3,0xff,0x31,0x23,0xff,0x31,0x23,0xff,0x39,0x84,0xff,
  0x41,0x84,0xff,0x39,0x64,0xff,0x20,0xe2,0x00,0x20,0xe2,0x00,0x20,0xc2,0x00,0x29,
  0x23,0x00,0x29,0x03,0x00,0x29,0x23,0x00,0x29,0x23,0x00,0x08,0x61,0x00,0x00,0x20,
  0x00,0x18,0xc3,0x00,0x19,0x03,0x00,0x19,0x04,0x00,0x19,0x04,0x00,0x21,0x04,0x00,
  0x21,0x04,0x00,0x21,0x04,0x00,0x21,0x04,0x00,0x21,0x04,0x00,0x18,0xe3,0x00,0x08,
  0x20,0x00,0x10,0x61,0x00,0x29,0x03,0x00,0x29,0x03,0x00,0x29,0x03,0x00,0x31,0x23,
  0x00,0x41,0xc5,0xff,0x4a,0x06,0xff,0x49,0xe6,0xff,0x49,0xe6,0xff,0x49,0xe6,0xff,
  0x52,0x26,0xff,0x49,0xc5,0xff,0x52,0x06,0xff,0x52,0x06,0xff,0x49,0xc5,0xff,0x49,
  0xe5,0xff,0x49,0xc5,0xff,0x49,0xa5,0xff,0x49,0xe5,0xff,0x49,0xe5,0xff,0x4a,0x06,
  0xff,0x31,0x44,0xff,0x28,0xe3,0xff,0x41,0xa5,0xff,0x41,0xa5,0xff,0x51,0xe5,0xff,
  0x49,0xc5,0xff,0x52,0x06,0xff,0x41,0xa4,0xff,0x41,0xa4,0xff,0x29,0x03,0xff,0x52,
  0x26,0xff,0x28,0xe2,0x00,0x18,0xa2,0x00,0x18,0xe3,0x00,0x18,0xe3,0x00,0x18,0xe3,
  0x00,0x21,0x04,0x00,0x21,0x04,0x00,0x21,0x04,0x00,0x21,0x04,0x00,0x21,0x04,0x00,
  0x21,0x04,0x00,0x21,0x04,0x00,0x21,0x04,0x00,0x21,0x04,0x00,0x21,0x04,0x00,0x21,
  0x04,0x00,0x19,0x04,0x00,0x21,0x04,0x00,0x21,0x04,0x00,0x21,0x04,0x00,0x21,0x04,
  0x00,0x21,0x04,0x00,0x21,0x04,0x00,0x21,0x04,0x00,0x21,0x04,0x00,0x19,0x04,0x00,
  0x19,0x04,0x00,0x19,0x04,0x00,0x19,0x04,0x00,0x19,0x04,0x00,0x21,0x04,0x00,0x19,
  0x04,0x00,0x21,0x04,0x00,0x19,0x04,0x00,0x19,0x04,0x00,0x19,0x04,0x00,0x19,0x04,
  0x00,0x21,0x04,0x00,0x21,0x04,0x00,0x19,0x04,0x00,0x19,0x04,0x00,0x19,0x04,0x00,
  0x21,0x04,0x00,0x21,0x04,0x00,0x21,0x04,0x00,0x21,0x04,0x00,0x19,0x04,0x00,0x08,
  0x41,0x00,0x18,0xa2,0x00,0x49,0xc5,0xff,0x49,0xe5,0xff,0x49,0xe5,0xff,0x41,0xa5,
  0xff,0x31,0x23,0x00,0x31,0x43,0x00,0x39,0x84,0xff,0x39,0x84,0xff,0x41,0xa4,0xff,
  0x39,0x64,0xff,0x31,0x23,0xff,0x31,0x23,0xff,0x31,0x23,0xff,0x31,0x44,0xff,0x29,
  0x23,0xff,0x31,0x43,0xff,0x29,0x03,0xff,0x31,0x43,0xff,0x31,0x43,0xff,0x39,0x44,
  0xff,0x41,0xa5,0xff,0x41,0xa5,0xff,0x31,0x23,0x00,0x31,0x23,0x00,0x20,0xe2,0x00,
  0x29,0x23,0x00,0x31,0x23,0x00,0x39,0x64,0x00,0x39,0x64,0x00,0x10,0x61,0x00,0x00,
  0x00,0x00,0x18,0xc3,0x00,0x21,0x04,0x00,0x21,0x04,0x00,0x21,0x04,0x00,0x21,0x04,
  0x00,0x21,0x04,0x00,0x21,0x04,0x00,0x21,0x04,0x00,0x21,0x04,0x00,0x21,0x24,0x00,
  0x10,0xa2,0x00,0x08,0x41,0x00,0x21,0x03,0x00,0x29,0x03,0x00,0x29,0x03,0x00,0x29,
  0x03,0x00,0x31,0x64,0xff,0x39,0x64,0xff,0x49,0xe5,0xff,0x49,0xe5,0xff,0x41,0xa5,
  0xff,0x41,0xa5,0xff,0x49,0xe5,0xff,0x52,0x06,0xff,0x52,0x06,0xff,0x49,0xc5,0xff,
  0x49,0xe5,0xff,0x49,0xc5,0xff,0x49,0xe5,0xff,0x49,0xc5,0xff,0x49,0xc5,0xff,0x41,
  0xa5,0xff,0x29,0x23,0xff,0x31,0x44,0xff,0x49,0xc5,0xff,0x49,0xc5,0xff,0x52,0x06,
  0xff,0x49,0xc5,0xff,0x52,0x06,0xff,0x49,0xc5,0xff,0x49,0xc5,0xff,0x31,0x63,0xff,
  0x41,0xc5,0xff,0x52,0x06,0xff,0x39,0x84,0xff,0x10,0xa2,0x00,0x10,0xa2,0x00,0x18,
  0xc3,0x00,0x21,0x24,0x00,0x21,0x04,0x00,0x21,0x04,0x00,0x21,0x04,0x00,0x21,0x04,
  0x00,0x21,0x04,0x00,0x21,0x04,0x00,0x21,0x04,0x00,0x21,0x04,0x00,0x21,0x04,0x00,
  0x21,0x04,0x00,0x21,0x04,0x00,0x21,0x04,0x00,0x21,0x04,0x00,0x21,0x04,0x00,0x21,
  0x04,0x00,0x21,0x04,0x00,0x21,0x04,0x00,0x21,0x04,0x00,0x21,0x04,0x00,0x19,0x04,
  0x00,0x19,0x04,0x00,0x19,0x04,0x00,0x21,0x04,0x00,0x21,0x04,0x00,0x21,0x04,0x00,
  0x19,0x04,0x00,0x21,0x04,0x00,0x19,0x04,0x00,0x19,0x04,0x00,0x19,0x04,0x00,0x19,
  0x04,0x00,0x21,0x04,0x00,0x19,0x04,0x00,0x19,0x04,0x00,0x19,0x04,0x00,0x21,0x04,
  0x00,0x21,0x04,0x00,0x21,0x04,0x00,0x21,0x04,0x00,0x21,0x04,0x00,0x19,0x04,0x00,
  0x18,0xe3,0x00,0x10,0x82,0x00,0x39,0x43,0xff,0x51,0xe5,0xff,0x51,0xe5,0xff,0x49,
  0xc5,0xff,0x41,0x85,0xff,0x31,0x44,0xff,0x31,0x23,0xff,0x31,0x23,0xff,0x31,0x23,
  0xff,0x31,0x23,0xff,0x31,0x43,0xff,0x29,0x23,0xff,0x29,0x23,0xff,0x29,0x03,0xff,
  0x29,0x03,0xff,0x29,0x03,0xff,0x39,0x84,0xff,0x49,0xc5,0xff,0x49,0xc5,0xff,0x41,
  0xa5,0xff,0x41,0xa4,0xff,0x41,0x84,0xff,0x41,0xa5,0xff,0x41,0xa5,0xff,0x29,0x03,
  0x00,0x20,0xc2,0x00,0x31,0x44,0x00,0x31,0x44,0x00,0x31,0x44,0x00,0x10,0x61,0x00,
  0x00,0x00,0x00,0x18,0xe3,0x00,0x21,0x04,0x00,0x18,0xe4,0x00,0x18,0xe4,0x00,0x21,
  0x04,0x00,0x21,0x04,0x00,0x21,0x04,0x00,0x21,0x04,0x00,0x21,0x04,0x00,0x21,0x04,
  0x00,0x18,0xe4,0x00,0x08,0x61,0x00,0x08,0x61,0x00,0x20,0xe3,0x00,0x20,0xe3,0x00,
  0x29,0x03,0x00,0x20,0xe2,0x00,0x20,0xe3,0x00,0x29,0x23,0x00,0x29,0x23,0x00,0x29,
  0x03,0x00,0x31,0x23,0x00,0x41,0xa5,0xff,0x49,0xe6,0xff,0x49,0xe6,0xff,0x52,0x06,
  0xff,0x49,0xe6,0xff,0x41,0xc5,0xff,0x49,0xe5,0xff,0x39,0x64,0xff,0x39,0x64,0xff,
  0x31,0x23,0xff,0x31,0x43,0xff,0x49,0xe5,0xff,0x49,0xe5,0xff,0x49,0xe5,0xff,0x49,
  0xc5,0xff,0x49,0xe5,0xff,0x49,0xc5,0xff,0x49,0xe5,0xff,0x49,0xe5,0xff,0x39,0x64,
  0xff,0x28,0xe2,0xff,0x5a,0x26,0xff,0x41,0x84,0xff,0x00,0x00,0xff,0x00,0x00,0xff,
  0x08,0x62,0xff,0x21,0x24,0x00,0x21,0x04,0x00,0x21,0x04,0x00,0x21,0x04,0x00,0x21,
  0x04,0x00,0x21,0x04,0x00,0x21,0x04,0x00,0x21,0x04,0x00,0x21,0x04,0x00,0x21,0x04,
  0x00,0x21,0x04,0x00,0x21,0x04,0x00,0x21,0x04,0x00,0x21,0x04,0x00,0x21,0x04,0x00,
  0x21,0x04,0x00,0x21,0x04,0x00,0x21,0x04,0x00,0x21,0x04,0x00,0x21,0x04,0x00,0x19,
  0x04,0x00,0x19,0x04,0x00,0x21,0x04,0x00,0x21,0x04,0x00,0x21,0x04,0x00,0x21,0x04,
  0x00,0x19,0x04,0x00,0x21,0x04,0x00,0x19,0x04,0x00,0x19,0x04,0x00,0x19,0x04,0x00,
  0x19,0x04,0x00,0x21,0x04,0x00,0x21,0x04,0x00,0x21,0x04,0x00,0x21,0x04,0x00,0x21,
  0x04,0x00,0x21,0x04,0x00,0x21,0x04,0x00,0x21,0x04,0x00,0x21,0x04,0x00,0x21,0x04,
  0x00,0x21,0x24,0x00,0x10,0xa2,0x00,0x20,0xc2,0x00,0x49,0xa5,0xff,0x49,0xa5,0xff,
  0x52,0x06,0xff,0x52,0x05,0xff,0x41,0xc5,0xff,0x31,0x44,0xff,0x31,0x44,0xff,0x31,
  0x43,0xff,0x31,0x23,0xff,0x29,0x23,0xff,0x29,0x03,0xff,0x29,0x03,0xff,0x29,0x03,
  0xff,0x39,0x64,0xff,0x41,0xa5,0xff,0x49,0xc5,0xff,0x51,0xe6,0xff,0x51,0xe6,0xff,
  0x49,0xc5,0xff,0x49,0xc5,0xff,0x49,0xc5,0xff,0x4a,0x06,0xff,0x4a,0x06,0xff,0x31,
  0x44,0xff,0x20,0xe2,0x00,0x29,0x23,0x00,0x31,0x44,0x00,0x31,0x44,0x00,0x10,0x81,
  0x00,0x00,0x20,0x00,0x21,0x04,0x00,0x21,0x04,0x00,0x19,0x04,0x00,0x19,0x04,0x00,
  0x21,0x04,0x00,0x21,0x04,0x00,0x21,0x04,0x00,0x21,0x04,0x00,0x21,0x04,0x00,0x21,
  0x04,0x00,0x21,0x24,0x00,0x18,0xe3,0x00,0x08,0x61,0x00,0x29,0x44,0x00,0x29,0x44,
  0x00,0x31,0x64,0x00,0x29,0x24,0x00,0x20,0xe3,0x00,0x29,0x03,0x00,0x29,0x03,0x00,
  0x29,0x03,0x00,0x29,0x23,0x00,0x20,0xc2,0x00,0x41,0xa5,0xff,0x41,0xa5,0xff,0x41,
  0xc5,0xff,0x41,0xa5,0xff,0x39,0x64,0xff,0x39,0x44,0xff,0x31,0x43,0xff,0x31,0x43,
  0xff,0x39,0x84,0xff,0x41,0xc5,0xff,0x49,0xe5,0xff,0x49,0xe5,0xff,0x49,0xe5,0xff,
  0x51,0xe5,0xff,0x49,0xe5,0xff,0x49,0xc5,0xff,0x49,0xe5,0xff,0x49,0xe5,0xff,0x41,
  0xa5,0xff,0x29,0x23,0xff,0x52,0x05,0xff,0x62,0x67,0xff,0x10,0x61,0xff,0x10,0x61,
  0xff,0x10,0xa2,0x00,0x21,0x24,0x00,0x21,0x04,0x00,0x21,0x04,0x00,0x21,0x04,0x00,
  0x21,0x04,0x00,0x21,0x04,0x00,0x21,0x04,0x00,0x21,0x04,0x00,0x21,0x04,0x00,0x21,
  0x04,0x00,0x21,0x04,0x00,0x21,0x04,0x00,0x21,0x04,0x00,0x21,0x04,0x00,0x21,0x04,
  0x00,0x21,0x04,0x00,0x21,0x04,0x00,0x21,0x04,0x00,0x21,0x04,0x00,0x21,0x04,0x00,
  0x19,0x04,0x00,0x19,0x04,0x00,0x21,0x04,0x00,0x21,0x04,0x00,0x21,0x04,0x00,0x21,
  0x04,0x00,0x19,0x04,0x00,0x21,0x04,0x00,0x19,0x04,0x00,0x19,0x04,0x00,0x19,0x04,
  0x00,0x19,0x04,0x00,0x21,0x04,0x00,0x21,0x04,0x00,0x21,0x04,0x00,0x21,0x04,0x00,
  0x21,0x04,0x00,0x21,0x04,0x00,0x21,0x04,0x00,0x21,0x04,0x00,0x21,0x04,0x00,0x21,
  0x04,0x00,0x21,0x24,0x00,0x10,0xa2,0x00,0x20,0xc2,0x00,0x49,0xa5,0xff,0x49,0xa5,
  0xff,0x52,0x06,0xff,0x52,0x05,0xff,0x41,0xc5,0xff,0x31,0x44,0xff,0x31,0x44,0xff,
  0x31,0x43,0xff,0x31,0x23,0xff,0x29,0x23,0xff,0x29,0x03,0xff,0x29,0x03,0xff,0x29,
  0x03,0xff,0x39,0x64,0xff,0x41,0xa5,0xff,0x49,0xc5,0xff,0x51,0xe6,0xff,0x51,0xe6,
  0xff,0x49,0xc5,0xff,0x49,0xc5,0xff,0x49,0xc5,0xff,0x4a,0x06,0xff,0x4a,0x06,0xff,
  0x31,0x44,0xff,0x20,0xe2,0x00,0x29,0x23,0x00,0x31,0x44,0x00,0x31,0x44,0x00,0x10,
  0x81,0x00,0x00,0x20,0x00,0x21,0x04,0x00,0x21,0x04,0x00,0x19,0x04,0x00,0x19,0x04,
  0x00,0x21,0x04,0x00,0x21,0x04,0x00,0x21,0x04,0x00,0x21,0x04,0x00,0x21,0x04,0x00,
  0x21,0x04,0x00,0x21,0x24,0x00,0x18,0xe3,0x00,0x08,0x61,0x00,0x29,0x44,0x00,0x29,
  0x44,0x00,0x31,0x64,0x00,0x29,0x24,0x00,0x20,0xe3,0x00,0x29,0x03,0x00,0x29,0x03,
  0x00,0x29,0x03,0x00,0x29,0x23,0x00,0x20,0xc2,0x00,0x41,0xa5,0xff,0x41,0xa5,0xff,
  0x41,0xc5,0xff,0x41,0xa5,0xff,0x39,0x64,0xff,0x39,0x44,0xff,0x31,0x43,0xff,0x31,
  0x43,0xff,0x39,0x84,0xff,0x41,0xc5,0xff,0x49,0xe5,0xff,0x49,0xe5,0xff,0x49,0xe5,
  0xff,0x51,0xe5,0xff,0x49,0xe5,0xff,0x49,0xc5,0xff,0x49,0xe5,0xff,0x49,0xe5,0xff,
  0x41,0xa5,0xff,0x29,0x23,0xff,0x52,0x05,0xff,0x62,0x67,0xff,0x10,0x61,0xff,0x10,
  0x61,0xff,0x10,0xa2,0x00,0x21,0x24,0x00,0x21,0x04,0x00,0x21,0x04,0x00,0x21,0x04,
  0x00,0x21,0x04,0x00,0x21,0x04,0x00,0x21,0x04,0x00,0x21,0x04,0x00,0x21,0x04,0x00,
  0x21,0x04,0x00,0x21,0x04,0x00,0x21,0x04,0x00,0x21,0x04,0x00,0x21,0x04,0x00,0x21,
  0x04,0x00,0x19,0x04,0x00,0x21,0x04,0x00,0x19,0x04,0x00,0x21,0x04,0x00,0x21,0x04,
  0x00,0x19,0x04,0x00,0x19,0x04,0x00,0x21,0x04,0x00,0x19,0x04,0x00,0x19,0x04,0x00,
  0x21,0x04,0x00,0x19,0x04,0x00,0x21,0x04,0x00,0x21,0x04,0x00,0x19,0x04,0x00,0x19,
  0x04,0x00,0x19,0x04,0x00,0x21,0x04,0x00,0x19,0x04,0x00,0x21,0x04,0x00,0x21,0x04,
  0x00,0x21,0x04,0x00,0x19,0x04,0x00,0x19,0x04,0x00,0x21,0x04,0x00,0x21,0x04,0x00,
  0x21,0x04,0x00,0x21,0x24,0x00,0x08,0x82,0x00,0x10,0x41,0xff,0x41,0x64,0xff,0x41,
  0x64,0xff,0x49,0xc5,0xff,0x52,0x06,0xff,0x49,0xc5,0xff,0x39,0x64,0xff,0x39,0x64,
  0xff,0x31,0x23,0xff,0x28,0xe2,0xff,0x31,0x23,0xff,0x31,0x43,0xff,0x31,0x43,0xff,
  0x41,0x84,0xff,0x49,0xc5,0xff,0x49,0xe5,0xff,0x49,0xa5,0xff,0x49,0xc5,0xff,0x49,
  0xc5,0xff,0x49,0xc5,0xff,0x49,0xa5,0xff,0x41,0x84,0xff,0x49,0xc5,0xff,0x49,0xc5,
  0xff,0x39,0x64,0xff,0x20,0xa2,0x00,0x20,0xe3,0x00,0x31,0x44,0x00,0x31,0x44,0x00,
  0x10,0x61,0x00,0x00,0x00,0x00,0x21,0x04,0x00,0x19,0x04,0x00,0x21,0x04,0x00,0x21,
  0x04,0x00,0x21,0x04,0x00,0x21,0x04,0x00,0x21,0x04,0x00,0x21,0x04,0x00,0x21,0x04,
  0x00,0x21,0x04,0x00,0x21,0x04,0x00,0x18,0xe4,0x00,0x10,0x82,0x00,0x39,0xc5,0x00,
  0x39,0xc5,0x00,0x39,0x85,0x00,0x29,0x03,0x00,0x41,0xa5,0xff,0x39,0x84,0xff,0x39,
  0x84,0xff,0x28,0xe2,0x00,0x28,0xe3,0x00,0x29,0x03,0x00,0x31,0x64,0xff,0x31,0x64,
  0xff,0x31,0x44,0xff,0x31,0x44,0xff,0x31,0x44,0xff,0x31,0x23,0xff,0x31,0x23,0xff,
  0x31,0x23,0xff,0x41,0xa5,0xff,0x49,0xe6,0xff,0x51,0xe6,0xff,0x49,0xc5,0xff,0x49,
  0xc5,0xff,0x51,0xe5,0xff,0x49,0xc5,0xff,0x49,0xe5,0xff,0x49,0xa5,0xff,0x49,0xa5,
  0xff,0x49,0xc5,0xff,0x31,0x44,0xff,0x31,0x23,0xff,0x41,0xa5,0xff,0x28,0xe2,0x00,
  0x28,0xe2,0x00,0x18,0xa2,0x00,0x18,0xc3,0x00,0x21,0x04,0x00,0x21,0x04,0x00,0x21,
  0x04,0x00,0x21,0x04,0x00,0x21,0x04,0x00,0x21,0x04,0x00,0x21,0x04,0x00,0x21,0x04,
  0x00,0x21,0x04,0x00,0x21,0x04,0x00,0x21,0x04,0x00,0x21,0x04,0x00,0x21,0x04,0x00,
  0x21,0x04,0x00,0x21,0x04,0x00,0x21,0x04,0x00,0x21,0x04,0x00,0x21,0x04,0x00,0x21,
  0x04,0x00,0x19,0x04,0x00,0x19,0x04,0x00,0x19,0x04,0x00,0x19,0x04,0x00,0x19,0x04,
  0x00,0x19,0x04,0x00,0x19,0x04,0x00,0x21,0x04,0x00,0x19,0x04,0x00,0x21,0x04,0x00,
  0x21,0x04,0x00,0x21,0x04,0x00,0x21,0x04,0x00,0x21,0x04,0x00,0x21,0x04,0x00,0x21,
  0x04,0x00,0x19,0x04,0x00,0x19,0x04,0x00,0x19,0x04,0x00,0x21,0x04,0x00,0x21,0x04,
  0x00,0x21,0x04,0x00,0x21,0x24,0x00,0x08,0x62,0xff,0x08,0x40,0xff,0x41,0xa4,0xff,
  0x41,0xa4,0xff,0x41,0xa5,0xff,0x41,0xa5,0xff,0x49,0xe5,0xff,0x49,0xe5,0xff,0x49,
  0xe5,0xff,0x49,0xc5,0xff,0x41,0x84,0xff,0x41,0xc5,0xff,0x49,0xe5,0xff,0x49,0xe5,
  0xff,0x52,0x26,0xff,0x49,0xc5,0xff,0x49,0xc5,0xff,0x49,0xc5,0xff,0x49,0xc5,0xff,
  0x49,0xc5,0xff,0x41,0xa5,0xff,0x49,0xc5,0xff,0x49,0xa5,0xff,0x41,0xa5,0xff,0x41,
  0xa5,0xff,0x31,0x44,0xff,0x20,0xc2,0x00,0x29,0x03,0x00,0x31,0x44,0x00,0x31,0x44,
  0x00,0x18,0xc2,0x00,0x08,0x40,0x00,0x21,0x04,0x00,0x21,0x04,0x00,0x21,0x04,0x00,
  0x21,0x04,0x00,0x21,0x04,0x00,0x21,0x04,0x00,0x21,0x04,0x00,0x21,0x04,0x00,0x21,
  0x04,0x00,0x21,0x04,0x00,0x21,0x04,0x00,0x21,0x24,0x00,0x18,0xe3,0x00,0x21,0x03,
  0x00,0x21,0x03,0x00,0x41,0xa5,0x00,0x31,0x23,0x00,0x39,0x64,0xff,0x41,0xa5,0xff,
  0x41,0xa5,0xff,0x31,0x44,0x00,0x31,0x44,0xff,0x49,0xe5,0xff,0x49,0xe6,0xff,0x49,
  0xe6,0xff,0x41,0xa5,0xff,0x41,0xa5,0xff,0x31,0x23,0xff,0x39,0x64,0xff,0x39,0x84,
  0xff,0x39,0x84,0xff,0x49,0xc5,0xff,0x52,0x06,0xff,0x52,0x06,0xff,0x51,0xe6,0xff,
  0x51,0xe6,0xff,0x51,0xe6,0xff,0x49,0xc5,0xff,0x51,0xe5,0xff,0x49,0xc5,0xff,0x49,
  0xc5,0xff,0x49,0xe5,0xff,0x41,0xa5,0xff,0x39,0x64,0xff,0x49,0xc5,0xff,0x72,0xc7,
  0xff,0x72,0xc7,0xff,0x29,0x03,0x00,0x00,0x21,0xff,0x21,0x04,0x00,0x21,0x04,0x00,
  0x21,0x04,0x00,0x21,0x04,0x00,0x21,0x04,0x00,0x21,0x04,0x00,0x21,0x04,0x00,0x21,
  0x04,0x00,0x21,0x04,0x00,0x21,0x04,0x00,0x21,0x04,0x00,0x21,0x04,0x00,0x21,0x04,
  0x00,0x21,0x04,0x00,0x21,0x04,0x00,0x21,0x04,0x00,0x21,0x04,0x00,0x21,0x04,0x00,
  0x21,0x04,0x00,0x19,0x04,0x00,0x19,0x04,0x00,0x19,0x04,0x00,0x19,0x04,0x00,0x19,
  0x04,0x00,0x19,0x04,0x00,0x19,0x04,0x00,0x19,0x04,0x00,0x19,0x04,0x00,0x21,0x04,
  0x00,0x21,0x04,0x00,0x21,0x04,0x00,0x21,0x04,0x00,0x21,0x04,0x00,0x21,0x04,0x00,
  0x21,0x04,0x00,0x21,0x04,0x00,0x19,0x04,0x00,0x21,0x04,0x00,0x21,0x04,0x00,0x21,
  0x04,0x00,0x21,0x04,0x00,0x21,0x04,0x00,0x10,0xa2,0x00,0x08,0x20,0xff,0x31,0x43,
  0x00,0x31,0x43,0x00,0x39,0x84,0xff,0x31,0x24,0x00,0x41,0xa5,0xff,0x41,0xa5,0xff,
  0x41,0xa5,0xff,0x49,0xe5,0xff,0x52,0x06,0xff,0x52,0x26,0xff,0x51,0xe6,0xff,0x51,
  0xe6,0xff,0x49,0xc5,0xff,0x49,0xe5,0xff,0x49,0xc5,0xff,0x41,0xa5,0xff,0x41,0xa5,
  0xff,0x41,0xa5,0xff,0x41,0xa5,0xff,0x41,0xa5,0xff,0x41,0xa5,0xff,0x31,0x44,0x00,
  0x31,0x44,0x00,0x20,0xe2,0x00,0x20,0xc2,0x00,0x29,0x03,0x00,0x29,0x03,0x00,0x29,
  0x03,0x00,0x31,0x44,0x00,0x08,0x41,0x00,0x18,0xc3,0x00,0x21,0x04,0x00,0x21,0x04,
  0x00,0x21,0x04,0x00,0x21,0x04,0x00,0x21,0x04,0x00,0x21,0x04,0x00,0x21,0x04,0x00,
  0x21,0x04,0x00,0x21,0x04,0x00,0x21,0x04,0x00,0x21,0x24,0x00,0x21,0x25,0x00,0x08,
  0x21,0x00,0x08,0x21,0x00,0x29,0x23,0x00,0x49,0xe5,0xff,0x31,0x03,0xff,0x31,0x44,
  0xff,0x31,0x44,0xff,0x31,0x44,0x00,0x31,0x23,0x00,0x41,0xc5,0xff,0x52,0x06,0xff,
  0x52,0x06,0xff,0x52,0x06,0xff,0x49,0xe6,0xff,0x41,0xa5,0xff,0x41,0xa5,0xff,0x41,
  0xa5,0xff,0x41,0xa5,0xff,0x49,0xa5,0xff,0x49,0xc5,0xff,0x52,0x06,0xff,0x52,0x06,
  0xff,0x52,0x06,0xff,0x49,0xe5,0xff,0x49,0xc5,0xff,0x49,0xe5,0xff,0x49,0xe5,0xff,
  0x49,0xe5,0xff,0x49,0xc5,0xff,0x39,0x64,0xff,0x29,0x03,0xff,0x5a,0x46,0xff,0x72,
  0xc7,0xff,0x72,0xc7,0xff,0x10,0x61,0xff,0x00,0x00,0xff,0x18,0xe3,0x00,0x21,0x04,
  0x00,0x21,0x04,0x00,0x21,0x04,0x00,0x21,0x04,0x00,0x21,0x04,0x00,0x21,0x04,0x00,
  0x21,0x04,0x00,0x21,0x04,0x00,0x21,0x04,0x00,0x21,0x04,0x00,0x21,0x04,0x00,0x21,
  0x04,0x00,0x21,0x04,0x00,0x21,0x04,0x00,0x21,0x04,0x00,0x21,0x04,0x00,0x21,0x04,
  0x00,0x21,0x04,0x00,0x19,0x04,0x00,0x21,0x04,0x00,0x21,0x04,0x00,0x21,0x04,0x00,
  0x21,0x04,0x00,0x21,0x04,0x00,0x19,0x04,0x00,0x21,0x04,0x00,0x19,0x04,0x00,0x21,
  0x04,0x00,0x21,0x04,0x00,0x21,0x04,0x00,0x21,0x04,0x00,0x21,0x04,0x00,0x21,0x04,
  0x00,0x21,0x04,0x00,0x21,0x04,0x00,0x21,0x04,0x00,0x21,0x04,0x00,0x21,0x04,0x00,
  0x21,0x04,0x00,0x21,0x04,0x00,0x21,0x04,0x00,0x19,0x04,0x00,0x10,0x82,0x00,0x18,
  0xa2,0x00,0x18,0xa2,0x00,0x31,0x23,0x00,0x31,0x44,0x00,0x41,0xe5,0xff,0x41,0xa4,
  0xff,0x41,0xa4,0xff,0x49,0xc5,0xff,0x49,0xe5,0xff,0x52,0x06,0xff,0x52,0x26,0xff,
  0x52,0x26,0xff,0x52,0x26,0xff,0x52,0x06,0xff,0x52,0x06,0xff,0x41,0xa5,0xff,0x41,
  0xa5,0xff,0x41,0xa5,0xff,0x49,0xe5,0xff,0x49,0xc5,0xff,0x39,0x64,0xff,0x29,0x23,
  0x00,0x29,0x23,0x00,0x20,0xa2,0x00,0x20,0xe2,0x00,0x29,0x03,0x00,0x29,0x23,0x00,
  0x29,0x23,0x00,0x39,0x84,0x00,0x08,0x41,0x00,0x10,0x82,0x00,0x21,0x04,0x00,0x21,
  0x04,0x00,0x21,0x04,0x00,0x21,0x04,0x00,0x21,0x04,0x00,0x21,0x04,0x00,0x21,0x04,
  0x00,0x21,0x04,0x00,0x21,0x04,0x00,0x21,0x04,0x00,0x21,0x24,0x00,0x21,0x44,0x00,
  0x18,0xc3,0x00,0x18,0xc3,0x00,0x10,0x61,0x00,0x39,0x84,0xff,0x41,0xc5,0xff,0x41,
  0xc5,0xff,0x41,0xc5,0xff,0x31,0x44,0xff,0x31,0x44,0x00,0x28,0xe3,0x00,0x39,0x64,
  0xff,0x39,0x64,0xff,0x49,0xc5,0xff,0x49,0xc5,0xff,0x49,0xe5,0xff,0x49,0xe6,0xff,
  0x49,0xc5,0xff,0x49,0xc5,0xff,0x52,0x06,0xff,0x49,0xe5,0xff,0x52,0x06,0xff,0x52,
  0x06,0xff,0x52,0x06,0xff,0x52,0x06,0xff,0x52,0x06,0xff,0x51,0xe5,0xff,0x49,0xc5,
  0xff,0x49,0xc5,0xff,0x49,0xe5,0xff,0x39,0x64,0xff,0x29,0x03,0xff,0x39,0x85,0xff,
  0x41,0x85,0xff,0x41,0x85,0xff,0x08,0x20,0xff,0x08,0x41,0xff,0x18,0xe3,0x00,0x21,
  0x24,0x00,0x21,0x24,0x00,0x21,0x04,0x00,0x21,0x04,0x00,0x21,0x04,0x00,0x21,0x04,
  0x00,0x21,0x04,0x00,0x21,0x04,0x00,0x21,0x04,0x00,0x21,0x04,0x00,0x21,0x04,0x00,
  0x21,0x04,0x00,0x21,0x04,0x00,0x21,0x04,0x00,0x21,0x04,0x00,0x21,0x04,0x00,0x21,
  0x04,0x00,0x21,0x04,0x00,0x21,0x04,0x00,0x21,0x04,0x00,0x21,0x04,0x00,0x21,0x04,
  0x00,0x21,0x04,0x00,0x21,0x04,0x00,0x21,0x04,0x00,0x21,0x04,0x00,0x19,0x04,0x00,
  0x21,0x04,0x00,0x21,0x04,0x00,0x21,0x04,0x00,0x21,0x04,0x00,0x21,0x04,0x00,0x21,
  0x04,0x00,0x21,0x04,0x00,0x21,0x04,0x00,0x21,0x04,0x00,0x21,0x04,0x00,0x21,0x04,
  0x00,0x21,0x04,0x00,0x21,0x04,0x00,0x21,0x04,0x00,0x21,0x24,0x00,0x10,0xc2,0x00,
  0x08,0x20,0x00,0x08,0x20,0x00,0x29,0x03,0x00,0x39,0x64,0xff,0x39,0x44,0xff,0x39,
  0x84,0xff,0x39,0x84,0xff,0x31,0x43,0x00,0x28,0xe2,0x00,0x31,0x43,0x00,0x49,0xe5,
  0xff,0x49,0xe5,0xff,0x52,0x06,0xff,0x49,0xc5,0xff,0x41,0xa5,0xff,0x41,0xa5,0xff,
  0x49,0xc5,0xff,0x49,0xc5,0xff,0x49,0xc5,0xff,0x41,0xc5,0xff,0x31,0x23,0x00,0x29,
  0x23,0x00,0x29,0x23,0x00,0x20,0xe3,0x00,0x20,0xc2,0x00,0x18,0xa2,0x00,0x29,0x23,
  0x00,0x29,0x23,0x00,0x29,0x24,0x00,0x00,0x20,0x00,0x08,0x61,0x00,0x21,0x04,0x00,
  0x19,0x04,0x00,0x19,0x04,0x00,0x21,0x04,0x00,0x21,0x04,0x00,0x21,0x04,0x00,0x21,
  0x04,0x00,0x21,0x04,0x00,0x21,0x04,0x00,0x21,0x24,0x00,0x21,0x04,0x00,0x21,0x04,
  0x00,0x29,0x45,0x00,0x29,0x45,0x00,0x10,0x62,0x00,0x18,0xc2,0x00,0x41,0xa5,0xff,
  0x41,0xa5,0xff,0x41,0xa5,0xff,0x49,0xe5,0xff,0x41,0xa5,0xff,0x31,0x44,0xff,0x31,
  0x43,0xff,0x31,0x43,0xff,0x28,0xe2,0xff,0x39,0x64,0xff,0x52,0x26,0xff,0x52,0x06,
  0xff,0x49,0xc5,0xff,0x49,0xc5,0xff,0x51,0xe6,0xff,0x51,0xe6,0xff,0x51,0xe5,0xff,
  0x49,0xe5,0xff,0x49,0xe5,0xff,0x52,0x06,0xff,0x52,0x06,0xff,0x52,0x06,0xff,0x49,
  0xc5,0xff,0x49,0xc5,0xff,0x39,0x84,0xff,0x31,0x43,0xff,0x29,0x03,0xff,0x29,0x03,
  0xff,0x49,0xc5,0xff,0x49,0xc5,0xff,0x49,0xa4,0xff,0x20,0xe2,0xff,0x08,0x62,0xff,
  0x21,0x04,0x00,0x21,0x04,0x00,0x21,0x04,0x00,0x21,0x04,0x00,0x21,0x04,0x00,0x21,
  0x04,0x00,0x21,0x04,0x00,0x21,0x04,0x00,0x21,0x04,0x00,0x21,0x04,0x00,0x21,0x04,
  0x00,0x21,0x04,0x00,0x21,0x04,0x00,0x21,0x04,0x00,0x21,0x04,0x00,0x21,0x04,0x00,
  0x21,0x04,0x00,0x21,0x04,0x00,0x21,0x04,0x00,0x21,0x04,0x00,0x21,0x04,0x00,0x21,
  0x04,0x00,0x21,0x04,0x00,0x21,0x04,0x00,0x21,0x04,0x00,0x21,0x04,0x00,0x19,0x04,
  0x00,0x21,0x04,0x00,0x21,0x04,0x00,0x21,0x04,0x00,0x21,0x04,0x00,0x21,0x04,0x00,
  0x21,0x04,0x00,0x21,0x04,0x00,0x21,0x04,0x00,0x21,0x04,0x00,0x21,0x04,0x00,0x21,
  0x04,0x00,0x21,0x04,0x00,0x21,0x04,0x00,0x21,0x04,0x00,0x21,0x24,0x00,0x10,0xc2,
  0x00,0x08,0x20,0x00,0x08,0x20,0x00,0x29,0x03,0x00,0x39,0x64,0xff,0x39,0x44,0xff,
  0x39,0x84,0xff,0x39,0x84,0xff,0x31,0x43,0x00,0x28,0xe2,0x00,0x31,0x43,0x00,0x49,
  0xe5,0xff,0x49,0xe5,0xff,0x52,0x06,0xff,0x49,0xc5,0xff,0x41,0xa5,0xff,0x41,0xa5,
  0xff,0x49,0xc5,0xff,0x49,0xc5,0xff,0x49,0xc5,0xff,0x41,0xc5,0xff,0x31,0x23,0x00,
  0x29,0x23,0x00,0x29,0x23,0x00,0x20,0xe3,0x00,0x20,0xc2,0x00,0x18,0xa2,0x00,0x29,
  0x23,0x00,0x29,0x23,0x00,0x29,0x24,0x00,0x00,0x20,0x00,0x08,0x61,0x00,0x21,0x04,
  0x00,0x19,0x04,0x00,0x19,0x04,0x00,0x21,0x04,0x00,0x21,0x04,0x00,0x21,0x04,0x00,
  0x21,0x04,0x00,0x21,0x04,0x00,0x21,0x04,0x00,0x21,0x24,0x00,0x21,0x04,0x00,0x21,
  0x04,0x00,0x29,0x45,0x00,0x29,0x45,0x00,0x10,0x62,0x00,0x18,0xc2,0x00,0x41,0xa5,
  0xff,0x41,0xa5,0xff,0x41,0xa5,0xff,0x49,0xe5,0xff,0x41,0xa5,0xff,0x31,0x44,0xff,
  0x31,0x43,0xff,0x31,0x43,0xff,0x28,0xe2,0xff,0x39,0x64,0xff,0x52,0x26,0xff,0x52,
  0x06,0xff,0x49,0xc5,0xff,0x49,0xc5,0xff,0x51,0xe6,0xff,0x51,0xe6,0xff,0x51,0xe5,
  0xff,0x49,0xe5,0xff,0x49,0xe5,0xff,0x52,0x06,0xff,0x52,0x06,0xff,0x52,0x06,0xff,
  0x49,0xc5,0xff,0x49,0xc5,0xff,0x39,0x84,0xff,0x31,0x43,0xff,0x29,0x03,0xff,0x29,
  0x03,0xff,0x49,0xc5,0xff,0x49,0xc5,0xff,0x49,0xa4,0xff,0x20,0xe2,0xff,0x08,0x62,
  0xff,0x21,0x04,0x00,0x21,0x04,0x00,0x21,0x04,0x00,0x21,0x04,0x00,0x21,0x04,0x00,
  0x21,0x04,0x00,0x21,0x04,0x00,0x21,0x04,0x00,0x21,0x04,0x00,0x21,0x04,0x00,0x21,
  0x04,0x00,0x21,0x04,0x00,0x21,0x04,0x00,0x21,0x04,0x00,0x21,0x04,0x00,0x21,0x04,
  0x00,0x21,0x04,0x00,0x21,0x04,0x00,0x21,0x04,0x00,0x21,0x04,0x00,0x21,0x04,0x00,
  0x21,0x04,0x00,0x21,0x04,0x00,0x21,0x04,0x00,0x21,0x04,0x00,0x21,0x04,0x00,0x19,
  0x04,0x00,0x19,0x04,0x00,0x19,0x04,0x00,0x21,0x04,0x00,0x21,0x04,0x00,0x21,0x04,
  0x00,0x21,0x04,0x00,0x21,0x04,0x00,0x21,0x04,0x00,0x21,0x04,0x00,0x21,0x04,0x00,
  0x21,0x04,0x00,0x21,0x04,0x00,0x21,0x04,0x00,0x21,0x04,0x00,0x21,0x24,0x00,0x18,
  0xe3,0x00,0x00,0x20,0x00,0x00,0x20,0x00,0x29,0x23,0x00,0x41,0xc5,0xff,0x39,0x84,
  0xff,0x39,0x44,0xff,0x39,0x44,0xff,0x39,0x64,0xff,0x31,0x43,0x00,0x31,0x23,0x00,
  0x31,0x44,0x00,0x31,0x44,0x00,0x4a,0x05,0xff,0x41,0xa5,0xff,0x41,0xa5,0xff,0x41,
  0x84,0xff,0x52,0x06,0xff,0x52,0x06,0xff,0x41,0xa5,0xff,0x39,0x44,0xff,0x31,0x23,
  0x00,0x31,0x64,0x00,0x31,0x64,0x00,0x29,0x23,0x00,0x20,0xe2,0x00,0x20,0xc2,0x00,
  0x31,0x44,0x00,0x31,0x44,0x00,0x31,0x44,0x00,0x00,0x20,0x00,0x08,0x61,0x00,0x21,
  0x24,0x00,0x21,0x04,0x00,0x21,0x04,0x00,0x21,0x04,0x00,0x21,0x04,0x00,0x21,0x04,
  0x00,0x21,0x04,0x00,0x21,0x04,0x00,0x21,0x04,0x00,0x21,0x04,0x00,0x21,0x24,0x00,
  0x21,0x04,0x00,0x21,0x24,0x00,0x21,0x24,0x00,0x18,0xe3,0x00,0x18,0xc2,0x00,0x28,
  0xe2,0x00,0x31,0x03,0x00,0x31,0x03,0x00,0x41,0xa5,0xff,0x49,0xc5,0xff,0x49,0xe5,
  0xff,0x49,0xe6,0xff,0x49,0xe6,0xff,0x31,0x44,0xff,0x29,0x23,0xff,0x39,0x84,0xff,
  0x5a,0x26,0xff,0x5a,0x46,0xff,0x5a,0x46,0xff,0x5a,0x26,0xff,0x52,0x06,0xff,0x5a,
  0x26,0xff,0x52,0x26,0xff,0x52,0x26,0xff,0x5a,0x26,0xff,0x51,0xe6,0xff,0x49,0xe5,
  0xff,0x41,0xa4,0xff,0x41,0xa4,0xff,0x39,0x64,0xff,0x39,0x84,0xff,0x39,0x84,0xff,
  0x31,0x64,0xff,0x49,0xc5,0xff,0x49,0xc5,0xff,0x72,0xc8,0xff,0x31,0x23,0xff,0x00,
  0x20,0xff,0x20,0xe3,0x00,0x20,0xe3,0x00,0x21,0x04,0x00,0x21,0x04,0x00,0x21,0x04,
  0x00,0x21,0x04,0x00,0x21,0x04,0x00,0x21,0x04,0x00,0x21,0x04,0x00,0x21,0x04,0x00,
  0x21,0x04,0x00,0x21,0x04,0x00,0x21,0x04,0x00,0x21,0x04,0x00,0x21,0x04,0x00,0x21,
  0x04,0x00,0x21,0x04,0x00,0x21,0x04,0x00,0x21,0x04,0x00,0x21,0x04,0x00,0x21,0x04,
  0x00,0x21,0x04,0x00,0x21,0x04,0x00,0x21,0x04,0x00,0x21,0x04,0x00,0x21,0x04,0x00,
  0x21,0x04,0x00,0x19,0x04,0x00,0x19,0x04,0x00,0x19,0x04,0x00,0x21,0x04,0x00,0x21,
  0x04,0x00,0x21,0x04,0x00,0x21,0x04,0x00,0x21,0x04,0x00,0x21,0x04,0x00,0x21,0x04,
  0x00,0x21,0x04,0x00,0x21,0x04,0x00,0x21,0x04,0x00,0x21,0x04,0x00,0x21,0x04,0x00,
  0x18,0xc3,0x00,0x00,0x20,0x00,0x00,0x20,0x00,0x18,0xa2,0x00,0x29,0x44,0x00,0x29,
  0x03,0x00,0x20,0xc2,0x00,0x20,0xc2,0x00,0x29,0x23,0x00,0x29,0x23,0x00,0x31,0x64,
  0x00,0x31,0x44,0x00,0x31,0x44,0x00,0x31,0x64,0xff,0x29,0x03,0x00,0x28,0xe3,0x00,
  0x31,0x23,0x00,0x39,0x84,0xff,0x39,0x84,0xff,0x31,0x43,0x00,0x29,0x03,0x00,0x29,
  0x23,0x00,0x31,0x44,0x00,0x31,0x44,0x00,0x29,0x23,0x00,0x20,0xe3,0x00,0x20,0xc2,
  0x00,0x29,0x03,0x00,0x29,0x03,0x00,0x31,0x24,0x00,0x00,0x20,0x00,0x08,0x41,0x00,
  0x21,0x04,0x00,0x21,0x04,0x00,0x21,0x04,0x00,0x21,0x04,0x00,0x21,0x04,0x00,0x21,
  0x04,0x00,0x21,0x04,0x00,0x21,0x04,0x00,0x21,0x04,0x00,0x21,0x24,0x00,0x21,0x24,
  0x00,0x21,0x04,0x00,0x21,0x24,0x00,0x21,0x24,0x00,0x10,0xa2,0x00,0x08,0x20,0x00,
  0x20,0xe2,0x00,0x31,0x23,0x00,0x31,0x23,0x00,0x28,0xc2,0x00,0x39,0x85,0xff,0x41,
  0xc5,0xff,0x49,0xc5,0xff,0x49,0xc5,0xff,0x52,0x06,0xff,0x41,0xa5,0xff,0x31,0x23,
  0xff,0x49,0xe5,0xff,0x5a,0x26,0xff,0x5a,0x26,0xff,0x52,0x06,0xff,0x49,0xc5,0xff,
  0x49,0xc5,0xff,0x49,0xe5,0xff,0x49,0xe5,0xff,0x49,0xc5,0xff,0x41,0xa5,0xff,0x39,
  0x64,0xff,0x39,0x43,0xff,0x39,0x43,0xff,0x39,0x84,0xff,0x39,0x64,0xff,0x39,0xa4,
  0xff,0x29,0x23,0x00,0x28,0xe3,0x00,0x28,0xe3,0x00,0x62,0x46,0xff,0x28,0xe2,0xff,
  0x00,0x00,0xff,0x10,0x82,0x00,0x10,0x82,0x00,0x21,0x24,0x00,0x21,0x04,0x00,0x21,
  0x04,0x00,0x21,0x04,0x00,0x21,0x04,0x00,0x21,0x04,0x00,0x21,0x04,0x00,0x21,0x04,
  0x00,0x21,0x04,0x00,0x21,0x04,0x00,0x21,0x04,0x00,0x21,0x04,0x00,0x21,0x04,0x00,
  0x21,0x04,0x00,0x21,0x04,0x00,0x21,0x04,0x00,0x21,0x04,0x00,0x21,0x04,0x00,0x21,
  0x04,0x00,0x21,0x04,0x00,0x21,0x04,0x00,0x21,0x04,0x00,0x21,0x04,0x00,0x21,0x04,
  0x00,0x21,0x04,0x00,0x21,0x04,0x00,0x21,0x04,0x00,0x19,0x04,0x00,0x21,0x04,0x00,
  0x21,0x04,0x00,0x21,0x04,0x00,0x21,0x04,0x00,0x21,0x04,0x00,0x21,0x04,0x00,0x21,
  0x04,0x00,0x21,0x04,0x00,0x21,0x04,0x00,0x21,0x04,0x00,0x21,0x04,0x00,0x18,0xc3,
  0x00,0x10,0x81,0x00,0x18,0xa1,0x00,0x18,0xa1,0x00,0x18,0x81,0x00,0x08,0x20,0x00,
  0x10,0x40,0x00,0x18,0x81,0x00,0x18,0x81,0x00,0x18,0xa2,0x00,0x18,0x81,0x00,0x18,
  0xa1,0x00,0x10,0x41,0xff,0x10,0x41,0xff,0x10,0x61,0xff,0x10,0x61,0x00,0x18,0xc2,
  0x00,0x31,0x64,0x00,0x29,0x03,0x00,0x29,0x03,0x00,0x20,0xe2,0x00,0x31,0x23,0x00,
  0x31,0x64,0x00,0x31,0x44,0x00,0x31,0x44,0x00,0x29,0x03,0x00,0x29,0x23,0x00,0x20,
  0xe3,0x00,0x29,0x23,0x00,0x29,0x23,0x00,0x29,0x23,0x00,0x10,0x81,0x00,0x18,0xa2,
  0x00,0x18,0xe3,0x00,0x21,0x04,0x00,0x21,0x04,0x00,0x21,0x04,0x00,0x21,0x04,0x00,
  0x21,0x04,0x00,0x21,0x04,0x00,0x21,0x04,0x00,0x21,0x04,0x00,0x21,0x04,0x00,0x21,
  0x24,0x00,0x21,0x04,0x00,0x21,0x04,0x00,0x21,0x04,0x00,0x18,0xe3,0x00,0x08,0x41,
  0x00,0x18,0xa1,0x00,0x31,0x23,0x00,0x31,0x23,0x00,0x29,0x03,0x00,0x29,0x23,0x00,
  0x31,0x44,0xff,0x39,0x64,0xff,0x39,0x64,0xff,0x41,0xa5,0xff,0x41,0xa5,0xff,0x41,
  0xa4,0xff,0x41,0xa4,0xff,0x41,0x84,0xff,0x41,0x84,0xff,0x39,0x64,0xff,0x31,0x23,
  0xff,0x31,0x43,0xff,0x31,0x23,0xff,0x31,0x23,0xff,0x31,0x23,0xff,0x31,0x43,0xff,
  0x39,0x64,0xff,0x39,0x84,0xff,0x39,0x84,0xff,0x41,0xa4,0xff,0x31,0x44,0xff,0x31,
  0x44,0x00,0x29,0x23,0x00,0x29,0x03,0x00,0x29,0x03,0x00,0x52,0x26,0xff,0x41,0xa5,
  0xff,0x00,0x00,0xff,0x10,0x82,0x00,0x10,0x82,0x00,0x21,0x04,0x00,0x21,0x04,0x00,
  0x21,0x04,0x00,0x21,0x04,0x00,0x21,0x04,0x00,0x21,0x04,0x00,0x21,0x04,0x00,0x21,
  0x04,0x00,0x21,0x04,0x00,0x21,0x04,0x00,0x21,0x04,0x00,0x21,0x04,0x00,0x21,0x04,
  0x00,0x21,0x04,0x00,0x21,0x04,0x00,0x21,0x04,0x00,0x21,0x04,0x00,0x21,0x04,0x00,
  0x21,0x04,0x00,0x21,0x04,0x00,0x21,0x04,0x00,0x21,0x04,0x00,0x21,0x04,0x00,0x21,
  0x04,0x00,0x21,0x04,0x00,0x21,0x04,0x00,0x21,0x04,0x00,0x19,0x04,0x00,0x19,0x04,
  0x00,0x21,0x04,0x00,0x21,0x04,0x00,0x21,0x04,0x00,0x21,0x04,0x00,0x21,0x04,0x00,
  0x21,0x04,0x00,0x21,0x04,0x00,0x21,0x04,0x00,0x21,0x04,0x00,0x19,0x04,0x00,0x08,
  0x62,0x00,0x08,0x61,0x00,0x39,0x84,0x00,0x39,0x84,0x00,0x41,0xc5,0x00,0x39,0x64,
  0x00,0x39,0x64,0x00,0x39,0x64,0x00,0x39,0x64,0x00,0x41,0xc5,0x00,0x49,0xe5,0x00,
  0x41,0xa5,0x00,0x31,0x43,0x00,0x31,0x43,0x00,0x29,0x03,0x00,0x10,0x81,0x00,0x18,
  0x81,0x00,0x20,0xc2,0x00,0x29,0x23,0x00,0x29,0x23,0x00,0x20,0xe3,0x00,0x20,0xe2,
  0x00,0x31,0x44,0x00,0x31,0x44,0x00,0x31,0x44,0x00,0x29,0x23,0x00,0x29,0x23,0x00,
  0x29,0x03,0x00,0x28,0xe3,0x00,0x28,0xe3,0x00,0x29,0x23,0x00,0x31,0x44,0x00,0x20,
  0xe3,0x00,0x08,0x61,0x00,0x21,0x04,0x00,0x21,0x04,0x00,0x21,0x04,0x00,0x21,0x04,
  0x00,0x21,0x04,0x00,0x21,0x04,0x00,0x21,0x04,0x00,0x21,0x04,0x00,0x21,0x04,0x00,
  0x21,0x04,0x00,0x21,0x04,0x00,0x18,0xe4,0x00,0x18,0xe4,0x00,0x21,0x04,0x00,0x18,
  0xc3,0x00,0x00,0x00,0x00,0x20,0xc2,0x00,0x20,0xc2,0x00,0x31,0x43,0x00,0x29,0x03,
  0x00,0x28,0xe3,0x00,0x31,0x44,0x00,0x31,0x44,0x00,0x31,0x23,0x00,0x31,0x44,0xff,
  0x39,0x64,0xff,0x41,0x64,0xff,0x39,0x64,0xff,0x39,0x64,0xff,0x41,0xa4,0xff,0x39,
  0x64,0xff,0x31,0x44,0xff,0x31,0x23,0xff,0x31,0x23,0xff,0x39,0x64,0xff,0x31,0x23,
  0xff,0x39,0x44,0xff,0x39,0x84,0xff,0x39,0x84,0xff,0x39,0x64,0xff,0x39,0x64,0xff,
  0x41,0x84,0xff,0x31,0x44,0x00,0x29,0x23,0x00,0x29,0x23,0x00,0x39,0x64,0xff,0x49,
  0xe5,0xff,0x41,0xa5,0xff,0x39,0x64,0xff,0x39,0x64,0xff,0x08,0x41,0xff,0x18,0xe3,
  0x00,0x21,0x24,0x00,0x21,0x04,0x00,0x21,0x04,0x00,0x21,0x04,0x00,0x21,0x04,0x00,
  0x21,0x04,0x00,0x21,0x04,0x00,0x21,0x04,0x00,0x21,0x04,0x00,0x21,0x04,0x00,0x21,
  0x04,0x00,0x21,0x04,0x00,0x21,0x04,0x00,0x21,0x04,0x00,0x21,0x04,0x00,0x21,0x04,
  0x00,0x21,0x04,0x00,0x21,0x04,0x00,0x21,0x04,0x00,0x21,0x04,0x00,0x21,0x04,0x00,
  0x21,0x04,0x00,0x21,0x04,0x00,0x21,0x04,0x00,0x21,0x04,0x00,0x19,0x04,0x00,0x19,
  0x04,0x00,0x21,0x04,0x00,0x21,0x04,0x00,0x21,0x04,0x00,0x21,0x04,0x00,0x21,0x04,
  0x00,0x21,0x04,0x00,0x21,0x04,0x00,0x21,0x04,0x00,0x21,0x04,0x00,0x19,0x04,0x00,
  0x08,0x62,0x00,0x08,0x61,0x00,0x39,0x84,0x00,0x39,0x84,0x00,0x41,0xc5,0x00,0x39,
  0x64,0x00,0x39,0x64,0x00,0x39,0x64,0x00,0x39,0x64,0x00,0x41,0xc5,0x00,0x49,0xe5,
  0x00,0x41,0xa5,0x00,0x31,0x43,0x00,0x31,0x43,0x00,0x29,0x03,0x00,0x10,0x81,0x00,
  0x18,0x81,0x00,0x20,0xc2,0x00,0x29,0x23,0x00,0x29,0x23,0x00,0x20,0xe3,0x00,0x20,
  0xe2,0x00,0x31,0x44,0x00,0x31,0x44,0x00,0x31,0x44,0x00,0x29,0x23,0x00,0x29,0x23,
  0x00,0x29,0x03,0x00,0x28,0xe3,0x00,0x28,0xe3,0x00,0x29,0x23,0x00,0x31,0x44,0x00,
  0x20,0xe3,0x00,0x08,0x61,0x00,0x21,0x04,0x00,0x21,0x04,0x00,0x21,0x04,0x00,0x21,
  0x04,0x00,0x21,0x04,0x00,0x21,0x04,0x00,0x21,0x04,0x00,0x21,0x04,0x00,0x21,0x04,
  0x00,0x21,0x04,0x00,0x21,0x04,0x00,0x18,0xe4,0x00,0x18,0xe4,0x00,0x21,0x04,0x00,
  0x18,0xc3,0x00,0x00,0x00,0x00,0x20,0xc2,0x00,0x20,0xc2,0x00,0x31,0x43,0x00,0x29,
  0x03,0x00,0x28,0xe3,0x00,0x31,0x44,0x00,0x31,0x44,0x00,0x31,0x23,0x00,0x31,0x44,
  0xff,0x39,0x64,0xff,0x41,0x64,0xff,0x39,0x64,0xff,0x39,0x64,0xff,0x41,0xa4,0xff,
  0x39,0x64,0xff,0x31,0x44,0xff,0x31,0x23,0xff,0x31,0x23,0xff,0x39,0x64,0xff,0x31,
  0x23,0xff,0x39,0x44,0xff,0x39,0x84,0xff,0x39,0x84,0xff,0x39,0x64,0xff,0x39,0x64,
  0xff,0x41,0x84,0xff,0x31,0x44,0x00,0x29,0x23,0x00,0x29,0x23,0x00,0x39,0x64,0xff,
  0x49,0xe5,0xff,0x41,0xa5,0xff,0x39,0x64,0xff,0x39,0x64,0xff,0x08,0x41,0xff,0x18,
  0xe3,0x00,0x21,0x24,0x00,0x21,0x04,0x00,0x21,0x04,0x00,0x21,0x04,0x00,0x21,0x04,
  0x00,0x21,0x04,0x00,0x21,0x04,0x00,0x21,0x04,0x00,0x21,0x04,0x00,0x21,0x04,0x00,
  0x21,0x04,0x00,0x21,0x04,0x00,0x21,0x04,0x00,0x21,0x04,0x00,0x21,0x04,0x00,0x21,
  0x04,0x00,0x21,0x04,0x00,0x21,0x04,0x00,0x21,0x04,0x00,0x21,0x04,0x00,0x21,0x04,
  0x00,0x21,0x04,0x00,0x21,0x04,0x00,0x21,0x04,0x00,0x21,0x04,0x00,0x19,0x04,0x00,
  0x19,0x04,0x00,0x19,0x04,0x00,0x21,0x04,0x00,0x21,0x04,0x00,0x21,0x04,0x00,0x21,
  0x04,0x00,0x21,0x04,0x00,0x21,0x04,0x00,0x21,0x04,0x00,0x21,0x04,0x00,0x19,0x04,
  0x00,0x08,0x61,0x00,0x10,0x81,0x00,0x41,0xc5,0x00,0x41,0xc5,0x00,0x49,0xe5,0x00,
  0x49,0xe5,0x00,0x49,0xe5,0x00,0x49,0xc5,0x00,0x49,0xc5,0x00,0x49,0xe5,0x00,0x49,
  0xc5,0x00,0x49,0xa5,0x00,0x49,0xe5,0x00,0x49,0xe5,0x00,0x41,0xc5,0x00,0x31,0x43,
  0x00,0x29,0x02,0x00,0x20,0xc2,0x00,0x21,0x03,0x00,0x21,0x03,0x00,0x18,0x81,0x00,
  0x18,0xc2,0x00,0x29,0x23,0x00,0x31,0x64,0x00,0x31,0x64,0x00,0x31,0x44,0x00,0x31,
  0x44,0x00,0x20,0xe3,0x00,0x20,0xe2,0x00,0x20,0xe2,0x00,0x39,0x84,0x00,0x41,0xc5,
  0x00,0x20,0xe2,0x00,0x08,0x41,0x00,0x18,0xe3,0x00,0x18,0xe3,0x00,0x21,0x04,0x00,
  0x21,0x04,0x00,0x21,0x04,0x00,0x21,0x04,0x00,0x21,0x04,0x00,0x21,0x04,0x00,0x21,
  0x04,0x00,0x21,0x04,0x00,0x21,0x04,0x00,0x21,0x04,0x00,0x21,0x04,0x00,0x21,0x04,
  0x00,0x21,0x24,0x00,0x08,0x41,0x00,0x10,0x81,0x00,0x10,0x81,0x00,0x29,0x03,0x00,
  0x29,0x03,0x00,0x31,0x23,0x00,0x39,0x64,0x00,0x39,0x64,0x00,0x31,0x23,0x00,0x31,
  0x44,0x00,0x39,0x64,0xff,0x41,0xa4,0xff,0x31,0x23,0x00,0x31,0x23,0x00,0x29,0x02,
  0x00,0x18,0xa1,0x00,0x18,0x81,0x00,0x10,0x61,0xff,0x10,0x61,0xff,0x10,0x81,0x00,
  0x10,0x61,0xff,0x18,0x81,0x00,0x18,0xa2,0x00,0x18,0xa2,0x00,0x29,0x03,0x00,0x31,
  0x64,0xff,0x39,0xa4,0xff,0x29,0x23,0x00,0x20,0xe2,0x00,0x20,0xe2,0x00,0x20,0xc2,
  0x00,0x41,0xa5,0xff,0x62,0x47,0xff,0x41,0xa5,0xff,0x41,0xa5,0xff,0x00,0x00,0xff,
  0x10,0xa3,0x00,0x21,0x24,0x00,0x21,0x04,0x00,0x21,0x04,0x00,0x21,0x04,0x00,0x21,
  0x04,0x00,0x21,0x04,0x00,0x21,0x04,0x00,0x21,0x04,0x00,0x21,0x04,0x00,0x21,0x04,
  0x00,0x21,0x04,0x00,0x21,0x04,0x00,0x21,0x04,0x00,0x21,0x04,0x00,0x21,0x04,0x00,
  0x21,0x04,0x00,0x21,0x04,0x00,0x21,0x04,0x00,0x21,0x04,0x00,0x21,0x04,0x00,0x21,
  0x04,0x00,0x21,0x04,0x00,0x21,0x04,0x00,0x21,0x04,0x00,0x21,0x04,0x00,0x21,0x04,
  0x00,0x21,0x04,0x00,0x21,0x04,0x00,0x21,0x04,0x00,0x21,0x04,0x00,0x21,0x04,0x00,
  0x21,0x04,0x00,0x21,0x04,0x00,0x21,0x04,0x00,0x21,0x04,0x00,0x21,0x04,0x00,0x19,
  0x04,0x00,0x08,0x82,0x00,0x08,0x41,0x00,0x41,0x84,0x00,0x41,0x84,0x00,0x41,0xa5,
  0x00,0x41,0x84,0x00,0x49,0xe5,0x00,0x41,0x84,0x00,0x41,0x84,0x00,0x41,0x84,0x00,
  0x49,0xe5,0x00,0x52,0x05,0x00,0x41,0x84,0x00,0x41,0x84,0x00,0x41,0x84,0x00,0x39,
  0x84,0x00,0x41,0x84,0x00,0x39,0x84,0x00,0x31,0x44,0x00,0x31,0x44,0x00,0x20,0xc2,
  0x00,0x18,0xa2,0x00,0x10,0x81,0x00,0x21,0x03,0x00,0x21,0x03,0x00,0x20,0xe2,0x00,
  0x20,0xe2,0x00,0x20,0xc2,0x00,0x31,0x44,0x00,0x31,0x44,0x00,0x39,0x64,0x00,0x39,
  0x64,0x00,0x18,0xc2,0x00,0x00,0x21,0x00,0x18,0xc3,0x00,0x18,0xc3,0x00,0x21,0x04,
  0x00,0x21,0x04,0x00,0x21,0x04,0x00,0x21,0x04,0x00,0x21,0x04,0x00,0x21,0x04,0x00,
  0x21,0x04,0x00,0x21,0x04,0x00,0x21,0x04,0x00,0x21,0x04,0x00,0x21,0x04,0x00,0x18,
  0xe4,0x00,0x21,0x04,0x00,0x10,0xc2,0x00,0x00,0x00,0xff,0x00,0x00,0xff,0x08,0x41,
  0xff,0x18,0xa2,0x00,0x29,0x03,0x00,0x31,0x23,0x00,0x31,0x23,0x00,0x39,0x64,0x00,
  0x39,0x64,0x00,0x29,0x23,0x00,0x20,0xe2,0x00,0x18,0x61,0x00,0x18,0x61,0x00,0x10,
  0x40,0xff,0x10,0x41,0xff,0x18,0xa1,0x00,0x18,0xa1,0x00,0x18,0xa1,0x00,0x18,0x81,
  0x00,0x18,0xc2,0x00,0x18,0xc2,0x00,0x18,0xa2,0x00,0x18,0xa2,0x00,0x21,0x02,0x00,
  0x18,0xc2,0x00,0x18,0xa2,0x00,0x18,0x82,0x00,0x18,0x81,0x00,0x18,0x81,0x00,0x29,
  0x03,0x00,0x49,0xc5,0xff,0x51,0xc5,0xff,0x39,0x44,0xff,0x39,0x44,0xff,0x00,0x21,
  0xff,0x10,0xa2,0x00,0x21,0x24,0x00,0x21,0x04,0x00,0x21,0x04,0x00,0x21,0x04,0x00,
  0x21,0x04,0x00,0x21,0x04,0x00,0x21,0x04,0x00,0x21,0x04,0x00,0x21,0x04,0x00,0x21,
  0x04,0x00,0x21,0x04,0x00,0x21,0x04,0x00,0x21,0x04,0x00,0x21,0x04,0x00,0x21,0x04,
  0x00,0x21,0x04,0x00,0x21,0x04,0x00,0x21,0x04,0x00,0x21,0x04,0x00,0x21,0x04,0x00,
  0x21,0x04,0x00,0x21,0x04,0x00,0x21,0x04,0x00,0x21,0x04,0x00,0x21,0x04,0x00,0x21,
  0x04,0x00,0x21,0x04,0x00,0x21,0x04,0x00,0x21,0x04,0x00,0x21,0x04,0x00,0x21,0x04,
  0x00,0x21,0x04,0x00,0x21,0x04,0x00,0x21,0x04,0x00,0x21,0x04,0x00,0x21,0x04,0x00,
  0x21,0x04,0x00,0x10,0xc2,0x00,0x08,0x61,0x00,0x31,0x23,0x00,0x31,0x23,0x00,0x49,
  0xe5,0x00,0x49,0xc5,0x00,0x49,0xe5,0x00,0x39,0x64,0x00,0x39,0x64,0x00,0x29,0x03,
  0x00,0x31,0x64,0x00,0x49,0xe5,0x00,0x49,0xe5,0x00,0x49,0xe5,0x00,0x49,0xc5,0x00,
  0x39,0x44,0x00,0x39,0x64,0x00,0x39,0x43,0x00,0x41,0x84,0x00,0x41,0x84,0x00,0x41,
  0xa5,0x00,0x39,0x85,0x00,0x29,0x23,0x00,0x21,0x03,0x00,0x21,0x03,0x00,0x20,0xc2,
  0x00,0x20,0xe2,0x00,0x31,0x23,0x00,0x41,0xa5,0x00,0x41,0xa5,0x00,0x31,0x64,0x00,
  0x31,0x43,0x00,0x20,0xc2,0x00,0x00,0x41,0x00,0x18,0xe3,0x00,0x18,0xe3,0x00,0x21,
  0x04,0x00,0x21,0x04,0x00,0x21,0x04,0x00,0x21,0x04,0x00,0x21,0x04,0x00,0x21,0x04,
  0x00,0x21,0x04,0x00,0x21,0x04,0x00,0x21,0x04,0x00,0x19,0x04,0x00,0x19,0x04,0x00,
  0x19,0x03,0x00,0x21,0x24,0x00,0x10,0xa2,0x00,0x00,0x00,0xff,0x00,0x00,0xff,0x10,
  0x61,0xff,0x10,0x61,0x00,0x20,0xe3,0x00,0x21,0x03,0x00,0x21,0x03,0x00,0x20,0xe2,
  0x00,0x20,0xe2,0x00,0x18,0xa1,0x00,0x20,0xa2,0x00,0x39,0x84,0xff,0x39,0x84,0xff,
  0x49,0xe6,0xff,0x49,0xe6,0xff,0x52,0x26,0xff,0x52,0x06,0xff,0x52,0x06,0xff,0x52,
  0x06,0xff,0x5a,0x47,0xff,0x5a,0x67,0xff,0x5a,0x46,0xff,0x5a,0x46,0xff,0x52,0x46,
  0xff,0x39,0x64,0xff,0x29,0x23,0x00,0x18,0x81,0x00,0x18,0xc2,0x00,0x18,0xc2,0x00,
  0x49,0xe5,0xff,0x5a,0x46,0xff,0x49,0xc5,0xff,0x39,0x64,0xff,0x39,0x64,0xff,0x08,
  0x41,0xff,0x10,0xc3,0x00,0x21,0x24,0x00,0x21,0x04,0x00,0x21,0x04,0x00,0x21,0x04,
  0x00,0x21,0x04,0x00,0x21,0x04,0x00,0x21,0x04,0x00,0x21,0x04,0x00,0x21,0x04,0x00,
  0x21,0x04,0x00,0x21,0x04,0x00,0x21,0x04,0x00,0x21,0x04,0x00,0x21,0x04,0x00,0x21,
  0x04,0x00,0x21,0x04,0x00,0x21,0x04,0x00,0x21,0x04,0x00,0x21,0x04,0x00,0x21,0x04,
  0x00,0x21,0x04,0x00,0x21,0x04,0x00,0x21,0x04,0x00,0x21,0x04,0x00,0x21,0x04,0x00,
  0x21,0x04,0x00,0x21,0x04,0x00,0x21,0x04,0x00,0x21,0x04,0x00,0x21,0x04,0x00,0x21,
  0x04,0x00,0x21,0x04,0x00,0x21,0x04,0x00,0x21,0x04,0x00,0x21,0x04,0x00,0x21,0x04,
  0x00,0x21,0x04,0x00,0x18,0xc3,0x00,0x08,0x20,0x00,0x10,0x61,0x00,0x10,0x61,0x00,
  0x29,0x23,0x00,0x29,0x03,0x00,0x20,0xc2,0x00,0x18,0xc2,0x00,0x18,0xc2,0x00,0x10,
  0x81,0x00,0x08,0x41,0x00,0x18,0xc2,0x00,0x31,0x23,0x00,0x31,0x23,0x00,0x41,0x84,
  0x00,0x41,0x84,0x00,0x39,0x84,0x00,0x39,0x44,0x00,0x41,0x84,0x00,0x41,0x84,0x00,
  0x41,0xa4,0x00,0x49,0xc5,0x00,0x49,0xe6,0x00,0x49,0xc5,0x00,0x49,0xc5,0x00,0x41,
  0xa5,0x00,0x41,0xc5,0x00,0x39,0x84,0x00,0x31,0x44,0x00,0x31,0x44,0x00,0x29,0x23,
  0x00,0x29,0x03,0x00,0x18,0xc2,0x00,0x00,0x21,0x00,0x18,0xe3,0x00,0x18,0xe3,0x00,
  0x21,0x04,0x00,0x21,0x04,0x00,0x21,0x04,0x00,0x21,0x04,0x00,0x21,0x04,0x00,0x21,
  0x04,0x00,0x21,0x04,0x00,0x21,0x04,0x00,0x19,0x04,0x00,0x19,0x04,0x00,0x19,0x04,
  0x00,0x18,0xe3,0x00,0x21,0x04,0x00,0x08,0x41,0xff,0x10,0x61,0xff,0x10,0x61,0xff,
  0x39,0x84,0xff,0x39,0x84,0xff,0x39,0x84,0xff,0x28,0xe2,0x00,0x28,0xe2,0x00,0x10,
  0x40,0xff,0x10,0x61,0xff,0x39,0x84,0xff,0x52,0x06,0xff,0x5a,0x26,0xff,0x5a,0x26,
  0xff,0x5a,0x46,0xff,0x51,0xe6,0xff,0x49,0xe5,0xff,0x49,0xe5,0xff,0x49,0xe5,0xff,
  0x52,0x06,0xff,0x51,0xc5,0xff,0x5a,0x26,0xff,0x5a,0x46,0xff,0x5a,0x46,0xff,0x5a,
  0x26,0xff,0x5a,0x46,0xff,0x5a,0x46,0xff,0x41,0xa5,0xff,0x49,0xc5,0xff,0x49,0xc5,
  0xff,0x5a,0x46,0xff,0x49,0xc5,0xff,0x39,0x43,0xff,0x41,0x84,0xff,0x41,0x84,0xff,
  0x00,0x21,0xff,0x10,0xa2,0x00,0x21,0x24,0x00,0x21,0x04,0x00,0x21,0x04,0x00,0x21,
  0x04,0x00,0x21,0x04,0x00,0x21,0x04,0x00,0x21,0x04,0x00,0x21,0x04,0x00,0x21,0x04,
  0x00,0x21,0x04,0x00,0x21,0x04,0x00,0x21,0x04,0x00,0x21,0x04,0x00,0x21,0x04,0x00,
  0x21,0x04,0x00,0x21,0x04,0x00,0x21,0x04,0x00,0x21,0x04,0x00,0x21,0x04,0x00,0x21,
  0x04,0x00,0x21,0x04,0x00,0x21,0x04,0x00,0x21,0x04,0x00,0x21,0x04,0x00,0x21,0x04,
  0x00,0x21,0x04,0x00,0x21,0x04,0x00,0x21,0x04,0x00,0x21,0x04,0x00,0x21,0x04,0x00,
  0x21,0x04,0x00,0x21,0x04,0x00,0x21,0x04,0x00,0x21,0x04,0x00,0x21,0x04,0x00,0x21,
  0x04,0x00,0x21,0x04,0x00,0x21,0x04,0x00,0x10,0xa2,0x00,0x08,0x41,0x00,0x08,0x41,
  0x00,0x08,0x41,0x00,0x08,0x41,0x00,0x08,0x20,0x00,0x00,0x00,0x00,0x00,0x00,0x00,
  0x08,0x41,0x00,0x00,0x20,0x00,0x00,0x20,0x00,0x00,0x20,0x00,0x00,0x20,0x00,0x18,
  0xa2,0x00,0x29,0x23,0x00,0x39,0x43,0x00,0x31,0x43,0x00,0x31,0x23,0x00,0x31,0x23,
  0x00,0x31,0x03,0x00,0x39,0x43,0x00,0x39,0x64,0x00,0x39,0x64,0x00,0x39,0x64,0x00,
  0x41,0x84,0x00,0x41,0xa4,0x00,0x39,0x64,0x00,0x29,0x03,0x00,0x29,0x03,0x00,0x20,
  0xe3,0x00,0x31,0x64,0x00,0x21,0x03,0x00,0x00,0x21,0x00,0x18,0xe3,0x00,0x18,0xe3,
  0x00,0x21,0x04,0x00,0x21,0x04,0x00,0x21,0x04,0x00,0x21,0x04,0x00,0x21,0x04,0x00,
  0x21,0x04,0x00,0x21,0x04,0x00,0x21,0x04,0x00,0x19,0x04,0x00,0x19,0x04,0x00,0x19,
  0x04,0x00,0x18,0xe3,0x00,0x21,0x24,0x00,0x08,0x41,0xff,0x10,0x81,0xff,0x10,0x81,
  0xff,0x49,0xe5,0xff,0x49,0xe5,0xff,0x49,0xc5,0xff,0x39,0xa4,0xff,0x39,0xa4,0xff,
  0x29,0x03,0xff,0x31,0x44,0xff,0x52,0x06,0xff,0x5a,0x26,0xff,0x49,0xc5,0xff,0x49,
  0xc5,0xff,0x49,0xc5,0xff,0x49,0xc5,0xff,0x49,0xe5,0xff,0x41,0xc5,0xff,0x41,0xc5,
  0xff,0x41,0xc5,0xff,0x41,0xa4,0xff,0x41,0xa5,0xff,0x41,0x84,0xff,0x41,0x84,0xff,
  0x49,0xa5,0xff,0x49,0xe5,0xff,0x51,0xe5,0xff,0x49,0xe5,0xff,0x41,0xa5,0xff,0x41,
  0xa5,0xff,0x39,0x84,0xff,0x39,0x64,0xff,0x39,0x64,0xff,0x39,0x84,0xff,0x39,0x84,
  0xff,0x08,0x41,0xff,0x10,0xa3,0x00,0x21,0x24,0x00,0x21,0x04,0x00,0x21,0x04,0x00,
  0x21,0x04,0x00,0x21,0x04,0x00,0x21,0x04,0x00,0x21,0x04,0x00,0x21,0x04,0x00,0x21,
  0x04,0x00,0x21,0x04,0x00,0x21,0x04,0x00,0x21,0x04,0x00,0x21,0x04,0x00,0x21,0x04,
  0x00,0x21,0x04,0x00,0x21,0x04,0x00,0x21,0x04,0x00,0x21,0x04,0x00,0x21,0x04,0x00,
  0x21,0x04,0x00,0x21,0x04,0x00,0x21,0x04,0x00,0x21,0x04,0x00,0x21,0x04,0x00,0x21,
  0x04,0x00,0x21,0x04,0x00,0x21,0x04,0x00,0x21,0x04,0x00,0x21,0x04,0x00,0x21,0x04,
  0x00,0x21,0x04,0x00,0x21,0x04,0x00,0x21,0x04,0x00,0x21,0x04,0x00,0x21,0x04,0x00,
  0x21,0x04,0x00,0x21,0x04,0x00,0x21,0x04,0x00,0x10,0xa2,0x00,0x08,0x41,0x00,0x08,
  0x41,0x00,0x08,0x41,0x00,0x08,0x41,0x00,0x08,0x20,0x00,0x00,0x00,0x00,0x00,0x00,
  0x00,0x08,0x41,0x00,0x00,0x20,0x00,0x00,0x20,0x00,0x00,0x20,0x00,0x00,0x20,0x00,
  0x18,0xa2,0x00,0x29,0x23,0x00,0x39,0x43,0x00,0x31,0x43,0x00,0x31,0x23,0x00,0x31,
  0x23,0x00,0x31,0x03,0x00,0x39,0x43,0x00,0x39,0x64,0x00,0x39,0x64,0x00,0x39,0x64,
  0x00,0x41,0x84,0x00,0x41,0xa4,0x00,0x39,0x64,0x00,0x29,0x03,0x00,0x29,0x03,0x00,
  0x20,0xe3,0x00,0x31,0x64,0x00,0x21,0x03,0x00,0x00,0x21,0x00,0x18,0xe3,0x00,0x18,
  0xe3,0x00,0x21,0x04,0x00,0x21,0x04,0x00,0x21,0x04,0x00,0x21,0x04,0x00,0x21,0x04,
  0x00,0x21,0x04,0x00,0x21,0x04,0x00,0x21,0x04,0x00,0x19,0x04,0x00,0x19,0x04,0x00,
  0x19,0x04,0x00,0x18,0xe3,0x00,0x21,0x24,0x00,0x08,0x41,0xff,0x10,0x81,0xff,0x10,
  0x81,0xff,0x49,0xe5,0xff,0x49,0xe5,0xff,0x49,0xc5,0xff,0x39,0xa4,0xff,0x39,0xa4,
  0xff,0x29,0x03,0xff,0x31,0x44,0xff,0x52,0x06,0xff,0x5a,0x26,0xff,0x49,0xc5,0xff,
  0x49,0xc5,0xff,0x49,0xc5,0xff,0x49,0xc5,0xff,0x49,0xe5,0xff,0x41,0xc5,0xff,0x41,
  0xc5,0xff,0x41,0xc5,0xff,0x41,0xa4,0xff,0x41,0xa5,0xff,0x41,0x84,0xff,0x41,0x84,
  0xff,0x49,0xa5,0xff,0x49,0xe5,0xff,0x51,0xe5,0xff,0x49,0xe5,0xff,0x41,0xa5,0xff,
  0x41,0xa5,0xff,0x39,0x84,0xff,0x39,0x64,0xff,0x39,0x64,0xff,0x39,0x84,0xff,0x39,
  0x84,0xff,0x08,0x41,0xff,0x10,0xa3,0x00,0x21,0x24,0x00,0x21,0x04,0x00,0x21,0x04,
  0x00,0x21,0x04,0x00,0x21,0x04,0x00,0x21,0x04,0x00,0x21,0x04,0x00,0x21,0x04,0x00,
  0x21,0x04,0x00,0x21,0x04,0x00,0x21,0x04,0x00,0x21,0x04,0x00,0x21,0x04,0x00,0x21,
  0x04,0x00,0x21,0x04,0x00,0x21,0x04,0x00,0x21,0x04,0x00,0x21,0x04,0x00,0x21,0x04,
  0x00,0x21,0x04,0x00,0x21,0x04,0x00,0x21,0x04,0x00,0x21,0x04,0x00,0x21,0x04,0x00,
  0x21,0x04,0x00,0x21,0x04,0x00,0x21,0x04,0x00,0x21,0x04,0x00,0x21,0x04,0x00,0x21,
  0x04,0x00,0x21,0x04,0x00,0x21,0x04,0x00,0x21,0x04,0x00,0x21,0x04,0x00,0x21,0x04,
  0x00,0x19,0x04,0x00,0x18,0xe3,0x00,0x21,0x04,0x00,0x10,0x61,0x00,0x00,0x00,0x00,
  0x00,0x00,0x00,0x08,0x21,0x00,0x10,0x61,0x00,0x29,0x23,0x00,0x29,0x03,0x00,0x29,
  0x03,0x00,0x31,0x43,0x00,0x29,0x03,0x00,0x20,0xc2,0x00,0x20,0xc2,0x00,0x20,0xc2,
  0x00,0x10,0x81,0x00,0x00,0x00,0x00,0x20,0xc2,0x00,0x31,0x43,0x00,0x39,0x63,0x00,
  0x39,0x63,0x00,0x31,0x23,0x00,0x29,0x03,0x00,0x28,0xe2,0x00,0x31,0x23,0x00,0x31,
  0x23,0x00,0x31,0x23,0x00,0x31,0x23,0x00,0x31,0x23,0x00,0x29,0x03,0x00,0x29,0x03,
  0x00,0x29,0x03,0x00,0x39,0x64,0x00,0x20,0xe2,0x00,0x08,0x41,0x00,0x19,0x04,0x00,
  0x19,0x04,0x00,0x21,0x04,0x00,0x21,0x04,0x00,0x21,0x04,0x00,0x21,0x04,0x00,0x21,
  0x04,0x00,0x21,0x04,0x00,0x21,0x04,0x00,0x21,0x04,0x00,0x19,0x04,0x00,0x18,0xe4,
  0x00,0x18,0xe4,0x00,0x18,0xe3,0x00,0x19,0x04,0x00,0x10,0x82,0x00,0x08,0x20,0xff,
  0x08,0x20,0xff,0x41,0xa5,0xff,0x41,0x84,0xff,0x39,0x64,0xff,0x49,0xe5,0xff,0x49,
  0xe5,0xff,0x41,0xc5,0xff,0x49,0xe5,0xff,0x49,0xc5,0xff,0x49,0xc5,0xff,0x49,0xe5,
  0xff,0x49,0xe5,0xff,0x41,0xa5,0xff,0x31,0x44,0xff,0x29,0x03,0xff,0x20,0xe2,0xff,
  0x20,0xe2,0xff,0x28,0xe3,0xff,0x29,0x02,0xff,0x29,0x23,0xff,0x39,0x44,0xff,0x39,
  0x44,0xff,0x39,0x84,0xff,0x39,0x44,0xff,0x31,0x23,0xff,0x39,0x43,0xff,0x39,0x84,
  0xff,0x39,0x84,0xff,0x29,0x03,0x00,0x31,0x23,0x00,0x31,0x03,0x00,0x28,0xe2,0x00,
  0x28,0xe2,0x00,0x08,0x61,0xff,0x10,0xa3,0x00,0x21,0x24,0x00,0x21,0x04,0x00,0x21,
  0x04,0x00,0x21,0x04,0x00,0x21,0x04,0x00,0x21,0x04,0x00,0x21,0x04,0x00,0x21,0x04,
  0x00,0x21,0x04,0x00,0x21,0x04,0x00,0x21,0x04,0x00,0x21,0x04,0x00,0x21,0x04,0x00,
  0x21,0x04,0x00,0x21,0x04,0x00,0x21,0x04,0x00,0x21,0x04,0x00,0x21,0x04,0x00,0x21,
  0x04,0x00,0x21,0x04,0x00,0x21,0x04,0x00,0x21,0x04,0x00,0x21,0x04,0x00,0x21,0x04,
  0x00,0x21,0x04,0x00,0x21,0x04,0x00,0x21,0x04,0x00,0x21,0x04,0x00,0x21,0x04,0x00,
  0x21,0x04,0x00,0x21,0x04,0x00,0x21,0x04,0x00,0x21,0x04,0x00,0x21,0x24,0x00,0x21,
  0x24,0x00,0x21,0x04,0x00,0x21,0x04,0x00,0x18,0xc3,0x00,0x18,0xa1,0x00,0x31,0x43,
  0x00,0x31,0x43,0x00,0x49,0xe5,0x00,0x51,0xc5,0x00,0x5a,0x45,0x00,0x5a,0x05,0x00,
  0x5a,0x05,0x00,0x5a,0x26,0x00,0x41,0x84,0x00,0x41,0xa4,0x00,0x62,0x66,0x00,0x62,
  0x66,0x00,0x5a,0x46,0x00,0x20,0xc2,0x00,0x08,0x61,0x00,0x10,0xa2,0x00,0x29,0x23,
  0x00,0x29,0x23,0x00,0x28,0xe2,0x00,0x31,0x23,0x00,0x31,0x43,0x00,0x31,0x64,0x00,
  0x31,0x64,0x00,0x31,0x23,0x00,0x31,0x23,0x00,0x29,0x23,0x00,0x29,0x03,0x00,0x29,
  0x03,0x00,0x18,0xa2,0x00,0x10,0x81,0x00,0x08,0x41,0x00,0x10,0xa2,0x00,0x21,0x24,
  0x00,0x21,0x24,0x00,0x21,0x04,0x00,0x21,0x04,0x00,0x21,0x04,0x00,0x21,0x04,0x00,
  0x21,0x04,0x00,0x21,0x04,0x00,0x21,0x04,0x00,0x21,0x04,0x00,0x18,0xe4,0x00,0x18,
  0xe3,0x00,0x18,0xe3,0x00,0x18,0xe3,0x00,0x19,0x04,0x00,0x10,0xc3,0x00,0x00,0x00,
  0xff,0x00,0x00,0xff,0x29,0x03,0xff,0x41,0xa5,0xff,0x41,0xa5,0xff,0x41,0xa5,0xff,
  0x41,0xa5,0xff,0x39,0x64,0xff,0x41,0xc5,0xff,0x41,0xa5,0xff,0x39,0x64,0xff,0x29,
  0x02,0x00,0x29,0x02,0x00,0x18,0xa1,0x00,0x10,0x40,0xff,0x10,0x40,0xff,0x10,0x61,
  0xff,0x10,0x61,0xff,0x10,0x61,0xff,0x08,0x40,0xff,0x10,0x61,0xff,0x10,0x61,0xff,
  0x10,0x61,0xff,0x18,0xa2,0x00,0x29,0x03,0x00,0x39,0x64,0xff,0x31,0x23,0x00,0x31,
  0x03,0x00,0x31,0x03,0x00,0x31,0x23,0x00,0x39,0x84,0x00,0x29,0x02,0x00,0x18,0x81,
  0x00,0x18,0x81,0x00,0x10,0x82,0x00,0x18,0xc3,0x00,0x21,0x24,0x00,0x21,0x04,0x00,
  0x21,0x04,0x00,0x21,0x04,0x00,0x21,0x04,0x00,0x21,0x04,0x00,0x21,0x04,0x00,0x21,
  0x04,0x00,0x21,0x04,0x00,0x21,0x04,0x00,0x21,0x04,0x00,0x21,0x04,0x00,0x21,0x04,
  0x00,0x21,0x04,0x00,0x21,0x04,0x00,0x21,0x04,0x00,0x21,0x04,0x00,0x21,0x04,0x00,
  0x21,0x04,0x00,0x21,0x04,0x00,0x21,0x04,0x00,0x21,0x04,0x00,0x21,0x04,0x00,0x21,
  0x04,0x00,0x21,0x04,0x00,0x21,0x04,0x00,0x21,0x04,0x00,0x21,0x04,0x00,0x21,0x04,
  0x00,0x21,0x04,0x00,0x21,0x04,0x00,0x21,0x24,0x00,0x18,0xe3,0x00,0x18,0xe3,0x00,
  0x18,0xe3,0x00,0x10,0x82,0x00,0x08,0x62,0x00,0x00,0x20,0x00,0x31,0x43,0x00,0x72,
  0xe8,0x00,0x72,0xe8,0x00,0x6a,0xc8,0x00,0x52,0x05,0x00,0x5a,0x05,0x00,0x49,0xa4,
  0x00,0x49,0xa4,0x00,0x41,0x84,0x00,0x20,0xa1,0x00,0x18,0xa1,0x00,0x20,0xa1,0x00,
  0x20,0xa1,0x00,0x52,0x05,0x00,0x49,0xe5,0x00,0x10,0x61,0x00,0x08,0x40,0x00,0x08,
  0x41,0x00,0x08,0x41,0x00,0x08,0x20,0x00,0x18,0xc2,0x00,0x20,0xe2,0x00,0x29,0x03,
  0x00,0x29,0x03,0x00,0x29,0x23,0x00,0x29,0x23,0x00,0x20,0xe2,0x00,0x21,0x03,0x00,
  0x21,0x03,0x00,0x10,0x81,0x00,0x00,0x20,0x00,0x08,0x40,0x00,0x21,0x03,0x00,0x21,
  0x24,0x00,0x21,0x24,0x00,0x21,0x04,0x00,0x21,0x04,0x00,0x21,0x04,0x00,0x21,0x04,
  0x00,0x21,0x04,0x00,0x21,0x04,0x00,0x21,0x04,0x00,0x19,0x04,0x00,0x18,0xe3,0x00,
  0x19,0x03,0x00,0x19,0x03,0x00,0x18,0xe3,0x00,0x18,0xe3,0x00,0x18,0xe3,0x00,0x08,
  0x41,0xff,0x08,0x41,0xff,0x08,0x40,0xff,0x39,0x84,0xff,0x39,0x64,0xff,0x31,0x23,
  0xff,0x31,0x23,0xff,0x31,0x23,0xff,0x29,0x23,0xff,0x20,0xc2,0xff,0x10,0x81,0xff,
  0x08,0x20,0xff,0x08,0x20,0xff,0x10,0x81,0x00,0x18,0xa1,0x00,0x28,0xe2,0x00,0x20,
  0xe2,0x00,0x20,0xe2,0x00,0x20,0xe2,0x00,0x20,0xe2,0x00,0x20,0xe2,0x00,0x18,0xa2,
  0x00,0x18,0xa2,0x00,0x20,0xe2,0x00,0x20,0xc2,0x00,0x20,0xe2,0x00,0x29,0x03,0x00,
  0x39,0x64,0x00,0x39,0x64,0x00,0x31,0x43,0x00,0x29,0x23,0x00,0x18,0xc2,0x00,0x08,
  0x20,0xff,0x08,0x20,0xff,0x10,0xa2,0x00,0x21,0x04,0x00,0x21,0x04,0x00,0x21,0x04,
  0x00,0x21,0x04,0x00,0x21,0x04,0x00,0x21,0x04,0x00,0x21,0x04,0x00,0x21,0x04,0x00,
  0x21,0x04,0x00,0x21,0x04,0x00,0x21,0x04,0x00,0x21,0x04,0x00,0x21,0x04,0x00,0x21,
  0x04,0x00,0x21,0x04,0x00,0x21,0x04,0x00,0x21,0x04,0x00,0x21,0x04,0x00,0x21,0x04,
  0x00,0x21,0x04,0x00,0x21,0x04,0x00,0x21,0x04,0x00,0x21,0x04,0x00,0x21,0x04,0x00,
  0x21,0x04,0x00,0x21,0x04,0x00,0x21,0x04,0x00,0x21,0x04,0x00,0x21,0x04,0x00,0x21,
  0x24,0x00,0x21,0x24,0x00,0x21,0x04,0x00,0x18,0xe3,0x00,0x08,0x41,0x00,0x08,0x41,
  0x00,0x08,0x41,0x00,0x31,0x43,0x00,0x39,0x64,0x00,0x10,0x61,0x00,0x10,0x41,0x00,
  0x10,0x61,0x00,0x10,0x61,0x00,0x10,0x61,0x00,0x08,0x41,0x00,0x20,0xc2,0x00,0x51,
  0xe5,0x00,0x51,0xe5,0x00,0x6a,0x87,0x00,0x5a,0x46,0x00,0x41,0xa4,0x00,0x10,0x61,
  0x00,0x10,0x61,0x00,0x20,0xe2,0x00,0x18,0xa1,0x00,0x10,0x41,0x00,0x20,0xc2,0x00,
  0x39,0x63,0x00,0x39,0x63,0x00,0x28,0xc2,0x00,0x18,0x81,0x00,0x08,0x20,0x00,0x08,
  0x61,0x00,0x08,0x61,0x00,0x08,0x61,0x00,0x08,0x61,0x00,0x10,0x61,0x00,0x10,0x81,
  0x00,0x10,0x81,0x00,0x10,0x81,0x00,0x08,0x61,0x00,0x08,0x61,0x00,0x21,0x24,0x00,
  0x21,0x24,0x00,0x21,0x24,0x00,0x21,0x04,0x00,0x21,0x04,0x00,0x21,0x04,0x00,0x21,
  0x04,0x00,0x21,0x04,0x00,0x21,0x04,0x00,0x21,0x04,0x00,0x19,0x04,0x00,0x19,0x03,
  0x00,0x19,0x03,0x00,0x19,0x03,0x00,0x18,0xe3,0x00,0x19,0x03,0x00,0x18,0xe3,0x00,
  0x10,0xc3,0x00,0x10,0xc3,0x00,0x08,0x82,0xff,0x18,0xe2,0xff,0x31,0x43,0xff,0x39,
  0x84,0xff,0x39,0x84,0xff,0x29,0x23,0xff,0x18,0xa2,0xff,0x08,0x40,0xff,0x10,0x61,
  0xff,0x31,0x43,0xff,0x31,0x43,0xff,0x41,0xc5,0xff,0x41,0xa4,0xff,0x49,0xe5,0xff,
  0x49,0xc4,0xff,0x49,0xc4,0xff,0x41,0xa4,0xff,0x41,0xa4,0xff,0x41,0xa4,0xff,0x31,
  0x43,0x00,0x31,0x43,0x00,0x20,0xc2,0x00,0x08,0x40,0xff,0x08,0x41,0xff,0x08,0x41,
  0xff,0x18,0xa2,0x00,0x18,0xa2,0x00,0x20,0xe2,0x00,0x18,0xa2,0x00,0x08,0x41,0xff,
  0x10,0x61,0xff,0x10,0x61,0xff,0x18,0xe3,0x00,0x21,0x24,0x00,0x21,0x04,0x00,0x21,
  0x04,0x00,0x21,0x04,0x00,0x21,0x04,0x00,0x21,0x04,0x00,0x21,0x04,0x00,0x21,0x04,
  0x00,0x21,0x04,0x00,0x21,0x04,0x00,0x21,0x04,0x00,0x21,0x04,0x00,0x21,0x04,0x00,
  0x21,0x04,0x00,0x21,0x04,0x00,0x21,0x04,0x00,0x21,0x04,0x00,0x21,0x04,0x00,0x21,
  0x04,0x00,0x21,0x04,0x00,0x21,0x04,0x00,0x21,0x04,0x00,0x21,0x04,0x00,0x21,0x04,
  0x00,0x21,0x04,0x00,0x21,0x04,0x00,0x21,0x04,0x00,0x21,0x04,0x00,0x21,0x04,0x00,
  0x21,0x24,0x00,0x21,0x24,0x00,0x21,0x04,0x00,0x18,0xe3,0x00,0x08,0x41,0x00,0x08,
  0x41,0x00,0x08,0x41,0x00,0x31,0x43,0x00,0x39,0x64,0x00,0x10,0x61,0x00,0x10,0x41,
  0x00,0x10,0x61,0x00,0x10,0x61,0x00,0x10,0x61,0x00,0x08,0x41,0x00,0x20,0xc2,0x00,
  0x51,0xe5,0x00,0x51,0xe5,0x00,0x6a,0x87,0x00,0x5a,0x46,0x00,0x41,0xa4,0x00,0x10,
  0x61,0x00,0x10,0x61,0x00,0x20,0xe2,0x00,0x18,0xa1,0x00,0x10,0x41,0x00,0x20,0xc2,
  0x00,0x39,0x63,0x00,0x39,0x63,0x00,0x28,0xc2,0x00,0x18,0x81,0x00,0x08,0x20,0x00,
  0x08,0x61,0x00,0x08,0x61,0x00,0x08,0x61,0x00,0x08,0x61,0x00,0x10,0x61,0x00,0x10,
  0x81,0x00,0x10,0x81,0x00,0x10,0x81,0x00,0x08,0x61,0x00,0x08,0x61,0x00,0x21,0x24,
  0x00,0x21,0x24,0x00,0x21,0x24,0x00,0x21,0x04,0x00,0x21,0x04,0x00,0x21,0x04,0x00,
  0x21,0x04,0x00,0x21,0x04,0x00,0x21,0x04,0x00,0x21,0x04,0x00,0x19,0x04,0x00,0x19,
  0x03,0x00,0x19,0x03,0x00,0x19,0x03,0x00,0x18,0xe3,0x00,0x19,0x03,0x00,0x18,0xe3,
  0x00,0x10,0xc3,0x00,0x10,0xc3,0x00,0x08,0x82,0xff,0x18,0xe2,0xff,0x31,0x43,0xff,
  0x39,0x84,0xff,0x39,0x84,0xff,0x29,0x23,0xff,0x18,0xa2,0xff,0x08,0x40,0xff,0x10,
  0x61,0xff,0x31,0x43,0xff,0x31,0x43,0xff,0x41,0xc5,0xff,0x41,0xa4,0xff,0x49,0xe5,
  0xff,0x49,0xc4,0xff,0x49,0xc4,0xff,0x41,0xa4,0xff,0x41,0xa4,0xff,0x41,0xa4,0xff,
  0x31,0x43,0x00,0x31,0x43,0x00,0x20,0xc2,0x00,0x08,0x40,0xff,0x08,0x41,0xff,0x08,
  0x41,0xff,0x18,0xa2,0x00,0x18,0xa2,0x00,0x20,0xe2,0x00,0x18,0xa2,0x00,0x08,0x41,
  0xff,0x10,0x61,0xff,0x10,0x61,0xff,0x18,0xe3,0x00,0x21,0x24,0x00,0x21,0x04,0x00,
  0x21,0x04,0x00,0x21,0x04,0x00,0x21,0x04,0x00,0x21,0x04,0x00,0x21,0x04,0x00,0x21,
  0x04,0x00,0x21,0x04,0x00,0x21,0x04,0x00,0x21,0x04,0x00,0x21,0x04,0x00,0x21,0x04,
  0x00,0x21,0x04,0x00,0x21,0x04,0x00,0x21,0x04,0x00,0x21,0x04,0x00,0x21,0x04,0x00,
  0x21,0x04,0x00,0x21,0x04,0x00,0x21,0x04,0x00,0x21,0x04,0x00,0x21,0x04,0x00,0x21,
  0x04,0x00,0x21,0x04,0x00,0x21,0x04,0x00,0x21,0x04,0x00,0x21,0x04,0x00,0x21,0x24,
  0x00,0x21,0x24,0x00,0x21,0x24,0x00,0x10,0x82,0x00,0x00,0x00,0x00,0x29,0x03,0x00,
  0x62,0x47,0x00,0x62,0x47,0x00,0x93,0xaa,0x00,0x8b,0x69,0x00,0x6a,0x87,0x00,0x5a,
  0x27,0x00,0x5a,0x26,0x00,0x5a,0x26,0x00,0x52,0x26,0x00,0x41,0x84,0x00,0x39,0x84,
  0x00,0x41,0x84,0x00,0x41,0x84,0x00,0x52,0x05,0x00,0x52,0x05,0x00,0x51,0xe5,0x00,
  0x41,0x84,0x00,0x41,0x84,0x00,0x39,0x43,0x00,0x28,0xc2,0x00,0x39,0x43,0x00,0x62,
  0x05,0x00,0x7a,0xc7,0x00,0x7a,0xc7,0x00,0x51,0xc4,0x00,0x39,0x23,0x00,0x18,0x81,
  0x00,0x10,0x81,0x00,0x10,0x81,0x00,0x08,0x41,0x00,0x10,0x81,0x00,0x08,0x41,0x00,
  0x10,0x61,0x00,0x10,0x61,0x00,0x18,0xc2,0x00,0x10,0x61,0x00,0x08,0x41,0x00,0x21,
  0x04,0x00,0x21,0x24,0x00,0x21,0x24,0x00,0x21,0x04,0x00,0x21,0x04,0x00,0x21,0x04,
  0x00,0x21,0x04,0x00,0x21,0x04,0x00,0x21,0x04,0x00,0x19,0x04,0x00,0x19,0x04,0x00,
  0x18,0xe4,0x00,0x18,0xe3,0x00,0x18,0xe3,0x00,0x18,0xe4,0x00,0x18,0xe4,0x00,0x18,
  0xe3,0x00,0x19,0x04,0x00,0x19,0x04,0x00,0x18,0xe3,0x00,0x08,0x61,0xff,0x20,0xe3,
  0xff,0x29,0x23,0xff,0x29,0x23,0xff,0x18,0xa2,0xff,0x10,0x81,0xff,0x08,0x61,0xff,
  0x18,0xc2,0xff,0x28,0xe2,0xff,0x28,0xe2,0xff,0x18,0xa1,0xff,0x10,0x40,0xff,0x18,
  0xa1,0xff,0x18,0xa1,0xff,0x18,0xa1,0xff,0x20,0xa1,0xff,0x10,0x60,0xff,0x10,0x60,
  0xff,0x18,0x61,0x00,0x18,0x61,0x00,0x39,0x63,0xff,0x39,0x84,0xff,0x10,0xa1,0xff,
  0x00,0x20,0xff,0x08,0x20,0xff,0x08,0x20,0xff,0x10,0x81,0x00,0x10,0x81,0x00,0x08,
  0x20,0xff,0x08,0x40,0xff,0x08,0x40,0xff,0x18,0xc3,0x00,0x21,0x04,0x00,0x21,0x04,
  0x00,0x21,0x04,0x00,0x21,0x04,0x00,0x21,0x04,0x00,0x21,0x04,0x00,0x21,0x04,0x00,
  0x21,0x04,0x00,0x21,0x04,0x00,0x21,0x04,0x00,0x21,0x04,0x00,0x21,0x04,0x00,0x21,
  0x04,0x00,0x21,0x04,0x00,0x21,0x04,0x00,0x21,0x04,0x00,0x21,0x04,0x00,0x21,0x04,
  0x00,0x21,0x04,0x00,0x21,0x04,0x00,0x21,0x04,0x00,0x21,0x04,0x00,0x21,0x04,0x00,
  0x21,0x04,0x00,0x21,0x04,0x00,0x21,0x04,0x00,0x21,0x24,0x00,0x21,0x24,0x00,0x21,
  0x04,0x00,0x10,0xa2,0x00,0x10,0xa2,0x00,0x20,0xe2,0x00,0x39,0x64,0x00,0x72,0xc8,
  0x00,0x7b,0x09,0x00,0x7b,0x09,0x00,0x6a,0x87,0x00,0x72,0xa8,0x00,0x72,0xc7,0x00,
  0x72,0xc8,0x00,0x72,0xc8,0x00,0x72,0xc8,0x00,0x7a,0xe8,0x00,0x72,0xa7,0x00,0x73,
  0x08,0x00,0x52,0x05,0x00,0x52,0x05,0x00,0x20,0x81,0x00,0x08,0x20,0x00,0x28,0xc2,
  0x00,0x41,0x63,0x00,0x41,0x63,0x00,0x41,0x63,0x00,0x6a,0x86,0x00,0x9b,0xa9,0x00,
  0x59,0xc4,0x00,0x41,0x43,0x00,0x41,0x43,0x00,0x41,0x23,0x00,0x39,0x43,0x00,0x39,
  0x43,0x00,0x31,0x43,0x00,0x31,0x43,0x00,0x29,0x03,0x00,0x31,0x44,0x00,0x29,0x03,
  0x00,0x29,0x03,0x00,0x29,0x03,0x00,0x39,0x64,0x00,0x20,0xe2,0x00,0x08,0x41,0x00,
  0x21,0x04,0x00,0x21,0x24,0x00,0x21,0x24,0x00,0x21,0x04,0x00,0x21,0x04,0x00,0x21,
  0x04,0x00,0x21,0x04,0x00,0x21,0x04,0x00,0x21,0x04,0x00,0x21,0x04,0x00,0x19,0x04,
  0x00,0x19,0x04,0x00,0x19,0x04,0x00,0x19,0x04,0x00,0x18,0xe4,0x00,0x18,0xe4,0x00,
  0x18,0xe3,0x00,0x19,0x03,0x00,0x19,0x03,0x00,0x21,0x04,0x00,0x19,0x04,0x00,0x08,
  0x62,0xff,0x00,0x20,0xff,0x00,0x20,0xff,0x08,0x41,0xff,0x20,0xe2,0xff,0x10,0x81,
  0xff,0x08,0x20,0xff,0x31,0x23,0xff,0x31,0x23,0xff,0x5a,0x46,0xff,0x5a,0x25,0xff,
  0x62,0x46,0xff,0x62,0x46,0xff,0x62,0x46,0xff,0x6a,0xc7,0xff,0x6a,0x87,0xff,0x6a,
  0x87,0xff,0x62,0x66,0xff,0x62,0x66,0xff,0x6a,0xc7,0xff,0x41,0xa5,0xff,0x08,0x40,
  0xff,0x08,0x41,0xff,0x18,0xa2,0x00,0x18,0xa2,0x00,0x29,0x23,0x00,0x28,0xe2,0x00,
  0x39,0x64,0xff,0x18,0xc2,0x00,0x18,0xc2,0x00,0x10,0x82,0x00,0x21,0x24,0x00,0x21,
  0x04,0x00,0x21,0x04,0x00,0x21,0x04,0x00,0x21,0x04,0x00,0x21,0x04,0x00,0x21,0x04,
  0x00,0x21,0x04,0x00,0x21,0x04,0x00,0x21,0x04,0x00,0x21,0x04,0x00,0x21,0x04,0x00,
  0x21,0x04,0x00,0x21,0x04,0x00,0x21,0x04,0x00,0x21,0x04,0x00,0x21,0x04,0x00,0x21,
  0x04,0x00,0x21,0x04,0x00,0x21,0x04,0x00,0x21,0x04,0x00,0x21,0x04,0x00,0x21,0x04,
  0x00,0x21,0x04,0x00,0x21,0x04,0x00,0x21,0x04,0x00,0x21,0x04,0x00,0x21,0x24,0x00,
  0x10,0xa2,0x00,0x10,0x81,0x00,0x10,0x81,0x00,0x52,0x26,0x00,0x7b,0x09,0x00,0x6a,
  0x88,0x00,0x6a,0xa7,0x00,0x6a,0xa7,0x00,0x6a,0x67,0x00,0x6a,0x67,0x00,0x6a,0x67,
  0x00,0x6a,0x87,0x00,0x62,0x46,0x00,0x62,0x46,0x00,0x62,0x26,0x00,0x62,0x26,0x00,
  0x6a,0x86,0x00,0x6a,0x87,0x00,0x6a,0x87,0x00,0x49,0xa5,0x00,0x39,0x64,0x00,0x49,
  0xc5,0x00,0x41,0x84,0x00,0x41,0x84,0x00,0x41,0x43,0x00,0x7a,0xc7,0x00,0xc4,0xac,
  0x00,0x6a,0x25,0x00,0x30,0xe2,0x00,0x30,0xe2,0x00,0x39,0x43,0x00,0x41,0x63,0x00,
  0x28,0xe2,0x00,0x31,0x23,0x00,0x31,0x23,0x00,0x39,0x44,0x00,0x31,0x43,0x00,0x39,
  0x43,0x00,0x39,0x43,0x00,0x39,0x43,0x00,0x31,0x23,0x00,0x20,0xc2,0x00,0x08,0x41,
  0x00,0x21,0x04,0x00,0x21,0x24,0x00,0x21,0x24,0x00,0x21,0x04,0x00,0x21,0x04,0x00,
  0x21,0x04,0x00,0x21,0x04,0x00,0x21,0x04,0x00,0x21,0x04,0x00,0x21,0x04,0x00,0x19,
  0x04,0x00,0x19,0x04,0x00,0x19,0x04,0x00,0x19,0x04,0x00,0x18,0xe4,0x00,0x18,0xe4,
  0x00,0x19,0x04,0x00,0x18,0xe3,0x00,0x18,0xe3,0x00,0x18,0xe4,0x00,0x21,0x24,0x00,
  0x10,0xa2,0x00,0x00,0x20,0xff,0x00,0x20,0xff,0x08,0x61,0xff,0x10,0x81,0xff,0x08,
  0x40,0xff,0x00,0x00,0xff,0x31,0x43,0xff,0x31,0x43,0xff,0x62,0x66,0xff,0x49,0xa4,
  0xff,0x39,0x63,0xff,0x31,0x23,0xff,0x31,0x23,0xff,0x49,0xa4,0xff,0x41,0x63,0xff,
  0x41,0xa4,0xff,0x31,0x23,0xff,0x31,0x23,0xff,0x18,0xa1,0xff,0x10,0x61,0xff,0x41,
  0xa5,0xff,0x6a,0xa7,0xff,0x5a,0x26,0xff,0x5a,0x26,0xff,0x41,0x63,0xff,0x51,0xe5,
  0xff,0x51,0xe5,0xff,0x20,0xc2,0x00,0x20,0xc2,0x00,0x08,0x21,0xff,0x21,0x04,0x00,
  0x21,0x04,0x00,0x21,0x04,0x00,0x21,0x04,0x00,0x21,0x04,0x00,0x21,0x04,0x00,0x21,
  0x04,0x00,0x21,0x04,0x00,0x21,0x04,0x00,0x21,0x04,0x00,0x21,0x04,0x00,0x21,0x04,
  0x00,0x21,0x04,0x00,0x21,0x04,0x00,0x21,0x04,0x00,0x21,0x04,0x00,0x21,0x04,0x00,
  0x21,0x04,0x00,0x21,0x04,0x00,0x21,0x04,0x00,0x21,0x04,0x00,0x21,0x04,0x00,0x21,
  0x04,0x00,0x21,0x04,0x00,0x21,0x24,0x00,0x21,0x24,0x00,0x21,0x24,0x00,0x21,0x04,
  0x00,0x08,0x41,0x00,0x08,0x20,0x00,0x08,0x20,0x00,0x49,0xa4,0x00,0x62,0x66,0x00,
  0x62,0x47,0x00,0x6a,0x87,0x00,0x6a,0x87,0x00,0x6a,0xa7,0x00,0x6a,0xa7,0x00,0x6a,
  0x87,0x00,0x6a,0x87,0x00,0x62,0x66,0x00,0x62,0x66,0x00,0x62,0x47,0x00,0x62,0x46,
  0x00,0x62,0x46,0x00,0x51,0xe5,0x00,0x51,0xe5,0x00,0x49,0xc4,0x00,0x49,0xc4,0x00,
  0x49,0xc4,0x00,0x41,0x63,0x00,0x41,0x63,0x00,0x41,0x64,0x00,0x39,0x23,0x00,0x41,
  0x43,0x00,0x59,0xe4,0x00,0x51,0xc4,0x00,0x51,0xc4,0x00,0x39,0x63,0x00,0x39,0x43,
  0x00,0x31,0x23,0x00,0x31,0x43,0x00,0x31,0x43,0x00,0x28,0xe3,0x00,0x29,0x03,0x00,
  0x28,0xe2,0x00,0x28,0xe2,0x00,0x28,0xe2,0x00,0x39,0x43,0x00,0x28,0xe2,0x00,0x08,
  0x41,0x00,0x21,0x04,0x00,0x21,0x24,0x00,0x21,0x24,0x00,0x21,0x04,0x00,0x19,0x04,
  0x00,0x21,0x04,0x00,0x19,0x04,0x00,0x19,0x04,0x00,0x21,0x04,0x00,0x19,0x04,0x00,
  0x19,0x04,0x00,0x19,0x04,0x00,0x21,0x04,0x00,0x21,0x04,0x00,0x18,0xe4,0x00,0x18,
  0xe4,0x00,0x19,0x03,0x00,0x21,0x04,0x00,0x21,0x04,0x00,0x21,0x04,0x00,0x21,0x24,
  0x00,0x18,0xc3,0x00,0x08,0x41,0xff,0x08,0x41,0xff,0x18,0xa2,0xff,0x18,0xa2,0xff,
  0x10,0x41,0xff,0x20,0xc2,0xff,0x28,0xe2,0xff,0x28,0xe2,0xff,0x20,0xc1,0xff,0x20,
  0x81,0xff,0x20,0xc2,0xff,0x20,0xc2,0xff,0x20,0xc2,0xff,0x31,0x23,0xff,0x31,0x03,
  0xff,0x39,0x64,0xff,0x31,0x23,0xff,0x31,0x23,0xff,0x29,0x03,0xff,0x20,0xc2,0xff,
  0x52,0x26,0xff,0x83,0x49,0xff,0x72,0x86,0xff,0x72,0x86,0xff,0x49,0xc4,0xff,0x51,
  0xe5,0xff,0x49,0xc4,0xff,0x29,0x23,0x00,0x29,0x23,0x00,0x00,0x41,0xff,0x18,0xe3,
  0x00,0x21,0x24,0x00,0x21,0x04,0x00,0x21,0x04,0x00,0x21,0x04,0x00,0x21,0x04,0x00,
  0x21,0x04,0x00,0x21,0x04,0x00,0x21,0x04,0x00,0x21,0x04,0x00,0x21,0x04,0x00,0x21,
  0x04,0x00,0x21,0x04,0x00,0x21,0x04,0x00,0x21,0x04,0x00,0x21,0x04,0x00,0x21,0x04,
  0x00,0x21,0x04,0x00,0x21,0x04,0x00,0x21,0x04,0x00,0x21,0x04,0x00,0x21,0x04,0x00,
  0x21,0x04,0x00,0x21,0x04,0x00,0x21,0x24,0x00,0x21,0x24,0x00,0x21,0x24,0x00,0x21,
  0x04,0x00,0x08,0x41,0x00,0x08,0x20,0x00,0x08,0x20,0x00,0x49,0xa4,0x00,0x62,0x66,
  0x00,0x62,0x47,0x00,0x6a,0x87,0x00,0x6a,0x87,0x00,0x6a,0xa7,0x00,0x6a,0xa7,0x00,
  0x6a,0x87,0x00,0x6a,0x87,0x00,0x62,0x66,0x00,0x62,0x66,0x00,0x62,0x47,0x00,0x62,
  0x46,0x00,0x62,0x46,0x00,0x51,0xe5,0x00,0x51,0xe5,0x00,0x49,0xc4,0x00,0x49,0xc4,
  0x00,0x49,0xc4,0x00,0x41,0x63,0x00,0x41,0x63,0x00,0x41,0x64,0x00,0x39,0x23,0x00,
  0x41,0x43,0x00,0x59,0xe4,0x00,0x51,0xc4,0x00,0x51,0xc4,0x00,0x39,0x63,0x00,0x39,
  0x43,0x00,0x31,0x23,0x00,0x31,0x43,0x00,0x31,0x43,0x00,0x28,0xe3,0x00,0x29,0x03,
  0x00,0x28,0xe2,0x00,0x28,0xe2,0x00,0x28,0xe2,0x00,0x39,0x43,0x00,0x28,0xe2,0x00,
  0x08,0x41,0x00,0x21,0x04,0x00,0x21,0x24,0x00,0x21,0x24,0x00,0x21,0x04,0x00,0x19,
  0x04,0x00,0x21,0x04,0x00,0x19,0x04,0x00,0x19,0x04,0x00,0x21,0x04,0x00,0x19,0x04,
  0x00,0x19,0x04,0x00,0x19,0x04,0x00,0x21,0x04,0x00,0x21,0x04,0x00,0x18,0xe4,0x00,
  0x18,0xe4,0x00,0x19,0x03,0x00,0x21,0x04,0x00,0x21,0x04,0x00,0x21,0x04,0x00,0x21,
  0x24,0x00,0x18,0xc3,0x00,0x08,0x41,0xff,0x08,0x41,0xff,0x18,0xa2,0xff,0x18,0xa2,
  0xff,0x10,0x41,0xff,0x20,0xc2,0xff,0x28,0xe2,0xff,0x28,0xe2,0xff,0x20,0xc1,0xff,
  0x20,0x81,0xff,0x20,0xc2,0xff,0x20,0xc2,0xff,0x20,0xc2,0xff,0x31,0x23,0xff,0x31,
  0x03,0xff,0x39,0x64,0xff,0x31,0x23,0xff,0x31,0x23,0xff,0x29,0x03,0xff,0x20,0xc2,
  0xff,0x52,0x26,0xff,0x83,0x49,0xff,0x72,0x86,0xff,0x72,0x86,0xff,0x49,0xc4,0xff,
  0x51,0xe5,0xff,0x49,0xc4,0xff,0x29,0x23,0x00,0x29,0x23,0x00,0x00,0x41,0xff,0x18,
  0xe3,0x00,0x21,0x24,0x00,0x21,0x04,0x00,0x21,0x04,0x00,0x21,0x04,0x00,0x21,0x04,
  0x00,0x21,0x04,0x00,0x21,0x04,0x00,0x21,0x04,0x00,0x21,0x04,0x00,0x21,0x04,0x00,
  0x21,0x04,0x00,0x21,0x04,0x00,0x21,0x04,0x00,0x21,0x04,0x00,0x21,0x04,0x00,0x21,
  0x04,0x00,0x21,0x04,0x00,0x21,0x04,0x00,0x21,0x04,0x00,0x21,0x04,0x00,0x21,0x04,
  0x00,0x21,0x04,0x00,0x21,0x04,0x00,0x21,0x04,0x00,0x21,0x04,0x00,0x21,0x24,0x00,
  0x18,0xe3,0x00,0x10,0x61,0x00,0x41,0x84,0x00,0x41,0x84,0x00,0x49,0x84,0x00,0x49,
  0xc5,0x00,0x51,0xe5,0x00,0x5a,0x26,0x00,0x5a,0x26,0x00,0x51,0xe5,0x00,0x5a,0x46,
  0x00,0x52,0x05,0x00,0x5a,0x26,0x00,0x62,0x46,0x00,0x62,0x46,0x00,0x6a,0x87,0x00,
  0x6a,0xa7,0x00,0x62,0x66,0x00,0x49,0xa5,0x00,0x49,0xa5,0x00,0x41,0x84,0x00,0x39,
  0x23,0x00,0x39,0x23,0x00,0x41,0xa4,0x00,0x41,0xa4,0x00,0x49,0xc4,0x00,0x31,0x44,
  0x00,0x31,0x44,0x00,0x39,0x64,0x00,0x39,0x43,0x00,0x39,0x43,0x00,0x28,0xe2,0x00,
  0x20,0xa2,0x00,0x18,0x81,0x00,0x20,0xc2,0x00,0x20,0xc2,0x00,0x18,0xa2,0x00,0x31,
  0x23,0x00,0x39,0x23,0x00,0x49,0xa4,0x00,0x49,0xa4,0x00,0x82,0xe8,0x00,0x6a,0xc8,
  0x00,0x08,0x41,0x00,0x18,0xe4,0x00,0x21,0x24,0x00,0x21,0x24,0x00,0x21,0x04,0x00,
  0x19,0x04,0x00,0x21,0x04,0x00,0x21,0x04,0x00,0x21,0x04,0x00,0x21,0x04,0x00,0x19,
  0x04,0x00,0x21,0x04,0x00,0x19,0x04,0x00,0x21,0x04,0x00,0x21,0x04,0x00,0x20,0xe4,
  0x00,0x21,0x04,0x00,0x21,0x04,0x00,0x18,0xe4,0x00,0x18,0xe4,0x00,0x19,0x04,0x00,
  0x21,0x24,0x00,0x08,0x62,0xff,0x00,0x20,0xff,0x00,0x20,0xff,0x31,0x23,0xff,0x49,
  0xc5,0xff,0x52,0x05,0xff,0x7b,0x29,0xff,0x83,0x49,0xff,0x83,0x49,0xff,0x8b,0x69,
  0xff,0x83,0x29,0xff,0x8b,0x8a,0xff,0x8b,0x8a,0xff,0x8b,0x8a,0xff,0x93,0xaa,0xff,
  0x9b,0xaa,0xff,0x9b,0xca,0xff,0x8b,0x49,0xff,0x8b,0x49,0xff,0x7b,0x08,0xff,0x49,
  0xe5,0xff,0x28,0xe3,0xff,0x49,0xa4,0xff,0x8b,0x68,0xff,0x8b,0x68,0xff,0x62,0x45,
  0xff,0x31,0x02,0xff,0x39,0x63,0xff,0x18,0xa1,0x00,0x18,0xa1,0x00,0x00,0x20,0xff,
  0x10,0xa2,0x00,0x21,0x24,0x00,0x21,0x04,0x00,0x21,0x04,0x00,0x21,0x04,0x00,0x21,
  0x04,0x00,0x21,0x04,0x00,0x21,0x04,0x00,0x21,0x04,0x00,0x21,0x04,0x00,0x21,0x04,
  0x00,0x21,0x04,0x00,0x21,0x04,0x00,0x21,0x04,0x00,0x21,0x04,0x00,0x21,0x04,0x00,
  0x21,0x04,0x00,0x21,0x04,0x00,0x21,0x04,0x00,0x21,0x04,0x00,0x21,0x04,0x00,0x21,
  0x24,0x00,0x21,0x24,0x00,0x21,0x04,0x00,0x21,0x24,0x00,0x21,0x24,0x00,0x21,0x24,
  0x00,0x10,0xa2,0x00,0x29,0x03,0x00,0xe6,0x54,0x00,0xe6,0x54,0x00,0xa4,0x2c,0x00,
  0x41,0x63,0x00,0x28,0xe2,0x00,0x30,0xe2,0x00,0x30,0xe2,0x00,0x30,0xc1,0x00,0x41,
  0x63,0x00,0x41,0x63,0x00,0x51,0xc4,0x00,0x51,0xe5,0x00,0x51,0xe5,0x00,0x62,0x46,
  0x00,0x5a,0x06,0x00,0x51,0xe5,0x00,0x41,0x84,0x00,0x41,0x84,0x00,0x41,0xa4,0x00,
  0x39,0x64,0x00,0x39,0x84,0x00,0x31,0x23,0x00,0x31,0x23,0x00,0x31,0x23,0x00,0x31,
  0x23,0x00,0x29,0x03,0x00,0x18,0x82,0x00,0x31,0x23,0x00,0x31,0x23,0x00,0x5a,0x05,
  0x00,0x51,0xc5,0x00,0x41,0x63,0x00,0x49,0x84,0x00,0x49,0x84,0x00,0x51,0xe5,0x00,
  0x7a,0xc7,0x00,0x93,0x49,0x00,0xa3,0xaa,0x00,0xa3,0xaa,0x00,0xb4,0x0b,0x00,0x83,
  0x29,0x00,0x10,0x61,0x00,0x18,0xe3,0x00,0x21,0x24,0x00,0x21,0x24,0x00,0x19,0x04,
  0x00,0x19,0x04,0x00,0x19,0x04,0x00,0x18,0xe4,0x00,0x18,0xe4,0x00,0x19,0x04,0x00,
  0x21,0x04,0x00,0x21,0x04,0x00,0x21,0x04,0x00,0x19,0x04,0x00,0x19,0x04,0x00,0x18,
  0xe4,0x00,0x21,0x04,0x00,0x21,0x04,0x00,0x21,0x04,0x00,0x21,0x04,0x00,0x21,0x04,
  0x00,0x21,0x04,0x00,0x08,0x61,0xff,0x18,0xc2,0xff,0x18,0xc2,0xff,0x52,0x05,0xff,
  0x51,0xc5,0xff,0x6a,0x87,0xff,0x83,0x29,0xff,0x7a,0xe7,0xff,0x7a,0xe7,0xff,0x7b,
  0x08,0xff,0x7a,0xe8,0xff,0x7b,0x08,0xff,0x83,0x08,0xff,0x83,0x08,0xff,0x83,0x08,
  0xff,0x82,0xe8,0xff,0x83,0x08,0xff,0x72,0xa7,0xff,0x72,0xa7,0xff,0x6a,0x86,0xff,
  0x62,0x66,0xff,0x52,0x06,0xff,0x31,0x44,0xff,0x49,0xa4,0xff,0x49,0xa4,0xff,0x49,
  0x84,0xff,0x49,0xa4,0xff,0x31,0x43,0x00,0x18,0x81,0x00,0x18,0x81,0x00,0x08,0x40,
  0xff,0x10,0xa2,0x00,0x21,0x24,0x00,0x21,0x04,0x00,0x21,0x04,0x00,0x21,0x04,0x00,
  0x21,0x04,0x00,0x21,0x04,0x00,0x21,0x04,0x00,0x21,0x04,0x00,0x21,0x04,0x00,0x21,
  0x04,0x00,0x21,0x04,0x00,0x21,0x04,0x00,0x21,0x04,0x00,0x21,0x04,0x00,0x21,0x04,
  0x00,0x21,0x04,0x00,0x21,0x04,0x00,0x18,0xe3,0x00,0x18,0xe3,0x00,0x18,0xe3,0x00,
  0x18,0xe3,0x00,0x18,0xe3,0x00,0x18,0xc3,0x00,0x18,0xc3,0x00,0x18,0xc3,0x00,0x18,
  0xc3,0x00,0x10,0x82,0x00,0x10,0x40,0x00,0xd5,0xb2,0x00,0xd5,0xb2,0x00,0xf6,0xb5,
  0x00,0xd5,0xd2,0x00,0xcd,0xb2,0x00,0xd6,0x13,0x00,0xd6,0x13,0x00,0xd5,0xf4,0x00,
  0xde,0x55,0x00,0xde,0x96,0x00,0xd6,0x35,0x00,0x93,0xcb,0x00,0x93,0xcb,0x00,0x39,
  0x02,0x00,0x20,0x81,0x00,0x20,0xc1,0x00,0x18,0x61,0x00,0x18,0x61,0x00,0x20,0xa1,
  0x00,0x18,0x81,0x00,0x20,0xc1,0x00,0x20,0xa2,0x00,0x20,0xa2,0x00,0x20,0xc2,0x00,
  0x20,0xa1,0x00,0x29,0x02,0x00,0x28,0xc2,0x00,0x62,0x46,0x00,0x62,0x46,0x00,0xbc,
  0x8c,0x00,0xc4,0x8c,0x00,0xab,0xca,0x00,0xb4,0x0b,0x00,0xb4,0x0b,0x00,0xa3,0xaa,
  0x00,0xa3,0x89,0x00,0x93,0x28,0x00,0x8a,0xc7,0x00,0x8a,0xc7,0x00,0x59,0xe5,0x00,
  0x20,0xa1,0x00,0x08,0x41,0x00,0x10,0xc2,0x00,0x10,0xc2,0x00,0x10,0xc2,0x00,0x10,
  0xa2,0x00,0x10,0xa2,0x00,0x10,0xa2,0x00,0x10,0xa2,0x00,0x10,0xa2,0x00,0x18,0xc3,
  0x00,0x21,0x04,0x00,0x21,0x04,0x00,0x21,0x04,0x00,0x18,0xe3,0x00,0x18,0xe3,0x00,
  0x18,0xe3,0x00,0x18,0xe3,0x00,0x18,0xc3,0x00,0x18,0xe3,0x00,0x18,0xe3,0x00,0x18,
  0xe3,0x00,0x10,0xa2,0x00,0x00,0x20,0xff,0x20,0xa2,0xff,0x20,0xa2,0xff,0x51,0xe5,
  0xff,0x5a,0x06,0xff,0x62,0x47,0xff,0x6a,0x67,0xff,0x72,0xa7,0xff,0x72,0xa7,0xff,
  0x72,0xa7,0xff,0x72,0xc8,0xff,0x72,0xc8,0xff,0x72,0xa7,0xff,0x72,0xa7,0xff,0x7a,
  0xc8,0xff,0x7b,0x08,0xff,0x7b,0x08,0xff,0x62,0x26,0xff,0x62,0x26,0xff,0x49,0xa4,
  0xff,0x41,0x84,0xff,0x5a,0x46,0xff,0x49,0xc5,0xff,0x28,0xc2,0x00,0x28,0xc2,0x00,
  0x28,0xe2,0x00,0x39,0x43,0x00,0x28,0xe2,0x00,0x5a,0x26,0xff,0x5a,0x26,0xff,0x41,
  0x84,0xff,0x08,0x41,0xff,0x18,0xe3,0x00,0x21,0x24,0x00,0x21,0x24,0x00,0x21,0x24,
  0x00,0x21,0x04,0x00,0x21,0x04,0x00,0x21,0x04,0x00,0x21,0x04,0x00,0x21,0x04,0x00,
  0x21,0x04,0x00,0x21,0x04,0x00,0x21,0x04,0x00,0x21,0x04,0x00,0x21,0x04,0x00,0x21,
  0x24,0x00,0x21,0x24,0x00,0x18,0xe3,0x00,0x10,0xa2,0x00,0x10,0xa2,0x00,0x10,0xc2,
  0x00,0x10,0xa2,0x00,0x10,0xa2,0x00,0x10,0xa2,0x00,0x10,0xa2,0x00,0x10,0xa2,0x00,
  0x18,0xc3,0x00,0x10,0xa2,0x00,0x08,0x20,0x00,0x9b,0xcb,0x00,0x9b,0xcb,0x00,0xdd,
  0x70,0x00,0xcd,0x50,0x00,0xee,0x55,0x00,0xf6,0xd7,0x00,0xf6,0xd7,0x00,0xf6,0xd7,
  0x00,0xff,0x59,0x00,0xff,0x7a,0x00,0xff,0x9a,0x00,0xee,0x74,0x00,0xee,0x74,0x00,
  0xbc,0xce,0x00,0xa4,0x2c,0x00,0xa4,0x6c,0x00,0xa4,0x2c,0x00,0xa4,0x2c,0x00,0xa4,
  0x4d,0x00,0x9c,0x0b,0x00,0x93,0xa9,0x00,0x83,0x08,0x00,0x83,0x08,0x00,0x93,0x69,
  0x00,0x93,0x8a,0x00,0xa3,0xeb,0x00,0xb4,0x4c,0x00,0xcd,0x0e,0x00,0xcd,0x0e,0x00,
  0xbc,0x6c,0x00,0x72,0x86,0x00,0x51,0xe5,0x00,0x62,0x25,0x00,0x62,0x25,0x00,0x72,
  0x66,0x00,0x8b,0x28,0x00,0x72,0x66,0x00,0x28,0xa2,0x00,0x28,0xa2,0x00,0x08,0x20,
  0x00,0x08,0x41,0x00,0x10,0xa2,0x00,0x18,0xc2,0x00,0x10,0xa2,0x00,0x10,0xa2,0x00,
  0x10,0xc2,0x00,0x10,0xc2,0x00,0x18,0xc2,0x00,0x18,0xc3,0x00,0x18,0xc3,0x00,0x18,
  0xe3,0x00,0x18,0xe3,0x00,0x19,0x03,0x00,0x18,0xe3,0x00,0x18,0xc3,0x00,0x18,0xc3,
  0x00,0x10,0xa2,0x00,0x10,0xa2,0x00,0x10,0xa2,0x00,0x10,0xc3,0x00,0x10,0xc3,0x00,
  0x18,0xc3,0x00,0x08,0x41,0xff,0x08,0x40,0xff,0x28,0xc2,0xff,0x28,0xc2,0xff,0x49,
  0xe5,0xff,0x72,0xc7,0xff,0x7a,0xe8,0xff,0x7b,0x09,0xff,0x7b,0x09,0xff,0x7b,0x09,
  0xff,0x83,0x29,0xff,0x8b,0x4a,0xff,0x8b,0x6a,0xff,0x8b,0x6a,0xff,0x8b,0x6a,0xff,
  0x93,0x8a,0xff,0x93,0xab,0xff,0x93,0xaa,0xff,0x83,0x29,0xff,0x83,0x29,0xff,0x6a,
  0xa8,0xff,0x62,0x67,0xff,0x62,0x67,0xff,0x5a,0x46,0xff,0x49,0xe5,0xff,0x49,0xe5,
  0xff,0x29,0x23,0x00,0x31,0x23,0x00,0x52,0x05,0xff,0xc5,0x0f,0xff,0xc5,0x0f,0xff,
  0x7b,0x09,0xff,0x08,0x20,0xff,0x18,0xc3,0x00,0x18,0xe3,0x00,0x18,0xe3,0x00,0x18,
  0xe3,0x00,0x19,0x04,0x00,0x21,0x04,0x00,0x21,0x04,0x00,0x21,0x04,0x00,0x21,0x04,
  0x00,0x21,0x04,0x00,0x21,0x04,0x00,0x18,0xc3,0x00,0x10,0xa2,0x00,0x10,0xa2,0x00,
  0x18,0xc3,0x00,0x18,0xc3,0x00,0x18,0xc2,0x00,0x10,0xa2,0x00,0x10,0xa2,0x00,0x10,
  0xc2,0x00,0x18,0xc2,0x00,0x18,0xc3,0x00,0x10,0xc2,0x00,0x10,0xa2,0x00,0x10,0xa2,
  0x00,0x10,0xa2,0x00,0x10,0x82,0x00,0x10,0x61,0x00,0x41,0x63,0x00,0x41,0x63,0x00,
  0x41,0x22,0x00,0x51,0x83,0x00,0x93,0x48,0x00,0xa3,0xc9,0x00,0xa3,0xc9,0x00,0xab,
  0xea,0x00,0xbc,0x6c,0x00,0xc4,0xcd,0x00,0xe5,0xb1,0x00,0xf6,0x32,0x00,0xf6,0x32,
  0x00,0xfe,0xd4,0x00,0xfe,0xf5,0x00,0xff,0x36,0x00,0xff,0x17,0x00,0xff,0x17,0x00,
  0xff,0x57,0x00,0xfe,0xf4,0x00,0xd4,0xed,0x00,0xab,0x68,0x00,0xab,0x68,0x00,0xc4,
  0x6b,0x00,0xab,0xea,0x00,0x7a,0x87,0x00,0x72,0x87,0x00,0x83,0x28,0x00,0x83,0x28,
  0x00,0x6a,0x86,0x00,0x18,0x61,0x00,0x00,0x00,0x00,0x00,0x00,0x00,0x00,0x00,0x00,
  0x08,0x20,0x00,0x18,0x81,0x00,0x18,0x61,0x00,0x10,0x62,0x00,0x10,0x62,0x00,0x08,
  0x82,0x00,0x10,0xc2,0x00,0x10,0xa2,0x00,0x18,0xc3,0x00,0x10,0xa2,0x00,0x10,0xa2,
  0x00,0x10,0xc2,0x00,0x10,0xc2,0x00,0x18,0xc3,0x00,0x18,0xc3,0x00,0x18,0xc3,0x00,
  0x18,0xc3,0x00,0x18,0xc3,0x00,0x18,0xc3,0x00,0x10,0xa2,0x00,0x10,0xa2,0x00,0x10,
  0xa2,0x00,0x10,0xa2,0x00,0x18,0xc3,0x00,0x18,0xc3,0x00,0x18,0xc3,0x00,0x18,0xc3,
  0x00,0x10,0x82,0x00,0x08,0x40,0xff,0xa4,0x4d,0xff,0xac,0x8e,0xff,0xac,0x8e,0xff,
  0x41,0x63,0xff,0x41,0x84,0xff,0x39,0x64,0xff,0x41,0x85,0xff,0x41,0x84,0xff,0x41,
  0x84,0xff,0x49,0xc5,0xff,0x49,0xa5,0xff,0x49,0xc5,0xff,0x49,0xa5,0xff,0x49,0xa5,
  0xff,0x49,0xa5,0xff,0x41,0xa5,0xff,0x41,0xa4,0xff,0x41,0x84,0xff,0x41,0x84,0xff,
  0x41,0xa5,0xff,0x39,0x85,0xff,0x41,0xa5,0xff,0x39,0x64,0xff,0x39,0x84,0xff,0x39,
  0x84,0xff,0x20,0xc2,0x00,0x18,0x61,0x00,0x6a,0x87,0xff,0xd5,0x0e,0xff,0xd5,0x0e,
  0xff,0x49,0xa4,0xff,0x08,0x21,0xff,0x10,0xa2,0x00,0x10,0xa2,0x00,0x10,0xa2,0x00,
  0x10,0xa2,0x00,0x18,0xc2,0x00,0x21,0x04,0x00,0x21,0x04,0x00,0x21,0x04,0x00,0x21,
  0x04,0x00,0x21,0x04,0x00,0x21,0x04,0x00,0x18,0xc3,0x00,0x10,0xa2,0x00,0x10,0xa2,
  0x00,0x18,0xc3,0x00,0x18,0xc3,0x00,0x18,0xc2,0x00,0x10,0xa2,0x00,0x10,0xa2,0x00,
  0x10,0xc2,0x00,0x18,0xc2,0x00,0x18,0xc3,0x00,0x10,0xc2,0x00,0x10,0xa2,0x00,0x10,
  0xa2,0x00,0x10,0xa2,0x00,0x10,0x82,0x00,0x10,0x61,0x00,0x41,0x63,0x00,0x41,0x63,
  0x00,0x41,0x22,0x00,0x51,0x83,0x00,0x93,0x48,0x00,0xa3,0xc9,0x00,0xa3,0xc9,0x00,
  0xab,0xea,0x00,0xbc,0x6c,0x00,0xc4,0xcd,0x00,0xe5,0xb1,0x00,0xf6,0x32,0x00,0xf6,
  0x32,0x00,0xfe,0xd4,0x00,0xfe,0xf5,0x00,0xff,0x36,0x00,0xff,0x17,0x00,0xff,0x17,
  0x00,0xff,0x57,0x00,0xfe,0xf4,0x00,0xd4,0xed,0x00,0xab,0x68,0x00,0xab,0x68,0x00,
  0xc4,0x6b,0x00,0xab,0xea,0x00,0x7a,0x87,0x00,0x72,0x87,0x00,0x83,0x28,0x00,0x83,
  0x28,0x00,0x6a,0x86,0x00,0x18,0x61,0x00,0x00,0x00,0x00,0x00,0x00,0x00,0x00,0x00,
  0x00,0x08,0x20,0x00,0x18,0x81,0x00,0x18,0x61,0x00,0x10,0x62,0x00,0x10,0x62,0x00,
  0x08,0x82,0x00,0x10,0xc2,0x00,0x10,0xa2,0x00,0x18,0xc3,0x00,0x10,0xa2,0x00,0x10,
  0xa2,0x00,0x10,0xc2,0x00,0x10,0xc2,0x00,0x18,0xc3,0x00,0x18,0xc3,0x00,0x18,0xc3,
  0x00,0x18,0xc3,0x00,0x18,0xc3,0x00,0x18,0xc3,0x00,0x10,0xa2,0x00,0x10,0xa2,0x00,
  0x10,0xa2,0x00,0x10,0xa2,0x00,0x18,0xc3,0x00,0x18,0xc3,0x00,0x18,0xc3,0x00,0x18,
  0xc3,0x00,0x10,0x82,0x00,0x08,0x40,0xff,0xa4,0x4d,0xff,0xac,0x8e,0xff,0xac,0x8e,
  0xff,0x41,0x63,0xff,0x41,0x84,0xff,0x39,0x64,0xff,0x41,0x85,0xff,0x41,0x84,0xff,
  0x41,0x84,0xff,0x49,0xc5,0xff,0x49,0xa5,0xff,0x49,0xc5,0xff,0x49,0xa5,0xff,0x49,
  0xa5,0xff,0x49,0xa5,0xff,0x41,0xa5,0xff,0x41,0xa4,0xff,0x41,0x84,0xff,0x41,0x84,
  0xff,0x41,0xa5,0xff,0x39,0x85,0xff,0x41,0xa5,0xff,0x39,0x64,0xff,0x39,0x84,0xff,
  0x39,0x84,0xff,0x20,0xc2,0x00,0x18,0x61,0x00,0x6a,0x87,0xff,0xd5,0x0e,0xff,0xd5,
  0x0e,0xff,0x49,0xa4,0xff,0x08,0x21,0xff,0x10,0xa2,0x00,0x10,0xa2,0x00,0x10,0xa2,
  0x00,0x10,0xa2,0x00,0x18,0xc2,0x00,0x21,0x04,0x00,0x21,0x04,0x00,0x21,0x04,0x00,
  0x21,0x04,0x00,0x21,0x04,0x00,0x21,0x04,0x00,0x18,0xe3,0x00,0x18,0xc3,0x00,0x18,
  0xc3,0x00,0x18,0xc3,0x00,0x18,0xc3,0x00,0x18,0xc3,0x00,0x18,0xc3,0x00,0x18,0xc3,
  0x00,0x18,0xc2,0x00,0x10,0xa2,0x00,0x10,0xc2,0x00,0x10,0xa2,0x00,0x10,0xa2,0x00,
  0x10,0xa2,0x00,0x10,0xa2,0x00,0x10,0xa2,0x00,0x10,0x61,0x00,0x00,0x20,0x00,0x00,
  0x20,0x00,0x00,0x00,0x00,0x18,0x60,0x00,0x72,0xa7,0x00,0x8b,0x48,0x00,0x8b,0x48,
  0x00,0x93,0x48,0x00,0x93,0x68,0x00,0x9b,0xa9,0x00,0xa3,0xea,0x00,0xa3,0xea,0x00,
  0xa3,0xea,0x00,0xac,0x0b,0x00,0xac,0x0a,0x00,0xac,0x0a,0x00,0xa3,0xea,0x00,0xa3,
  0xea,0x00,0xac,0x2b,0x00,0x9b,0xea,0x00,0x83,0x07,0x00,0x72,0x86,0x00,0x72,0x86,
  0x00,0x83,0x08,0x00,0x51,0xe4,0x00,0x08,0x20,0x00,0x00,0x00,0x00,0x00,0x00,0x00,
  0x00,0x00,0x00,0x10,0x61,0x00,0x20,0xc3,0x00,0x18,0xc3,0x00,0x18,0xc3,0x00,0x18,
  0xc3,0x00,0x08,0x62,0x00,0x10,0x82,0x00,0x10,0x82,0x00,0x10,0xa2,0x00,0x10,0xa2,
  0x00,0x10,0xa2,0x00,0x10,0xc2,0x00,0x10,0xa2,0x00,0x10,0xa2,0x00,0x10,0xa2,0x00,
  0x10,0xa2,0x00,0x10,0xa2,0x00,0x10,0xa2,0x00,0x10,0xa2,0x00,0x10,0xa2,0x00,0x10,
  0xa2,0x00,0x10,0xc2,0x00,0x10,0xc2,0x00,0x10,0xa2,0x00,0x10,0xa2,0x00,0x10,0xa2,
  0x00,0x10,0xa2,0x00,0x18,0xc3,0x00,0x18,0xc3,0x00,0x10,0xa2,0x00,0x18,0xc3,0x00,
  0x18,0xc3,0x00,0x10,0x82,0x00,0x08,0x40,0xff,0xc5,0x10,0xff,0xe6,0x12,0xff,0xe6,
  0x12,0xff,0xac,0x4c,0xff,0x72,0xe8,0xff,0x28,0xe3,0xff,0x29,0x03,0xff,0x29,0x03,
  0xff,0x29,0x03,0xff,0x39,0x43,0xff,0x39,0x23,0xff,0x31,0x43,0xff,0x39,0x44,0xff,
  0x39,0x44,0xff,0x39,0x43,0xff,0x39,0x43,0xff,0x39,0x43,0xff,0x39,0x43,0xff,0x39,
  0x43,0xff,0x31,0x43,0xff,0x28,0xc2,0xff,0x20,0xc2,0xff,0x18,0x82,0xff,0x31,0x23,
  0xff,0x31,0x23,0xff,0x39,0x43,0xff,0x5a,0x05,0xff,0xa3,0xeb,0xff,0xac,0x0b,0xff,
  0xac,0x0b,0xff,0x28,0xe2,0xff,0x08,0x61,0xff,0x18,0xc2,0x00,0x10,0xa2,0x00,0x10,
  0xa2,0x00,0x10,0xa2,0x00,0x18,0xa2,0x00,0x21,0x04,0x00,0x21,0x04,0x00,0x21,0x04,
  0x00,0x21,0x04,0x00,0x21,0x04,0x00,0x21,0x04,0x00,0x21,0x04,0x00,0x21,0x04,0x00,
  0x21,0x04,0x00,0x21,0x24,0x00,0x21,0x04,0x00,0x21,0x04,0x00,0x21,0x04,0x00,0x21,
  0x04,0x00,0x18,0xc3,0x00,0x10,0xa2,0x00,0x10,0xc2,0x00,0x10,0xc2,0x00,0x10,0xc2,
  0x00,0x10,0xc2,0x00,0x10,0xa2,0x00,0x10,0x82,0x00,0x10,0x82,0x00,0x08,0x61,0x00,
  0x08,0x61,0x00,0x08,0x41,0x00,0x08,0x41,0x00,0x10,0x61,0x00,0x10,0x60,0x00,0x10,
  0x60,0x00,0x10,0x40,0x00,0x10,0x40,0x00,0x08,0x40,0x00,0x08,0x40,0x00,0x08,0x40,
  0x00,0x08,0x40,0x00,0x08,0x40,0x00,0x08,0x20,0x00,0x08,0x40,0x00,0x08,0x20,0x00,
  0x08,0x20,0x00,0x08,0x20,0x00,0x00,0x20,0x00,0x08,0x20,0x00,0x00,0x20,0x00,0x00,
  0x20,0x00,0x08,0x41,0x00,0x10,0x81,0x00,0x10,0x82,0x00,0x08,0x62,0x00,0x08,0x82,
  0x00,0x08,0x82,0x00,0x08,0x82,0x00,0x10,0x82,0x00,0x10,0xa2,0x00,0x10,0xa2,0x00,
  0x10,0xa2,0x00,0x10,0xa2,0x00,0x10,0xa2,0x00,0x10,0x82,0x00,0x10,0xa2,0x00,0x10,
  0xa2,0x00,0x10,0x82,0x00,0x10,0xa2,0x00,0x18,0xc3,0x00,0x18,0xc3,0x00,0x18,0xc3,
  0x00,0x18,0xc3,0x00,0x18,0xc3,0x00,0x10,0xc3,0x00,0x10,0xc3,0x00,0x10,0xa2,0x00,
  0x10,0xa2,0x00,0x10,0xc2,0x00,0x10,0xa2,0x00,0x10,0xc3,0x00,0x10,0xa2,0x00,0x18,
  0xc3,0x00,0x18,0xc3,0x00,0x10,0xc3,0x00,0x10,0xa2,0x00,0x10,0xa2,0x00,0x10,0xa2,
  0x00,0x10,0xa2,0x00,0x10,0x82,0x00,0x00,0x20,0xff,0x83,0x09,0xff,0xee,0x33,0xff,
  0xee,0x33,0xff,0xe5,0xf1,0xff,0xee,0x53,0xff,0xee,0x95,0xff,0xf6,0xf6,0xff,0xf6,
  0xd6,0xff,0xf6,0xd6,0xff,0xf7,0x16,0xff,0xf6,0xf5,0xff,0xf6,0xd6,0xff,0xf6,0xd6,
  0xff,0xf6,0xd6,0xff,0xf6,0xf6,0xff,0xf6,0xf6,0xff,0xfe,0xf5,0xff,0xf6,0xf5,0xff,
  0xf6,0xf5,0xff,0xf6,0xf5,0xff,0xee,0x53,0xff,0xe6,0x52,0xff,0xdd,0xd1,0xff,0xe6,
  0x12,0xff,0xe6,0x12,0xff,0xee,0x31,0xff,0xed,0xf0,0xff,0xbc,0x6c,0xff,0x38,0xe1,
  0xff,0x38,0xe1,0xff,0x08,0x20,0xff,0x10,0xa2,0x00,0x10,0xa2,0x00,0x10,0xa2,0x00,
  0x10,0xa2,0x00,0x10,0xc2,0x00,0x18,0xc3,0x00,0x21,0x04,0x00,0x21,0x04,0x00,0x21,
  0x04,0x00,0x21,0x04,0x00,0x21,0x04,0x00,0x21,0x04,0x00,0x21,0x04,0x00,0x21,0x04,
  0x00,0x21,0x04,0x00,0x21,0x04,0x00,0x21,0x04,0x00,0x21,0x04,0x00,0x21,0x04,0x00,
  0x21,0x04,0x00,0x19,0x03,0x00,0x18,0xe3,0x00,0x19,0x04,0x00,0x21,0x04,0x00,0x19,
  0x04,0x00,0x19,0x04,0x00,0x18,0xe3,0x00,0x18,0xc3,0x00,0x18,0xc3,0x00,0x18,0xc3,
  0x00,0x18,0xc3,0x00,0x10,0xa2,0x00,0x10,0x82,0x00,0x00,0x41,0x00,0x00,0x41,0x00,
  0x00,0x41,0x00,0x00,0x41,0x00,0x08,0x41,0x00,0x00,0x41,0x00,0x00,0x21,0x00,0x00,
  0x21,0x00,0x00,0x21,0x00,0x00,0x41,0x00,0x00,0x41,0x00,0x00,0x62,0x00,0x08,0x62,
  0x00,0x08,0x62,0x00,0x08,0x62,0x00,0x08,0x62,0x00,0x08,0x82,0x00,0x08,0x62,0x00,
  0x08,0x62,0x00,0x00,0x62,0x00,0x08,0x82,0x00,0x10,0xa2,0x00,0x10,0xa2,0x00,0x10,
  0xa2,0x00,0x10,0xa2,0x00,0x08,0x82,0x00,0x10,0x82,0x00,0x08,0x82,0x00,0x08,0x82,
  0x00,0x08,0x82,0x00,0x08,0x82,0x00,0x10,0xa2,0x00,0x18,0xc3,0x00,0x18,0xe3,0x00,
  0x18,0xe3,0x00,0x18,0xc3,0x00,0x18,0xe3,0x00,0x18,0xe3,0x00,0x21,0x04,0x00,0x21,
  0x04,0x00,0x21,0x04,0x00,0x21,0x04,0x00,0x21,0x04,0x00,0x21,0x04,0x00,0x19,0x03,
  0x00,0x19,0x03,0x00,0x18,0xe3,0x00,0x10,0xc3,0x00,0x10,0xa2,0x00,0x10,0xa2,0x00,
  0x10,0xc2,0x00,0x10,0xc2,0x00,0x10,0xa2,0x00,0x18,0xc2,0x00,0x10,0xa2,0x00,0x10,
  0xa2,0x00,0x10,0xa2,0x00,0x18,0xc2,0x00,0x08,0x61,0xff,0x41,0x84,0xff,0x83,0x08,
  0xff,0x83,0x08,0xff,0x82,0xc7,0xff,0x93,0x68,0xff,0xd5,0x50,0xff,0xff,0x16,0xff,
  0xf6,0x95,0xff,0xf6,0x95,0xff,0xf6,0x94,0xff,0xf6,0x74,0xff,0xf6,0x73,0xff,0xf6,
  0x53,0xff,0xf6,0x53,0xff,0xf6,0x53,0xff,0xf6,0x53,0xff,0xf6,0x32,0xff,0xf6,0x32,
  0xff,0xf6,0x32,0xff,0xf6,0x32,0xff,0xed,0xf1,0xff,0xed,0xf0,0xff,0xdd,0x4e,0xff,
  0xc4,0xac,0xff,0xc4,0xac,0xff,0x8a,0xe7,0xff,0x82,0xe7,0xff,0x62,0x25,0xff,0x10,
  0x61,0xff,0x10,0x61,0xff,0x10,0x82,0x00,0x10,0xc2,0x00,0x10,0xa2,0x00,0x10,0xa2,
  0x00,0x10,0xa2,0x00,0x10,0xa2,0x00,0x10,0xa2,0x00,0x21,0x04,0x00,0x21,0x04,0x00,
  0x21,0x04,0x00,0x21,0x04,0x00,0x21,0x04,0x00,0x21,0x04,0x00,0x21,0x04,0x00,0x21,
  0x04,0x00,0x21,0x04,0x00,0x21,0x04,0x00,0x21,0x04,0x00,0x21,0x04,0x00,0x21,0x04,
  0x00,0x21,0x04,0x00,0x21,0x04,0x00,0x21,0x04,0x00,0x21,0x04,0x00,0x21,0x04,0x00,
  0x21,0x04,0x00,0x21,0x04,0x00,0x18,0xe4,0x00,0x21,0x04,0x00,0x18,0xe4,0x00,0x19,
  0x04,0x00,0x19,0x04,0x00,0x18,0xe4,0x00,0x18,0xe3,0x00,0x18,0xe3,0x00,0x18,0xe3,
  0x00,0x18,0xe3,0x00,0x18,0xe3,0x00,0x19,0x03,0x00,0x18,0xe4,0x00,0x21,0x04,0x00,
  0x19,0x04,0x00,0x19,0x04,0x00,0x19,0x04,0x00,0x19,0x04,0x00,0x19,0x04,0x00,0x19,
  0x04,0x00,0x19,0x04,0x00,0x19,0x04,0x00,0x19,0x03,0x00,0x19,0x03,0x00,0x18,0xe3,
  0x00,0x18,0xe3,0x00,0x19,0x04,0x00,0x19,0x04,0x00,0x19,0x04,0x00,0x18,0xe4,0x00,
  0x18,0xe3,0x00,0x18,0xe3,0x00,0x18,0xe4,0x00,0x18,0xe4,0x00,0x18,0xe3,0x00,0x19,
  0x03,0x00,0x19,0x03,0x00,0x18,0xe3,0x00,0x18,0xe4,0x00,0x21,0x04,0x00,0x21,0x04,
  0x00,0x21,0x04,0x00,0x21,0x04,0x00,0x21,0x04,0x00,0x19,0x04,0x00,0x21,0x04,0x00,
  0x19,0x04,0x00,0x19,0x04,0x00,0x21,0x04,0x00,0x21,0x04,0x00,0x21,0x04,0x00,0x21,
  0x04,0x00,0x21,0x04,0x00,0x21,0x04,0x00,0x10,0xc3,0x00,0x10,0xa3,0x00,0x18,0xc3,
  0x00,0x18,0xc3,0x00,0x18,0xc3,0x00,0x10,0xc3,0x00,0x10,0xc2,0x00,0x10,0xa2,0x00,
  0x10,0xa2,0x00,0x10,0xa2,0x00,0x10,0xa2,0x00,0x10,0xc2,0x00,0x00,0x20,0xff,0x00,
  0x00,0xff,0x00,0x00,0xff,0x30,0xe2,0x00,0xac,0x4c,0xff,0x93,0xaa,0xff,0xcd,0x0f,
  0xff,0xcd,0x4f,0xff,0xcd,0x4f,0xff,0xcd,0x4f,0xff,0xcd,0x2f,0xff,0xd5,0x50,0xff,
  0xd5,0x70,0xff,0xd5,0x70,0xff,0xd5,0x70,0xff,0xd5,0x70,0xff,0xdd,0x6f,0xff,0xd5,
  0x4f,0xff,0xd5,0x4f,0xff,0xd5,0x4f,0xff,0xcd,0x0e,0xff,0xac,0x0b,0xff,0xa3,0xeb,
  0xff,0xc4,0xad,0xff,0xc4,0xad,0xff,0x51,0xa4,0xff,0x08,0x20,0xff,0x10,0x40,0xff,
  0x08,0x62,0x00,0x08,0x62,0x00,0x10,0xa2,0x00,0x10,0xc2,0x00,0x10,0xa2,0x00,0x10,
  0xc2,0x00,0x10,0xc2,0x00,0x10,0xa2,0x00,0x10,0xc3,0x00,0x21,0x04,0x00,0x21,0x04,
  0x00,0x21,0x04,0x00,0x21,0x04,0x00,0x21,0x04,0x00,0x21,0x04,0x00,0x21,0x04,0x00,
  0x21,0x04,0x00,0x21,0x04,0x00,0x21,0x04,0x00,0x21,0x04,0x00,0x21,0x04,0x00,0x21,
  0x04,0x00,0x21,0x04,0x00,0x21,0x04,0x00,0x21,0x04,0x00,0x21,0x04,0x00,0x21,0x04,
  0x00,0x21,0x04,0x00,0x21,0x04,0x00,0x18,0xe4,0x00,0x21,0x04,0x00,0x18,0xe4,0x00,
  0x19,0x04,0x00,0x19,0x04,0x00,0x18,0xe4,0x00,0x18,0xe3,0x00,0x18,0xe3,0x00,0x18,
  0xe3,0x00,0x18,0xe3,0x00,0x18,0xe3,0x00,0x19,0x03,0x00,0x18,0xe4,0x00,0x21,0x04,
  0x00,0x19,0x04,0x00,0x19,0x04,0x00,0x19,0x04,0x00,0x19,0x04,0x00,0x19,0x04,0x00,
  0x19,0x04,0x00,0x19,0x04,0x00,0x19,0x04,0x00,0x19,0x03,0x00,0x19,0x03,0x00,0x18,
  0xe3,0x00,0x18,0xe3,0x00,0x19,0x04,0x00,0x19,0x04,0x00,0x19,0x04,0x00,0x18,0xe4,
  0x00,0x18,0xe3,0x00,0x18,0xe3,0x00,0x18,0xe4,0x00,0x18,0xe4,0x00,0x18,0xe3,0x00,
  0x19,0x03,0x00,0x19,0x03,0x00,0x18,0xe3,0x00,0x18,0xe4,0x00,0x21,0x04,0x00,0x21,
  0x04,0x00,0x21,0x04,0x00,0x21,0x04,0x00,0x21,0x04,0x00,0x19,0x04,0x00,0x21,0x04,
  0x00,0x19,0x04,0x00,0x19,0x04,0x00,0x21,0x04,0x00,0x21,0x04,0x00,0x21,0x04,0x00,
  0x21,0x04,0x00,0x21,0x04,0x00,0x21,0x04,0x00,0x10,0xc3,0x00,0x10,0xa3,0x00,0x18,
  0xc3,0x00,0x18,0xc3,0x00,0x18,0xc3,0x00,0x10,0xc3,0x00,0x10,0xc2,0x00,0x10,0xa2,
  0x00,0x10,0xa2,0x00,0x10,0xa2,0x00,0x10,0xa2,0x00,0x10,0xc2,0x00,0x00,0x20,0xff,
  0x00,0x00,0xff,0x00,0x00,0xff,0x30,0xe2,0x00,0xac,0x4c,0xff,0x93,0xaa,0xff,0xcd,
  0x0f,0xff,0xcd,0x4f,0xff,0xcd,0x4f,0xff,0xcd,0x4f,0xff,0xcd,0x2f,0xff,0xd5,0x50,
  0xff,0xd5,0x70,0xff,0xd5,0x70,0xff,0xd5,0x70,0xff,0xd5,0x70,0xff,0xdd,0x6f,0xff,
  0xd5,0x4f,0xff,0xd5,0x4f,0xff,0xd5,0x4f,0xff,0xcd,0x0e,0xff,0xac,0x0b,0xff,0xa3,
  0xeb,0xff,0xc4,0xad,0xff,0xc4,0xad,0xff,0x51,0xa4,0xff,0x08,0x20,0xff,0x10,0x40,
  0xff,0x08,0x62,0x00,0x08,0x62,0x00,0x10,0xa2,0x00,0x10,0xc2,0x00,0x10,0xa2,0x00,
  0x10,0xc2,0x00,0x10,0xc2,0x00,0x10,0xa2,0x00,0x10,0xc3,0x00,0x21,0x04,0x00,0x21,
  0x04,0x00,0x21,0x04,0x00,0x21,0x04,0x00,0x21,0x04,0x00,0x21,0x04,0x00,0x21,0x04,
  0x00,0x21,0x04,0x00,0x21,0x04,0x00,0x21,0x04,0x00,0x21,0x04,0x00,0x21,0x04,0x00,
  0x21,0x04,0x00,0x21,0x04,0x00,0x21,0x04,0x00,0x21,0x04,0x00,0x21,0x04,0x00,0x21,
  0x04,0x00,0x21,0x04,0x00,0x21,0x04,0x00,0x18,0xe4,0x00,0x18,0xe4,0x00,0x18,0xe4,
  0x00,0x18,0xe4,0x00,0x18,0xe4,0x00,0x18,0xe4,0x00,0x18,0xe4,0x00,0x18,0xe4,0x00,
  0x19,0x04,0x00,0x19,0x04,0x00,0x19,0x04,0x00,0x21,0x04,0x00,0x21,0x04,0x00,0x21,
  0x04,0x00,0x21,0x04,0x00,0x21,0x04,0x00,0x21,0x04,0x00,0x21,0x04,0x00,0x19,0x04,
  0x00,0x19,0x04,0x00,0x19,0x04,0x00,0x19,0x04,0x00,0x21,0x04,0x00,0x21,0x04,0x00,
  0x19,0x04,0x00,0x19,0x04,0x00,0x19,0x04,0x00,0x19,0x04,0x00,0x21,0x04,0x00,0x19,
  0x04,0x00,0x21,0x04,0x00,0x21,0x04,0x00,0x19,0x04,0x00,0x21,0x04,0x00,0x21,0x04,
  0x00,0x21,0x04,0x00,0x21,0x04,0x00,0x21,0x04,0x00,0x21,0x04,0x00,0x21,0x04,0x00,
  0x21,0x04,0x00,0x21,0x04,0x00,0x21,0x04,0x00,0x21,0x04,0x00,0x19,0x04,0x00,0x21,
  0x04,0x00,0x21,0x04,0x00,0x21,0x04,0x00,0x21,0x04,0x00,0x21,0x04,0x00,0x21,0x04,
  0x00,0x21,0x04,0x00,0x21,0x04,0x00,0x21,0x04,0x00,0x19,0x04,0x00,0x18,0xe3,0x00,
  0x21,0x04,0x00,0x21,0x04,0x00,0x21,0x04,0x00,0x18,0xe3,0x00,0x10,0xc2,0x00,0x10,
  0xa2,0x00,0x18,0xc3,0x00,0x18,0xc3,0x00,0x10,0xa3,0x00,0x18,0xc3,0x00,0x10,0x82,
  0x00,0x10,0x82,0x00,0x10,0x82,0x00,0x10,0x82,0x00,0x29,0x23,0x00,0x20,0xc2,0x00,
  0x29,0x23,0x00,0x31,0x23,0x00,0x31,0x23,0x00,0x29,0x22,0x00,0x29,0x02,0x00,0x29,
  0x03,0x00,0x29,0x03,0x00,0x29,0x03,0x00,0x29,0x03,0x00,0x29,0x02,0x00,0x29,0x03,
  0x00,0x29,0x02,0x00,0x29,0x02,0x00,0x29,0x03,0x00,0x29,0x03,0x00,0x21,0x03,0x00,
  0x29,0x23,0x00,0x41,0x84,0xff,0x41,0x84,0xff,0x20,0xc2,0xff,0x08,0x41,0xff,0x10,
  0xa2,0x00,0x18,0xe3,0x00,0x18,0xe3,0x00,0x19,0x03,0x00,0x19,0x03,0x00,0x19,0x04,
  0x00,0x21,0x04,0x00,0x21,0x04,0x00,0x19,0x04,0x00,0x21,0x04,0x00,0x21,0x04,0x00,
  0x21,0x04,0x00,0x21,0x04,0x00,0x21,0x04,0x00,0x21,0x04,0x00,0x21,0x04,0x00,0x21,
  0x04,0x00,0x21,0x04,0x00,0x21,0x04,0x00,0x21,0x04,0x00,0x21,0x04,0x00,0x21,0x04,
  0x00,0x21,0x04,0x00,0x21,0x04,0x00,0x21,0x04,0x00,0x21,0x04,0x00,0x21,0x04,0x00,
  0x21,0x04,0x00,0x21,0x04,0x00,0x21,0x04,0x00,0x19,0x04,0x00,0x21,0x04,0x00,0x19,
  0x04,0x00,0x19,0x04,0x00,0x19,0x04,0x00,0x18,0xe4,0x00,0x19,0x04,0x00,0x19,0x04,
  0x00,0x19,0x04,0x00,0x19,0x04,0x00,0x19,0x04,0x00,0x19,0x04,0x00,0x21,0x04,0x00,
  0x21,0x04,0x00,0x21,0x04,0x00,0x21,0x04,0x00,0x21,0x04,0x00,0x21,0x04,0x00,0x19,
  0x04,0x00,0x19,0x04,0x00,0x19,0x04,0x00,0x19,0x04,0x00,0x19,0x04,0x00,0x21,0x04,
  0x00,0x19,0x04,0x00,0x19,0x04,0x00,0x19,0x04,0x00,0x19,0x04,0x00,0x19,0x04,0x00,
  0x19,0x04,0x00,0x19,0x04,0x00,0x19,0x04,0x00,0x19,0x04,0x00,0x21,0x04,0x00,0x21,
  0x04,0x00,0x21,0x04,0x00,0x21,0x04,0x00,0x21,0x04,0x00,0x21,0x04,0x00,0x21,0x04,
  0x00,0x21,0x04,0x00,0x21,0x04,0x00,0x21,0x04,0x00,0x21,0x04,0x00,0x21,0x04,0x00,
  0x21,0x04,0x00,0x21,0x04,0x00,0x21,0x04,0x00,0x21,0x04,0x00,0x21,0x04,0x00,0x21,
  0x04,0x00,0x21,0x04,0x00,0x21,0x04,0x00,0x21,0x04,0x00,0x21,0x04,0x00,0x21,0x04,
  0x00,0x21,0x04,0x00,0x21,0x04,0x00,0x21,0x04,0x00,0x21,0x04,0x00,0x21,0x04,0x00,
  0x18,0xe4,0x00,0x21,0x04,0x00,0x21,0x04,0x00,0x18,0xe4,0x00,0x21,0x04,0x00,0x19,
  0x03,0x00,0x21,0x03,0x00,0x21,0x03,0x00,0x10,0xa2,0x00,0x00,0x00,0xff,0x00,0x21,
  0xff,0x00,0x00,0xff,0x00,0x00,0xff,0x00,0x00,0xff,0x00,0x00,0xff,0x00,0x00,0xff,
  0x00,0x00,0xff,0x00,0x20,0xff,0x00,0x20,0xff,0x00,0x20,0xff,0x00,0x20,0xff,0x00,
  0x20,0xff,0x00,0x20,0xff,0x00,0x20,0xff,0x00,0x21,0xff,0x00,0x20,0xff,0x00,0x20,
  0xff,0x00,0x00,0xff,0x00,0x00,0xff,0x00,0x00,0xff,0x08,0x61,0xff,0x18,0xe3,0x00,
  0x19,0x03,0x00,0x21,0x24,0x00,0x21,0x24,0x00,0x18,0xe4,0x00,0x21,0x04,0x00,0x21,
  0x04,0x00,0x21,0x04,0x00,0x21,0x04,0x00,0x21,0x04,0x00,0x21,0x04,0x00,
};

const lv_img_dsc_t img_y_stretch = {
  .header.always_zero = 0,
  .header.cf = LV_IMG_CF_TRUE_COLOR_ALPHA,
  .header.w = 123,
  .header.h = 238,
  .data_size = 87822,
  .data = img_y_stretch_map,
};
